Date,Type,Prediction,Actual
2009-01-02,Train,-0.05725366249680519,-0.05188529083869675
2009-01-05,Train,-0.09303868561983109,-0.09864607763167066
2009-01-06,Train,-0.0729907974600792,-0.06958188032187862
2009-01-07,Train,-0.052154719829559326,-0.05519054782197275
2009-01-08,Train,-0.05726843327283859,-0.0604681598345741
2009-01-09,Train,-0.02897259220480919,-0.03192547702745385
2009-01-12,Train,-0.0033944621682167053,-0.006775093490449247
2009-01-13,Train,0.024677542969584465,0.02776836016786999
2009-01-14,Train,0.029911767691373825,0.03318200456817677
2009-01-15,Train,-0.0005874634371139109,-0.001374601890136606
2009-01-16,Train,0.0033432738855481148,-0.000339912605571091
2009-01-20,Train,0.06468825787305832,0.06831193910236721
2009-01-21,Train,0.02011415734887123,0.02607204935943508
2009-01-22,Train,0.06660010665655136,0.06293461236223208
2009-01-23,Train,0.07571259140968323,0.08546717139468041
2009-01-26,Train,0.06784725934267044,0.08210234763095636
2009-01-27,Train,0.03618594631552696,0.03478855622033761
2009-01-28,Train,-0.009731752797961235,-0.004942326742831127
2009-01-29,Train,0.024960394948720932,0.03346855218632894
2009-01-30,Train,0.04777374118566513,0.04714387007608201
2009-02-02,Train,-0.0012781736440956593,-0.00646040581582441
2009-02-03,Train,-0.016368914395570755,-0.02109143121575496
2009-02-04,Train,-0.03779369220137596,-0.03744563482442376
2009-02-05,Train,-0.06328893452882767,-0.05561003835661293
2009-02-06,Train,-0.09526751935482025,-0.1118903453930418
2009-02-09,Train,-0.08953525125980377,-0.08634918455093621
2009-02-10,Train,-0.06621967256069183,-0.05767963056027647
2009-02-11,Train,-0.07940282672643661,-0.07980131743471974
2009-02-12,Train,-0.10378763824701309,-0.09944386779609327
2009-02-13,Train,-0.10871957242488861,-0.1245481721169326
2009-02-17,Train,-0.08169888705015182,-0.08898010045239146
2009-02-18,Train,-0.06527676433324814,-0.06532147272103306
2009-02-19,Train,-0.06974279135465622,-0.07919418597224959
2009-02-20,Train,-0.07387974113225937,-0.08901979658692294
2009-02-23,Train,-0.057133227586746216,-0.07609478796801239
2009-02-24,Train,-0.045857664197683334,-0.05038223517528551
2009-02-25,Train,-0.030821533873677254,-0.02938090759372924
2009-02-26,Train,0.036354877054691315,0.03166603568821436
2009-02-27,Train,0.03883090242743492,0.04395201795471126
2009-03-02,Train,0.06400170177221298,0.06081084370680911
2009-03-03,Train,0.10305695980787277,0.1018031179202135
2009-03-04,Train,0.08161717653274536,0.08671792337539164
2009-03-05,Train,0.11603378504514694,0.1195775197632902
2009-03-06,Train,0.1107804998755455,0.1095057472114636
2009-03-09,Train,0.1848187893629074,0.2004661963207142
2009-03-10,Train,0.10989219695329666,0.1097694843898553
2009-03-11,Train,0.10078733414411545,0.09801799327403571
2009-03-12,Train,0.08906258642673492,0.0955702742876432
2009-03-13,Train,0.07045355439186096,0.07237299722584956
2009-03-16,Train,0.07566175609827042,0.0636942400029048
2009-03-17,Train,0.04978110268712044,0.03375382794726822
2009-03-18,Train,0.05050823092460632,0.03602692482619041
2009-03-19,Train,0.06656409800052643,0.07008085924255636
2009-03-20,Train,0.08808337897062302,0.1086359882039836
2009-03-23,Train,0.04560701921582222,0.04433659728629347
2009-03-24,Train,0.04551735520362854,0.03593802028782545
2009-03-25,Train,0.048983629792928696,0.04857241493065279
2009-03-26,Train,0.04735155031085014,0.04871056309231192
2009-03-27,Train,0.06720609962940216,0.06716416986765394
2009-03-30,Train,0.0782962515950203,0.08083839839310625
2009-03-31,Train,0.06809849292039871,0.06860164419492909
2009-04-01,Train,0.07231370359659195,0.08027303165281263
2009-04-02,Train,0.04449314624071121,0.04880356212968917
2009-04-03,Train,0.005968279670923948,-0.003400210226973899
2009-04-06,Train,0.015635745599865913,0.01301512745545264
2009-04-07,Train,0.04352983832359314,0.04360282736813392
2009-04-08,Train,0.03459051996469498,0.03630672362166742
2009-04-09,Train,0.023648031055927277,0.02276867125889526
2009-04-13,Train,0.023516826331615448,0.02553968282687968
2009-04-14,Train,0.02836143970489502,0.03047084680286938
2009-04-15,Train,0.04212218523025513,0.04753077247851456
2009-04-16,Train,0.031098421663045883,0.03128751649563832
2009-04-17,Train,0.03005148097872734,0.03182220098746935
2009-04-20,Train,0.07536576688289642,0.08715872866937713
2009-04-21,Train,0.06438059359788895,0.0712756784624331
2009-04-22,Train,0.06123654171824455,0.06831344316031429
2009-04-23,Train,0.03193953260779381,0.03322254466456243
2009-04-24,Train,0.022390292957425117,0.01602852293081547
2009-04-27,Train,0.01725928671658039,0.01838123155348437
2009-04-28,Train,0.014268052764236927,0.0134408831867443
2009-04-29,Train,-0.017540527507662773,-0.02710660595670511
2009-04-30,Train,-0.018655937165021896,-0.02596264356304312
2009-05-01,Train,-0.02410992421209812,-0.02909514201562302
2009-05-04,Train,-0.021565377712249756,-0.02310977392938973
2009-05-05,Train,-0.016889085993170738,-0.01770413831469031
2009-05-06,Train,-0.020145580172538757,-0.02141022055767983
2009-05-07,Train,-0.003716203151270747,-0.01636941168022199
2009-05-08,Train,-0.011669215746223927,-0.02015771650413245
2009-05-11,Train,0.005411558784544468,0.01280938750951455
2009-05-12,Train,0.0162312351167202,0.01827288318032205
2009-05-13,Train,0.056960154324769974,0.05844943302300898
2009-05-14,Train,0.06329723447561264,0.05959873359817247
2009-05-15,Train,0.08200414478778839,0.09050046612012586
2009-05-18,Train,0.06276009231805801,0.06425224417047115
2009-05-19,Train,0.056776177138090134,0.05610465754554839
2009-05-20,Train,0.061973392963409424,0.07176204745536974
2009-05-21,Train,0.08881986886262894,0.0930162588851835
2009-05-22,Train,0.09356055408716202,0.09332132283779804
2009-05-26,Train,0.054656825959682465,0.06208680053377247
2009-05-27,Train,0.06162824109196663,0.0657018960315554
2009-05-28,Train,0.04969511181116104,0.05350497542385435
2009-05-29,Train,0.019085412845015526,0.03589599828780687
2009-06-01,Train,-0.008490612730383873,-0.01346517922473278
2009-06-02,Train,-0.016050945967435837,-0.0244236943795082
2009-06-03,Train,-0.011051332578063011,-0.01211126945306507
2009-06-04,Train,-0.0260047297924757,-0.02504088028340479
2009-06-05,Train,-0.025983478873968124,-0.01685695901202033
2009-06-08,Train,-0.031371407210826874,-0.04335959687167756
2009-06-09,Train,-0.04140560328960419,-0.05277403850273499
2009-06-10,Train,-0.03322247788310051,-0.03340574558476239
2009-06-11,Train,-0.020597202703356743,-0.01439431786229417
2009-06-12,Train,-0.009960365481674671,-0.00763990674861037
2009-06-15,Train,0.007600707001984119,0.01532031235887477
2009-06-16,Train,0.01786644011735916,0.02334745003846361
2009-06-17,Train,0.011651620268821716,0.01421014613830196
2009-06-18,Train,-0.00283376919105649,-0.006141854343312936
2009-06-19,Train,-0.017717907205224037,-0.02074115053000136
2009-06-22,Train,-0.004806554410606623,-0.01567853543470799
2009-06-23,Train,-0.003281473647803068,-0.00828574044363839
2009-06-24,Train,-0.016849221661686897,-0.02304017115224977
2009-06-25,Train,-0.02613833360373974,-0.03775152141139382
2009-06-26,Train,-0.014742235653102398,-0.02144621397316204
2009-06-29,Train,-0.007477102801203728,-0.02002742186437911
2009-06-30,Train,0.01522583607584238,0.0148432403786638
2009-07-01,Train,0.025288395583629608,0.0263736001162016
2009-07-02,Train,0.05983385071158409,0.05505626357244697
2009-07-06,Train,0.06463882327079773,0.07088388399743639
2009-07-07,Train,0.0986637994647026,0.1057052318248948
2009-07-08,Train,0.11192131042480469,0.1091904642896628
2009-07-09,Train,0.12095245718955994,0.1317226907120954
2009-07-10,Train,0.11406301707029343,0.11827036897694
2009-07-13,Train,0.10299433767795563,0.1056476062212042
2009-07-14,Train,0.0980353057384491,0.09406496348057569
2009-07-15,Train,0.05851360037922859,0.06554718590636677
2009-07-16,Train,0.054956451058387756,0.05915415011691194
2009-07-17,Train,0.052708111703395844,0.05031947072803944
2009-07-20,Train,0.05302802100777626,0.05590724812635184
2009-07-21,Train,0.042385730892419815,0.04871662114940878
2009-07-22,Train,0.030087321996688843,0.03194804005808649
2009-07-23,Train,0.00801357813179493,0.0007624547689339956
2009-07-24,Train,0.01409390103071928,0.02125484884176321
2009-07-27,Train,0.007939516566693783,0.006353240398838
2009-07-28,Train,0.00553923798725009,0.004605846521109402
2009-07-29,Train,0.00864530261605978,0.01347226174990257
2009-07-30,Train,0.0024832230992615223,0.01314128030765915
2009-07-31,Train,0.0007014592993073165,0.004562745290106029
2009-08-03,Train,-0.024262685328722,-0.03896107236815904
2009-08-04,Train,-0.024729276075959206,-0.02522482800041081
2009-08-05,Train,-0.005285804625600576,-0.0108230634314167
2009-08-06,Train,0.00953584723174572,0.009649498301452342
2009-08-07,Train,0.00766803789883852,0.01028083842605287
2009-08-10,Train,0.010440110228955746,0.01641418057891308
2009-08-11,Train,0.017548372969031334,0.02827306820700382
2009-08-12,Train,0.014275141060352325,0.0107850593603076
2009-08-13,Train,0.019266514107584953,0.007732635872065519
2009-08-14,Train,0.01869821920990944,0.02043899916130565
2009-08-17,Train,0.032942309975624084,0.04028064593294078
2009-08-18,Train,0.010339601896703243,0.006405329434255869
2009-08-19,Train,0.0059962947852909565,-0.001272245242524006
2009-08-20,Train,0.002630361821502447,-0.00628772662358501
2009-08-21,Train,0.0052764820866286755,0.001737396208329134
2009-08-24,Train,0.009470936842262745,0.01217395474451677
2009-08-25,Train,0.014565855264663696,0.01783505671917318
2009-08-26,Train,0.022784734144806862,0.02928040514925456
2009-08-27,Train,0.029512088745832443,0.0277227447916637
2009-08-28,Train,0.02864260785281658,0.03066275273431462
2009-08-31,Train,0.03915564343333244,0.04446671616974274
2009-09-01,Train,0.07017852365970612,0.0799388871494422
2009-09-02,Train,0.07282929122447968,0.08050955025253792
2009-09-03,Train,0.064955934882164,0.07415845177545632
2009-09-04,Train,0.04562976583838463,0.05475716181990919
2009-09-08,Train,0.04293566569685936,0.04688266491706217
2009-09-09,Train,0.029553880915045738,0.03309809212219994
2009-09-10,Train,0.01626109704375267,0.0142237261113547
2009-09-11,Train,0.014874865300953388,0.004335267417901134
2009-09-14,Train,0.010853756219148636,0.01751438428242236
2009-09-15,Train,0.011093711480498314,0.009806262471783178
2009-09-16,Train,-0.009759863838553429,-0.004007500619596094
2009-09-17,Train,-0.022680263966321945,-0.03324687225855172
2009-09-18,Train,-0.023087775334715843,-0.03675771934667282
2009-09-21,Train,-0.023427514359354973,-0.03194739535121294
2009-09-22,Train,-0.01952516660094261,-0.01664719516455615
2009-09-23,Train,-0.010179818607866764,-0.009187264608695234
2009-09-24,Train,0.004425381775945425,0.00404093142086448
2009-09-25,Train,0.023191355168819427,0.01870500635554162
2009-09-28,Train,0.007853012531995773,0.003772691534727146
2009-09-29,Train,0.00716735003516078,0.008526778776478006
2009-09-30,Train,0.01666075922548771,0.02153845792691378
2009-10-01,Train,0.04423657804727554,0.05024393593392729
2009-10-02,Train,0.048798978328704834,0.04647743790455916
2009-10-05,Train,0.044947292655706406,0.04853191080883978
2009-10-06,Train,0.03197035565972328,0.03051985302591276
2009-10-07,Train,0.03071201778948307,0.02567755542307815
2009-10-08,Train,0.018650135025382042,0.02533143116255343
2009-10-09,Train,0.012669726274907589,0.01530135435224356
2009-10-12,Train,0.0061111762188375,0.009866149557281823
2009-10-13,Train,-0.010263388976454735,-0.005636488213858093
2009-10-14,Train,-0.032317399978637695,-0.04101020537584177
2009-10-15,Train,-0.02928921766579151,-0.02252673455103027
2009-10-16,Train,-0.026583921164274216,-0.04254323858711739
2009-10-19,Train,-0.03719186782836914,-0.04813696043573534
2009-10-20,Train,-0.036887411028146744,-0.04534944108773065
2009-10-21,Train,-0.03331140801310539,-0.04195636495600097
2009-10-22,Train,-0.02292303740978241,-0.0221658478118163
2009-10-23,Train,-0.009510735049843788,-0.01228849016620948
2009-10-26,Train,0.00607750378549099,0.01209575768234661
2009-10-27,Train,0.026118848472833633,0.0302314306727427
2009-10-28,Train,0.0597802959382534,0.06064271981744018
2009-10-29,Train,0.0425775907933712,0.03706346798849092
2009-10-30,Train,0.07104741036891937,0.07446287366292337
2009-11-02,Train,0.07044576108455658,0.08096275054412527
2009-11-03,Train,0.07287470996379852,0.08095007970091883
2009-11-04,Train,0.06161000579595566,0.07307032444400297
2009-11-05,Train,0.033574238419532776,0.03093273720166767
2009-11-06,Train,0.026473311707377434,0.01971831414731584
2009-11-09,Train,0.01867266558110714,0.01447945512338578
2009-11-10,Train,0.013814007863402367,0.008482410720821232
2009-11-11,Train,0.007944200187921524,0.006378104090311254
2009-11-12,Train,0.0064230142161250114,-0.003207404340242692
2009-11-13,Train,-0.005647670943289995,-0.01022487992284271
2009-11-16,Train,-0.011838299222290516,-0.01012147485843318
2009-11-17,Train,-0.01581612229347229,-0.01188338110828424
2009-11-18,Train,-0.012360261753201485,-0.01037202029986706
2009-11-19,Train,0.009398908354341984,0.01053593875584768
2009-11-20,Train,0.012599211186170578,0.01081954962158194
2009-11-23,Train,0.0012132147094234824,-0.01132759417566409
2009-11-24,Train,0.00045769763528369367,0.002045922917796705
2009-11-25,Train,-0.0026307329535484314,0.002716136963690996
2009-11-27,Train,0.012679239735007286,0.01424966146861895
2009-11-30,Train,0.01582922600209713,0.02272722296966112
2009-12-01,Train,0.013518165796995163,0.006589432551408425
2009-12-02,Train,0.002257352229207754,0.006580461028716567
2009-12-03,Train,0.0025725695304572582,-0.001594889400721389
2009-12-04,Train,0.013608936220407486,0.007706259311402119
2009-12-07,Train,0.021136853843927383,0.02391253110246661
2009-12-08,Train,0.032477688044309616,0.03643446780077286
2009-12-09,Train,0.02858799882233143,0.03357530582482093
2009-12-10,Train,0.0340396873652935,0.03792325810629649
2009-12-11,Train,0.03608154132962227,0.04736007482442495
2009-12-14,Train,0.03278004378080368,0.03322109018141428
2009-12-15,Train,0.03838890790939331,0.04221216623228208
2009-12-16,Train,0.03256108984351158,0.03133452142748783
2009-12-17,Train,0.050465576350688934,0.05933360320009751
2009-12-18,Train,0.041696466505527496,0.04408455071599793
2009-12-21,Train,0.023185648024082184,0.02624555892358327
2009-12-22,Train,0.015434594824910164,0.02078263621982135
2009-12-23,Train,0.012993525713682175,0.02172953981405956
2009-12-24,Train,0.011129871010780334,0.00826448612219255
2009-12-28,Train,0.0035606184974312782,-0.0095197410165615
2009-12-29,Train,0.0018696789629757404,0.006951981388453765
2009-12-30,Train,0.000950717949308455,0.004765025545335755
2009-12-31,Train,0.005227724090218544,0.002185758997182319
2010-01-04,Train,-0.0015391106717288494,0.003662257439646099
2010-01-05,Train,-0.010020902380347252,-0.01077121972689987
2010-01-06,Train,-0.020842717960476875,-0.01408751018162058
2010-01-07,Train,-0.03297773376107216,-0.04353472820549431
2010-01-08,Train,-0.04192540422081947,-0.04812025564946021
2010-01-11,Train,-0.03995975852012634,-0.04335638718222234
2010-01-12,Train,-0.031881220638751984,-0.0235910451104212
2010-01-13,Train,-0.054861634969711304,-0.06040991001593865
2010-01-14,Train,-0.0626143217086792,-0.07760289979491586
2010-01-15,Train,-0.04404394328594208,-0.05648855482622872
2010-01-19,Train,-0.058050863444805145,-0.06310364063275664
2010-01-20,Train,-0.05320177227258682,-0.04420729225267517
2010-01-21,Train,-0.06098850071430206,-0.06309084723425229
2010-01-22,Train,-0.01575804315507412,-0.02672102149576738
2010-01-25,Train,-0.021047288551926613,-0.03701203235200656
2010-01-26,Train,-0.019830932840704918,-0.02795936654863895
2010-01-27,Train,-0.020533010363578796,-0.03758389880316648
2010-01-28,Train,0.007022677455097437,0.002755429023811429
2010-01-29,Train,0.022646727040410042,0.02266878675512896
2010-02-01,Train,0.019731830805540085,0.02450303778128871
2010-02-02,Train,0.02320733107626438,0.0210767041646005
2010-02-03,Train,0.01604032702744007,0.0218728434227109
2010-02-04,Train,0.04069067910313606,0.05185365918713303
2010-02-05,Train,0.03607828915119171,0.0409493288733267
2010-02-08,Train,0.04020356014370918,0.03491918777608949
2010-02-09,Train,0.038425512611866,0.03479471071127338
2010-02-10,Train,0.037002597004175186,0.03672705717213187
2010-02-11,Train,0.03040601871907711,0.02495993126381713
2010-02-12,Train,0.031659819185733795,0.03770570359156022
2010-02-16,Train,0.024448692798614502,0.02775269744372255
2010-02-17,Train,0.025493429973721504,0.02310968782475631
2010-02-18,Train,0.023534687235951424,0.0200669243366467
2010-02-19,Train,0.04246431961655617,0.03591337786961724
2010-02-22,Train,0.04186612367630005,0.04000887424399902
2010-02-23,Train,0.05594243109226227,0.05955618381346883
2010-02-24,Train,0.05422693490982056,0.05738618075696045
2010-02-25,Train,0.05137093737721443,0.06165919493462924
2010-02-26,Train,0.05130140855908394,0.05808763150841201
2010-03-01,Train,0.04299486055970192,0.04029953396176844
2010-03-02,Train,0.04432365298271179,0.0436882922458468
2010-03-03,Train,0.044601988047361374,0.04539473166866403
2010-03-04,Train,0.04093140363693237,0.0454645208973703
2010-03-05,Train,0.02073540724813938,0.02260988550404308
2010-03-08,Train,0.020840544253587723,0.02987318775230463
2010-03-09,Train,0.024340657517313957,0.03120322838010781
2010-03-10,Train,0.021642841398715973,0.01801997714254666
2010-03-11,Train,0.015818944200873375,0.01267164325562309
2010-03-12,Train,0.013764990493655205,0.01351350045186761
2010-03-15,Train,0.016644254326820374,0.02095677029200438
2010-03-16,Train,0.014931770972907543,0.01787964782818241
2010-03-17,Train,0.014155112206935883,0.01027903707338518
2010-03-18,Train,0.012853458523750305,0.006899393763835526
2010-03-19,Train,0.023499350994825363,0.02358388907770048
2010-03-22,Train,0.016507510095834732,0.01732057309619384
2010-03-23,Train,0.011711257509887218,0.007875669805497143
2010-03-24,Train,0.013571970164775848,0.01499377788087286
2010-03-25,Train,0.018030395731329918,0.02252342021216713
2010-03-26,Train,0.020022926852107048,0.02229166030883789
2010-03-29,Train,0.019628779962658882,0.0226000448462238
2010-03-30,Train,0.02192787453532219,0.03141145850249449
2010-03-31,Train,0.025863124057650566,0.04090534109104627
2010-04-01,Train,0.02462984435260296,0.02844682176547764
2010-04-05,Train,0.018273569643497467,0.01830897713378987
2010-04-06,Train,0.01794230192899704,0.02051282051282044
2010-04-07,Train,0.024586403742432594,0.02878876579132061
2010-04-08,Train,0.025962337851524353,0.03221172837008424
2010-04-09,Train,0.021920282393693924,0.03038959240390504
2010-04-12,Train,0.021066129207611084,0.02730793073001037
2010-04-13,Train,0.0018722634995356202,0.0004055242880662835
2010-04-14,Train,-0.001583340112119913,-0.01081949343174249
2010-04-15,Train,-0.0016007623635232449,0.001994783003998357
2010-04-16,Train,-0.0011496002553030849,-0.005854978961786217
2010-04-19,Train,-0.0017757591558620334,0.008686874852035897
2010-04-20,Train,-0.024851802736520767,-0.02653265718239639
2010-04-21,Train,-0.03950617089867592,-0.03697778371497085
2010-04-22,Train,-0.06868911534547806,-0.07433912892819594
2010-04-23,Train,-0.08585837483406067,-0.1011480713390667
2010-04-26,Train,-0.05508362501859665,-0.05237054944732289
2010-04-27,Train,-0.031808678060770035,-0.03283337914217244
2010-04-28,Train,-0.02368900552392006,-0.01519141211720032
2010-04-29,Train,-0.048067349940538406,-0.04738206430031899
2010-04-30,Train,-0.04105739668011665,-0.04691310508832103
2010-05-03,Train,-0.049300454556941986,-0.05707988096738825
2010-05-04,Train,-0.04340996593236923,-0.04129671665077927
2010-05-05,Train,-0.043983928859233856,-0.04400163799204093
2010-05-06,Train,-0.042203325778245926,-0.04767020045632198
2010-05-07,Train,-0.00970047153532505,-0.0125522945769555
2010-05-10,Train,-0.06582893431186676,-0.06510363367279637
2010-05-11,Train,-0.06199405714869499,-0.06328584200566734
2010-05-12,Train,-0.07629746198654175,-0.09090905524571491
2010-05-13,Train,-0.04713180288672447,-0.04137930209772478
2010-05-14,Train,-0.031695470213890076,-0.02834011980409057
2010-05-17,Train,-0.03129560127854347,-0.04035687026302615
2010-05-18,Train,-0.008815484121441841,-0.003876810337985592
2010-05-19,Train,-0.0020260328892618418,0.01367775151182005
2010-05-20,Train,0.00396273098886013,0.01668549501526129
2010-05-21,Train,-0.005161197856068611,-0.01271185755763926
2010-05-24,Train,-0.005843187216669321,-0.01052398616903172
2010-05-25,Train,-0.004735075403004885,-0.01968682445403536
2010-05-26,Train,0.015368151478469372,0.01968323341329525
2010-05-27,Train,-0.002756601432338357,-0.008066251155449122
2010-05-28,Train,0.000584590423386544,-0.002412210511733237
2010-06-01,Train,0.015494469553232193,0.03386451458526429
2010-06-02,Train,0.011712712235748768,0.01405408704603039
2010-06-03,Train,0.003313642693683505,0.007710443798248923
2010-06-04,Train,0.03385867178440094,0.04235972146703326
2010-06-07,Train,0.048544201999902725,0.05263153359531558
2010-06-08,Train,0.05149630457162857,0.04639065660705333
2010-06-09,Train,0.053959108889102936,0.05088999447208398
2010-06-10,Train,0.010712917894124985,0.006212531200195048
2010-06-11,Train,-0.004726385232061148,-0.005054934994205063
2010-06-14,Train,-0.012592614628374577,-0.008353507454257003
2010-06-15,Train,-0.06208999082446098,-0.07150503571082656
2010-06-16,Train,-0.08464669436216354,-0.08933906833871319
2010-06-17,Train,-0.08133811503648758,-0.09479275572356616
2010-06-18,Train,-0.08607660979032516,-0.09638295275099729
2010-06-21,Train,-0.08545515686273575,-0.08583691268190419
2010-06-22,Train,-0.04547850787639618,-0.04930801278616515
2010-06-23,Train,-0.03218146041035652,-0.04017369174313112
2010-06-24,Train,-0.01168543379753828,-0.01609701360084725
2010-06-25,Train,-0.010086096823215485,-0.01148664573681257
2010-06-28,Train,-0.0009903766913339496,0.004876994407591262
2010-06-29,Train,0.04138627275824547,0.05049579191472398
2010-06-30,Train,0.058050792664289474,0.06766563923198743
2010-07-01,Train,0.05026731640100479,0.04108945747194759
2010-07-02,Train,0.050244856625795364,0.05297857158768293
2010-07-06,Train,0.05308327078819275,0.06244131320868518
2010-07-07,Train,0.023749452084302902,0.01546861508957509
2010-07-08,Train,0.031215593218803406,0.03552035447340129
2010-07-09,Train,0.03029479645192623,0.03227257902010505
2010-07-12,Train,0.0347728468477726,0.03776533244042413
2010-07-13,Train,0.023053038865327835,0.02404580396782352
2010-07-14,Train,0.017169425264000893,0.0107550010755002
2010-07-15,Train,0.006350989453494549,0.002412294167377871
2010-07-16,Train,0.03613362833857536,0.03315293675336917
2010-07-19,Train,0.03126192092895508,0.04360458173108084
2010-07-20,Train,0.02306234836578369,0.02673448837920622
2010-07-21,Train,0.042477305978536606,0.05152328110456672
2010-07-22,Train,0.018885282799601555,0.02315930440658787
2010-07-23,Train,0.012688668444752693,0.01519750167980005
2010-07-26,Train,0.012049742043018341,0.01378129249077142
2010-07-27,Train,0.005607014521956444,0.005385609863449936
2010-07-28,Train,-0.013933097012341022,-0.01411504282194487
2010-07-29,Train,-0.017244523391127586,-0.01465758438776488
2010-07-30,Train,-0.02055342309176922,-0.02379393407360608
2010-08-02,Train,-0.033134594559669495,-0.04006854521646586
2010-08-03,Train,-0.024005835875868797,-0.0236712343430775
2010-08-04,Train,-0.03318573534488678,-0.02961225884777774
2010-08-05,Train,-0.03886692598462105,-0.04206707545752741
2010-08-06,Train,-0.04191624000668526,-0.03934987636089293
2010-08-09,Train,-0.05010645091533661,-0.05522519515076485
2010-08-10,Train,-0.047094229608774185,-0.06470959420512556
2010-08-11,Train,-0.01687442883849144,-0.02929519353202137
2010-08-12,Train,-0.023588085547089577,-0.03330372934079762
2010-08-13,Train,-0.020299408584833145,-0.01453491744490354
2010-08-16,Train,-0.024950595572590828,-0.02656246979853882
2010-08-17,Train,-0.02821110188961029,-0.04209830047119123
2010-08-18,Train,-0.00486317602917552,-0.01734359887507042
2010-08-19,Train,0.02020055428147316,0.008916578371364059
2010-08-20,Train,0.02931124158203602,0.02426536502713939
2010-08-23,Train,0.03615434095263481,0.02742808528009677
2010-08-24,Train,0.06152212619781494,0.0595646823191891
2010-08-25,Train,0.05417207255959511,0.05355118281584037
2010-08-26,Train,0.0709543377161026,0.07028014456247944
2010-08-27,Train,0.0762966051697731,0.07215793798948567
2010-08-30,Train,0.0865621417760849,0.08805320107416836
2010-08-31,Train,0.09012231230735779,0.09871148195813162
2010-09-01,Train,0.056543637067079544,0.07104558588971033
2010-09-02,Train,0.05696861073374748,0.06031823813910187
2010-09-03,Train,0.049527235329151154,0.06129110220379408
2010-09-07,Train,0.06301546096801758,0.06827131028004141
2010-09-08,Train,0.049998268485069275,0.05275672706397794
2010-09-09,Train,0.04575355350971222,0.04824462306798272
2010-09-10,Train,0.042849402874708176,0.065665267671422
2010-09-13,Train,0.03854791447520256,0.04529099237351186
2010-09-14,Train,0.03684452176094055,0.04046360670335147
2010-09-15,Train,0.03091769851744175,0.03225132807387099
2010-09-16,Train,0.027631226927042007,0.02357115353536265
2010-09-17,Train,0.02360542304813862,0.0212543573117665
2010-09-20,Train,0.01286241039633751,-0.007167771363788211
2010-09-21,Train,0.017964722588658333,0.01720606632197397
2010-09-22,Train,0.010776352137327194,0.01109059212893726
2010-09-23,Train,0.018179703503847122,0.01520447311089002
2010-09-24,Train,0.013714287430047989,0.001812326880073156
2010-09-27,Train,0.01656525209546089,0.007693886876112721
2010-09-28,Train,0.016784129664301872,0.01498889395334535
2010-09-29,Train,0.02030292898416519,0.02495434204483549
2010-09-30,Train,0.028371427208185196,0.0275116870290808
2010-10-01,Train,0.036930471658706665,0.05060198820378181
2010-10-04,Train,0.04727429151535034,0.05816831108604692
2010-10-05,Train,0.029471972957253456,0.02335883711188846
2010-10-06,Train,0.03842652589082718,0.03981310385329362
2010-10-07,Train,0.031111011281609535,0.03804899967458097
2010-10-08,Train,0.03283149003982544,0.03798993748037049
2010-10-11,Train,0.038087353110313416,0.04259591947731356
2010-10-12,Train,0.02968761697411537,0.03831566844061629
2010-10-13,Train,0.026758180931210518,0.03305617881657552
2010-10-14,Train,0.033577606081962585,0.0372868134944353
2010-10-15,Train,0.027606643736362457,0.01340063321453622
2010-10-18,Train,0.02727734111249447,0.01793376213109066
2010-10-19,Train,0.03844151273369789,0.03856747532944738
2010-10-20,Train,0.03496440127491951,0.03574920648854762
2010-10-21,Train,0.03867488354444504,0.04640275318648812
2010-10-22,Train,0.03137442097067833,0.03931058875465054
2010-10-25,Train,0.026940710842609406,0.03565238602002019
2010-10-26,Train,0.021782347932457924,0.02729198571896974
2010-10-27,Train,0.017884068191051483,0.02931601138634909
2010-10-28,Train,0.013483414426445961,0.02065013091413936
2010-10-29,Train,0.005531392991542816,0.006324224117045363
2010-11-01,Train,-0.006546984426677227,0.001723480476522932
2010-11-02,Train,-0.013275856152176857,-0.02519890199162178
2010-11-03,Train,-0.019236061722040176,-0.0267823834662877
2010-11-04,Train,-0.018341075628995895,-0.02310411600660389
2010-11-05,Train,-0.019706394523382187,-0.02235880359944808
2010-11-08,Train,-0.018434589728713036,-0.01544476749406698
2010-11-09,Train,-0.018467944115400314,-0.02581854159807762
2010-11-10,Train,-0.018925052136182785,-0.01116906692450192
2010-11-11,Train,-0.008162965066730976,-0.0114275121421068
2010-11-12,Train,0.012152472510933876,0.004189701537524293
2010-11-15,Train,0.008662784472107887,-0.004205720033023219
2010-11-16,Train,0.023977717384696007,0.0338191999604962
2010-11-17,Train,0.021420171484351158,0.04127909168802568
2010-11-18,Train,0.02378196083009243,0.02746516533143772
2010-11-19,Train,0.025687264278531075,0.02630069032423554
2010-11-22,Train,0.02522927150130272,0.01833304145720138
2010-11-23,Train,0.0318930558860302,0.03860192333418166
2010-11-24,Train,0.022244002670049667,0.01901359481436704
2010-11-26,Train,0.029846442863345146,0.03259429990113016
2010-11-29,Train,0.03095894120633602,0.02977431648878848
2010-11-30,Train,0.03281570225954056,0.04434634990447872
2010-12-01,Train,0.025302883237600327,0.01823653404300041
2010-12-02,Train,0.022907661274075508,0.01581988267374146
2010-12-03,Train,0.015120374970138073,0.01206611358394105
2010-12-06,Train,0.013194645754992962,0.01318482672773214
2010-12-07,Train,0.014403133653104305,0.01874532853583943
2010-12-08,Train,0.01209326647222042,0.01479288479981444
2010-12-09,Train,0.010024361312389374,0.01126917787391069
2010-12-10,Train,0.010900015011429787,0.005138534972876085
2010-12-13,Train,0.00863784458488226,0.006813976741867789
2010-12-14,Train,0.007810423616319895,0.00716910622627287
2010-12-15,Train,0.013416805304586887,0.009231905491297487
2010-12-16,Train,0.009444600902497768,-0.002198657796925074
2010-12-17,Train,0.008721467107534409,0.01449011204868489
2010-12-20,Train,0.012052209116518497,0.01301317937319957
2010-12-21,Train,0.017428481951355934,0.0154855583579887
2010-12-22,Train,0.021434420719742775,0.01895038412151751
2010-12-23,Train,0.023774420842528343,0.0206429890166131
2010-12-27,Train,0.02487565018236637,0.02391822826989443
2010-12-28,Train,0.0273944940418005,0.02725446731975878
2010-12-29,Train,0.028695134446024895,0.03230517299119184
2010-12-30,Train,0.028664257377386093,0.0351262712953242
2010-12-31,Train,0.03622150793671608,0.04663975318081737
2011-01-03,Train,0.02392171509563923,0.03344781103213723
2011-01-04,Train,0.0228411965072155,0.02243527869548534
2011-01-05,Train,0.01117449440062046,0.006637942603932467
2011-01-06,Train,0.004458671435713768,-0.004291807432547645
2011-01-07,Train,0.005396981257945299,0.01038127514127596
2011-01-10,Train,0.004775514826178551,0.008024196389968763
2011-01-11,Train,0.006736252922564745,0.011930234783885
2011-01-12,Train,0.0024533311370760202,0.01096179131596609
2011-01-13,Train,-0.002556280931457877,-0.01502301628332259
2011-01-14,Train,-0.006536846049129963,-0.01754385964912286
2011-01-18,Train,-0.004350213333964348,-0.001924433356284228
2011-01-19,Train,0.009578208439052105,0.007963206092822972
2011-01-20,Train,0.015380472876131535,0.01693104175023286
2011-01-21,Train,0.02491498552262783,0.03053162273027921
2011-01-24,Train,0.020742522552609444,0.02125776344944308
2011-01-25,Train,0.020378878340125084,0.02653458398002573
2011-01-26,Train,0.019605206325650215,0.01935594648388705
2011-01-27,Train,0.014476083219051361,0.01469045379686462
2011-01-28,Train,0.03423937410116196,0.04862729421734202
2011-01-31,Train,0.033322304487228394,0.04607146126883377
2011-02-01,Train,0.020852185785770416,0.02541631520298981
2011-02-02,Train,0.025050535798072815,0.03370790053551764
2011-02-03,Train,0.023939266800880432,0.03154572719486648
2011-02-04,Train,0.016366491094231606,0.02352733441950483
2011-02-07,Train,-0.0019413697300478816,-0.01075460069682244
2011-02-08,Train,-0.015170142985880375,-0.02533168080179771
2011-02-09,Train,-0.015122487209737301,-0.01847056256149582
2011-02-10,Train,-0.012043501250445843,-0.006377092881171387
2011-02-11,Train,-0.014062812551856041,-0.01146471910831126
2011-02-14,Train,-0.020239202305674553,-0.02970299802115028
2011-02-15,Train,-0.01875384710729122,-0.02324787368122327
2011-02-16,Train,-0.01643558405339718,-0.01036006452591409
2011-02-17,Train,-0.018835993483662605,-0.01512061468602699
2011-02-18,Train,-0.02247721701860428,-0.02622170828419357
2011-02-22,Train,0.0007747235940769315,0.006838495493533436
2011-02-23,Train,-0.005473134107887745,0.008309713482924419
2011-02-24,Train,-0.015542772598564625,-0.01266270159997229
2011-02-25,Train,-0.019082453101873398,-0.02012141919703836
2011-02-28,Train,-0.020744500681757927,-0.02561882517758285
2011-03-01,Train,-0.025697359815239906,-0.02375085275328992
2011-03-02,Train,-0.04259639233350754,-0.05232757955386336
2011-03-03,Train,-0.044107723981142044,-0.06212457359612822
2011-03-04,Train,-0.044199541211128235,-0.06072106923652365
2011-03-07,Train,-0.02300187014043331,-0.02955059743470112
2011-03-08,Train,-0.02734449692070484,-0.0351793226659991
2011-03-09,Train,-0.017312977463006973,-0.02314570792702542
2011-03-10,Train,0.010245074518024921,0.009975086914487452
2011-03-11,Train,0.008299830369651318,0.006195759669352485
2011-03-14,Train,0.001789269968867302,0.004263596728834473
2011-03-15,Train,0.017058053985238075,0.02865381338067063
2011-03-16,Train,0.0514262430369854,0.05909504816380973
2011-03-17,Train,0.049474991858005524,0.05086914367203521
2011-03-18,Train,0.05215824767947197,0.05528004186148539
2011-03-21,Train,0.027697592973709106,0.03189190013988608
2011-03-22,Train,0.02862628921866417,0.03104688372982078
2011-03-23,Train,0.02913389913737774,0.02782263978698496
2011-03-24,Train,0.010755440220236778,0.009171083787772316
2011-03-25,Train,0.006942384876310825,0.001935267594234125
2011-03-28,Train,0.0071087609976530075,0.004068628112558148
2011-03-29,Train,0.004216865636408329,-0.01243873294313103
2011-03-30,Train,-0.0021040011197328568,-0.008718396047135424
2011-03-31,Train,-0.002884927438572049,-0.01184050673101766
2011-04-01,Train,-0.004088421817868948,-0.01409672070135193
2011-04-04,Train,-0.005759438965469599,-0.01781037977319233
2011-04-05,Train,0.002473503351211548,-0.009103649640886169
2011-04-06,Train,0.008849070407450199,0.01082785128809327
2011-04-07,Train,0.011228867806494236,0.01957355658845272
2011-04-08,Train,0.024668391793966293,0.027041279980623
2011-04-11,Train,0.024188032373785973,0.03629318946807492
2011-04-12,Train,0.02927156165242195,0.05055884943801736
2011-04-13,Train,0.025157475844025612,0.04010558760229399
2011-04-14,Train,0.03296542912721634,0.04105730098774774
2011-04-15,Train,0.034814465790987015,0.04095321504562355
2011-04-18,Train,0.03353975713253021,0.04337775336371519
2011-04-19,Train,0.03295063227415085,0.03533568999855086
2011-04-20,Train,0.013262138701975346,0.006910810362821262
2011-04-21,Train,0.005011135246604681,0.002228335066424725
2011-04-25,Train,0.002247209195047617,0.003419335655717948
2011-04-26,Train,-0.0011281409533694386,0.006290359296233117
2011-04-27,Train,-0.007776349317282438,-0.007767694861328445
2011-04-28,Train,-0.004642385523766279,-0.0003382455166985876
2011-04-29,Train,-0.011537285521626472,-0.01134058840347563
2011-05-02,Train,-0.015192505903542042,-0.02662370124342184
2011-05-03,Train,-0.015443208627402782,-0.01925365956481251
2011-05-04,Train,-0.016425060108304024,-0.009556272579786085
2011-05-05,Train,-0.013022130355238914,-0.001201092935662285
2011-05-06,Train,-0.018607033416628838,-0.01197196422653046
2011-05-09,Train,-0.024255359545350075,-0.03015846820889467
2011-05-10,Train,-0.029753269627690315,-0.04426421680473758
2011-05-11,Train,-0.025281580165028572,-0.03352616511705941
2011-05-12,Train,-0.024467526003718376,-0.03332771443683813
2011-05-13,Train,-0.017803426831960678,-0.01677794118809173
2011-05-16,Train,-0.004772250074893236,0.01672472228140687
2011-05-17,Train,-0.013133582659065723,-0.008165413646449515
2011-05-18,Train,-0.019126150757074356,-0.01430051374848684
2011-05-19,Train,-0.024065237492322922,-0.03195328362146821
2011-05-20,Train,-0.025206349790096283,-0.03254286053692734
2011-05-23,Train,-0.02187957428395748,-0.01985237684063168
2011-05-24,Train,-0.02107142098248005,-0.02085911811103902
2011-05-25,Train,-0.024277593940496445,-0.02289134030820394
2011-05-26,Train,-0.03705302253365517,-0.04375218807672765
2011-05-27,Train,-0.03337841108441353,-0.04858089675607924
2011-05-31,Train,-0.035896096378564835,-0.05174777974947453
2011-06-01,Train,-0.033614564687013626,-0.04904535346955363
2011-06-02,Train,-0.03563331440091133,-0.05471066777673628
2011-06-03,Train,-0.03172098845243454,-0.04543030395589875
2011-06-06,Train,-0.020704669877886772,-0.03256395982643912
2011-06-07,Train,-0.013117634691298008,-0.01003766560496966
2011-06-08,Train,-0.005871763452887535,-0.0101100842167261
2011-06-09,Train,-0.00499910581856966,-0.002703217180422546
2011-06-10,Train,0.0049508847296237946,-0.004758388075356779
2011-06-13,Train,0.014793019741773605,0.01116399372557697
2011-06-14,Train,0.013395682908594608,0.0131911734771144
2011-06-15,Train,0.04129217565059662,0.03702336134900164
2011-06-16,Train,0.05054540932178497,0.05491858922793869
2011-06-17,Train,0.07336489856243134,0.07659414132293607
2011-06-20,Train,0.0713946521282196,0.076382487357598
2011-06-21,Train,0.05424953252077103,0.05721527926132874
2011-06-22,Train,0.059740737080574036,0.07951845066663621
2011-06-23,Train,0.05013973265886307,0.06667868840864877
2011-06-24,Train,0.054552048444747925,0.06583298907760571
2011-06-27,Train,0.036951612681150436,0.04108598113599404
2011-06-28,Train,0.026296036317944527,0.03014087098104601
2011-06-29,Train,0.021333878859877586,0.0140319880325559
2011-06-30,Train,0.017486101016402245,0.01402277384327921
2011-07-01,Train,0.0011505669681355357,-0.006389206231388056
2011-07-05,Train,0.007724916562438011,0.0111683454065441
2011-07-06,Train,0.005618631839752197,0.003596490609141689
2011-07-07,Train,-0.00910266861319542,-0.003378897666538205
2011-07-08,Train,0.0030759249348193407,0.00965610209404466
2011-07-11,Train,0.022770728915929794,0.02622499105889187
2011-07-12,Train,0.02455209195613861,0.03668290322599899
2011-07-13,Train,0.011151374317705631,0.005713328266002682
2011-07-14,Train,0.021072562783956528,0.01926779595692873
2011-07-15,Train,0.004042659420520067,0.002592939150136919
2011-07-18,Train,-0.0022670114412903786,0.003302026828048144
2011-07-19,Train,-0.04478045552968979,-0.04384023930760095
2011-07-20,Train,-0.04038461670279503,-0.03054602640681936
2011-07-21,Train,-0.07719805836677551,-0.08170882136592539
2011-07-22,Train,-0.09717950224876404,-0.09681202669110467
2011-07-25,Train,-0.12514619529247284,-0.1494619949237846
2011-07-26,Train,-0.11024004966020584,-0.110682578745541
2011-07-27,Train,-0.11058539152145386,-0.1244620334523141
2011-07-28,Train,-0.08844593912363052,-0.08747207892614728
2011-07-29,Train,-0.07623946666717529,-0.07637931560647904
2011-08-01,Train,-0.061162061989307404,-0.05837517683365323
2011-08-02,Train,-0.0443950779736042,-0.04211833859258074
2011-08-03,Train,-0.0468008928000927,-0.05685617785876163
2011-08-04,Train,-0.04854411631822586,-0.05944244996950776
2011-08-05,Train,-0.05184468999505043,-0.07059266064459946
2011-08-08,Train,-0.003450371790677309,-0.007511386973099166
2011-08-09,Train,-0.015526660718023777,-0.0141429382852033
2011-08-10,Train,0.034372828900814056,0.03598108522210608
2011-08-11,Train,-0.009539255872368813,-0.02391707494465101
2011-08-12,Train,-0.0072160218842327595,-0.008213526772737567
2011-08-15,Train,0.004184752237051725,0.004598969779120887
2011-08-16,Train,0.015763627365231514,0.01985157077055888
2011-08-17,Train,0.01830780692398548,0.02762223761960625
2011-08-18,Train,0.06829521059989929,0.07085378913237306
2011-08-19,Train,0.06547114253044128,0.06496102497098
2011-08-22,Train,0.06376602500677109,0.06134239966571076
2011-08-23,Train,0.043346162885427475,0.04514155825279276
2011-08-24,Train,0.03497094660997391,0.03226420207340275
2011-08-25,Train,0.03663957864046097,0.02604666074528716
2011-08-26,Train,0.01689866930246353,0.01373987441295998
2011-08-29,Train,0.0032050814479589462,-0.0005493275766634831
2011-08-30,Train,0.006256488151848316,0.007094767709438399
2011-08-31,Train,0.012903865426778793,0.02034142578914033
2011-09-01,Train,0.01979442872107029,0.03720672155794014
2011-09-02,Train,0.049047261476516724,0.06250003579858632
2011-09-06,Train,0.04448371380567551,0.05760930084596216
2011-09-07,Train,0.012761474587023258,0.01354322267080743
2011-09-08,Train,-0.014984256587922573,-0.01489239874394832
2011-09-09,Train,0.016203856095671654,0.01823996267650863
2011-09-12,Train,0.010842578485608101,0.01708128775565765
2011-09-13,Train,0.007930953055620193,0.01410766979176414
2011-09-14,Train,-0.013661124743521214,-0.01499280747658605
2011-09-15,Train,-0.032832808792591095,-0.04093982243799754
2011-09-16,Train,-0.06999550759792328,-0.07245093590856966
2011-09-19,Train,-0.07849808782339096,-0.09662605832409932
2011-09-20,Train,-0.069961316883564,-0.07398867882334048
2011-09-21,Train,-0.027244826778769493,-0.03340560225961231
2011-09-22,Train,0.012931333854794502,0.01586409938546218
2011-09-23,Train,0.008891734294593334,-0.001477411427522335
2011-09-26,Train,0.00849051121622324,0.02117560922346184
2011-09-27,Train,0.011244184337556362,0.01752486445246504
2011-09-28,Train,0.0357954241335392,0.03796075080071559
2011-09-29,Train,0.05812148004770279,0.06013358944951608
2011-09-30,Train,0.10213614255189896,0.1084015706755677
2011-10-03,Train,0.1144074946641922,0.1200625628261403
2011-10-04,Train,0.10926973074674606,0.1111324622413303
2011-10-05,Train,0.07101006805896759,0.06239492301052807
2011-10-06,Train,0.042876534163951874,0.0396839947694565
2011-10-07,Train,0.05346166715025902,0.05973736934467766
2011-10-10,Train,0.02489744871854782,0.04558461055342766
2011-10-11,Train,0.024882715195417404,0.01811080368058682
2011-10-12,Train,0.017149148508906364,0.01183749119620425
2011-10-13,Train,0.017420906573534012,0.03028710739822205
2011-10-14,Train,0.0069887107238173485,0.01306287929781247
2011-10-17,Train,0.011054497212171555,0.01169696225420913
2011-10-18,Train,-0.015523477457463741,-0.02672879818752216
2011-10-19,Train,0.010518438182771206,0.0008791847722808832
2011-10-20,Train,0.014508559368550777,0.02668312983675003
2011-10-21,Train,0.0058404430747032166,0.008726003606586596
2011-10-24,Train,-0.0007865068619139493,-0.004787187313369912
2011-10-25,Train,0.011141587048768997,0.02685735806468847
2011-10-26,Train,0.0039700958877801895,-0.008032112463695618
2011-10-27,Train,-0.014748362824320793,-0.03517416734912049
2011-10-28,Train,-0.024344485253095627,-0.01849338612121976
2011-10-31,Train,-0.006324996706098318,-0.00793786157750731
2011-11-01,Train,0.011772600002586842,0.02994334660749787
2011-11-02,Train,0.0013828009832650423,0.004392129445576654
2011-11-03,Train,-0.040003612637519836,-0.03907051123379135
2011-11-04,Train,-0.04238314926624298,-0.04152245229862905
2011-11-07,Train,-0.05905655398964882,-0.06648340478873282
2011-11-08,Train,-0.06397175788879395,-0.07404892206621572
2011-11-09,Train,-0.05146954581141472,-0.06196092893281613
2011-11-10,Train,-0.055265773087739944,-0.06868611826394855
2011-11-11,Train,-0.053729090839624405,-0.05410539906614098
2011-11-14,Train,-0.048757027834653854,-0.05409637362241426
2011-11-15,Train,-0.036270447075366974,-0.02993293732143421
2011-11-16,Train,-0.01935461536049843,-0.006821749206566974
2011-11-17,Train,0.016832200810313225,0.01415004612073378
2011-11-18,Train,0.02792457491159439,0.03321299822940205
2011-11-21,Train,0.04644809290766716,0.05042329169622395
2011-11-22,Train,0.04270319268107414,0.04695527057587312
2011-11-23,Train,0.05497818812727928,0.05310561020337379
2011-11-25,Train,0.07405368238687515,0.07829045586280658
2011-11-28,Train,0.03506258875131607,0.03033625384467387
2011-11-29,Train,0.033362310379743576,0.02537692582406192
2011-11-30,Train,-0.02359025366604328,-0.02660046136257554
2011-12-01,Train,-0.029756277799606323,-0.0359280934252838
2011-12-02,Train,-0.027837295085191727,-0.03108439340753999
2011-12-05,Train,-0.03625302016735077,-0.05101331058732406
2011-12-06,Train,-0.02251005358994007,-0.02014718796405579
2011-12-07,Train,-0.02866455353796482,-0.03416259110697062
2011-12-08,Train,-0.012452398426830769,-0.009265867207068568
2011-12-09,Train,-0.01757352240383625,-0.01648541948724236
2011-12-12,Train,-0.007751059252768755,-0.002483139180492366
2011-12-13,Train,0.0016090364661067724,-0.003048747741437152
2011-12-14,Train,0.02460811845958233,0.02004012208143346
2011-12-15,Train,0.03049849160015583,0.01991231492812817
2011-12-16,Train,0.03661569207906723,0.03718557952663271
2011-12-19,Train,0.04380127787590027,0.05191457493864671
2011-12-20,Train,0.028729399666190147,0.03003755222615845
2011-12-21,Train,0.04209884628653526,0.04861237535374863
2011-12-22,Train,0.03923831507563591,0.03633094448201968
2011-12-23,Train,0.03657257929444313,0.03495005386014971
2011-12-27,Train,0.037403859198093414,0.03413936898370395
2011-12-28,Train,0.04128563776612282,0.05036875749909853
2011-12-29,Train,0.041812337934970856,0.03911410182277653
2011-12-30,Train,0.0440918505191803,0.05158511837655011
2012-01-03,Train,0.040799494832754135,0.04551845488808848
2012-01-04,Train,0.03997715562582016,0.04760240199085275
2012-01-05,Train,0.03733692690730095,0.03749348766755589
2012-01-06,Train,0.035490866750478745,0.03425012100330305
2012-01-09,Train,0.03717103600502014,0.03575149967854463
2012-01-10,Train,0.03591511771082878,0.04117848642226751
2012-01-11,Train,0.03809008002281189,0.03541955602984204
2012-01-12,Train,0.03391406312584877,0.03442373963420198
2012-01-13,Train,0.03382009640336037,0.03901685193978466
2012-01-17,Train,0.03229818493127823,0.03099982495665832
2012-01-18,Train,0.03372758626937866,0.02571858692434148
2012-01-19,Train,0.028670798987150192,0.02255259706575474
2012-01-20,Train,0.03322741389274597,0.03814620648878919
2012-01-23,Train,0.03540349006652832,0.03696268691473992
2012-01-24,Train,0.037122681736946106,0.04105229139429101
2012-01-25,Train,0.033506810665130615,0.03359256609374883
2012-01-26,Train,0.03569106385111809,0.04466952129161017
2012-01-27,Train,0.034618791192770004,0.03427151726043109
2012-01-30,Train,0.035395633429288864,0.04301072690333352
2012-01-31,Train,0.03557662293314934,0.04427557176975228
2012-02-01,Train,0.03146176412701607,0.02867912138432871
2012-02-02,Train,0.031346604228019714,0.03953605652407965
2012-02-03,Train,0.0253703985363245,0.02224014641552174
2012-02-06,Train,0.025724440813064575,0.02596775177986399
2012-02-07,Train,0.024600030854344368,0.01915336562451286
2012-02-08,Train,0.02249365672469139,0.02049315742485081
2012-02-09,Train,0.021826574578881264,0.01669049816574963
2012-02-10,Train,0.025680173188447952,0.02529216904402842
2012-02-13,Train,0.020915279164910316,0.02616967059710573
2012-02-14,Train,0.02025485225021839,0.01898441061568534
2012-02-15,Train,0.02670098841190338,0.03425199451174632
2012-02-16,Train,0.018382228910923004,0.01948768910343701
2012-02-17,Train,0.018004076555371284,0.0121393132486487
2012-02-21,Train,0.014404897578060627,-0.0006288463314498838
2012-02-22,Train,0.019563956186175346,0.01168663719734697
2012-02-23,Train,0.02083176001906395,0.01584559609251479
2012-02-24,Train,0.01891189068555832,0.01657282010266758
2012-02-27,Train,0.017266828566789627,0.01561280175415325
2012-02-28,Train,0.021747268736362457,0.02411136416646564
2012-02-29,Train,0.02376212365925312,0.03229303032758191
2012-03-01,Train,0.026020368561148643,0.02711032325740836
2012-03-02,Train,0.02402675896883011,0.02543539119198379
2012-03-05,Train,0.03947589173913002,0.04345796025156567
2012-03-06,Train,0.040182046592235565,0.05568665931290795
2012-03-07,Train,0.03991606459021568,0.04776780057147811
2012-03-08,Train,0.037450335919857025,0.03444020628468869
2012-03-09,Train,0.031120093539357185,0.02952946627911879
2012-03-12,Train,0.03651822730898857,0.04704069815583289
2012-03-13,Train,0.024837763980031013,0.02942947306631538
2012-03-14,Train,0.02127857506275177,0.02180786019286107
2012-03-15,Train,0.014083092100918293,0.01499700053124298
2012-03-16,Train,0.014792981557548046,0.01548416206660708
2012-03-19,Train,0.015433802269399166,0.01880880991805367
2012-03-20,Train,0.011567910201847553,0.01668905880488514
2012-03-21,Train,0.009911605156958103,0.002681768441747279
2012-03-22,Train,0.007898978888988495,0.01104804160468786
2012-03-23,Train,-0.002719287294894457,0.004033412507009393
2012-03-26,Train,-0.020291967317461967,-0.02907067008060882
2012-03-27,Train,-0.025918051600456238,-0.02580269989522865
2012-03-28,Train,-0.017502672970294952,-0.01074482382545061
2012-03-29,Train,-0.01906968466937542,-0.02201533476730178
2012-03-30,Train,-0.021830599755048752,-0.03108817185258406
2012-04-02,Train,-0.02288435585796833,-0.0215384794242216
2012-04-03,Train,-0.02016471140086651,-0.02374326054341902
2012-04-04,Train,-0.018964191898703575,-0.02139676636119614
2012-04-05,Train,-0.02488606423139572,-0.03012405314168365
2012-04-09,Train,-0.02251788228750229,-0.03169167210880164
2012-04-10,Train,-0.013409111648797989,-0.02117033047981887
2012-04-11,Train,-0.0037541466299444437,0.0
2012-04-12,Train,-0.007216452620923519,-0.005505174105373767
2012-04-13,Train,0.0033143330365419388,0.01586335373371184
2012-04-16,Train,0.007993949577212334,0.02001535903850749
2012-04-17,Train,0.00035958277294412255,0.001347768327798482
2012-04-18,Train,0.0006240880466066301,0.006755696503810693
2012-04-19,Train,0.0007485589012503624,0.007439991789075728
2012-04-20,Train,-0.005455268546938896,-0.01492087929933161
2012-04-23,Train,5.5326174333458766e-05,-0.004917020372170899
2012-04-24,Train,-0.003834868548437953,-0.003244348879594017
2012-04-25,Train,-0.03663843870162964,-0.03205413621127806
2012-04-26,Train,-0.03816836699843407,-0.03964682887006876
2012-04-27,Train,-0.039190325886011124,-0.0455085909549463
2012-04-30,Train,-0.045424919575452805,-0.04763331640832891
2012-05-01,Train,-0.04917990788817406,-0.05234041679288193
2012-05-02,Train,-0.05948904529213905,-0.06143750494898115
2012-05-03,Train,-0.057722922414541245,-0.07143930629656758
2012-05-04,Train,-0.03581966087222099,-0.06012358204689006
2012-05-07,Train,-0.029211409389972687,-0.03474372669049808
2012-05-08,Train,-0.02901672013103962,-0.03223803664876579
2012-05-09,Train,-0.026649141684174538,-0.02736315811386469
2012-05-10,Train,-0.0271361842751503,-0.03178066424579895
2012-05-11,Train,-0.027686933055520058,-0.03287629480084941
2012-05-14,Train,-0.01781211979687214,-0.01132433469593663
2012-05-15,Train,-0.013141182251274586,-0.01641150573393491
2012-05-16,Train,-0.01314452849328518,-0.01398152641593065
2012-05-17,Train,-0.005758596584200859,-0.0194773697622368
2012-05-18,Train,0.0008396531920880079,0.0009866396520112897
2012-05-21,Train,-0.00977630726993084,-0.02223643300226452
2012-05-22,Train,-0.004366067238152027,0.001281259333988372
2012-05-23,Train,-0.003943323623389006,-0.004635564404753323
2012-05-24,Train,0.0037942638155072927,0.01158483327962689
2012-05-25,Train,0.0022515300661325455,-0.004188792054317991
2012-05-29,Train,-0.0037603252567350864,-0.004772498156978111
2012-05-30,Train,-0.0006701237871311605,-0.003208739885513845
2012-05-31,Train,0.002732896711677313,0.004834019181792382
2012-06-01,Train,0.0379924476146698,0.04270819131884518
2012-06-04,Train,0.03852571174502373,0.04452115897361009
2012-06-05,Train,0.039150986820459366,0.05104710383522515
2012-06-06,Train,0.023247554898262024,0.02831094761362674
2012-06-07,Train,0.009124201722443104,0.006744791486394508
2012-06-08,Train,0.004575477447360754,0.007634794820918778
2012-06-11,Train,0.010653317905962467,0.005177150747686099
2012-06-12,Train,0.006200012285262346,-0.0006394008096108905
2012-06-13,Train,0.01181801874190569,0.01239337589773237
2012-06-14,Train,0.0037597541231662035,-0.002565744801893866
2012-06-15,Train,0.009604668244719505,0.01857440788166453
2012-06-18,Train,0.010154466144740582,0.01211067349624262
2012-06-19,Train,0.007050786167383194,0.01011833044044197
2012-06-20,Train,0.006573118735104799,0.0099548822606077
2012-06-21,Train,0.011018520221114159,0.02281072182483346
2012-06-22,Train,0.008628640323877335,0.0102604821078951
2012-06-25,Train,0.01685175858438015,0.01995811753503873
2012-06-26,Train,0.009773016907274723,0.00799744076038178
2012-06-27,Train,0.0016696202801540494,-0.00747219728619164
2012-06-28,Train,0.01570582203567028,0.01897106576691332
2012-06-29,Train,-0.005731702782213688,-0.01496263784873919
2012-07-02,Train,-0.006747737061232328,-0.01274280830253616
2012-07-03,Train,-0.0029145460575819016,-0.007705347583648825
2012-07-05,Train,-9.656739712227136e-05,0.002618176007181727
2012-07-06,Train,0.004737027920782566,0.001871414723136455
2012-07-09,Train,0.0012718652142211795,-0.008437514305114746
2012-07-10,Train,0.004185631405562162,-0.006469936157846745
2012-07-11,Train,0.007971012964844704,-0.007616622322274114
2012-07-12,Train,0.016924958676099777,0.0150568416164345
2012-07-13,Train,0.01890074647963047,0.02350901945971051
2012-07-16,Train,0.019295448437333107,0.02563289418241177
2012-07-17,Train,0.01597200334072113,0.01999062327819234
2012-07-18,Train,0.010708186775445938,0.00341669859898297
2012-07-19,Train,0.00650453194975853,-0.01105992684453505
2012-07-20,Train,0.025278015062212944,0.02117062041682582
2012-07-23,Train,0.04111313447356224,0.04160099949157403
2012-07-24,Train,0.047976020723581314,0.05860868003596087
2012-07-25,Train,0.05026344582438469,0.06523827584469566
2012-07-26,Train,0.04434986785054207,0.05444217801940932
2012-07-27,Train,0.03308385983109474,0.03067670386177657
2012-07-30,Train,0.032368212938308716,0.03394009501079731
2012-07-31,Train,0.03445189446210861,0.03472222058697838
2012-08-01,Train,0.03643413260579109,0.0403962325599081
2012-08-02,Train,0.04261201620101929,0.05653929085023668
2012-08-03,Train,0.03137057274580002,0.04146343420687959
2012-08-06,Train,0.027959853410720825,0.0350983320481093
2012-08-07,Train,0.020230093970894814,0.02250562589135985
2012-08-08,Train,0.02158541791141033,0.02716898054596095
2012-08-09,Train,0.020053185522556305,0.01571390386940008
2012-08-10,Train,0.018775699660182,0.02138797924202196
2012-08-13,Train,0.017260903492569923,0.02059094228491376
2012-08-14,Train,0.017138760536909103,0.02013420451418901
2012-08-15,Train,0.010370323434472084,0.01755430353685195
2012-08-16,Train,0.00567281898111105,-0.004557447425651229
2012-08-17,Train,0.0016955191968008876,-0.00234186231600586
2012-08-20,Train,0.0033698519691824913,-0.004823178016459928
2012-08-21,Train,0.008705809712409973,-0.001907628465175226
2012-08-22,Train,0.011430311016738415,0.0160747986148686
2012-08-23,Train,0.015003776177763939,0.0229850817071362
2012-08-24,Train,0.01061348058283329,0.003660858056060645
2012-08-27,Train,0.005748122464865446,0.0004385786349072607
2012-08-28,Train,0.005699560046195984,0.003362510561524479
2012-08-30,Train,0.016246115788817406,0.03647912057452007
2012-08-31,Train,0.01539590209722519,0.03007622230370988
2012-09-04,Train,0.01795588992536068,0.03201645502164108
2012-09-05,Train,0.011919286102056503,0.03498978242091844
2012-09-06,Train,0.005659376736730337,0.01150586891705818
2012-09-07,Train,0.0035535006318241358,0.01037017452885491
2012-09-10,Train,0.008986571803689003,0.01750797975216156
2012-09-11,Train,-0.0010603581322357059,0.004822473032047192
2012-09-12,Train,0.001052500563673675,-0.006265486265255027
2012-09-13,Train,-0.006944447755813599,-0.006037926734996368
2012-09-14,Train,-0.013806020841002464,-0.02294101743161181
2012-09-17,Train,-0.016590461134910583,-0.0247827643705858
2012-09-18,Train,-0.019129665568470955,-0.02276929771675129
2012-09-19,Train,-0.018382512032985687,-0.01832387624385412
2012-09-20,Train,-0.017010783776640892,-0.01393435705131552
2012-09-21,Train,-0.01823243871331215,-0.01667851950813848
2012-09-24,Train,-0.01814233884215355,-0.01993116478672208
2012-09-25,Train,-0.01927107758820057,-0.02181500804825642
2012-09-26,Train,-0.022372813895344734,-0.0187683113867041
2012-09-27,Train,-0.02520817704498768,-0.03514608514068918
2012-09-28,Train,-0.022275520488619804,-0.02756306545223886
2012-10-01,Train,-0.02339911460876465,-0.01898646164131701
2012-10-02,Train,-0.020303430035710335,-0.008009253488112211
2012-10-03,Train,-0.02165161445736885,-0.01490375879323314
2012-10-04,Train,-0.029320981353521347,-0.02970436343069949
2012-10-05,Train,-0.033172059804201126,-0.04783999552279106
2012-10-08,Train,-0.03090021014213562,-0.03408927407565165
2012-10-09,Train,-0.027325548231601715,-0.02780259719282296
2012-10-10,Train,-0.028902258723974228,-0.0262999784069432
2012-10-11,Train,-0.028829727321863174,-0.02323482901567087
2012-10-12,Train,-0.02877117693424225,-0.01994603816688123
2012-10-15,Train,-0.02823829837143421,-0.03305048803365163
2012-10-16,Train,-0.02869381755590439,-0.03302994582032504
2012-10-17,Train,-0.028003787621855736,-0.04274388342895108
2012-10-18,Train,-0.022103767842054367,-0.02511520907137155
2012-10-19,Train,-0.013212533667683601,0.0006090273346754937
2012-10-22,Train,-0.023933108896017075,-0.02802178988470738
2012-10-23,Train,-0.027296926826238632,-0.03410306718230904
2012-10-24,Train,-0.0242592915892601,-0.02655008071983267
2012-10-25,Train,-0.03159404546022415,-0.02670358188110233
2012-10-26,Train,-0.026745878159999847,-0.03626624310975768
2012-10-31,Train,-0.02832653746008873,-0.041724332518983
2012-11-01,Train,-0.04179805517196655,-0.05829670270485021
2012-11-02,Train,-0.03962036967277527,-0.04403865294647769
2012-11-05,Train,-0.029092485085129738,-0.02774389843228731
2012-11-06,Train,-0.023401595652103424,-0.0292148805231266
2012-11-07,Train,0.00041035842150449753,-0.00374003226769104
2012-11-08,Train,0.028489975258708,0.02754910833867097
2012-11-09,Train,0.02108212374150753,0.02758946857292077
2012-11-12,Train,0.022510483860969543,0.02428257584342597
2012-11-13,Train,0.041093260049819946,0.04033021783569057
2012-11-14,Train,0.05856120213866234,0.05896532591052761
2012-11-15,Train,0.05527059733867645,0.06077711343949299
2012-11-16,Train,0.05429697409272194,0.05409308143105163
2012-11-19,Train,0.022773433476686478,0.02900593461161383
2012-11-20,Train,0.01700621098279953,0.01724141539141866
2012-11-21,Train,0.011592423543334007,0.02174252124218912
2012-11-23,Train,-0.0005787769914604723,0.0004622307949393445
2012-11-26,Train,2.829091317835264e-05,-0.0009204903085737737
2012-11-27,Train,0.007811015006154776,0.01554806266110131
2012-11-28,Train,0.0030870467890053988,0.004731459155547624
2012-11-29,Train,-0.004227946978062391,-0.009103414810771149
2012-11-30,Train,-0.002482817741110921,-0.01686930940532694
2012-12-03,Train,0.0014077513478696346,-0.001827244107404979
2012-12-04,Train,0.009694383479654789,0.01401806851808041
2012-12-05,Train,0.013656221330165863,0.02095532478237705
2012-12-06,Train,0.010366600938141346,0.01439072942127906
2012-12-07,Train,0.0014192729722708464,0.004158272628945081
2012-12-10,Train,0.0022072521969676018,-0.000767860099029849
2012-12-11,Train,-0.008374669589102268,-0.02228287393515771
2012-12-12,Train,-0.007301203440874815,-0.02172262289838178
2012-12-13,Train,-0.004740802571177483,-0.02342671622249282
2012-12-14,Train,0.005824959836900234,0.006801589046317558
2012-12-17,Train,0.008333107456564903,0.02517153042970199
2012-12-18,Train,0.005664877127856016,0.004507819813771796
2012-12-19,Train,0.006304024253040552,0.005583988911240789
2012-12-20,Train,0.010225030593574047,0.005885894613263165
2012-12-21,Train,0.016344191506505013,0.02024539504000411
2012-12-24,Train,0.024131672456860542,0.02612566399592908
2012-12-26,Train,0.03708432614803314,0.04139532044876448
2012-12-27,Train,0.03611835837364197,0.0444099463134684
2012-12-28,Train,0.03900714963674545,0.04985889567323132
2012-12-31,Train,0.024985043331980705,0.02303086232544382
2013-01-02,Train,-0.0005750217824243009,-0.004464217797425452
2013-01-03,Train,0.0035550196189433336,0.005534820568848131
2013-01-04,Train,0.006641192361712456,0.00660366891105757
2013-01-07,Train,0.0038034976460039616,0.00795196949982202
2013-01-08,Train,0.0068272813223302364,0.01608538407729676
2013-01-09,Train,0.005311840679496527,-0.001647341418107628
2013-01-10,Train,0.005820117425173521,-0.002530864576142045
2013-01-11,Train,0.0027338420040905476,-0.001635453566129264
2013-01-14,Train,0.0005599534488283098,0.002986926230157172
2013-01-15,Train,0.0038790081162005663,0.005853210351564719
2013-01-16,Train,0.0021956241689622402,-0.0004484122363624943
2013-01-17,Train,0.002546529518440366,0.006545707132042278
2013-01-18,Train,-0.0010413837153464556,-0.008796724922844334
2013-01-22,Train,0.0008068684837780893,0.004167888925646457
2013-01-23,Train,-0.001341295544989407,-0.005178258515822542
2013-01-24,Train,0.007346231024712324,0.009600950412371745
2013-01-25,Train,0.008028622716665268,0.01477608751894821
2013-01-28,Train,0.00758887967094779,0.01280715697407886
2013-01-29,Train,0.002844936680048704,0.00848718975198337
2013-01-30,Train,0.00347881019115448,0.01417494218473681
2013-01-31,Train,0.009264400228857994,0.01615065286826778
2013-02-01,Train,0.001692284713499248,0.001330126116162456
2013-02-04,Train,0.014615834690630436,0.02647404359152117
2013-02-05,Train,0.007084732875227928,-0.004002322068346276
2013-02-06,Train,-0.0021322655957192183,-0.01145146739335778
2013-02-07,Train,-0.00043037525028921664,-0.002377468868557386
2013-02-08,Train,-0.011278101243078709,-0.02470952137021643
2013-02-11,Train,-0.013523530215024948,-0.02132046069829885
2013-02-12,Train,-0.009177647531032562,-0.00723468874764055
2013-02-13,Train,-0.003231022972613573,-0.0127998047808926
2013-02-14,Train,-0.0008438895456492901,-0.00838851685686448
2013-02-15,Train,0.0012055080151185393,-0.001033205827663752
2013-02-19,Train,0.0015050615184009075,0.006447867162666876
2013-02-20,Train,0.015195188112556934,0.0196457753662882
2013-02-21,Train,0.024564296007156372,0.03339854340203718
2013-02-22,Train,0.018205782398581505,0.02427758814768888
2013-02-25,Train,0.027785511687397957,0.04011466988456625
2013-02-26,Train,0.026151610538363457,0.03245197928692667
2013-02-27,Train,0.022471077740192413,0.02067221049686263
2013-02-28,Train,0.023001862689852715,0.02622954062971039
2013-03-01,Train,0.01361806970089674,0.01677062821125563
2013-03-04,Train,0.012520899996161461,0.01004728578767122
2013-03-05,Train,0.006129262037575245,-0.006552081337254712
2013-03-06,Train,0.004983700346201658,0.002919237220931681
2013-03-07,Train,-0.0041879513300955296,-0.01106423219126773
2013-03-08,Train,-0.002920870902016759,-0.002617424952192859
2013-03-11,Train,-0.004344462882727385,-0.009134476898100874
2013-03-12,Train,-0.00310532096773386,-0.0001455491276600718
2013-03-13,Train,0.003969989717006683,0.002477135438488931
2013-03-14,Train,0.0030590160749852657,0.001597452938956634
2013-03-15,Train,0.0034214509651064873,-0.0001459952695750388
2013-03-18,Train,0.0043975855223834515,0.009947341999771986
2013-03-19,Train,0.0032266925554722548,0.002638140060379879
2013-03-20,Train,-0.00019858621817547828,-0.00407508052725547
2013-03-21,Train,0.0026374966837465763,-0.001030468048134003
2013-03-22,Train,0.0028274257201701403,-0.005394301457093187
2013-03-25,Train,0.00852175708860159,0.004975182696880687
2013-03-26,Train,0.010094888508319855,0.01906560291149506
2013-03-27,Train,0.010168238542973995,0.0172964354538836
2013-03-28,Train,0.010034821927547455,0.01406410328454455
2013-04-01,Train,0.005933710839599371,0.0008758767677918833
2013-04-02,Train,0.007286720909178257,0.006228277802341031
2013-04-03,Train,0.004503659438341856,-0.004385368158136504
2013-04-04,Train,0.0014230291126295924,-0.0184130079002085
2013-04-05,Train,0.005739860702306032,0.003389267985122624
2013-04-08,Train,0.007017466705292463,0.008355316397315349
2013-04-09,Train,0.009242136962711811,0.01121136633146436
2013-04-10,Train,-0.005005283281207085,-0.008568958910118774
2013-04-11,Train,-0.0007013069116510451,-0.002857507563173045
2013-04-12,Train,0.001294981804676354,-0.005290287870550303
2013-04-15,Train,0.02026468515396118,0.02406653419829485
2013-04-16,Train,0.015138980932533741,0.01799337812056168
2013-04-17,Train,0.030660727992653847,0.0334752423853355
2013-04-18,Train,0.04780849814414978,0.0611880411253567
2013-04-19,Train,0.047360923141241074,0.05918646828372331
2013-04-22,Train,0.04927535355091095,0.05247856610417223
2013-04-23,Train,0.04285573214292526,0.04190070251951283
2013-04-24,Train,0.0419180653989315,0.04739269666243096
2013-04-25,Train,0.04255347326397896,0.04040693018814401
2013-04-26,Train,0.04625188559293747,0.05002160948970791
2013-04-29,Train,0.0424872450530529,0.04173195190688683
2013-04-30,Train,0.03817522153258324,0.03959269476855698
2013-05-01,Train,0.04027527943253517,0.04659751112001342
2013-05-02,Train,0.03285886347293854,0.0324073737114694
2013-05-03,Train,0.022490430623292923,0.03022740186014627
2013-05-06,Train,0.022488409653306007,0.02472376903041251
2013-05-07,Train,0.018374083563685417,0.02639574373416465
2013-05-08,Train,0.013078322634100914,0.01251552294825586
2013-05-09,Train,0.012889311648905277,0.01156860392273384
2013-05-10,Train,0.005636046640574932,0.004928139566215961
2013-05-13,Train,0.00354690826497972,0.01025430689443163
2013-05-14,Train,0.0008606709307059646,0.000272092945788005
2013-05-15,Train,-0.0013176411157473922,0.003529281155053354
2013-05-16,Train,-0.003986609634011984,-0.00462014342723327
2013-05-17,Train,-0.013322859071195126,-0.01238231171671633
2013-05-20,Train,-0.013998151756823063,-0.0160399299399685
2013-05-21,Train,-0.019073231145739555,-0.02989085352969167
2013-05-22,Train,-0.012932724319398403,-0.01657159977163636
2013-05-23,Train,-0.003699999302625656,-0.0008168490277273843
2013-05-24,Train,-0.004006182309240103,0.0001361463879219205
2013-05-28,Train,-0.008191746659576893,-0.01624031612064547
2013-05-29,Train,-0.01037806086242199,-0.02298072369277626
2013-05-30,Train,-0.01267074141651392,-0.01582575631158767
2013-05-31,Train,-0.012757467105984688,-0.01324233748400172
2013-06-03,Train,-0.007310432847589254,-0.005450993614826594
2013-06-04,Train,-0.004938220139592886,0.007945230562393046
2013-06-05,Train,-0.00193448003847152,0.009854254745313762
2013-06-06,Train,-0.005785957910120487,-0.01892268947110909
2013-06-07,Train,-0.02343149296939373,-0.04033245822441256
2013-06-10,Train,-0.03770189359784126,-0.050258715663827
2013-06-11,Train,-0.028292523697018623,-0.03370483553926984
2013-06-12,Train,-0.009277475997805595,-0.0136394676179713
2013-06-13,Train,-0.01925221085548401,-0.02185272018420437
2013-06-14,Train,-0.01758972369134426,-0.01397346642623021
2013-06-17,Train,-0.01774631440639496,-0.0174020856953041
2013-06-18,Train,-0.019459879025816917,-0.02500684862049807
2013-06-19,Train,-0.006607393268495798,-0.0100330309991854
2013-06-20,Train,0.026163028553128242,0.02182180879059215
2013-06-21,Train,0.03097587078809738,0.03152067600573294
2013-06-24,Train,0.04724565148353577,0.04818575676467307
2013-06-25,Train,0.0495929978787899,0.0465547319463635
2013-06-26,Train,0.05103886127471924,0.05785238204070531
2013-06-27,Train,0.05168908089399338,0.0580301389499629
2013-06-28,Train,0.04925336688756943,0.05893089343992997
2013-07-01,Train,0.04469560831785202,0.05103895842751283
2013-07-02,Train,0.0444471575319767,0.05324783675179634
2013-07-03,Train,0.03878447413444519,0.04636962409952372
2013-07-05,Train,0.034093812108039856,0.02769350311556384
2013-07-08,Train,0.0311146080493927,0.02973153458152966
2013-07-09,Train,0.027919486165046692,0.01600774192039878
2013-07-10,Train,0.014006553217768669,0.01346752598285672
2013-07-11,Train,0.006442782934755087,0.0
2013-07-12,Train,0.005317880306392908,0.0009296107833633993
2013-07-15,Train,0.003673339495435357,-0.003180043194483173
2013-07-16,Train,0.004549217410385609,0.003449575392880488
2013-07-17,Train,0.0068734479136765,0.002779236252751449
2013-07-18,Train,0.011507055722177029,0.01552339294558891
2013-07-19,Train,0.023230213671922684,0.03190782946323178
2013-07-22,Train,0.018851671367883682,0.02954149387241611
2013-07-23,Train,0.02022114023566246,0.0309721970939878
2013-07-24,Train,0.0191290695220232,0.02577178750262155
2013-07-25,Train,0.014759032987058163,0.02440978793194049
2013-07-26,Train,0.015205147676169872,0.014859958556102
2013-07-29,Train,0.015993846580386162,0.01914123019747271
2013-07-30,Train,0.014806030318140984,0.01943674830209896
2013-07-31,Train,0.01427625771611929,0.01372576166825668
2013-08-01,Train,-0.007740963716059923,-0.01345699982984871
2013-08-02,Train,-0.01521975640207529,-0.01935816344210683
2013-08-05,Train,-0.015198676846921444,-0.02168265699470984
2013-08-06,Train,-0.011603621765971184,-0.01149421736520406
2013-08-07,Train,-0.012971286661922932,-0.01308558000471616
2013-08-08,Train,-0.009059779345989227,-0.0083333250549108
2013-08-09,Train,-0.003470036434009671,0.002353252846161169
2013-08-12,Train,-0.004134892486035824,0.0005217284007128509
2013-08-13,Train,-0.01258869655430317,-0.02542151910846713
2013-08-14,Train,-0.010344401001930237,-0.01796637543654722
2013-08-15,Train,0.008304956369102001,0.005959434982273359
2013-08-16,Train,0.0076843309216201305,-0.0001325137226501072
2013-08-19,Train,0.012474591843783855,0.007299310721906815
2013-08-20,Train,0.017606498673558235,0.01360992039037345
2013-08-21,Train,0.020909937098622322,0.01882787328852009
2013-08-22,Train,0.015579587779939175,0.01011024955411721
2013-08-23,Train,0.019883431494235992,0.01512982509212102
2013-08-26,Train,0.019746167585253716,0.01955416527053022
2013-08-27,Train,0.03352351859211922,0.03886076913313863
2013-08-28,Train,0.03285689279437065,0.03420392178995724
2013-08-29,Train,0.028953086584806442,0.02764610978714943
2013-08-30,Train,0.02991783805191517,0.03153567265035484
2013-09-03,Train,0.03135440871119499,0.03254283492815158
2013-09-04,Train,0.028737913817167282,0.03389386657739357
2013-09-05,Train,0.02613973803818226,0.03461743608644219
2013-09-06,Train,0.02768043801188469,0.02677755817524874
2013-09-09,Train,0.012175819836556911,0.01284851569412382
2013-09-10,Train,0.007724475581198931,0.007927410226822529
2013-09-11,Train,0.008072109892964363,0.006405329434255869
2013-09-12,Train,0.009523456916213036,0.01486983721252977
2013-09-13,Train,0.014434470795094967,0.01293879282371657
2013-09-16,Train,0.015998803079128265,0.01323055619120228
2013-09-17,Train,0.007460158783942461,0.01671554820317889
2013-09-18,Train,0.0016268315957859159,0.004287025315238058
2013-09-19,Train,-0.0022309808991849422,-0.009811305399960668
2013-09-20,Train,0.0016822677571326494,0.005190576948951087
2013-09-23,Train,0.0013404700439423323,-0.001141747623931932
2013-09-24,Train,-0.002629331313073635,-0.02042370383045344
2013-09-25,Train,-0.0022542912047356367,-0.0201119431105089
2013-09-26,Train,-0.0050527979619801044,-0.007073355709807383
2013-09-27,Train,0.0058503663167357445,0.002023569782811707
2013-09-30,Train,0.011004273779690266,0.0115365579842226
2013-10-01,Train,0.0037140091881155968,-0.002510001850855925
2013-10-02,Train,0.0084022032096982,0.009165043484674396
2013-10-03,Train,0.02875690534710884,0.02693083186373157
2013-10-04,Train,0.028808562085032463,0.03463476003969213
2013-10-07,Train,0.04221685975790024,0.04559314280775495
2013-10-08,Train,0.058801114559173584,0.06772851132948277
2013-10-09,Train,0.05279932916164398,0.06456213788747456
2013-10-10,Train,0.03925861418247223,0.04706776389154443
2013-10-11,Train,0.037967026233673096,0.04632081299317714
2013-10-14,Train,0.03369405120611191,0.03922793855750983
2013-10-15,Train,0.039458587765693665,0.04504270320149462
2013-10-16,Train,0.0305243618786335,0.03234643185316943
2013-10-17,Train,0.021905744448304176,0.02412177963846251
2013-10-18,Train,0.004670501220971346,0.00803403555028459
2013-10-21,Train,0.0062502119690179825,0.007287725747320062
2013-10-22,Train,0.0035419114865362644,0.006913277330768519
2013-10-23,Train,0.007935188710689545,0.01281272838144187
2013-10-24,Train,-0.00030021791462786496,-0.01056973809977557
2013-10-25,Train,-0.0031171550508588552,-0.004342588705974593
2013-10-28,Train,-0.0036860560066998005,-0.006150440401564539
2013-10-29,Train,-0.002404020866379142,-0.006260494321584598
2013-10-30,Train,0.004209398757666349,0.006748584429250526
2013-10-31,Train,0.007944977842271328,0.01219956667546129
2013-11-01,Train,0.006052203476428986,0.01388723052509699
2013-11-04,Train,0.003439305117353797,0.00253224507053984
2013-11-05,Train,0.002743240213021636,-0.001445376078529681
2013-11-06,Train,0.00039414610364474356,-0.003614494599491702
2013-11-07,Train,0.023053837940096855,0.02578583510765475
2013-11-08,Train,0.017918724566698074,0.01756720295806802
2013-11-11,Train,0.01877434365451336,0.02159930469843285
2013-11-12,Train,0.019414298236370087,0.02532101180892354
2013-11-13,Train,0.016446391120553017,0.02011013031798425
2013-11-14,Train,0.017923647537827492,0.02303102905597454
2013-11-15,Train,0.020125862210989,0.01810391006473999
2013-11-18,Train,0.02595934085547924,0.02730339534671167
2013-11-19,Train,0.02678193338215351,0.03124241604606137
2013-11-20,Train,0.028317583724856377,0.0324062926731794
2013-11-21,Train,0.02174537070095539,0.02944696022879056
2013-11-22,Train,0.020826734602451324,0.02809859114628677
2013-11-25,Train,0.018201028928160667,0.02494356115006213
2013-11-26,Train,0.01034126803278923,0.006498913737535306
2013-11-27,Train,-0.0001814143470255658,-0.003050952035979382
2013-11-29,Train,-0.0007622195989824831,-0.01026484134321837
2013-12-02,Train,0.0006160438642837107,-0.001871825641387215
2013-12-03,Train,0.0002141913428204134,-0.003044164911396807
2013-12-04,Train,0.0035961701069027185,0.007603246486386661
2013-12-05,Train,0.009566412307322025,0.006090469538403642
2013-12-06,Train,0.004216555505990982,0.005813953488372103
2013-12-09,Train,0.009113664738833904,0.01227568276455693
2013-12-10,Train,0.00923161767423153,0.01344299478974875
2013-12-11,Train,0.015493091195821762,0.0300539745177506
2013-12-12,Train,0.02482719160616398,0.03013179833074675
2013-12-13,Train,0.024543993175029755,0.02993519105721654
2013-12-16,Train,0.027113359421491623,0.03094232769680372
2013-12-17,Train,0.02119005285203457,0.0248971823746027
2013-12-18,Train,0.006458712741732597,0.005804504336461402
2013-12-19,Train,0.0052605923265218735,0.00488938488340751
2013-12-20,Train,0.004325981251895428,0.00716766181019679
2013-12-23,Train,-0.003939115442335606,-0.001144103641754879
2013-12-24,Train,-0.0015873846132308245,-0.004917099144443382
2013-12-26,Train,-0.004212819039821625,-0.005014757496288991
2013-12-27,Train,-0.0015808591851964593,-0.01725313716583154
2013-12-30,Train,0.005160877946764231,0.002975193249186159
2013-12-31,Train,0.005697887856513262,0.00466125132306594
2014-01-02,Train,0.004747869912534952,0.01271915495644471
2014-01-03,Train,0.0124564403668046,0.01431207147397195
2014-01-06,Train,0.0165833979845047,0.0258341446341237
2014-01-07,Train,0.013112041167914867,0.01905413200621098
2014-01-08,Train,0.010037939995527267,0.01340059364398272
2014-01-09,Train,0.0023262982722371817,-0.003217637210966129
2014-01-10,Train,-0.00936067383736372,-0.01603667212988391
2014-01-13,Train,0.005434555001556873,-0.001860291339790265
2014-01-14,Train,-0.02029409632086754,-0.03103252907417275
2014-01-15,Train,-0.018442567437887192,-0.02116105792080403
2014-01-16,Train,-0.019639644771814346,-0.02387418732658941
2014-01-17,Train,-0.02165210247039795,-0.04085112027869342
2014-01-21,Train,-0.033973414450883865,-0.04110671105816721
2014-01-22,Train,-0.03872820734977722,-0.04606889382886992
2014-01-23,Train,-0.028021613135933876,-0.03062846531475438
2014-01-24,Train,0.006420533638447523,0.006456135598110091
2014-01-27,Train,0.01969139836728573,0.02211876009462577
2014-01-28,Train,0.02393481880426407,0.03436231368747178
2014-01-29,Train,0.04136326536536217,0.04756859650312673
2014-01-30,Train,0.03096606396138668,0.03618493934587241
2014-01-31,Train,0.03856440633535385,0.04103397534804309
2014-02-03,Train,0.04602069780230522,0.07070825744142017
2014-02-04,Train,0.051104187965393066,0.05558819205910437
2014-02-05,Train,0.05471404269337654,0.06328964996854203
2014-02-06,Train,0.0477481335401535,0.04850185175384025
2014-02-07,Train,0.03069380670785904,0.03562428982399601
2014-02-10,Train,0.02527650259435177,0.0285876357584669
2014-02-11,Train,0.015320301987230778,0.01610360648684095
2014-02-12,Train,0.017785610631108284,0.01652243678244503
2014-02-13,Train,0.0075047933496534824,0.007921444898243424
2014-02-14,Train,0.005421722773462534,-0.001558839699968839
2014-02-18,Train,0.004611348267644644,0.006204959097991791
2014-02-19,Train,0.009104641154408455,0.01595448342068595
2014-02-20,Train,0.008121245540678501,0.01032759881908341
2014-02-21,Train,0.007282208651304245,0.006671838897865046
2014-02-24,Train,0.0032452018931508064,0.002212110830009939
2014-02-25,Train,0.002270751167088747,-0.0009965268555370832
2014-02-26,Train,0.0015835907543078065,0.003657255783918734
2014-02-27,Train,-0.008054114878177643,-0.01282622325072258
2014-02-28,Train,-0.004428050015121698,-0.01848570109189696
2014-03-03,Train,-0.0006896382546983659,-0.002453454055933224
2014-03-04,Train,-0.006304345093667507,-0.003083347503849532
2014-03-05,Train,-0.006899281404912472,-0.01120136910183944
2014-03-06,Train,-0.005795731209218502,-0.007584110968860136
2014-03-07,Train,-0.018305504694581032,-0.01690046172459203
2014-03-10,Train,-0.019650263711810112,-0.02637677269119665
2014-03-11,Train,-0.019832024350762367,-0.01895365840540753
2014-03-12,Train,-0.02162063494324684,-0.03522520867944745
2014-03-13,Train,-0.019193492829799652,-0.02688173788859238
2014-03-14,Train,-0.017416326329112053,-0.01826993516004005
2014-03-17,Train,-0.018818484619259834,-0.01989937216349846
2014-03-18,Train,-0.016965700313448906,-0.01458079876972329
2014-03-19,Train,-0.016584651544690132,-0.006663688005556501
2014-03-20,Train,-0.018209856003522873,-0.0172776336557271
2014-03-21,Train,-0.025516429916024208,-0.02955053093728055
2014-03-24,Train,-0.025446008890867233,-0.03026522480163751
2014-03-25,Train,-0.024466658011078835,-0.02451706864722325
2014-03-26,Train,-0.011725421994924545,0.005150474237106462
2014-03-27,Train,-0.021195217967033386,-0.02048801606317785
2014-03-28,Train,-0.024208281189203262,-0.03377372014172353
2014-03-31,Train,-0.026558298617601395,-0.03307860826334719
2014-04-01,Train,-0.03918987140059471,-0.04663149955618495
2014-04-02,Train,-0.032864760607481,-0.03644903898975349
2014-04-03,Train,-0.03248708322644234,-0.02851353897186237
2014-04-04,Train,0.012132193893194199,0.005441629921995039
2014-04-07,Train,0.020710432901978493,0.02314430925667144
2014-04-08,Train,0.010907744988799095,0.004864556592012681
2014-04-09,Train,0.00965805258601904,-0.00261903162984356
2014-04-10,Train,0.02248070016503334,0.01280850748330664
2014-04-11,Train,0.030189935117959976,0.02805850188117964
2014-04-14,Train,0.02501007169485092,0.02819402045167418
2014-04-15,Train,0.025371583178639412,0.02751318346769027
2014-04-16,Train,0.014043929055333138,0.01705733598860104
2014-04-17,Train,0.014713261276483536,0.01496520836656079
2014-04-21,Train,0.010228627361357212,0.0127821356190827
2014-04-22,Train,0.0011658131843432784,-0.008225765231855808
2014-04-23,Train,0.005087800789624453,-0.002305262479393111
2014-04-24,Train,-0.0009903530590236187,-0.01267259992425485
2014-04-25,Train,0.01164710707962513,0.00707739404887775
2014-04-28,Train,0.012558789923787117,0.02035390437590379
2014-04-29,Train,0.010809737257659435,0.01296463063263054
2014-04-30,Train,0.00931863859295845,0.005034928990494736
2014-05-01,Train,0.004141498822718859,-0.005818620962372623
2014-05-02,Train,0.005110213067382574,0.002514587107953714
2014-05-05,Train,0.012821565382182598,0.004206967133833617
2014-05-06,Train,0.019267946481704712,0.01370812665445631
2014-05-07,Train,0.022044919431209564,0.02634009754625399
2014-05-08,Train,0.02908070757985115,0.03179925871012945
2014-05-09,Train,0.03321754187345505,0.0354838029190343
2014-05-12,Train,0.026931675150990486,0.03139517780431689
2014-05-13,Train,0.029861917719244957,0.02752293895093194
2014-05-14,Train,0.035952888429164886,0.0395081538012243
2014-05-15,Train,0.034898385405540466,0.04785400732330825
2014-05-16,Train,0.03693310543894768,0.04001826670696951
2014-05-19,Train,0.035479940474033356,0.03238225339938672
2014-05-20,Train,0.03394004702568054,0.03999996185302734
2014-05-21,Train,0.03461746498942375,0.03883391174978335
2014-05-22,Train,0.03469698503613472,0.04023306290295747
2014-05-23,Train,0.02834811620414257,0.03193149570855036
2014-05-27,Train,0.018048560246825218,0.02098905123197126
2014-05-28,Train,0.01992909610271454,0.02391973258097901
2014-05-29,Train,0.01559380628168583,0.008214676614795247
2014-05-30,Train,0.015101284720003605,0.01106124371082529
2014-06-02,Train,0.015559245832264423,0.01293576287420573
2014-06-03,Train,0.014948247000575066,0.01392845622741579
2014-06-04,Train,0.016747191548347473,0.01584358206755443
2014-06-05,Train,0.011658450588583946,0.006717983968268948
2014-06-06,Train,0.008756610564887524,-0.0005387098892718489
2014-06-09,Train,0.008111225441098213,0.0004312767172760523
2014-06-10,Train,0.006030608434230089,-0.00226032402959464
2014-06-11,Train,0.010002092458307743,0.004306185041524246
2014-06-12,Train,0.011740676127374172,0.01401404935758088
2014-06-13,Train,0.012767569161951542,0.01548960474331484
2014-06-16,Train,0.018930768594145775,0.01634201419149939
2014-06-17,Train,0.019762178882956505,0.02693353786218178
2014-06-18,Train,0.022241882979869843,0.02291058648435995
2014-06-19,Train,0.024058429524302483,0.03002898693535005
2014-06-20,Train,0.020902350544929504,0.0284575521674364
2014-06-23,Train,0.017136653885245323,0.01584223737686297
2014-06-24,Train,0.02085856720805168,0.02437974337250859
2014-06-25,Train,0.018006157130002975,0.01468541894240682
2014-06-26,Train,0.01723247393965721,0.02067709857400457
2014-06-27,Train,0.015932805836200714,0.02229329427083337
2014-06-30,Train,0.01320156455039978,0.01703757226842328
2014-07-01,Train,0.008262223564088345,0.01000628737953213
2014-07-02,Train,0.002235029125586152,-0.005047273766988325
2014-07-03,Train,0.003098549786955118,0.004388775462208283
2014-07-07,Train,0.00786061305552721,0.006183799551880087
2014-07-08,Train,0.02038230188190937,0.02493102504628353
2014-07-09,Train,0.01687815599143505,0.02390484724459219
2014-07-10,Train,0.019237438216805458,0.02598773493875695
2014-07-11,Train,0.01019801665097475,0.01542984436338912
2014-07-14,Train,0.007362497970461845,0.00970367634298519
2014-07-15,Train,0.008117502555251122,0.01141237894996494
2014-07-16,Train,0.006561308167874813,0.01136723301932596
2014-07-17,Train,0.004338791593909264,0.004227371431764437
2014-07-18,Train,-0.008182995021343231,-0.01508535722225912
2014-07-21,Train,-0.00950461532920599,-0.007083336512247684
2014-07-22,Train,-0.014756463468074799,-0.0209088527036454
2014-07-23,Train,-0.015485860407352448,-0.02787212403890071
2014-07-24,Train,-0.019898947328329086,-0.02985998191789552
2014-07-25,Train,-0.00813968200236559,-0.019020016317157
2014-07-28,Train,-0.011527678929269314,-0.01353722852162165
2014-07-29,Train,-0.010377408936619759,-0.01221532426309402
2014-07-30,Train,-0.0035361244808882475,-0.005671303698903118
2014-07-31,Train,0.024116462096571922,0.02010107061236943
2014-08-01,Train,0.02597697265446186,0.02883704879830784
2014-08-04,Train,0.02512993849813938,0.02968948636293756
2014-08-05,Train,0.03942461311817169,0.04345069002508439
2014-08-06,Train,0.0393284372985363,0.0442234495729048
2014-08-07,Train,0.04029570147395134,0.04967098540163728
2014-08-08,Train,0.04118688032031059,0.04373025773605721
2014-08-11,Train,0.0391833521425724,0.04127385794252669
2014-08-12,Train,0.03961985930800438,0.04275835159659991
2014-08-13,Train,0.030822433531284332,0.03204393164068842
2014-08-14,Train,0.02823932096362114,0.02558550860544218
2014-08-15,Train,0.026642097160220146,0.02443528969335396
2014-08-18,Train,0.020532429218292236,0.01956187609879012
2014-08-19,Train,0.006741866935044527,0.00790280073767824
2014-08-20,Train,0.005818377248942852,0.006990906410747844
2014-08-21,Train,0.006413609720766544,0.01001008946911375
2014-08-22,Train,0.007466673851013184,0.01039877584616189
2014-08-25,Train,0.0012702180538326502,-0.00150906965368458
2014-08-26,Train,0.002313637873157859,0.005728640148987107
2014-08-27,Train,-0.001674456987529993,0.004722681235499016
2014-08-28,Train,-0.004191817250102758,0.000704151415808596
2014-08-29,Train,-0.008379559032619,-0.01262780268235386
2014-09-02,Train,-0.00692471070215106,-0.006895197796647268
2014-09-03,Train,-0.00034118295297957957,0.0005025675580638822
2014-09-04,Train,0.00013483107613865286,0.008954617115543906
2014-09-05,Train,-0.005477079655975103,0.0009010308122445743
2014-09-08,Train,-0.010425821878015995,-0.01029175420116013
2014-09-09,Train,-0.008140618912875652,-0.004735528672071831
2014-09-10,Train,-0.007093118038028479,-0.002298424679074818
2014-09-11,Train,-0.015262813307344913,-0.0225022507057705
2014-09-12,Train,-0.009867231361567974,-0.00703663604759952
2014-09-15,Train,-0.008983984589576721,0.001319578636238772
2014-09-16,Train,-0.009732802398502827,-0.005936771525422158
2014-09-17,Train,-0.01873212493956089,-0.02330955212778318
2014-09-18,Train,-0.01755593717098236,-0.03061427734538458
2014-09-19,Train,-0.017562735825777054,-0.01810367200655583
2014-09-22,Train,-0.012965596280992031,-0.01100458287432438
2014-09-23,Train,-0.016573656350374222,-0.02237294099800946
2014-09-24,Train,-0.01385319884866476,-0.01392227003839452
2014-09-25,Train,-0.017642229795455933,-0.00900345071261932
2014-09-26,Train,-0.042633604258298874,-0.04393598290669587
2014-09-29,Train,-0.048238251358270645,-0.05767868579214963
2014-09-30,Train,-0.049490880221128464,-0.05891284179459355
2014-10-01,Train,-0.04744277521967888,-0.04978907914282371
2014-10-02,Train,-0.04439818486571312,-0.05575556239060853
2014-10-03,Train,-0.04272297024726868,-0.05266372889248727
2014-10-06,Train,-0.0369577519595623,-0.03644344352990192
2014-10-07,Train,-0.005955791100859642,0.003106586442019887
2014-10-08,Train,-0.015722788870334625,-0.02112741763469694
2014-10-09,Train,0.011320245452225208,0.009911202544118813
2014-10-10,Train,0.04606454819440842,0.04426090848281361
2014-10-13,Train,0.07106409966945648,0.06163945152072081
2014-10-14,Train,0.0713103860616684,0.07755188759605058
2014-10-15,Train,0.08158459514379501,0.08054557313832089
2014-10-16,Train,0.08495539426803589,0.08966113569508494
2014-10-17,Train,0.08371242880821228,0.09032259705246126
2014-10-20,Train,0.06878751516342163,0.07744461919548895
2014-10-21,Train,0.03987196087837219,0.04635075602832028
2014-10-22,Train,0.044381849467754364,0.05188336471410282
2014-10-23,Train,0.03654922544956207,0.03956248986562616
2014-10-24,Train,0.032595131546258926,0.03021695036043126
2014-10-27,Train,0.03248939663171768,0.03313402130076804
2014-10-28,Train,0.028723184019327164,0.02096225262251861
2014-10-29,Train,0.024434080347418785,0.02655046178438392
2014-10-30,Train,0.023999426513910294,0.02879429093654284
2014-10-31,Train,0.020116282626986504,0.0179487146690005
2014-11-03,Train,0.018700649961829185,0.01189780481982705
2014-11-04,Train,0.020056728273630142,0.02288871034781037
2014-11-05,Train,0.020634468644857407,0.01815129020456374
2014-11-06,Train,0.020740073174238205,0.01947089861345952
2014-11-07,Train,0.022763727232813835,0.02234256207237184
2014-11-10,Train,0.022863240912556648,0.02667714049751635
2014-11-11,Train,0.023287268355488777,0.02502930767644806
2014-11-12,Train,0.019389547407627106,0.02986528973195623
2014-11-13,Train,0.018568942323327065,0.03022352346194479
2014-11-14,Train,0.013888495042920113,0.0154039558136696
2014-11-17,Train,0.013115271925926208,0.02254396669192249
2014-11-18,Train,0.010538253001868725,0.01678238675393473
2014-11-19,Train,0.011867591179907322,0.02092824029909646
2014-11-20,Train,0.012442308478057384,0.0164946379345543
2014-11-21,Train,0.006216945592314005,0.007316785277171389
2014-11-24,Train,0.0021889086347073317,0.002674806825378129
2014-11-25,Train,-0.007921637035906315,-0.01459365540576529
2014-11-26,Train,-0.015066414140164852,-0.0163001672292189
2014-11-28,Train,-0.027803989127278328,-0.03150649844335451
2014-12-01,Train,-0.026094218716025352,-0.03053140943404031
2014-12-02,Train,-0.03320266306400299,-0.0498907139838467
2014-12-03,Train,-0.024194588884711266,-0.03433878941437774
2014-12-04,Train,-0.014245175756514072,-0.01062923713948905
2014-12-05,Train,-0.00891114678233862,-0.01005881178801582
2014-12-08,Train,-0.0007965403492562473,-0.0004778306764378071
2014-12-09,Train,-0.002707790583372116,-0.007145579330620988
2014-12-10,Train,0.008957643993198872,0.00958286241951134
2014-12-11,Train,0.010901057161390781,0.01194602916486653
2014-12-12,Train,0.016936931759119034,0.02288885279080399
2014-12-15,Train,0.023615604266524315,0.02667059411666384
2014-12-16,Train,0.03037858195602894,0.03270650663405505
2015-01-02,Test,0.016520287841558456,-0.02059454727319188
2015-01-05,Test,0.024335065856575966,0.001873237117564708
2015-01-06,Test,0.032288938760757446,0.02068551714936473
2015-01-07,Test,0.026699889451265335,0.02634173394699668
2015-01-08,Test,0.023679094389081,0.009293311288593564
2015-01-09,Test,0.02495633065700531,0.01481189439080421
2015-01-12,Test,0.027512094005942345,-0.001083216219063043
2015-01-13,Test,0.036878328770399094,-0.005910150649734769
2015-01-14,Test,0.04469026252627373,0.009211572044465433
2015-01-15,Test,0.04686194658279419,0.01455089740129734
2015-01-16,Test,0.039817988872528076,0.01150568999822088
2015-01-20,Test,0.039673320949077606,0.01318634424004372
2015-01-21,Test,0.024567367509007454,0.007147085973133294
2015-01-22,Test,0.020229028537869453,-0.002595372933140272
2015-01-23,Test,0.018916813656687737,-0.01083833550411772
2015-01-26,Test,0.013195428997278214,-0.01286725893743212
2015-01-27,Test,0.027423063293099403,0.02917980099795847
2015-01-28,Test,0.030486708506941795,0.03824812406248479
2015-01-29,Test,0.028828764334321022,0.0403376252328167
2015-01-30,Test,0.02900330349802971,0.05746790579304983
2015-02-02,Test,0.025999179109930992,0.04932338315082907
2015-02-03,Test,0.015232072211802006,0.04079258561561239
2015-02-04,Test,0.022652441635727882,0.04685524998670587
2015-02-05,Test,0.008573480881750584,0.04481497137763868
2015-02-06,Test,0.011298922821879387,0.05226412812175063
2015-02-09,Test,0.016201995313167572,0.056420187258585
2015-02-10,Test,0.013089071959257126,0.03764368053387046
2015-02-11,Test,0.01967998780310154,0.0391295907796021
2015-02-12,Test,0.012131535448133945,0.02264152382904627
2015-02-13,Test,0.00040923774940893054,0.02310348430175946
2015-02-17,Test,0.0006615076563321054,0.01738155848257694
2015-02-18,Test,-0.004825615789741278,0.01203801084404899
2015-02-19,Test,-0.008850624784827232,0.008821589067741664
2015-02-20,Test,0.001625961042009294,-0.009224240994555988
2015-02-23,Test,0.002409083768725395,-0.007371871057041623
2015-02-24,Test,0.0004507694102358073,-0.02651931209837222
2015-02-25,Test,0.005755964666604996,-0.02972400227339478
2015-02-26,Test,0.005424140021204948,-0.0282879709713022
2015-02-27,Test,0.004511488135904074,-0.02822882975013385
2015-03-02,Test,-0.0077145760878920555,-0.02450174046874953
2015-03-03,Test,-0.007571790833026171,-0.01837053320054949
2015-03-04,Test,-0.002083710627630353,-0.0048870336026825
2015-03-05,Test,-0.0025640539824962616,-0.005154616731773531
2015-03-06,Test,0.0003381897695362568,0.0104272886975294
2015-03-09,Test,0.00027188449166715145,0.005569982058315937
2015-03-10,Test,0.009513268247246742,0.02090426654327238
2015-03-11,Test,0.003305744845420122,0.003329830388057564
2015-03-12,Test,0.002181615913286805,-0.006616300164890121
2015-03-13,Test,0.005035584792494774,0.001708755567053633
2015-03-16,Test,-0.0032461374066770077,0.0002812222075878612
2015-03-17,Test,0.0025826026685535908,-0.0118836365661229
2015-03-18,Test,-0.007597371935844421,-0.02659372837177609
2015-03-19,Test,-0.006047975737601519,-0.02738711171655583
2015-03-20,Test,-0.0044160340912640095,-0.02349576569653211
2015-03-23,Test,-0.004633214790374041,-0.02326437084717625
2015-03-24,Test,-0.003443812718614936,-0.01195219968386751
2015-03-25,Test,0.007631340529769659,0.01754218177680111
2015-03-26,Test,0.010715743526816368,0.02521409671125174
2015-03-27,Test,0.010576479136943817,0.0185747420036142
2015-03-30,Test,0.010167925618588924,0.004122503496418517
2015-03-31,Test,0.00938358623534441,0.02121210128917261
2015-04-01,Test,0.010102401487529278,0.02513088351218529
2015-04-02,Test,0.007613599766045809,0.008466508432215303
2015-04-06,Test,0.0013885770458728075,0.0152858564434224
2015-04-07,Test,0.006581224966794252,0.02136100606471958
2015-04-08,Test,0.0071240742690861225,0.01884848225557634
2015-04-09,Test,0.0024882296565920115,0.01630789339124217
2015-04-10,Test,0.0022167647257447243,0.02589327995849033
2015-04-13,Test,0.0006905922782607377,0.02586526509554243
2015-04-14,Test,0.0017603995511308312,0.02677990851560619
2015-04-15,Test,-0.0016006738878786564,0.01400224580404519
2015-04-16,Test,-0.00306035322137177,-0.0005572029587512795
2015-04-17,Test,-0.000719050585757941,0.0286765480074298
2015-04-20,Test,6.319287058431655e-05,0.01514874447888159
2015-04-21,Test,-0.008037572726607323,-0.005645017806157226
2015-04-22,Test,-0.010348564945161343,-0.01785552152932246
2015-04-23,Test,-0.013594376854598522,-0.01567943446499653
2015-04-24,Test,-0.013872375711798668,-0.01673600921656249
2015-04-27,Test,-0.011198109947144985,-0.01804829906229577
2015-04-28,Test,-0.009794718585908413,-0.0205380054291836
2015-04-29,Test,-0.008006183430552483,-0.01234566523053571
2015-04-30,Test,-0.0025572467129677534,0.01811766819100979
2015-05-01,Test,-0.006181776057928801,0.004860144561805502
2015-05-04,Test,-0.00584875512868166,0.007598591743588567
2015-05-05,Test,0.005767152179032564,0.02317362088305575
2015-05-06,Test,0.005863055121153593,0.03092496560838209
2015-05-07,Test,-0.0015162457711994648,0.03008852727382427
2015-05-08,Test,-0.0025477269664406776,0.01637683999737183
2015-05-11,Test,0.0005647991201840341,0.008589640103543239
2015-05-12,Test,0.0012670544674620032,0.02950454946364878
2015-05-13,Test,0.00298679550178349,0.02509258411548765
2015-05-14,Test,-0.001763149630278349,0.004289114919232784
2015-05-15,Test,-0.0024927789345383644,0.007665598867078849
2015-05-18,Test,-0.00046168090193532407,9.087894287063136e-05
2015-05-19,Test,4.687805994763039e-05,0.00418409199797698
2015-05-20,Test,-0.0061597879976034164,-0.004090578755552188
2015-05-21,Test,-0.0021870650816708803,-0.01157531884700513
2015-05-22,Test,0.0033731621224433184,-0.02063907625692663
2015-05-26,Test,0.0029870604630559683,-0.01089738869292955
2015-05-27,Test,-0.006116197910159826,-0.01324802841413175
2015-05-28,Test,-0.0038865222595632076,-0.009574542203590553
2015-05-29,Test,-0.0002487332676537335,-0.01181283976108938
2015-06-01,Test,-0.005008024629205465,-0.02001448216917467
2015-06-02,Test,-0.0004780104209203273,-0.01153808164429504
2015-06-03,Test,0.0020078602246940136,-0.01177538979882242
2015-06-04,Test,0.006043985951691866,0.01031402800285908
2015-06-05,Test,0.005263022147119045,0.005397953535383193
2015-06-08,Test,0.01069277711212635,0.02319987475917928
2015-06-09,Test,0.008336402475833893,0.02573834574866996
2015-06-10,Test,0.004544808529317379,0.006667306340090384
2015-06-11,Test,0.006306677125394344,0.003191960503881042
2015-06-12,Test,0.006969630252569914,0.004781578327047509
2015-06-15,Test,0.009615900926291943,-0.01404673002427292
2015-06-16,Test,0.01143516506999731,-0.01590076570228227
2015-06-17,Test,0.006420796271413565,-0.01081576830136877
2015-06-18,Test,0.0039161755703389645,-0.02475386604688612
2015-06-19,Test,-0.00944899395108223,-0.01992904225652903
2015-06-22,Test,-0.016320405527949333,-0.02466120869737221
2015-06-23,Test,-0.014645631425082684,-0.04242264228538339
2015-06-24,Test,-0.01570996083319187,-0.0380149010615255
2015-06-25,Test,-0.012672638520598412,-0.02136362249200996
2015-06-26,Test,-0.011764136143028736,0.002470982710312652
2015-06-29,Test,0.017368368804454803,0.03346142668601826
2015-06-30,Test,0.023503752425312996,0.03091433238094754
2015-07-01,Test,0.024315914139151573,0.0372498548986977
2015-07-02,Test,0.02534627541899681,0.05224640619816401
2015-07-06,Test,0.024965938180685043,0.05831018186295234
2015-07-07,Test,0.024718470871448517,0.0550153040126784
2015-07-08,Test,0.02885221317410469,0.06155157539918954
2015-07-09,Test,0.033083029091358185,0.05819106139752273
2015-07-10,Test,0.024416690692305565,0.03204827588797388
2015-07-13,Test,0.012284365482628345,0.005842608949236494
2015-07-14,Test,0.008133123628795147,0.007890396338942507
2015-07-15,Test,0.004338759928941727,0.01059979912532216
2015-07-16,Test,0.001744417124427855,0.001250664522021161
2015-07-17,Test,-0.008379798382520676,-0.01443788575157634
2015-07-20,Test,-0.009021203964948654,-0.02088089851479835
2015-07-21,Test,-0.010849148035049438,-0.02212276526595514
2015-07-22,Test,-0.005869514774531126,-0.003285408786702027
2015-07-23,Test,-0.003524583065882325,-0.01559714837432014
2015-07-24,Test,0.006605455186218023,-0.00711071940933794
2015-07-27,Test,0.013623700477182865,0.01261571415681995
2015-07-28,Test,0.006988621782511473,-0.008908466554821914
2015-07-29,Test,-0.004656762350350618,-0.009233584764793745
2015-07-30,Test,-0.005033689551055431,-0.01552467402513857
2015-07-31,Test,-0.0010515599278733134,-0.01286283922524334
2015-08-03,Test,0.004203805699944496,-0.001523281104566787
2015-08-04,Test,0.006626205053180456,-0.004758046343486422
2015-08-05,Test,0.0039016278460621834,-0.01888643872233431
2015-08-06,Test,0.003943523392081261,-0.03051150031961258
2015-08-07,Test,0.006786669604480267,-0.07170697314641195
2015-08-10,Test,0.0029492496978491545,-0.1175047113579919
2015-08-11,Test,0.014278749004006386,-0.1094062385921017
2015-08-12,Test,0.015242017805576324,-0.06777052199846789
2015-08-13,Test,0.01658199541270733,-0.04259558731404645
2015-08-14,Test,0.01649775728583336,-0.04424938281713475
2015-08-17,Test,0.014895091764628887,-0.0638966411835441
2015-08-18,Test,0.015079141594469547,-0.08848996486184157
2015-08-19,Test,0.011403053067624569,-0.05656947137847779
2015-08-20,Test,0.03354150056838989,-0.03446023887100924
2015-08-21,Test,0.005964219570159912,-0.002343729103450043
2015-08-24,Test,0.022264830768108368,0.06682918842411789
2015-08-25,Test,0.020812731236219406,0.05882357516443371
2015-08-26,Test,-0.00596399512141943,0.01902357670285149
2015-08-27,Test,-0.013163902796804905,-0.0006626249075033508
2015-08-28,Test,-0.0075568766333162785,-0.003503150321533255
2015-08-31,Test,-0.005098932888358831,0.02089924605693927
2015-09-01,Test,0.0203662421554327,0.05977232165979385
2015-09-02,Test,0.007103736978024244,0.03108754263814473
2015-09-03,Test,0.008401543833315372,0.01895733722839044
2015-09-04,Test,0.012418343685567379,0.03445572158267218
2015-09-08,Test,-0.0023727859370410442,-0.008948994984893432
2015-09-09,Test,-0.006003336515277624,0.003081067715614116
2015-09-10,Test,-0.001278126030229032,-0.011334363617721
2015-09-11,Test,-0.0006482647731900215,-0.02510184269716187
2015-09-14,Test,-0.0032875798642635345,-0.04997626732760541
2015-09-15,Test,-0.0010709979105740786,-0.06592165258606675
2015-09-16,Test,-0.00028036287403665483,-0.04977116802621739
2015-09-17,Test,-0.0004226136952638626,-0.04583213066924807
2015-09-18,Test,-0.0028590077999979258,-0.01271947183008071
2015-09-21,Test,-0.007575321011245251,-0.001703257992581308
2015-09-22,Test,-0.018359418958425522,0.008645547925753672
2015-09-23,Test,-0.012201620265841484,0.01391818913413978
2015-09-24,Test,-0.0038474006578326225,0.0216762999407436
2015-09-25,Test,0.011453075334429741,0.03507579357342849
2015-09-28,Test,0.042626749724149704,0.06800683265362606
2015-09-29,Test,0.03946461156010628,0.06665323385999966
2015-09-30,Test,0.03801653906702995,0.04097875473079049
2015-10-01,Test,0.034202560782432556,0.05331634595146495
2015-10-02,Test,0.0026533789932727814,0.03951543626514264
2015-10-05,Test,-0.011145897209644318,0.03071088022530355
2015-10-06,Test,-0.014231199398636818,0.03028571719215023
2015-10-07,Test,-0.018378714099526405,0.01789263882222891
2015-10-08,Test,-0.0031787422485649586,0.03451198422812474
2015-10-09,Test,-0.004956982098519802,0.05866892022545134
2015-10-12,Test,-0.014300667680799961,0.05674686306433596
2015-10-13,Test,-0.003907781559973955,0.06578702598790409
2015-10-14,Test,-0.013295418582856655,0.07637115372967052
2015-10-15,Test,-0.01653246395289898,0.05730471137618065
2015-10-16,Test,-0.021270696073770523,0.04818718971626512
2015-10-19,Test,-0.016528885811567307,0.05398200167279765
2015-10-20,Test,-0.010197922587394714,0.06313553163049779
2015-10-21,Test,-0.013057342730462551,0.0697544664635521
2015-10-22,Test,-0.01800421066582203,0.0455746973085851
2015-10-23,Test,-0.02972145937383175,0.01782232805449757
2015-10-26,Test,-0.02572811208665371,0.00638016154575527
2015-10-27,Test,-0.027711302042007446,0.001768632339969267
2015-10-28,Test,-0.03126136213541031,-0.007717920358941588
2015-10-29,Test,-0.028700584545731544,-0.01581162579293027
2015-10-30,Test,-0.022189181298017502,-0.0307950713560099
2015-11-02,Test,-0.02432515099644661,-0.02783354353388012
2015-11-03,Test,-0.031615883111953735,-0.03060607083800815
2015-11-04,Test,-0.029200423508882523,-0.01208484985408165
2015-11-05,Test,-0.02426961064338684,-0.008717635846754668
2015-11-06,Test,-0.027838505804538727,-0.00270056238453964
2015-11-09,Test,-0.018891846761107445,0.005106998614186953
2015-11-10,Test,-0.019626373425126076,0.006797354173362358
2015-11-11,Test,-0.019048847258090973,0.008927012035346404
2015-11-12,Test,-0.008412995375692844,0.02026059107923306
2015-11-13,Test,-0.005855993367731571,0.03805535728822518
2015-11-16,Test,-0.0044549270533025265,0.03356673446981318
2015-11-17,Test,-0.008249509148299694,0.02654945861681246
2015-11-18,Test,-0.010293710976839066,-0.009856509233998167
2015-11-19,Test,-0.00682719424366951,0.01257585363371128
2015-11-20,Test,-0.005296830553561449,0.001222915666869273
2015-11-23,Test,-0.005090311169624329,0.004204955945009248
2015-11-24,Test,-0.003948064520955086,-0.01017100947891203
2015-11-25,Test,-0.0002934618678409606,-0.006570302146075457
2015-11-27,Test,-0.004097799304872751,-0.03079342768126736
2015-11-30,Test,-0.0011137427063658834,-0.02096123013518592
2015-12-01,Test,-0.0014645442133769393,-0.02474822866346738
2015-12-02,Test,0.0026210383512079716,-0.004106540881090082
2015-12-03,Test,0.005511588416993618,-0.001688760446170723
2015-12-04,Test,-0.0076015302911400795,-0.04611774871236574
2015-12-07,Test,0.001922924886457622,-0.03114639338054526
2015-12-08,Test,-0.0012791125336661935,-0.02486258869762048
2015-12-09,Test,0.015171373263001442,-0.002480279748522607
2015-12-10,Test,0.01131910178810358,-0.007142902796200001
2015-12-11,Test,0.016925839707255363,0.01570536916139398
2015-12-14,Test,0.005006744060665369,0.02391835406282872
2015-12-15,Test,0.00417433911934495,0.008547761600402604
2015-12-16,Test,0.00392125453799963,-0.01859977789211975
2015-12-17,Test,0.011996334418654442,-0.02510683495803256
2015-12-18,Test,0.02404208481311798,-0.004734628642370731
2015-12-21,Test,0.019589552655816078,-0.02512382565380922
2015-12-22,Test,0.013389565981924534,-0.06181782168702854
2015-12-23,Test,0.008024321869015694,-0.07636975781465849
2015-12-24,Test,0.009930968284606934,-0.07336348499423606
2015-12-28,Test,0.010477893985807896,-0.06211675055181409
2015-12-29,Test,0.007788995746523142,-0.1084864496483336
2015-12-30,Test,0.01260528527200222,-0.0812218347391056
2015-12-31,Test,0.015449021011590958,-0.0985160398027134
