Date,Type,Prediction,Actual
2009-01-02,Train,-0.034465085715055466,-0.05188529083869675
2009-01-05,Train,-0.05163263902068138,-0.09864607763167066
2009-01-06,Train,-0.05288736894726753,-0.06958188032187862
2009-01-07,Train,-0.052521687000989914,-0.05519054782197275
2009-01-08,Train,-0.05718155950307846,-0.0604681598345741
2009-01-09,Train,-0.02667101100087166,-0.03192547702745385
2009-01-12,Train,-0.003771379590034485,-0.006775093490449247
2009-01-13,Train,0.005130552686750889,0.02776836016786999
2009-01-14,Train,0.028158465400338173,0.03318200456817677
2009-01-15,Train,0.027783269062638283,-0.001374601890136606
2009-01-16,Train,0.030882712453603745,-0.000339912605571091
2009-01-20,Train,0.029331276193261147,0.06831193910236721
2009-01-21,Train,0.02054140903055668,0.02607204935943508
2009-01-22,Train,0.05268876627087593,0.06293461236223208
2009-01-23,Train,0.0519726425409317,0.08546717139468041
2009-01-26,Train,0.0432526133954525,0.08210234763095636
2009-01-27,Train,0.032697681337594986,0.03478855622033761
2009-01-28,Train,-0.0009268722496926785,-0.004942326742831127
2009-01-29,Train,-0.0015059355646371841,0.03346855218632894
2009-01-30,Train,0.03900173678994179,0.04714387007608201
2009-02-02,Train,-0.0020292517729103565,-0.00646040581582441
2009-02-03,Train,-0.02114361897110939,-0.02109143121575496
2009-02-04,Train,-0.022881366312503815,-0.03744563482442376
2009-02-05,Train,-0.053204115480184555,-0.05561003835661293
2009-02-06,Train,-0.0567040741443634,-0.1118903453930418
2009-02-09,Train,-0.05938572809100151,-0.08634918455093621
2009-02-10,Train,-0.04327848181128502,-0.05767963056027647
2009-02-11,Train,-0.04756038263440132,-0.07980131743471974
2009-02-12,Train,-0.05606961250305176,-0.09944386779609327
2009-02-13,Train,-0.05309497192502022,-0.1245481721169326
2009-02-17,Train,-0.029582245275378227,-0.08898010045239146
2009-02-18,Train,-0.03056342899799347,-0.06532147272103306
2009-02-19,Train,-0.013338270597159863,-0.07919418597224959
2009-02-20,Train,-0.017597362399101257,-0.08901979658692294
2009-02-23,Train,0.0024943696334958076,-0.07609478796801239
2009-02-24,Train,-0.008812088519334793,-0.05038223517528551
2009-02-25,Train,-0.011853792704641819,-0.02938090759372924
2009-02-26,Train,0.040681637823581696,0.03166603568821436
2009-02-27,Train,0.032566625624895096,0.04395201795471126
2009-03-02,Train,0.07381532341241837,0.06081084370680911
2009-03-03,Train,0.0765959769487381,0.1018031179202135
2009-03-04,Train,0.06269359588623047,0.08671792337539164
2009-03-05,Train,0.08867280185222626,0.1195775197632902
2009-03-06,Train,0.08919288963079453,0.1095057472114636
2009-03-09,Train,0.09766961634159088,0.2004661963207142
2009-03-10,Train,0.07949734479188919,0.1097694843898553
2009-03-11,Train,0.06634989380836487,0.09801799327403571
2009-03-12,Train,0.06609215587377548,0.0955702742876432
2009-03-13,Train,0.06652551889419556,0.07237299722584956
2009-03-16,Train,0.06671962887048721,0.0636942400029048
2009-03-17,Train,0.059283990412950516,0.03375382794726822
2009-03-18,Train,0.0554162822663784,0.03602692482619041
2009-03-19,Train,0.059178322553634644,0.07008085924255636
2009-03-20,Train,0.06487496942281723,0.1086359882039836
2009-03-23,Train,0.0571131631731987,0.04433659728629347
2009-03-24,Train,0.0614362396299839,0.03593802028782545
2009-03-25,Train,0.05434425547719002,0.04857241493065279
2009-03-26,Train,0.049872275441884995,0.04871056309231192
2009-03-27,Train,0.05165077745914459,0.06716416986765394
2009-03-30,Train,0.06729317456483841,0.08083839839310625
2009-03-31,Train,0.0564071461558342,0.06860164419492909
2009-04-01,Train,0.04984872043132782,0.08027303165281263
2009-04-02,Train,0.03138989582657814,0.04880356212968917
2009-04-03,Train,0.01910989172756672,-0.003400210226973899
2009-04-06,Train,0.02378224767744541,0.01301512745545264
2009-04-07,Train,0.03632935509085655,0.04360282736813392
2009-04-08,Train,0.022288735955953598,0.03630672362166742
2009-04-09,Train,0.021015865728259087,0.02276867125889526
2009-04-13,Train,0.01707630231976509,0.02553968282687968
2009-04-14,Train,0.022661421447992325,0.03047084680286938
2009-04-15,Train,0.034125249832868576,0.04753077247851456
2009-04-16,Train,0.019666315987706184,0.03128751649563832
2009-04-17,Train,0.015229945071041584,0.03182220098746935
2009-04-20,Train,0.04073723778128624,0.08715872866937713
2009-04-21,Train,0.044735949486494064,0.0712756784624331
2009-04-22,Train,0.044990990310907364,0.06831344316031429
2009-04-23,Train,0.02428453415632248,0.03322254466456243
2009-04-24,Train,0.020898273214697838,0.01602852293081547
2009-04-27,Train,0.018835637718439102,0.01838123155348437
2009-04-28,Train,0.029704174026846886,0.0134408831867443
2009-04-29,Train,0.012223519384860992,-0.02710660595670511
2009-04-30,Train,0.008973251096904278,-0.02596264356304312
2009-05-01,Train,0.010009059682488441,-0.02909514201562302
2009-05-04,Train,-0.0003077505389228463,-0.02310977392938973
2009-05-05,Train,-0.00344265578314662,-0.01770413831469031
2009-05-06,Train,-0.003838652279227972,-0.02141022055767983
2009-05-07,Train,-0.002835158258676529,-0.01636941168022199
2009-05-08,Train,0.0019890880212187767,-0.02015771650413245
2009-05-11,Train,0.015648435801267624,0.01280938750951455
2009-05-12,Train,0.0185835063457489,0.01827288318032205
2009-05-13,Train,0.04246263951063156,0.05844943302300898
2009-05-14,Train,0.04417682811617851,0.05959873359817247
2009-05-15,Train,0.05228313431143761,0.09050046612012586
2009-05-18,Train,0.046942465007305145,0.06425224417047115
2009-05-19,Train,0.043435871601104736,0.05610465754554839
2009-05-20,Train,0.04347611963748932,0.07176204745536974
2009-05-21,Train,0.05146411806344986,0.0930162588851835
2009-05-22,Train,0.051117073744535446,0.09332132283779804
2009-05-26,Train,0.018476972356438637,0.06208680053377247
2009-05-27,Train,0.040795110166072845,0.0657018960315554
2009-05-28,Train,0.011874458752572536,0.05350497542385435
2009-05-29,Train,0.01519834902137518,0.03589599828780687
2009-06-01,Train,0.006012735888361931,-0.01346517922473278
2009-06-02,Train,0.008664624765515327,-0.0244236943795082
2009-06-03,Train,0.009320957586169243,-0.01211126945306507
2009-06-04,Train,-0.005990666337311268,-0.02504088028340479
2009-06-05,Train,-0.006263017654418945,-0.01685695901202033
2009-06-08,Train,-0.0056463805958628654,-0.04335959687167756
2009-06-09,Train,-0.008050850592553616,-0.05277403850273499
2009-06-10,Train,-0.006571538746356964,-0.03340574558476239
2009-06-11,Train,-0.006319157779216766,-0.01439431786229417
2009-06-12,Train,-0.006352173164486885,-0.00763990674861037
2009-06-15,Train,0.020720724016427994,0.01532031235887477
2009-06-16,Train,0.028840260580182076,0.02334745003846361
2009-06-17,Train,0.023177484050393105,0.01421014613830196
2009-06-18,Train,0.02606073021888733,-0.006141854343312936
2009-06-19,Train,0.010770228691399097,-0.02074115053000136
2009-06-22,Train,0.030332576483488083,-0.01567853543470799
2009-06-23,Train,0.03108540177345276,-0.00828574044363839
2009-06-24,Train,0.013297081924974918,-0.02304017115224977
2009-06-25,Train,-0.005935560911893845,-0.03775152141139382
2009-06-26,Train,0.0007098551723174751,-0.02144621397316204
2009-06-29,Train,0.010766087099909782,-0.02002742186437911
2009-06-30,Train,0.0263992827385664,0.0148432403786638
2009-07-01,Train,0.022692348808050156,0.0263736001162016
2009-07-02,Train,0.035345498472452164,0.05505626357244697
2009-07-06,Train,0.04044094309210777,0.07088388399743639
2009-07-07,Train,0.05989746376872063,0.1057052318248948
2009-07-08,Train,0.06128540262579918,0.1091904642896628
2009-07-09,Train,0.06221116706728935,0.1317226907120954
2009-07-10,Train,0.06379091739654541,0.11827036897694
2009-07-13,Train,0.05473661050200462,0.1056476062212042
2009-07-14,Train,0.05511480197310448,0.09406496348057569
2009-07-15,Train,0.04081578552722931,0.06554718590636677
2009-07-16,Train,0.03168243542313576,0.05915415011691194
2009-07-17,Train,0.03225714713335037,0.05031947072803944
2009-07-20,Train,0.02933896705508232,0.05590724812635184
2009-07-21,Train,0.027206623926758766,0.04871662114940878
2009-07-22,Train,0.025142034515738487,0.03194804005808649
2009-07-23,Train,0.008270859718322754,0.0007624547689339956
2009-07-24,Train,0.009275443851947784,0.02125484884176321
2009-07-27,Train,0.005714096128940582,0.006353240398838
2009-07-28,Train,0.006330058444291353,0.004605846521109402
2009-07-29,Train,0.0051186843775212765,0.01347226174990257
2009-07-30,Train,0.0045339069329202175,0.01314128030765915
2009-07-31,Train,0.00786165613681078,0.004562745290106029
2009-08-03,Train,0.006534885615110397,-0.03896107236815904
2009-08-04,Train,0.005891371984034777,-0.02522482800041081
2009-08-05,Train,0.006402446422725916,-0.0108230634314167
2009-08-06,Train,0.007634027395397425,0.009649498301452342
2009-08-07,Train,0.010771425440907478,0.01028083842605287
2009-08-10,Train,0.015140227042138577,0.01641418057891308
2009-08-11,Train,0.01758020557463169,0.02827306820700382
2009-08-12,Train,0.01579364202916622,0.0107850593603076
2009-08-13,Train,0.01830616407096386,0.007732635872065519
2009-08-14,Train,0.021438566967844963,0.02043899916130565
2009-08-17,Train,0.023367343470454216,0.04028064593294078
2009-08-18,Train,0.018805664032697678,0.006405329434255869
2009-08-19,Train,0.017859408631920815,-0.001272245242524006
2009-08-20,Train,0.009819187223911285,-0.00628772662358501
2009-08-21,Train,0.011029415763914585,0.001737396208329134
2009-08-24,Train,0.013336281292140484,0.01217395474451677
2009-08-25,Train,0.008510943502187729,0.01783505671917318
2009-08-26,Train,0.009610936976969242,0.02928040514925456
2009-08-27,Train,0.012778200209140778,0.0277227447916637
2009-08-28,Train,0.01273469626903534,0.03066275273431462
2009-08-31,Train,0.017677901312708855,0.04446671616974274
2009-09-01,Train,0.040991391986608505,0.0799388871494422
2009-09-02,Train,0.04224817827343941,0.08050955025253792
2009-09-03,Train,0.04067332670092583,0.07415845177545632
2009-09-04,Train,0.03335398808121681,0.05475716181990919
2009-09-08,Train,0.028696905821561813,0.04688266491706217
2009-09-09,Train,0.014629696495831013,0.03309809212219994
2009-09-10,Train,0.014108113944530487,0.0142237261113547
2009-09-11,Train,0.01449325680732727,0.004335267417901134
2009-09-14,Train,0.011668600142002106,0.01751438428242236
2009-09-15,Train,0.014689968898892403,0.009806262471783178
2009-09-16,Train,0.007387375924736261,-0.004007500619596094
2009-09-17,Train,0.00407679146155715,-0.03324687225855172
2009-09-18,Train,0.003174572717398405,-0.03675771934667282
2009-09-21,Train,-0.0038853457663208246,-0.03194739535121294
2009-09-22,Train,-0.004772509913891554,-0.01664719516455615
2009-09-23,Train,-0.00462356535717845,-0.009187264608695234
2009-09-24,Train,0.0020066513679921627,0.00404093142086448
2009-09-25,Train,0.02176004834473133,0.01870500635554162
2009-09-28,Train,0.012776688672602177,0.003772691534727146
2009-09-29,Train,0.012377199716866016,0.008526778776478006
2009-09-30,Train,0.01357868779450655,0.02153845792691378
2009-10-01,Train,0.03598158061504364,0.05024393593392729
2009-10-02,Train,0.03758217394351959,0.04647743790455916
2009-10-05,Train,0.031223146244883537,0.04853191080883978
2009-10-06,Train,0.03204713389277458,0.03051985302591276
2009-10-07,Train,0.02936175838112831,0.02567755542307815
2009-10-08,Train,0.022052843123674393,0.02533143116255343
2009-10-09,Train,0.008150246925652027,0.01530135435224356
2009-10-12,Train,0.002774466760456562,0.009866149557281823
2009-10-13,Train,-0.0001430668926332146,-0.005636488213858093
2009-10-14,Train,-0.008833685889840126,-0.04101020537584177
2009-10-15,Train,-0.012295577675104141,-0.02252673455103027
2009-10-16,Train,-0.013991815969347954,-0.04254323858711739
2009-10-19,Train,-0.01337132602930069,-0.04813696043573534
2009-10-20,Train,-0.013535948470234871,-0.04534944108773065
2009-10-21,Train,-0.01006324216723442,-0.04195636495600097
2009-10-22,Train,-0.005934407934546471,-0.0221658478118163
2009-10-23,Train,0.01127820834517479,-0.01228849016620948
2009-10-26,Train,0.013243569061160088,0.01209575768234661
2009-10-27,Train,0.01509604137390852,0.0302314306727427
2009-10-28,Train,0.03450220078229904,0.06064271981744018
2009-10-29,Train,0.029339319095015526,0.03706346798849092
2009-10-30,Train,0.044273171573877335,0.07446287366292337
2009-11-02,Train,0.044273171573877335,0.08096275054412527
2009-11-03,Train,0.042909424751996994,0.08095007970091883
2009-11-04,Train,0.035707272589206696,0.07307032444400297
2009-11-05,Train,0.02469647489488125,0.03093273720166767
2009-11-06,Train,0.015383286401629448,0.01971831414731584
2009-11-09,Train,0.011499186977744102,0.01447945512338578
2009-11-10,Train,0.007944789715111256,0.008482410720821232
2009-11-11,Train,0.002332102507352829,0.006378104090311254
2009-11-12,Train,-0.0027428644243627787,-0.003207404340242692
2009-11-13,Train,-0.005678863730281591,-0.01022487992284271
2009-11-16,Train,-0.005890018306672573,-0.01012147485843318
2009-11-17,Train,-0.0072171068750321865,-0.01188338110828424
2009-11-18,Train,-0.0024338222574442625,-0.01037202029986706
2009-11-19,Train,0.014040984213352203,0.01053593875584768
2009-11-20,Train,0.016640227288007736,0.01081954962158194
2009-11-23,Train,0.00769741041585803,-0.01132759417566409
2009-11-24,Train,0.012533994391560555,0.002045922917796705
2009-11-25,Train,0.013175582513213158,0.002716136963690996
2009-11-27,Train,0.01856645941734314,0.01424966146861895
2009-11-30,Train,0.015343713574111462,0.02272722296966112
2009-12-01,Train,0.011546380817890167,0.006589432551408425
2009-12-02,Train,0.008939214050769806,0.006580461028716567
2009-12-03,Train,0.016516994684934616,-0.001594889400721389
2009-12-04,Train,0.013748596422374249,0.007706259311402119
2009-12-07,Train,0.015263175591826439,0.02391253110246661
2009-12-08,Train,0.022372182458639145,0.03643446780077286
2009-12-09,Train,0.010923297144472599,0.03357530582482093
2009-12-10,Train,0.010533440858125687,0.03792325810629649
2009-12-11,Train,0.014469586312770844,0.04736007482442495
2009-12-14,Train,0.005923963151872158,0.03322109018141428
2009-12-15,Train,0.012316987849771976,0.04221216623228208
2009-12-16,Train,0.012588362209498882,0.03133452142748783
2009-12-17,Train,0.019538279622793198,0.05933360320009751
2009-12-18,Train,0.012392979115247726,0.04408455071599793
2009-12-21,Train,0.014404384419322014,0.02624555892358327
2009-12-22,Train,0.009831659495830536,0.02078263621982135
2009-12-23,Train,0.005307493731379509,0.02172953981405956
2009-12-24,Train,0.00475485622882843,0.00826448612219255
2009-12-28,Train,-0.0020793965086340904,-0.0095197410165615
2009-12-29,Train,0.002611061092466116,0.006951981388453765
2009-12-30,Train,0.00011145574535476044,0.004765025545335755
2009-12-31,Train,0.0025069613475352526,0.002185758997182319
2010-01-04,Train,-0.010974325239658356,0.003662257439646099
2010-01-05,Train,-0.013139812275767326,-0.01077121972689987
2010-01-06,Train,-0.00894259475171566,-0.01408751018162058
2010-01-07,Train,-0.01147807203233242,-0.04353472820549431
2010-01-08,Train,-0.01622912846505642,-0.04812025564946021
2010-01-11,Train,-0.017482388764619827,-0.04335638718222234
2010-01-12,Train,-0.00878665130585432,-0.0235910451104212
2010-01-13,Train,-0.019241563975811005,-0.06040991001593865
2010-01-14,Train,-0.014559797942638397,-0.07760289979491586
2010-01-15,Train,-0.01366736926138401,-0.05648855482622872
2010-01-19,Train,-0.01733940839767456,-0.06310364063275664
2010-01-20,Train,-0.009423183277249336,-0.04420729225267517
2010-01-21,Train,-0.0028235241770744324,-0.06309084723425229
2010-01-22,Train,0.010449494235217571,-0.02672102149576738
2010-01-25,Train,0.00943339429795742,-0.03701203235200656
2010-01-26,Train,0.006156308576464653,-0.02795936654863895
2010-01-27,Train,0.0005701790214516222,-0.03758389880316648
2010-01-28,Train,0.021350951865315437,0.002755429023811429
2010-01-29,Train,0.02309083193540573,0.02266878675512896
2010-02-01,Train,0.021350951865315437,0.02450303778128871
2010-02-02,Train,0.01635037548840046,0.0210767041646005
2010-02-03,Train,0.014179977588355541,0.0218728434227109
2010-02-04,Train,0.027559394016861916,0.05185365918713303
2010-02-05,Train,0.02745087817311287,0.0409493288733267
2010-02-08,Train,0.026773149147629738,0.03491918777608949
2010-02-09,Train,0.02630019187927246,0.03479471071127338
2010-02-10,Train,0.026353640481829643,0.03672705717213187
2010-02-11,Train,0.0223725363612175,0.02495993126381713
2010-02-12,Train,0.023673390969634056,0.03770570359156022
2010-02-16,Train,0.015253880992531776,0.02775269744372255
2010-02-17,Train,0.019489843398332596,0.02310968782475631
2010-02-18,Train,0.01963072642683983,0.0200669243366467
2010-02-19,Train,0.031170248985290527,0.03591337786961724
2010-02-22,Train,0.031170248985290527,0.04000887424399902
2010-02-23,Train,0.044006139039993286,0.05955618381346883
2010-02-24,Train,0.03895307332277298,0.05738618075696045
2010-02-25,Train,0.0419887900352478,0.06165919493462924
2010-02-26,Train,0.04286790266633034,0.05808763150841201
2010-03-01,Train,0.03716996684670448,0.04029953396176844
2010-03-02,Train,0.040425218641757965,0.0436882922458468
2010-03-03,Train,0.03637758269906044,0.04539473166866403
2010-03-04,Train,0.029281828552484512,0.0454645208973703
2010-03-05,Train,0.015178523026406765,0.02260988550404308
2010-03-08,Train,0.01466515101492405,0.02987318775230463
2010-03-09,Train,0.015228575095534325,0.03120322838010781
2010-03-10,Train,0.01537463441491127,0.01801997714254666
2010-03-11,Train,0.01523259375244379,0.01267164325562309
2010-03-12,Train,0.014554688706994057,0.01351350045186761
2010-03-15,Train,0.014148452319204807,0.02095677029200438
2010-03-16,Train,0.012292471714317799,0.01787964782818241
2010-03-17,Train,0.012596200220286846,0.01027903707338518
2010-03-18,Train,0.012596200220286846,0.006899393763835526
2010-03-19,Train,0.013512104749679565,0.02358388907770048
2010-03-22,Train,0.010618356987833977,0.01732057309619384
2010-03-23,Train,0.007160568609833717,0.007875669805497143
2010-03-24,Train,-2.933103678515181e-05,0.01499377788087286
2010-03-25,Train,0.0003345758013892919,0.02252342021216713
2010-03-26,Train,-0.0018342261901125312,0.02229166030883789
2010-03-29,Train,-0.0004126500280108303,0.0226000448462238
2010-03-30,Train,-0.0004209719772916287,0.03141145850249449
2010-03-31,Train,-7.714400999248028e-05,0.04090534109104627
2010-04-01,Train,0.00012708225403912365,0.02844682176547764
2010-04-05,Train,-0.0008687156951054931,0.01830897713378987
2010-04-06,Train,-0.004494261462241411,0.02051282051282044
2010-04-07,Train,-0.00274885562248528,0.02878876579132061
2010-04-08,Train,-0.002616650192067027,0.03221172837008424
2010-04-09,Train,-0.004375703167170286,0.03038959240390504
2010-04-12,Train,-0.005653265863656998,0.02730793073001037
2010-04-13,Train,-0.006259335670620203,0.0004055242880662835
2010-04-14,Train,-0.006067578215152025,-0.01081949343174249
2010-04-15,Train,-0.011240612715482712,0.001994783003998357
2010-04-16,Train,-0.014413334429264069,-0.005854978961786217
2010-04-19,Train,-0.02041679620742798,0.008686874852035897
2010-04-20,Train,-0.022147299721837044,-0.02653265718239639
2010-04-21,Train,-0.0234712902456522,-0.03697778371497085
2010-04-22,Train,-0.025511199608445168,-0.07433912892819594
2010-04-23,Train,-0.026619067415595055,-0.1011480713390667
2010-04-26,Train,-0.02728250063955784,-0.05237054944732289
2010-04-27,Train,-0.02571137808263302,-0.03283337914217244
2010-04-28,Train,-0.02532573789358139,-0.01519141211720032
2010-04-29,Train,-0.030075065791606903,-0.04738206430031899
2010-04-30,Train,-0.015730442479252815,-0.04691310508832103
2010-05-03,Train,-0.023806927725672722,-0.05707988096738825
2010-05-04,Train,-0.014151176437735558,-0.04129671665077927
2010-05-05,Train,-0.013578003272414207,-0.04400163799204093
2010-05-06,Train,-0.006356328725814819,-0.04767020045632198
2010-05-07,Train,0.0008299863548018038,-0.0125522945769555
2010-05-10,Train,-0.032143089920282364,-0.06510363367279637
2010-05-11,Train,-0.03058168850839138,-0.06328584200566734
2010-05-12,Train,-0.03292025253176689,-0.09090905524571491
2010-05-13,Train,-0.03461594879627228,-0.04137930209772478
2010-05-14,Train,-0.029676301404833794,-0.02834011980409057
2010-05-17,Train,-0.03052520379424095,-0.04035687026302615
2010-05-18,Train,-0.02179693430662155,-0.003876810337985592
2010-05-19,Train,-0.005320735275745392,0.01367775151182005
2010-05-20,Train,0.007705352269113064,0.01668549501526129
2010-05-21,Train,-0.0005162789020687342,-0.01271185755763926
2010-05-24,Train,0.00036733323941007257,-0.01052398616903172
2010-05-25,Train,0.003324642078951001,-0.01968682445403536
2010-05-26,Train,0.015779124572873116,0.01968323341329525
2010-05-27,Train,-0.008839705027639866,-0.008066251155449122
2010-05-28,Train,-0.003905321005731821,-0.002412210511733237
2010-06-01,Train,-0.006670196074992418,0.03386451458526429
2010-06-02,Train,-0.004741169977933168,0.01405408704603039
2010-06-03,Train,-0.008813071995973587,0.007710443798248923
2010-06-04,Train,0.009199338033795357,0.04235972146703326
2010-06-07,Train,0.012443829327821732,0.05263153359531558
2010-06-08,Train,0.024730417877435684,0.04639065660705333
2010-06-09,Train,0.024451805278658867,0.05088999447208398
2010-06-10,Train,0.0018380566034466028,0.006212531200195048
2010-06-11,Train,-0.0023746879305690527,-0.005054934994205063
2010-06-14,Train,-0.004507332108914852,-0.008353507454257003
2010-06-15,Train,-0.027222970500588417,-0.07150503571082656
2010-06-16,Train,-0.03465711325407028,-0.08933906833871319
2010-06-17,Train,-0.03406205400824547,-0.09479275572356616
2010-06-18,Train,-0.03233194723725319,-0.09638295275099729
2010-06-21,Train,-0.0307641439139843,-0.08583691268190419
2010-06-22,Train,-0.013124407269060612,-0.04930801278616515
2010-06-23,Train,-0.011190095916390419,-0.04017369174313112
2010-06-24,Train,0.014660824090242386,-0.01609701360084725
2010-06-25,Train,0.012745697051286697,-0.01148664573681257
2010-06-28,Train,0.011808927170932293,0.004876994407591262
2010-06-29,Train,0.032409608364105225,0.05049579191472398
2010-06-30,Train,0.03274047374725342,0.06766563923198743
2010-07-01,Train,0.03193533420562744,0.04108945747194759
2010-07-02,Train,0.028064005076885223,0.05297857158768293
2010-07-06,Train,0.03344377502799034,0.06244131320868518
2010-07-07,Train,0.014005607925355434,0.01546861508957509
2010-07-08,Train,0.015330590307712555,0.03552035447340129
2010-07-09,Train,0.009375663474202156,0.03227257902010505
2010-07-12,Train,0.018700256943702698,0.03776533244042413
2010-07-13,Train,0.01102542132139206,0.02404580396782352
2010-07-14,Train,0.009583182632923126,0.0107550010755002
2010-07-15,Train,0.008866623975336552,0.002412294167377871
2010-07-16,Train,0.019940214231610298,0.03315293675336917
2010-07-19,Train,0.01445084810256958,0.04360458173108084
2010-07-20,Train,-0.0016701013082638383,0.02673448837920622
2010-07-21,Train,0.01246439479291439,0.05152328110456672
2010-07-22,Train,0.0022887506056576967,0.02315930440658787
2010-07-23,Train,0.005401442758738995,0.01519750167980005
2010-07-26,Train,0.003165533998981118,0.01378129249077142
2010-07-27,Train,-0.0004630796902347356,0.005385609863449936
2010-07-28,Train,0.003718154737725854,-0.01411504282194487
2010-07-29,Train,0.006716388743370771,-0.01465758438776488
2010-07-30,Train,0.0017680613091215491,-0.02379393407360608
2010-08-02,Train,-0.007405145093798637,-0.04006854521646586
2010-08-03,Train,-0.00626761419698596,-0.0236712343430775
2010-08-04,Train,-0.008115969598293304,-0.02961225884777774
2010-08-05,Train,-0.007420361042022705,-0.04206707545752741
2010-08-06,Train,-0.007953827269375324,-0.03934987636089293
2010-08-09,Train,-0.006109897047281265,-0.05522519515076485
2010-08-10,Train,-0.0036905519664287567,-0.06470959420512556
2010-08-11,Train,0.006846928969025612,-0.02929519353202137
2010-08-12,Train,0.016604674980044365,-0.03330372934079762
2010-08-13,Train,0.022294355556368828,-0.01453491744490354
2010-08-16,Train,0.014605878852307796,-0.02656246979853882
2010-08-17,Train,0.006133513990789652,-0.04209830047119123
2010-08-18,Train,0.012839406728744507,-0.01734359887507042
2010-08-19,Train,0.02720179408788681,0.008916578371364059
2010-08-20,Train,0.021848034113645554,0.02426536502713939
2010-08-23,Train,0.03411705419421196,0.02742808528009677
2010-08-24,Train,0.04363149777054787,0.0595646823191891
2010-08-25,Train,0.042834024876356125,0.05355118281584037
2010-08-26,Train,0.05644599720835686,0.07028014456247944
2010-08-27,Train,0.0536339245736599,0.07215793798948567
2010-08-30,Train,0.05753134563565254,0.08805320107416836
2010-08-31,Train,0.061232369393110275,0.09871148195813162
2010-09-01,Train,0.04343324899673462,0.07104558588971033
2010-09-02,Train,0.04202364385128021,0.06031823813910187
2010-09-03,Train,0.03198082745075226,0.06129110220379408
2010-09-07,Train,0.03540836274623871,0.06827131028004141
2010-09-08,Train,0.031540244817733765,0.05275672706397794
2010-09-09,Train,0.02893943339586258,0.04824462306798272
2010-09-10,Train,0.024975856766104698,0.065665267671422
2010-09-13,Train,0.02102772891521454,0.04529099237351186
2010-09-14,Train,0.022024787962436676,0.04046360670335147
2010-09-15,Train,0.02021615020930767,0.03225132807387099
2010-09-16,Train,0.025303415954113007,0.02357115353536265
2010-09-17,Train,0.024527620524168015,0.0212543573117665
2010-09-20,Train,0.020365683361887932,-0.007167771363788211
2010-09-21,Train,0.023891232907772064,0.01720606632197397
2010-09-22,Train,0.020374208688735962,0.01109059212893726
2010-09-23,Train,0.021392814815044403,0.01520447311089002
2010-09-24,Train,0.018709763884544373,0.001812326880073156
2010-09-27,Train,0.019396763294935226,0.007693886876112721
2010-09-28,Train,0.016845598816871643,0.01498889395334535
2010-09-29,Train,0.015118434093892574,0.02495434204483549
2010-09-30,Train,0.02591618523001671,0.0275116870290808
2010-10-01,Train,0.02564958855509758,0.05060198820378181
2010-10-04,Train,0.025105081498622894,0.05816831108604692
2010-10-05,Train,0.02403235249221325,0.02335883711188846
2010-10-06,Train,0.024418573826551437,0.03981310385329362
2010-10-07,Train,0.022299032658338547,0.03804899967458097
2010-10-08,Train,0.021359656006097794,0.03798993748037049
2010-10-11,Train,0.021366950124502182,0.04259591947731356
2010-10-12,Train,0.020756294950842857,0.03831566844061629
2010-10-13,Train,0.021584194153547287,0.03305617881657552
2010-10-14,Train,0.018989454954862595,0.0372868134944353
2010-10-15,Train,0.019815579056739807,0.01340063321453622
2010-10-18,Train,0.01847030781209469,0.01793376213109066
2010-10-19,Train,0.020969772711396217,0.03856747532944738
2010-10-20,Train,0.020179348066449165,0.03574920648854762
2010-10-21,Train,0.020364630967378616,0.04640275318648812
2010-10-22,Train,0.01538759283721447,0.03931058875465054
2010-10-25,Train,0.012079797685146332,0.03565238602002019
2010-10-26,Train,0.009690424427390099,0.02729198571896974
2010-10-27,Train,0.00813357438892126,0.02931601138634909
2010-10-28,Train,0.008052094839513302,0.02065013091413936
2010-10-29,Train,0.008726419880986214,0.006324224117045363
2010-11-01,Train,0.005560046527534723,0.001723480476522932
2010-11-02,Train,0.003744851564988494,-0.02519890199162178
2010-11-03,Train,0.0012589374091476202,-0.0267823834662877
2010-11-04,Train,0.0017899454105645418,-0.02310411600660389
2010-11-05,Train,0.0009953706758096814,-0.02235880359944808
2010-11-08,Train,0.0026286316569894552,-0.01544476749406698
2010-11-09,Train,0.003174046752974391,-0.02581854159807762
2010-11-10,Train,0.0005025726277381182,-0.01116906692450192
2010-11-11,Train,0.00013754365500062704,-0.0114275121421068
2010-11-12,Train,0.007667633704841137,0.004189701537524293
2010-11-15,Train,0.006274699699133635,-0.004205720033023219
2010-11-16,Train,0.01125919446349144,0.0338191999604962
2010-11-17,Train,0.008942456915974617,0.04127909168802568
2010-11-18,Train,0.012861771509051323,0.02746516533143772
2010-11-19,Train,0.013586480170488358,0.02630069032423554
2010-11-22,Train,0.012373404577374458,0.01833304145720138
2010-11-23,Train,0.01591341756284237,0.03860192333418166
2010-11-24,Train,0.01807103306055069,0.01901359481436704
2010-11-26,Train,0.019191615283489227,0.03259429990113016
2010-11-29,Train,0.01813267171382904,0.02977431648878848
2010-11-30,Train,0.016639064997434616,0.04434634990447872
2010-12-01,Train,0.01608055830001831,0.01823653404300041
2010-12-02,Train,0.013633685186505318,0.01581988267374146
2010-12-03,Train,0.012016038410365582,0.01206611358394105
2010-12-06,Train,0.015544649213552475,0.01318482672773214
2010-12-07,Train,0.015988120809197426,0.01874532853583943
2010-12-08,Train,0.00945074763149023,0.01479288479981444
2010-12-09,Train,0.0051709432154893875,0.01126917787391069
2010-12-10,Train,0.001601984491571784,0.005138534972876085
2010-12-13,Train,0.004414724186062813,0.006813976741867789
2010-12-14,Train,0.006435958668589592,0.00716910622627287
2010-12-15,Train,0.009991123341023922,0.009231905491297487
2010-12-16,Train,0.006967131979763508,-0.002198657796925074
2010-12-17,Train,0.00901432428508997,0.01449011204868489
2010-12-20,Train,0.008656052872538567,0.01301317937319957
2010-12-21,Train,0.007640311494469643,0.0154855583579887
2010-12-22,Train,0.008848818950355053,0.01895038412151751
2010-12-23,Train,0.010300141759216785,0.0206429890166131
2010-12-27,Train,0.010362319648265839,0.02391822826989443
2010-12-28,Train,0.0099874846637249,0.02725446731975878
2010-12-29,Train,0.009320235811173916,0.03230517299119184
2010-12-30,Train,0.010331778787076473,0.0351262712953242
2010-12-31,Train,0.010064708068966866,0.04663975318081737
2011-01-03,Train,0.0057083116844296455,0.03344781103213723
2011-01-04,Train,0.0071754902601242065,0.02243527869548534
2011-01-05,Train,0.0060893464833498,0.006637942603932467
2011-01-06,Train,0.006156713701784611,-0.004291807432547645
2011-01-07,Train,0.004844896961003542,0.01038127514127596
2011-01-10,Train,0.002682179445400834,0.008024196389968763
2011-01-11,Train,0.0033005813602358103,0.011930234783885
2011-01-12,Train,0.0030184201896190643,0.01096179131596609
2011-01-13,Train,0.0026154990773648024,-0.01502301628332259
2011-01-14,Train,0.0026210162322968245,-0.01754385964912286
2011-01-18,Train,0.002289551543071866,-0.001924433356284228
2011-01-19,Train,0.0030854600481688976,0.007963206092822972
2011-01-20,Train,0.0025682770647108555,0.01693104175023286
2011-01-21,Train,0.003992184065282345,0.03053162273027921
2011-01-24,Train,0.003021862590685487,0.02125776344944308
2011-01-25,Train,0.002463878598064184,0.02653458398002573
2011-01-26,Train,0.005600927863270044,0.01935594648388705
2011-01-27,Train,0.005107256583869457,0.01469045379686462
2011-01-28,Train,0.0014089125907048583,0.04862729421734202
2011-01-31,Train,0.00040887758950702846,0.04607146126883377
2011-02-01,Train,-0.0015636167954653502,0.02541631520298981
2011-02-02,Train,0.0011605756590142846,0.03370790053551764
2011-02-03,Train,0.0010823332704603672,0.03154572719486648
2011-02-04,Train,-0.0027655845042318106,0.02352733441950483
2011-02-07,Train,-0.0068124886602163315,-0.01075460069682244
2011-02-08,Train,-0.00943757314234972,-0.02533168080179771
2011-02-09,Train,-0.008552111685276031,-0.01847056256149582
2011-02-10,Train,-0.011967017315328121,-0.006377092881171387
2011-02-11,Train,-0.01095994096249342,-0.01146471910831126
2011-02-14,Train,-0.008790257386863232,-0.02970299802115028
2011-02-15,Train,-0.008665615692734718,-0.02324787368122327
2011-02-16,Train,-0.012064720503985882,-0.01036006452591409
2011-02-17,Train,-0.01019397471100092,-0.01512061468602699
2011-02-18,Train,-0.01018046960234642,-0.02622170828419357
2011-02-22,Train,-0.008777482435107231,0.006838495493533436
2011-02-23,Train,-0.0015548761002719402,0.008309713482924419
2011-02-24,Train,-0.003231682116165757,-0.01266270159997229
2011-02-25,Train,-0.007887555286288261,-0.02012141919703836
2011-02-28,Train,-0.008703974075615406,-0.02561882517758285
2011-03-01,Train,-0.003976154141128063,-0.02375085275328992
2011-03-02,Train,-0.005650737322866917,-0.05232757955386336
2011-03-03,Train,-0.011816807091236115,-0.06212457359612822
2011-03-04,Train,-0.010693716816604137,-0.06072106923652365
2011-03-07,Train,-0.008161559700965881,-0.02955059743470112
2011-03-08,Train,-0.010757237672805786,-0.0351793226659991
2011-03-09,Train,-0.007779160980135202,-0.02314570792702542
2011-03-10,Train,0.003373913001269102,0.009975086914487452
2011-03-11,Train,0.0028006595093756914,0.006195759669352485
2011-03-14,Train,0.0005366221885196865,0.004263596728834473
2011-03-15,Train,0.005983478855341673,0.02865381338067063
2011-03-16,Train,0.027704810723662376,0.05909504816380973
2011-03-17,Train,0.027704810723662376,0.05086914367203521
2011-03-18,Train,0.025580378249287605,0.05528004186148539
2011-03-21,Train,0.02032814361155033,0.03189190013988608
2011-03-22,Train,0.020468102768063545,0.03104688372982078
2011-03-23,Train,0.020157480612397194,0.02782263978698496
2011-03-24,Train,0.008374393917620182,0.009171083787772316
2011-03-25,Train,0.009112903848290443,0.001935267594234125
2011-03-28,Train,0.012813176959753036,0.004068628112558148
2011-03-29,Train,0.007136593107134104,-0.01243873294313103
2011-03-30,Train,0.005728740710765123,-0.008718396047135424
2011-03-31,Train,0.004808500409126282,-0.01184050673101766
2011-04-01,Train,0.004265999887138605,-0.01409672070135193
2011-04-04,Train,0.0013198001543059945,-0.01781037977319233
2011-04-05,Train,0.0013118577189743519,-0.009103649640886169
2011-04-06,Train,-0.0013147895224392414,0.01082785128809327
2011-04-07,Train,-0.002119851065799594,0.01957355658845272
2011-04-08,Train,0.008663717657327652,0.027041279980623
2011-04-11,Train,0.0050173294730484486,0.03629318946807492
2011-04-12,Train,0.004570054821670055,0.05055884943801736
2011-04-13,Train,0.0015306093264371157,0.04010558760229399
2011-04-14,Train,0.009508827701210976,0.04105730098774774
2011-04-15,Train,0.015834035351872444,0.04095321504562355
2011-04-18,Train,0.00892714038491249,0.04337775336371519
2011-04-19,Train,0.0044838436879217625,0.03533568999855086
2011-04-20,Train,-0.0031465354841202497,0.006910810362821262
2011-04-21,Train,-0.005740418564528227,0.002228335066424725
2011-04-25,Train,-0.009410247206687927,0.003419335655717948
2011-04-26,Train,-0.006585827562958002,0.006290359296233117
2011-04-27,Train,-0.008610275574028492,-0.007767694861328445
2011-04-28,Train,-0.00984118226915598,-0.0003382455166985876
2011-04-29,Train,-0.009296292439103127,-0.01134058840347563
2011-05-02,Train,-0.010797828435897827,-0.02662370124342184
2011-05-03,Train,-0.010384509339928627,-0.01925365956481251
2011-05-04,Train,-0.010928597301244736,-0.009556272579786085
2011-05-05,Train,-0.012163468636572361,-0.001201092935662285
2011-05-06,Train,-0.0109064606949687,-0.01197196422653046
2011-05-09,Train,-0.010163377970457077,-0.03015846820889467
2011-05-10,Train,-0.012189079076051712,-0.04426421680473758
2011-05-11,Train,-0.014561556279659271,-0.03352616511705941
2011-05-12,Train,-0.013102266006171703,-0.03332771443683813
2011-05-13,Train,-0.012324324809014797,-0.01677794118809173
2011-05-16,Train,-0.001098049571737647,0.01672472228140687
2011-05-17,Train,-0.008906845934689045,-0.008165413646449515
2011-05-18,Train,-0.011759018525481224,-0.01430051374848684
2011-05-19,Train,-0.012732847593724728,-0.03195328362146821
2011-05-20,Train,-0.01312883011996746,-0.03254286053692734
2011-05-23,Train,-0.007318306248635054,-0.01985237684063168
2011-05-24,Train,-0.006318182684481144,-0.02085911811103902
2011-05-25,Train,-0.010108009912073612,-0.02289134030820394
2011-05-26,Train,-0.00874467846006155,-0.04375218807672765
2011-05-27,Train,-0.008557037450373173,-0.04858089675607924
2011-05-31,Train,-0.00895005464553833,-0.05174777974947453
2011-06-01,Train,-0.010141903534531593,-0.04904535346955363
2011-06-02,Train,-0.009491560980677605,-0.05471066777673628
2011-06-03,Train,-0.004190240055322647,-0.04543030395589875
2011-06-06,Train,0.00422310596331954,-0.03256395982643912
2011-06-07,Train,0.006620598025619984,-0.01003766560496966
2011-06-08,Train,0.007623125333338976,-0.0101100842167261
2011-06-09,Train,0.011465106159448624,-0.002703217180422546
2011-06-10,Train,0.012517492286860943,-0.004758388075356779
2011-06-13,Train,0.01950237527489662,0.01116399372557697
2011-06-14,Train,0.013903239741921425,0.0131911734771144
2011-06-15,Train,0.025500258430838585,0.03702336134900164
2011-06-16,Train,0.026417439803481102,0.05491858922793869
2011-06-17,Train,0.037923697382211685,0.07659414132293607
2011-06-20,Train,0.034711308777332306,0.076382487357598
2011-06-21,Train,0.028466233983635902,0.05721527926132874
2011-06-22,Train,0.03275277465581894,0.07951845066663621
2011-06-23,Train,0.028584644198417664,0.06667868840864877
2011-06-24,Train,0.03650449216365814,0.06583298907760571
2011-06-27,Train,0.030201751738786697,0.04108598113599404
2011-06-28,Train,0.02229902148246765,0.03014087098104601
2011-06-29,Train,0.01608406938612461,0.0140319880325559
2011-06-30,Train,0.0055951871909201145,0.01402277384327921
2011-07-01,Train,0.00042455820948816836,-0.006389206231388056
2011-07-05,Train,-0.00031918613240122795,0.0111683454065441
2011-07-06,Train,0.002131720306351781,0.003596490609141689
2011-07-07,Train,-0.004206277895718813,-0.003378897666538205
2011-07-08,Train,-0.0016159063670784235,0.00965610209404466
2011-07-11,Train,0.003308195387944579,0.02622499105889187
2011-07-12,Train,0.006495028734207153,0.03668290322599899
2011-07-13,Train,0.006861097179353237,0.005713328266002682
2011-07-14,Train,0.007329154293984175,0.01926779595692873
2011-07-15,Train,-0.004460246302187443,0.002592939150136919
2011-07-18,Train,-0.0014743125066161156,0.003302026828048144
2011-07-19,Train,-0.03073418326675892,-0.04384023930760095
2011-07-20,Train,-0.028358198702335358,-0.03054602640681936
2011-07-21,Train,-0.0346013568341732,-0.08170882136592539
2011-07-22,Train,-0.03968771919608116,-0.09681202669110467
2011-07-25,Train,-0.03919653594493866,-0.1494619949237846
2011-07-26,Train,-0.04054059088230133,-0.110682578745541
2011-07-27,Train,-0.03698326647281647,-0.1244620334523141
2011-07-28,Train,-0.03905443474650383,-0.08747207892614728
2011-07-29,Train,-0.03710602968931198,-0.07637931560647904
2011-08-01,Train,-0.02523230016231537,-0.05837517683365323
2011-08-02,Train,-0.01795148104429245,-0.04211833859258074
2011-08-03,Train,-0.02761962078511715,-0.05685617785876163
2011-08-04,Train,-0.0010538477217778563,-0.05944244996950776
2011-08-05,Train,0.002794540487229824,-0.07059266064459946
2011-08-08,Train,0.029181484133005142,-0.007511386973099166
2011-08-09,Train,0.017276916652917862,-0.0141429382852033
2011-08-10,Train,0.03134875372052193,0.03598108522210608
2011-08-11,Train,-0.006544364616274834,-0.02391707494465101
2011-08-12,Train,-0.004412922076880932,-0.008213526772737567
2011-08-15,Train,0.00032255396945402026,0.004598969779120887
2011-08-16,Train,0.0031606415286660194,0.01985157077055888
2011-08-17,Train,-0.0023923609405755997,0.02762223761960625
2011-08-18,Train,0.04181164130568504,0.07085378913237306
2011-08-19,Train,0.04662519693374634,0.06496102497098
2011-08-22,Train,0.050673093646764755,0.06134239966571076
2011-08-23,Train,0.03090215101838112,0.04514155825279276
2011-08-24,Train,0.02570243738591671,0.03226420207340275
2011-08-25,Train,0.03274843096733093,0.02604666074528716
2011-08-26,Train,0.021759551018476486,0.01373987441295998
2011-08-29,Train,-0.007063971366733313,-0.0005493275766634831
2011-08-30,Train,-0.004219307564198971,0.007094767709438399
2011-08-31,Train,-0.004821761045604944,0.02034142578914033
2011-09-01,Train,0.002518144901841879,0.03720672155794014
2011-09-02,Train,0.03463589772582054,0.06250003579858632
2011-09-06,Train,0.02639535441994667,0.05760930084596216
2011-09-07,Train,0.001308521837927401,0.01354322267080743
2011-09-08,Train,0.002291233977302909,-0.01489239874394832
2011-09-09,Train,0.028465628623962402,0.01823996267650863
2011-09-12,Train,0.010347110219299793,0.01708128775565765
2011-09-13,Train,0.0037890539970248938,0.01410766979176414
2011-09-14,Train,-0.011638232506811619,-0.01499280747658605
2011-09-15,Train,-0.017346413806080818,-0.04093982243799754
2011-09-16,Train,-0.024914350360631943,-0.07245093590856966
2011-09-19,Train,-0.026343829929828644,-0.09662605832409932
2011-09-20,Train,-0.025207651779055595,-0.07398867882334048
2011-09-21,Train,-0.01865236647427082,-0.03340560225961231
2011-09-22,Train,0.014548344537615776,0.01586409938546218
2011-09-23,Train,0.016469569876790047,-0.001477411427522335
2011-09-26,Train,0.006948973052203655,0.02117560922346184
2011-09-27,Train,0.00524328975006938,0.01752486445246504
2011-09-28,Train,0.026868769899010658,0.03796075080071559
2011-09-29,Train,0.03337613120675087,0.06013358944951608
2011-09-30,Train,0.06070001423358917,0.1084015706755677
2011-10-03,Train,0.06946127861738205,0.1200625628261403
2011-10-04,Train,0.05710065737366676,0.1111324622413303
2011-10-05,Train,0.03304141387343407,0.06239492301052807
2011-10-06,Train,0.02642313577234745,0.0396839947694565
2011-10-07,Train,0.029589766636490822,0.05973736934467766
2011-10-10,Train,0.00981721468269825,0.04558461055342766
2011-10-11,Train,0.015314983204007149,0.01811080368058682
2011-10-12,Train,0.009072440676391125,0.01183749119620425
2011-10-13,Train,0.001085389289073646,0.03028710739822205
2011-10-14,Train,-0.014307752251625061,0.01306287929781247
2011-10-17,Train,-0.00614295294508338,0.01169696225420913
2011-10-18,Train,-0.01597920060157776,-0.02672879818752216
2011-10-19,Train,0.0009823240106925368,0.0008791847722808832
2011-10-20,Train,0.008368873037397861,0.02668312983675003
2011-10-21,Train,-0.005897007882595062,0.008726003606586596
2011-10-24,Train,-0.012807250954210758,-0.004787187313369912
2011-10-25,Train,0.01094572339206934,0.02685735806468847
2011-10-26,Train,0.013566562905907631,-0.008032112463695618
2011-10-27,Train,-0.02077633887529373,-0.03517416734912049
2011-10-28,Train,-0.00869842991232872,-0.01849338612121976
2011-10-31,Train,-0.007642251905053854,-0.00793786157750731
2011-11-01,Train,0.0029246117919683456,0.02994334660749787
2011-11-02,Train,-0.01112888753414154,0.004392129445576654
2011-11-03,Train,-0.02982265315949917,-0.03907051123379135
2011-11-04,Train,-0.025203727185726166,-0.04152245229862905
2011-11-07,Train,-0.023143669590353966,-0.06648340478873282
2011-11-08,Train,-0.02088761329650879,-0.07404892206621572
2011-11-09,Train,-0.028909100219607353,-0.06196092893281613
2011-11-10,Train,-0.03243965655565262,-0.06868611826394855
2011-11-11,Train,-0.029852310195565224,-0.05410539906614098
2011-11-14,Train,-0.022277509793639183,-0.05409637362241426
2011-11-15,Train,-0.023551037535071373,-0.02993293732143421
2011-11-16,Train,-0.015956157818436623,-0.006821749206566974
2011-11-17,Train,0.0014269688399508595,0.01415004612073378
2011-11-18,Train,0.0005540431011468172,0.03321299822940205
2011-11-21,Train,0.015662793070077896,0.05042329169622395
2011-11-22,Train,0.01999247446656227,0.04695527057587312
2011-11-23,Train,0.04542811959981918,0.05310561020337379
2011-11-25,Train,0.05657533183693886,0.07829045586280658
2011-11-28,Train,0.03191358968615532,0.03033625384467387
2011-11-29,Train,0.029551539570093155,0.02537692582406192
2011-11-30,Train,-0.004289278760552406,-0.02660046136257554
2011-12-01,Train,-0.010026208125054836,-0.0359280934252838
2011-12-02,Train,-0.012832537293434143,-0.03108439340753999
2011-12-05,Train,-0.011650851927697659,-0.05101331058732406
2011-12-06,Train,-0.008731864392757416,-0.02014718796405579
2011-12-07,Train,-0.0062835561111569405,-0.03416259110697062
2011-12-08,Train,0.0017353432485833764,-0.009265867207068568
2011-12-09,Train,-0.0009096600697375834,-0.01648541948724236
2011-12-12,Train,0.008941163308918476,-0.002483139180492366
2011-12-13,Train,0.010708888992667198,-0.003048747741437152
2011-12-14,Train,0.024305878207087517,0.02004012208143346
2011-12-15,Train,0.028278889134526253,0.01991231492812817
2011-12-16,Train,0.035195011645555496,0.03718557952663271
2011-12-19,Train,0.03665018826723099,0.05191457493864671
2011-12-20,Train,0.02901635132730007,0.03003755222615845
2011-12-21,Train,0.0459100678563118,0.04861237535374863
2011-12-22,Train,0.04163627326488495,0.03633094448201968
2011-12-23,Train,0.036440517753362656,0.03495005386014971
2011-12-27,Train,0.04120511934161186,0.03413936898370395
2011-12-28,Train,0.04255969822406769,0.05036875749909853
2011-12-29,Train,0.04402774199843407,0.03911410182277653
2011-12-30,Train,0.04493068903684616,0.05158511837655011
2012-01-03,Train,0.031189920380711555,0.04551845488808848
2012-01-04,Train,0.03114321269094944,0.04760240199085275
2012-01-05,Train,0.034787505865097046,0.03749348766755589
2012-01-06,Train,0.027642136439681053,0.03425012100330305
2012-01-09,Train,0.026899496093392372,0.03575149967854463
2012-01-10,Train,0.033196937292814255,0.04117848642226751
2012-01-11,Train,0.037793636322021484,0.03541955602984204
2012-01-12,Train,0.030822785571217537,0.03442373963420198
2012-01-13,Train,0.031200509518384933,0.03901685193978466
2012-01-17,Train,0.03154883161187172,0.03099982495665832
2012-01-18,Train,0.030717840418219566,0.02571858692434148
2012-01-19,Train,0.02809472382068634,0.02255259706575474
2012-01-20,Train,0.030469771474599838,0.03814620648878919
2012-01-23,Train,0.029319534078240395,0.03696268691473992
2012-01-24,Train,0.026118550449609756,0.04105229139429101
2012-01-25,Train,0.025423036888241768,0.03359256609374883
2012-01-26,Train,0.025710001587867737,0.04466952129161017
2012-01-27,Train,0.02511848509311676,0.03427151726043109
2012-01-30,Train,0.024280186742544174,0.04301072690333352
2012-01-31,Train,0.02375982701778412,0.04427557176975228
2012-02-01,Train,0.02001032792031765,0.02867912138432871
2012-02-02,Train,0.019727982580661774,0.03953605652407965
2012-02-03,Train,0.017807530239224434,0.02224014641552174
2012-02-06,Train,0.01905015856027603,0.02596775177986399
2012-02-07,Train,0.01594768837094307,0.01915336562451286
2012-02-08,Train,0.016225652769207954,0.02049315742485081
2012-02-09,Train,0.016902105882763863,0.01669049816574963
2012-02-10,Train,0.016057780012488365,0.02529216904402842
2012-02-13,Train,0.01631045714020729,0.02616967059710573
2012-02-14,Train,0.016637464985251427,0.01898441061568534
2012-02-15,Train,0.01558440551161766,0.03425199451174632
2012-02-16,Train,0.014358504675328732,0.01948768910343701
2012-02-17,Train,0.015559476800262928,0.0121393132486487
2012-02-21,Train,0.015429315157234669,-0.0006288463314498838
2012-02-22,Train,0.014418287202715874,0.01168663719734697
2012-02-23,Train,0.01318265963345766,0.01584559609251479
2012-02-24,Train,0.007354184985160828,0.01657282010266758
2012-02-27,Train,0.008642729371786118,0.01561280175415325
2012-02-28,Train,0.008134919218719006,0.02411136416646564
2012-02-29,Train,0.007140689063817263,0.03229303032758191
2012-03-01,Train,0.010113567113876343,0.02711032325740836
2012-03-02,Train,0.010053157806396484,0.02543539119198379
2012-03-05,Train,0.016981353983283043,0.04345796025156567
2012-03-06,Train,0.022228658199310303,0.05568665931290795
2012-03-07,Train,0.021014954894781113,0.04776780057147811
2012-03-08,Train,0.019668856635689735,0.03444020628468869
2012-03-09,Train,0.013861141167581081,0.02952946627911879
2012-03-12,Train,0.018344735726714134,0.04704069815583289
2012-03-13,Train,0.015195739455521107,0.02942947306631538
2012-03-14,Train,0.008474024012684822,0.02180786019286107
2012-03-15,Train,0.007502255029976368,0.01499700053124298
2012-03-16,Train,0.009546544402837753,0.01548416206660708
2012-03-19,Train,0.0100625641644001,0.01880880991805367
2012-03-20,Train,0.004034029319882393,0.01668905880488514
2012-03-21,Train,0.004034029319882393,0.002681768441747279
2012-03-22,Train,0.0060515389777719975,0.01104804160468786
2012-03-23,Train,-0.0011271825060248375,0.004033412507009393
2012-03-26,Train,-0.009247037582099438,-0.02907067008060882
2012-03-27,Train,-0.01241082139313221,-0.02580269989522865
2012-03-28,Train,-0.017098963260650635,-0.01074482382545061
2012-03-29,Train,-0.013941877521574497,-0.02201533476730178
2012-03-30,Train,-0.013893090188503265,-0.03108817185258406
2012-04-02,Train,-0.016336819157004356,-0.0215384794242216
2012-04-03,Train,-0.01543688029050827,-0.02374326054341902
2012-04-04,Train,-0.011077719740569592,-0.02139676636119614
2012-04-05,Train,-0.01113191805779934,-0.03012405314168365
2012-04-09,Train,-0.010246451944112778,-0.03169167210880164
2012-04-10,Train,-0.004588073585182428,-0.02117033047981887
2012-04-11,Train,-0.006977245677262545,0.0
2012-04-12,Train,-0.011187895201146603,-0.005505174105373767
2012-04-13,Train,-0.004720243159681559,0.01586335373371184
2012-04-16,Train,-0.0026264190673828125,0.02001535903850749
2012-04-17,Train,-0.006657522637397051,0.001347768327798482
2012-04-18,Train,-0.007577307056635618,0.006755696503810693
2012-04-19,Train,-0.010849271900951862,0.007439991789075728
2012-04-20,Train,-0.00804066937416792,-0.01492087929933161
2012-04-23,Train,0.002532322658225894,-0.004917020372170899
2012-04-24,Train,0.004317853134125471,-0.003244348879594017
2012-04-25,Train,-0.020504336804151535,-0.03205413621127806
2012-04-26,Train,-0.017189688980579376,-0.03964682887006876
2012-04-27,Train,-0.02029913291335106,-0.0455085909549463
2012-04-30,Train,-0.02060486003756523,-0.04763331640832891
2012-05-01,Train,-0.022067807614803314,-0.05234041679288193
2012-05-02,Train,-0.02441996894776821,-0.06143750494898115
2012-05-03,Train,-0.024024896323680878,-0.07143930629656758
2012-05-04,Train,-0.007699888665229082,-0.06012358204689006
2012-05-07,Train,-0.009100166149437428,-0.03474372669049808
2012-05-08,Train,-0.007455117534846067,-0.03223803664876579
2012-05-09,Train,-0.004467920865863562,-0.02736315811386469
2012-05-10,Train,-0.0029277021531015635,-0.03178066424579895
2012-05-11,Train,-1.9812025129795074e-05,-0.03287629480084941
2012-05-14,Train,-0.001879208255559206,-0.01132433469593663
2012-05-15,Train,0.002234072657302022,-0.01641150573393491
2012-05-16,Train,0.002234072657302022,-0.01398152641593065
2012-05-17,Train,0.010536759160459042,-0.0194773697622368
2012-05-18,Train,0.01838456466794014,0.0009866396520112897
2012-05-21,Train,0.007971812039613724,-0.02223643300226452
2012-05-22,Train,0.0016182526014745235,0.001281259333988372
2012-05-23,Train,0.0014310567639768124,-0.004635564404753323
2012-05-24,Train,0.00444283289834857,0.01158483327962689
2012-05-25,Train,0.006642463617026806,-0.004188792054317991
2012-05-29,Train,0.004626126494258642,-0.004772498156978111
2012-05-30,Train,0.006744726095348597,-0.003208739885513845
2012-05-31,Train,0.009197330102324486,0.004834019181792382
2012-06-01,Train,0.0206876490265131,0.04270819131884518
2012-06-04,Train,0.020833322778344154,0.04452115897361009
2012-06-05,Train,0.016513420268893242,0.05104710383522515
2012-06-06,Train,0.015583736822009087,0.02831094761362674
2012-06-07,Train,0.015194378793239594,0.006744791486394508
2012-06-08,Train,0.016233788803219795,0.007634794820918778
2012-06-11,Train,0.020020741969347,0.005177150747686099
2012-06-12,Train,0.018489301204681396,-0.0006394008096108905
2012-06-13,Train,0.01985374093055725,0.01239337589773237
2012-06-14,Train,0.017914442345499992,-0.002565744801893866
2012-06-15,Train,0.016230279579758644,0.01857440788166453
2012-06-18,Train,0.010570742189884186,0.01211067349624262
2012-06-19,Train,0.007451340556144714,0.01011833044044197
2012-06-20,Train,0.007351601496338844,0.0099548822606077
2012-06-21,Train,0.01591031439602375,0.02281072182483346
2012-06-22,Train,0.009051027707755566,0.0102604821078951
2012-06-25,Train,0.015046685002744198,0.01995811753503873
2012-06-26,Train,0.009458235464990139,0.00799744076038178
2012-06-27,Train,0.006680089980363846,-0.00747219728619164
2012-06-28,Train,0.016584860160946846,0.01897106576691332
2012-06-29,Train,0.012205783277750015,-0.01496263784873919
2012-07-02,Train,0.00945504754781723,-0.01274280830253616
2012-07-03,Train,0.008215399459004402,-0.007705347583648825
2012-07-05,Train,0.008459246717393398,0.002618176007181727
2012-07-06,Train,0.01055022794753313,0.001871414723136455
2012-07-09,Train,0.0101632010191679,-0.008437514305114746
2012-07-10,Train,0.011587653309106827,-0.006469936157846745
2012-07-11,Train,0.018024837598204613,-0.007616622322274114
2012-07-12,Train,0.022842371836304665,0.0150568416164345
2012-07-13,Train,0.016542131081223488,0.02350901945971051
2012-07-16,Train,0.01840481348335743,0.02563289418241177
2012-07-17,Train,0.018590396270155907,0.01999062327819234
2012-07-18,Train,0.014616171829402447,0.00341669859898297
2012-07-19,Train,0.011208522133529186,-0.01105992684453505
2012-07-20,Train,0.015245026908814907,0.02117062041682582
2012-07-23,Train,0.02030288614332676,0.04160099949157403
2012-07-24,Train,0.02080250158905983,0.05860868003596087
2012-07-25,Train,0.0231038685888052,0.06523827584469566
2012-07-26,Train,0.017230065539479256,0.05444217801940932
2012-07-27,Train,0.00971994735300541,0.03067670386177657
2012-07-30,Train,0.008414032869040966,0.03394009501079731
2012-07-31,Train,0.006877322681248188,0.03472222058697838
2012-08-01,Train,0.008376079611480236,0.0403962325599081
2012-08-02,Train,0.007604812737554312,0.05653929085023668
2012-08-03,Train,0.005924566183239222,0.04146343420687959
2012-08-06,Train,0.00599307706579566,0.0350983320481093
2012-08-07,Train,0.006713943090289831,0.02250562589135985
2012-08-08,Train,0.006249309051781893,0.02716898054596095
2012-08-09,Train,0.0074050272814929485,0.01571390386940008
2012-08-10,Train,0.006765113677829504,0.02138797924202196
2012-08-13,Train,0.0034133244771510363,0.02059094228491376
2012-08-14,Train,0.004762693773955107,0.02013420451418901
2012-08-15,Train,0.0027206663507968187,0.01755430353685195
2012-08-16,Train,0.003697881707921624,-0.004557447425651229
2012-08-17,Train,0.0021921133156865835,-0.00234186231600586
2012-08-20,Train,0.004175844602286816,-0.004823178016459928
2012-08-21,Train,0.0027163114864379168,-0.001907628465175226
2012-08-22,Train,0.0019375575939193368,0.0160747986148686
2012-08-23,Train,0.003863739548251033,0.0229850817071362
2012-08-24,Train,-0.004300705622881651,0.003660858056060645
2012-08-27,Train,-0.0021090537775307894,0.0004385786349072607
2012-08-28,Train,-0.0009707195567898452,0.003362510561524479
2012-08-30,Train,-0.0011001337552443147,0.03647912057452007
2012-08-31,Train,-0.00099945196416229,0.03007622230370988
2012-09-04,Train,-0.0012394655495882034,0.03201645502164108
2012-09-05,Train,-0.004227067343890667,0.03498978242091844
2012-09-06,Train,-0.003771610325202346,0.01150586891705818
2012-09-07,Train,-0.00300421635620296,0.01037017452885491
2012-09-10,Train,-0.0025689175818115473,0.01750797975216156
2012-09-11,Train,-0.0018448244081810117,0.004822473032047192
2012-09-12,Train,-0.002407405059784651,-0.006265486265255027
2012-09-13,Train,-0.002687718253582716,-0.006037926734996368
2012-09-14,Train,-0.0024045701138675213,-0.02294101743161181
2012-09-17,Train,-0.006495376583188772,-0.0247827643705858
2012-09-18,Train,-0.007224539760500193,-0.02276929771675129
2012-09-19,Train,-0.00814529974013567,-0.01832387624385412
2012-09-20,Train,-0.009312357753515244,-0.01393435705131552
2012-09-21,Train,-0.01004539430141449,-0.01667851950813848
2012-09-24,Train,-0.010004916228353977,-0.01993116478672208
2012-09-25,Train,-0.011174971237778664,-0.02181500804825642
2012-09-26,Train,-0.010789654217660427,-0.0187683113867041
2012-09-27,Train,-0.010413938201963902,-0.03514608514068918
2012-09-28,Train,-0.010099212639033794,-0.02756306545223886
2012-10-01,Train,-0.009988371282815933,-0.01898646164131701
2012-10-02,Train,-0.01014967355877161,-0.008009253488112211
2012-10-03,Train,-0.01342300046235323,-0.01490375879323314
2012-10-04,Train,-0.014189016073942184,-0.02970436343069949
2012-10-05,Train,-0.011219676584005356,-0.04783999552279106
2012-10-08,Train,-0.01140632014721632,-0.03408927407565165
2012-10-09,Train,-0.009030438028275967,-0.02780259719282296
2012-10-10,Train,-0.00885048694908619,-0.0262999784069432
2012-10-11,Train,-0.009208071045577526,-0.02323482901567087
2012-10-12,Train,-0.008921246975660324,-0.01994603816688123
2012-10-15,Train,-0.0060732546262443066,-0.03305048803365163
2012-10-16,Train,-0.006916197948157787,-0.03302994582032504
2012-10-17,Train,-0.006587321404367685,-0.04274388342895108
2012-10-18,Train,-0.004476404748857021,-0.02511520907137155
2012-10-19,Train,0.0026778620667755604,0.0006090273346754937
2012-10-22,Train,0.002061886712908745,-0.02802178988470738
2012-10-23,Train,0.000387487089028582,-0.03410306718230904
2012-10-24,Train,0.0039330730214715,-0.02655008071983267
2012-10-25,Train,-0.007045542821288109,-0.02670358188110233
2012-10-26,Train,-0.006263074465095997,-0.03626624310975768
2012-10-31,Train,-0.005139238201081753,-0.041724332518983
2012-11-01,Train,-0.010107827372848988,-0.05829670270485021
2012-11-02,Train,-0.005216317251324654,-0.04403865294647769
2012-11-05,Train,-0.0078901257365942,-0.02774389843228731
2012-11-06,Train,-0.007744245231151581,-0.0292148805231266
2012-11-07,Train,0.007674462627619505,-0.00374003226769104
2012-11-08,Train,0.02393859624862671,0.02754910833867097
2012-11-09,Train,0.01796405203640461,0.02758946857292077
2012-11-12,Train,0.020821640267968178,0.02428257584342597
2012-11-13,Train,0.02057933807373047,0.04033021783569057
2012-11-14,Train,0.023768996819853783,0.05896532591052761
2012-11-15,Train,0.027899691835045815,0.06077711343949299
2012-11-16,Train,0.02444520592689514,0.05409308143105163
2012-11-19,Train,0.0174888726323843,0.02900593461161383
2012-11-20,Train,0.015308818779885769,0.01724141539141866
2012-11-21,Train,0.010062400251626968,0.02174252124218912
2012-11-23,Train,0.008420991711318493,0.0004622307949393445
2012-11-26,Train,0.006303934846073389,-0.0009204903085737737
2012-11-27,Train,0.009045319631695747,0.01554806266110131
2012-11-28,Train,0.007691845763474703,0.004731459155547624
2012-11-29,Train,0.002778752474114299,-0.009103414810771149
2012-11-30,Train,0.005904281511902809,-0.01686930940532694
2012-12-03,Train,0.0073087941855192184,-0.001827244107404979
2012-12-04,Train,0.007852796465158463,0.01401806851808041
2012-12-05,Train,0.009443867020308971,0.02095532478237705
2012-12-06,Train,0.008214023895561695,0.01439072942127906
2012-12-07,Train,0.01012114156037569,0.004158272628945081
2012-12-10,Train,0.011859280988574028,-0.000767860099029849
2012-12-11,Train,0.007204447407275438,-0.02228287393515771
2012-12-12,Train,0.006040880456566811,-0.02172262289838178
2012-12-13,Train,0.00809208583086729,-0.02342671622249282
2012-12-14,Train,0.010324505157768726,0.006801589046317558
2012-12-17,Train,0.009737744927406311,0.02517153042970199
2012-12-18,Train,0.007200900930911303,0.004507819813771796
2012-12-19,Train,0.0076369354501366615,0.005583988911240789
2012-12-20,Train,0.007922493852674961,0.005885894613263165
2012-12-21,Train,0.008468318730592728,0.02024539504000411
2012-12-24,Train,0.013611526228487492,0.02612566399592908
2012-12-26,Train,0.016385337337851524,0.04139532044876448
2012-12-27,Train,0.012804965488612652,0.0444099463134684
2012-12-28,Train,0.02035311795771122,0.04985889567323132
2012-12-31,Train,0.005707616917788982,0.02303086232544382
2013-01-02,Train,0.0077683706767857075,-0.004464217797425452
2013-01-03,Train,0.010218161158263683,0.005534820568848131
2013-01-04,Train,0.004854307509958744,0.00660366891105757
2013-01-07,Train,0.004625643603503704,0.00795196949982202
2013-01-08,Train,0.005123583599925041,0.01608538407729676
2013-01-09,Train,0.0057998476549983025,-0.001647341418107628
2013-01-10,Train,0.005507367663085461,-0.002530864576142045
2013-01-11,Train,0.005905716214329004,-0.001635453566129264
2013-01-14,Train,0.005232131574302912,0.002986926230157172
2013-01-15,Train,0.006253574974834919,0.005853210351564719
2013-01-16,Train,0.0051519363187253475,-0.0004484122363624943
2013-01-17,Train,0.00505959615111351,0.006545707132042278
2013-01-18,Train,0.005038844421505928,-0.008796724922844334
2013-01-22,Train,0.004472024738788605,0.004167888925646457
2013-01-23,Train,0.004345149267464876,-0.005178258515822542
2013-01-24,Train,0.0049317339435219765,0.009600950412371745
2013-01-25,Train,0.004610917996615171,0.01477608751894821
2013-01-28,Train,0.0050524272955954075,0.01280715697407886
2013-01-29,Train,0.0049325102008879185,0.00848718975198337
2013-01-30,Train,0.004838014952838421,0.01417494218473681
2013-01-31,Train,0.004783378913998604,0.01615065286826778
2013-02-01,Train,0.004520841408520937,0.001330126116162456
2013-02-04,Train,0.006060424726456404,0.02647404359152117
2013-02-05,Train,0.004615394398570061,-0.004002322068346276
2013-02-06,Train,0.0035357060842216015,-0.01145146739335778
2013-02-07,Train,0.0032657808624207973,-0.002377468868557386
2013-02-08,Train,0.004495862405747175,-0.02470952137021643
2013-02-11,Train,0.004372528288513422,-0.02132046069829885
2013-02-12,Train,0.005612656008452177,-0.00723468874764055
2013-02-13,Train,0.004038254730403423,-0.0127998047808926
2013-02-14,Train,0.004811828024685383,-0.00838851685686448
2013-02-15,Train,0.00505746528506279,-0.001033205827663752
2013-02-19,Train,0.0047136410139501095,0.006447867162666876
2013-02-20,Train,0.006674459204077721,0.0196457753662882
2013-02-21,Train,0.010337655432522297,0.03339854340203718
2013-02-22,Train,0.007219426333904266,0.02427758814768888
2013-02-25,Train,0.012410449795424938,0.04011466988456625
2013-02-26,Train,0.010469207540154457,0.03245197928692667
2013-02-27,Train,0.007519409526139498,0.02067221049686263
2013-02-28,Train,0.0063903434202075005,0.02622954062971039
2013-03-01,Train,0.005985244642943144,0.01677062821125563
2013-03-04,Train,0.006009762641042471,0.01004728578767122
2013-03-05,Train,0.006605622824281454,-0.006552081337254712
2013-03-06,Train,0.006613351870328188,0.002919237220931681
2013-03-07,Train,0.004003094509243965,-0.01106423219126773
2013-03-08,Train,0.0011729118414223194,-0.002617424952192859
2013-03-11,Train,0.0008563422597944736,-0.009134476898100874
2013-03-12,Train,-0.0001613371423445642,-0.0001455491276600718
2013-03-13,Train,0.002362725557759404,0.002477135438488931
2013-03-14,Train,0.001522656879387796,0.001597452938956634
2013-03-15,Train,0.003772367723286152,-0.0001459952695750388
2013-03-18,Train,0.004364349413663149,0.009947341999771986
2013-03-19,Train,0.005110134370625019,0.002638140060379879
2013-03-20,Train,0.003634372493252158,-0.00407508052725547
2013-03-21,Train,0.007339033298194408,-0.001030468048134003
2013-03-22,Train,0.003997736610472202,-0.005394301457093187
2013-03-25,Train,0.005675741471350193,0.004975182696880687
2013-03-26,Train,0.004552160855382681,0.01906560291149506
2013-03-27,Train,0.0018404308939352632,0.0172964354538836
2013-03-28,Train,0.0013458119938150048,0.01406410328454455
2013-04-01,Train,0.006825589574873447,0.0008758767677918833
2013-04-02,Train,0.0032800023909658194,0.006228277802341031
2013-04-03,Train,0.008188413456082344,-0.004385368158136504
2013-04-04,Train,0.005972930695861578,-0.0184130079002085
2013-04-05,Train,0.009428800083696842,0.003389267985122624
2013-04-08,Train,0.009476407431066036,0.008355316397315349
2013-04-09,Train,0.005957970395684242,0.01121136633146436
2013-04-10,Train,-0.0005798680358566344,-0.008568958910118774
2013-04-11,Train,0.00038127214065752923,-0.002857507563173045
2013-04-12,Train,0.0006745776627212763,-0.005290287870550303
2013-04-15,Train,0.012605711817741394,0.02406653419829485
2013-04-16,Train,0.008887811563909054,0.01799337812056168
2013-04-17,Train,0.02421262487769127,0.0334752423853355
2013-04-18,Train,0.03096526302397251,0.0611880411253567
2013-04-19,Train,0.02769079990684986,0.05918646828372331
2013-04-22,Train,0.025822713971138,0.05247856610417223
2013-04-23,Train,0.026179760694503784,0.04190070251951283
2013-04-24,Train,0.024790950119495392,0.04739269666243096
2013-04-25,Train,0.024497048929333687,0.04040693018814401
2013-04-26,Train,0.02557738497853279,0.05002160948970791
2013-04-29,Train,0.023805806413292885,0.04173195190688683
2013-04-30,Train,0.022897645831108093,0.03959269476855698
2013-05-01,Train,0.023706836625933647,0.04659751112001342
2013-05-02,Train,0.021091170608997345,0.0324073737114694
2013-05-03,Train,0.01130175031721592,0.03022740186014627
2013-05-06,Train,0.01187311951071024,0.02472376903041251
2013-05-07,Train,0.012623471207916737,0.02639574373416465
2013-05-08,Train,0.010953595861792564,0.01251552294825586
2013-05-09,Train,0.01344945840537548,0.01156860392273384
2013-05-10,Train,0.008893797174096107,0.004928139566215961
2013-05-13,Train,0.00519622303545475,0.01025430689443163
2013-05-14,Train,0.004454819951206446,0.000272092945788005
2013-05-15,Train,0.0026292630936950445,0.003529281155053354
2013-05-16,Train,0.002567998366430402,-0.00462014342723327
2013-05-17,Train,-0.0028056351002305746,-0.01238231171671633
2013-05-20,Train,-0.0032987964805215597,-0.0160399299399685
2013-05-21,Train,-0.004908955655992031,-0.02989085352969167
2013-05-22,Train,-0.003402744885534048,-0.01657159977163636
2013-05-23,Train,0.00399895291775465,-0.0008168490277273843
2013-05-24,Train,0.002548821968957782,0.0001361463879219205
2013-05-28,Train,0.0038329993840306997,-0.01624031612064547
2013-05-29,Train,0.005220238119363785,-0.02298072369277626
2013-05-30,Train,0.006475143134593964,-0.01582575631158767
2013-05-31,Train,0.00498138926923275,-0.01324233748400172
2013-06-03,Train,0.0026558975223451853,-0.005450993614826594
2013-06-04,Train,0.005013023968786001,0.007945230562393046
2013-06-05,Train,0.006806371733546257,0.009854254745313762
2013-06-06,Train,0.00552582461386919,-0.01892268947110909
2013-06-07,Train,-0.00047090594307519495,-0.04033245822441256
2013-06-10,Train,-0.001297025359235704,-0.050258715663827
2013-06-11,Train,0.0055415015667676926,-0.03370483553926984
2013-06-12,Train,0.010948406532406807,-0.0136394676179713
2013-06-13,Train,0.0032099548261612654,-0.02185272018420437
2013-06-14,Train,0.001175133977085352,-0.01397346642623021
2013-06-17,Train,0.00506733451038599,-0.0174020856953041
2013-06-18,Train,0.002448398619890213,-0.02500684862049807
2013-06-19,Train,0.0049435594119131565,-0.0100330309991854
2013-06-20,Train,0.021157100796699524,0.02182180879059215
2013-06-21,Train,0.021519286558032036,0.03152067600573294
2013-06-24,Train,0.030064424499869347,0.04818575676467307
2013-06-25,Train,0.02951621823012829,0.0465547319463635
2013-06-26,Train,0.029921913519501686,0.05785238204070531
2013-06-27,Train,0.030373768880963326,0.0580301389499629
2013-06-28,Train,0.027594663202762604,0.05893089343992997
2013-07-01,Train,0.024885011836886406,0.05103895842751283
2013-07-02,Train,0.02465304546058178,0.05324783675179634
2013-07-03,Train,0.023728663101792336,0.04636962409952372
2013-07-05,Train,0.0168620515614748,0.02769350311556384
2013-07-08,Train,0.01608504168689251,0.02973153458152966
2013-07-09,Train,0.011111697182059288,0.01600774192039878
2013-07-10,Train,0.010779749602079391,0.01346752598285672
2013-07-11,Train,0.0019005098147317767,0.0
2013-07-12,Train,0.002554823411628604,0.0009296107833633993
2013-07-15,Train,0.0012709873262792826,-0.003180043194483173
2013-07-16,Train,-0.0024211378768086433,0.003449575392880488
2013-07-17,Train,0.00015310541493818164,0.002779236252751449
2013-07-18,Train,0.0007787478971295059,0.01552339294558891
2013-07-19,Train,0.001450633048079908,0.03190782946323178
2013-07-22,Train,0.0054441578686237335,0.02954149387241611
2013-07-23,Train,0.011306271888315678,0.0309721970939878
2013-07-24,Train,0.007876798510551453,0.02577178750262155
2013-07-25,Train,0.005826721899211407,0.02440978793194049
2013-07-26,Train,0.008857605047523975,0.014859958556102
2013-07-29,Train,0.009125535376369953,0.01914123019747271
2013-07-30,Train,0.006936280056834221,0.01943674830209896
2013-07-31,Train,0.00661671906709671,0.01372576166825668
2013-08-01,Train,0.0019279769621789455,-0.01345699982984871
2013-08-02,Train,0.00442249421030283,-0.01935816344210683
2013-08-05,Train,0.006263909861445427,-0.02168265699470984
2013-08-06,Train,0.0015640994533896446,-0.01149421736520406
2013-08-07,Train,-0.0039009174797683954,-0.01308558000471616
2013-08-08,Train,-0.0008182497113011777,-0.0083333250549108
2013-08-09,Train,-0.01110753696411848,0.002353252846161169
2013-08-12,Train,-0.000727984996046871,0.0005217284007128509
2013-08-13,Train,-0.0032534997444599867,-0.02542151910846713
2013-08-14,Train,-4.368379450170323e-05,-0.01796637543654722
2013-08-15,Train,0.009838002733886242,0.005959434982273359
2013-08-16,Train,0.009503067471086979,-0.0001325137226501072
2013-08-19,Train,0.014187999069690704,0.007299310721906815
2013-08-20,Train,0.011622989550232887,0.01360992039037345
2013-08-21,Train,0.012726477347314358,0.01882787328852009
2013-08-22,Train,0.010119707323610783,0.01011024955411721
2013-08-23,Train,0.011068927124142647,0.01512982509212102
2013-08-26,Train,0.010394330136477947,0.01955416527053022
2013-08-27,Train,0.01621541567146778,0.03886076913313863
2013-08-28,Train,0.0163396205753088,0.03420392178995724
2013-08-29,Train,0.014898547902703285,0.02764610978714943
2013-08-30,Train,0.016527628526091576,0.03153567265035484
2013-09-03,Train,0.01653798297047615,0.03254283492815158
2013-09-04,Train,0.012488866224884987,0.03389386657739357
2013-09-05,Train,0.010323906317353249,0.03461743608644219
2013-09-06,Train,0.00994633324444294,0.02677755817524874
2013-09-09,Train,0.0075919716618955135,0.01284851569412382
2013-09-10,Train,0.0039279465563595295,0.007927410226822529
2013-09-11,Train,0.006152004469186068,0.006405329434255869
2013-09-12,Train,0.006699768360704184,0.01486983721252977
2013-09-13,Train,0.009384720586240292,0.01293879282371657
2013-09-16,Train,0.010268568992614746,0.01323055619120228
2013-09-17,Train,0.008376838639378548,0.01671554820317889
2013-09-18,Train,0.0046242582611739635,0.004287025315238058
2013-09-19,Train,0.003833838738501072,-0.009811305399960668
2013-09-20,Train,0.003974179271608591,0.005190576948951087
2013-09-23,Train,0.002971542766317725,-0.001141747623931932
2013-09-24,Train,0.007897666655480862,-0.02042370383045344
2013-09-25,Train,0.011379027739167213,-0.0201119431105089
2013-09-26,Train,0.009948421269655228,-0.007073355709807383
2013-09-27,Train,0.011928346008062363,0.002023569782811707
2013-09-30,Train,0.01581079326570034,0.0115365579842226
2013-10-01,Train,0.008615940809249878,-0.002510001850855925
2013-10-02,Train,0.009433364495635033,0.009165043484674396
2013-10-03,Train,0.015935998409986496,0.02693083186373157
2013-10-04,Train,0.014815947972238064,0.03463476003969213
2013-10-07,Train,0.01779760606586933,0.04559314280775495
2013-10-08,Train,0.024174481630325317,0.06772851132948277
2013-10-09,Train,0.021241584792733192,0.06456213788747456
2013-10-10,Train,0.015722276642918587,0.04706776389154443
2013-10-11,Train,0.016975264996290207,0.04632081299317714
2013-10-14,Train,0.01558338850736618,0.03922793855750983
2013-10-15,Train,0.01814563199877739,0.04504270320149462
2013-10-16,Train,0.012787126936018467,0.03234643185316943
2013-10-17,Train,0.015355677343904972,0.02412177963846251
2013-10-18,Train,0.0067317248322069645,0.00803403555028459
2013-10-21,Train,0.0069356258027255535,0.007287725747320062
2013-10-22,Train,0.006090262439101934,0.006913277330768519
2013-10-23,Train,0.011494998820126057,0.01281272838144187
2013-10-24,Train,0.010023685172200203,-0.01056973809977557
2013-10-25,Train,0.006338754668831825,-0.004342588705974593
2013-10-28,Train,0.00378023786470294,-0.006150440401564539
2013-10-29,Train,0.0038048517890274525,-0.006260494321584598
2013-10-30,Train,0.005026631988584995,0.006748584429250526
2013-10-31,Train,0.0040733106434345245,0.01219956667546129
2013-11-01,Train,0.005881433375179768,0.01388723052509699
2013-11-04,Train,0.005042244680225849,0.00253224507053984
2013-11-05,Train,0.004262062720954418,-0.001445376078529681
2013-11-06,Train,0.002769078826531768,-0.003614494599491702
2013-11-07,Train,0.014139153063297272,0.02578583510765475
2013-11-08,Train,0.008307991549372673,0.01756720295806802
2013-11-11,Train,0.009766187518835068,0.02159930469843285
2013-11-12,Train,0.009187155403196812,0.02532101180892354
2013-11-13,Train,0.007244911044836044,0.02011013031798425
2013-11-14,Train,0.003815093543380499,0.02303102905597454
2013-11-15,Train,0.00413997657597065,0.01810391006473999
2013-11-18,Train,0.005953032523393631,0.02730339534671167
2013-11-19,Train,0.006364953704178333,0.03124241604606137
2013-11-20,Train,0.006925152149051428,0.0324062926731794
2013-11-21,Train,0.0052925171330571175,0.02944696022879056
2013-11-22,Train,0.005453617312014103,0.02809859114628677
2013-11-25,Train,0.006136390380561352,0.02494356115006213
2013-11-26,Train,0.005201881751418114,0.006498913737535306
2013-11-27,Train,0.004783195443451405,-0.003050952035979382
2013-11-29,Train,0.004868530668318272,-0.01026484134321837
2013-12-02,Train,0.007498046383261681,-0.001871825641387215
2013-12-03,Train,0.007666091434657574,-0.003044164911396807
2013-12-04,Train,0.008002297952771187,0.007603246486386661
2013-12-05,Train,0.007399032358080149,0.006090469538403642
2013-12-06,Train,0.006158248987048864,0.005813953488372103
2013-12-09,Train,0.007194166071712971,0.01227568276455693
2013-12-10,Train,0.004834664985537529,0.01344299478974875
2013-12-11,Train,0.008278021588921547,0.0300539745177506
2013-12-12,Train,0.008932140655815601,0.03013179833074675
2013-12-13,Train,0.009166043251752853,0.02993519105721654
2013-12-16,Train,0.008671662770211697,0.03094232769680372
2013-12-17,Train,0.006394296884536743,0.0248971823746027
2013-12-18,Train,0.0005933479988016188,0.005804504336461402
2013-12-19,Train,-0.0012585640652105212,0.00488938488340751
2013-12-20,Train,-0.0022600539959967136,0.00716766181019679
2013-12-23,Train,-0.004642228130251169,-0.001144103641754879
2013-12-24,Train,-0.002888136776164174,-0.004917099144443382
2013-12-26,Train,-0.0026070980820804834,-0.005014757496288991
2013-12-27,Train,0.0022751414217054844,-0.01725313716583154
2013-12-30,Train,0.0031851481180638075,0.002975193249186159
2013-12-31,Train,0.0017356079770252109,0.00466125132306594
2014-01-02,Train,0.001889625913463533,0.01271915495644471
2014-01-03,Train,0.004038349259644747,0.01431207147397195
2014-01-06,Train,0.004736451432108879,0.0258341446341237
2014-01-07,Train,0.002668495522812009,0.01905413200621098
2014-01-08,Train,0.0021730735898017883,0.01340059364398272
2014-01-09,Train,0.0024652881547808647,-0.003217637210966129
2014-01-10,Train,0.0025125788524746895,-0.01603667212988391
2014-01-13,Train,0.006521494593471289,-0.001860291339790265
2014-01-14,Train,-0.00565043231472373,-0.03103252907417275
2014-01-15,Train,-0.0044184098951518536,-0.02116105792080403
2014-01-16,Train,-0.0044184098951518536,-0.02387418732658941
2014-01-17,Train,-0.0021107415668666363,-0.04085112027869342
2014-01-21,Train,-0.004830240737646818,-0.04110671105816721
2014-01-22,Train,-0.006365269888192415,-0.04606889382886992
2014-01-23,Train,-0.0010064622620120645,-0.03062846531475438
2014-01-24,Train,-0.00018773088231682777,0.006456135598110091
2014-01-27,Train,0.007255251053720713,0.02211876009462577
2014-01-28,Train,0.007150304038077593,0.03436231368747178
2014-01-29,Train,0.012698973529040813,0.04756859650312673
2014-01-30,Train,0.011843300424516201,0.03618493934587241
2014-01-31,Train,0.013766712509095669,0.04103397534804309
2014-02-03,Train,0.0261246245354414,0.07070825744142017
2014-02-04,Train,0.020267171785235405,0.05558819205910437
2014-02-05,Train,0.021966364234685898,0.06328964996854203
2014-02-06,Train,0.014426419511437416,0.04850185175384025
2014-02-07,Train,0.009275887161493301,0.03562428982399601
2014-02-10,Train,0.00764858815819025,0.0285876357584669
2014-02-11,Train,0.006660670042037964,0.01610360648684095
2014-02-12,Train,0.006248340476304293,0.01652243678244503
2014-02-13,Train,0.002984942402690649,0.007921444898243424
2014-02-14,Train,0.002861437853425741,-0.001558839699968839
2014-02-18,Train,0.005313238129019737,0.006204959097991791
2014-02-19,Train,0.005546712316572666,0.01595448342068595
2014-02-20,Train,0.00420006737112999,0.01032759881908341
2014-02-21,Train,0.0035352599807083607,0.006671838897865046
2014-02-24,Train,0.003095924388617277,0.002212110830009939
2014-02-25,Train,0.004090110771358013,-0.0009965268555370832
2014-02-26,Train,0.0033653047867119312,0.003657255783918734
2014-02-27,Train,-1.2588770914589986e-06,-0.01282622325072258
2014-02-28,Train,0.001154356636106968,-0.01848570109189696
2014-03-03,Train,0.0020155266392976046,-0.002453454055933224
2014-03-04,Train,0.0014217038406059146,-0.003083347503849532
2014-03-05,Train,0.0010386635549366474,-0.01120136910183944
2014-03-06,Train,0.0010386635549366474,-0.007584110968860136
2014-03-07,Train,-0.0023649653885513544,-0.01690046172459203
2014-03-10,Train,-0.0043899258598685265,-0.02637677269119665
2014-03-11,Train,-0.005170720629394054,-0.01895365840540753
2014-03-12,Train,-0.003904197132214904,-0.03522520867944745
2014-03-13,Train,0.0010412393603473902,-0.02688173788859238
2014-03-14,Train,0.00226717721670866,-0.01826993516004005
2014-03-17,Train,0.0013167463475838304,-0.01989937216349846
2014-03-18,Train,-0.010444683954119682,-0.01458079876972329
2014-03-19,Train,-0.008150553330779076,-0.006663688005556501
2014-03-20,Train,-0.008291828446090221,-0.0172776336557271
2014-03-21,Train,-0.010373156517744064,-0.02955053093728055
2014-03-24,Train,-0.007959882728755474,-0.03026522480163751
2014-03-25,Train,-0.008509870618581772,-0.02451706864722325
2014-03-26,Train,-0.0008296961314044893,0.005150474237106462
2014-03-27,Train,0.0073520466685295105,-0.02048801606317785
2014-03-28,Train,0.007355372421443462,-0.03377372014172353
2014-03-31,Train,0.0062429350800812244,-0.03307860826334719
2014-04-01,Train,-0.01190890558063984,-0.04663149955618495
2014-04-02,Train,-0.011055726557970047,-0.03644903898975349
2014-04-03,Train,-0.011242681182920933,-0.02851353897186237
2014-04-04,Train,0.018287628889083862,0.005441629921995039
2014-04-07,Train,0.018817558884620667,0.02314430925667144
2014-04-08,Train,0.010386297479271889,0.004864556592012681
2014-04-09,Train,0.009756581857800484,-0.00261903162984356
2014-04-10,Train,0.03205529972910881,0.01280850748330664
2014-04-11,Train,0.04062874615192413,0.02805850188117964
2014-04-14,Train,0.03772899881005287,0.02819402045167418
2014-04-15,Train,0.02735162526369095,0.02751318346769027
2014-04-16,Train,0.024162424728274345,0.01705733598860104
2014-04-17,Train,0.024756386876106262,0.01496520836656079
2014-04-21,Train,0.025377005338668823,0.0127821356190827
2014-04-22,Train,0.023096544668078423,-0.008225765231855808
2014-04-23,Train,0.029186591506004333,-0.002305262479393111
2014-04-24,Train,0.028239911422133446,-0.01267259992425485
2014-04-25,Train,0.031101370230317116,0.00707739404887775
2014-04-28,Train,0.029928775504231453,0.02035390437590379
2014-04-29,Train,0.029498128220438957,0.01296463063263054
2014-04-30,Train,0.02945060096681118,0.005034928990494736
2014-05-01,Train,0.02535315416753292,-0.005818620962372623
2014-05-02,Train,0.026665937155485153,0.002514587107953714
2014-05-05,Train,0.024174867197871208,0.004206967133833617
2014-05-06,Train,0.02485908940434456,0.01370812665445631
2014-05-07,Train,0.02781096287071705,0.02634009754625399
2014-05-08,Train,0.026378415524959564,0.03179925871012945
2014-05-09,Train,0.0260202344506979,0.0354838029190343
2014-05-12,Train,0.02379893697798252,0.03139517780431689
2014-05-13,Train,0.023902377113699913,0.02752293895093194
2014-05-14,Train,0.029259812086820602,0.0395081538012243
2014-05-15,Train,0.029777808114886284,0.04785400732330825
2014-05-16,Train,0.02692604437470436,0.04001826670696951
2014-05-19,Train,0.022473081946372986,0.03238225339938672
2014-05-20,Train,0.022694410756230354,0.03999996185302734
2014-05-21,Train,0.021828314289450645,0.03883391174978335
2014-05-22,Train,0.023340146988630295,0.04023306290295747
2014-05-23,Train,0.010928070172667503,0.03193149570855036
2014-05-27,Train,0.009823795408010483,0.02098905123197126
2014-05-28,Train,0.010358461178839207,0.02391973258097901
2014-05-29,Train,0.009282195009291172,0.008214676614795247
2014-05-30,Train,0.010522373020648956,0.01106124371082529
2014-06-02,Train,0.009779720567166805,0.01293576287420573
2014-06-03,Train,0.011105502024292946,0.01392845622741579
2014-06-04,Train,0.010802029632031918,0.01584358206755443
2014-06-05,Train,0.009172835387289524,0.006717983968268948
2014-06-06,Train,0.008767407387495041,-0.0005387098892718489
2014-06-09,Train,0.008141488768160343,0.0004312767172760523
2014-06-10,Train,0.0089572137221694,-0.00226032402959464
2014-06-11,Train,0.008998018689453602,0.004306185041524246
2014-06-12,Train,0.009463011287152767,0.01401404935758088
2014-06-13,Train,0.009081958793103695,0.01548960474331484
2014-06-16,Train,0.009077702648937702,0.01634201419149939
2014-06-17,Train,0.009623346850275993,0.02693353786218178
2014-06-18,Train,0.007656892295926809,0.02291058648435995
2014-06-19,Train,0.007971175946295261,0.03002898693535005
2014-06-20,Train,0.008239720948040485,0.0284575521674364
2014-06-23,Train,0.006829923018813133,0.01584223737686297
2014-06-24,Train,0.005625142250210047,0.02437974337250859
2014-06-25,Train,0.004974402952939272,0.01468541894240682
2014-06-26,Train,0.002668653381988406,0.02067709857400457
2014-06-27,Train,0.004525203723460436,0.02229329427083337
2014-06-30,Train,0.0031755499076098204,0.01703757226842328
2014-07-01,Train,0.003146684030070901,0.01000628737953213
2014-07-02,Train,0.0053309230133891106,-0.005047273766988325
2014-07-03,Train,0.0030661351047456264,0.004388775462208283
2014-07-07,Train,0.00547656649723649,0.006183799551880087
2014-07-08,Train,0.007754212711006403,0.02493102504628353
2014-07-09,Train,0.005150184966623783,0.02390484724459219
2014-07-10,Train,0.00768957007676363,0.02598773493875695
2014-07-11,Train,0.007688213139772415,0.01542984436338912
2014-07-14,Train,0.00739970663562417,0.00970367634298519
2014-07-15,Train,0.008193583227694035,0.01141237894996494
2014-07-16,Train,0.006196205969899893,0.01136723301932596
2014-07-17,Train,0.008528665639460087,0.004227371431764437
2014-07-18,Train,0.003295584348961711,-0.01508535722225912
2014-07-21,Train,0.003649189369753003,-0.007083336512247684
2014-07-22,Train,0.003295584348961711,-0.0209088527036454
2014-07-23,Train,0.0044029089622199535,-0.02787212403890071
2014-07-24,Train,0.0044029089622199535,-0.02985998191789552
2014-07-25,Train,0.0028975631576031446,-0.019020016317157
2014-07-28,Train,0.0050191255286335945,-0.01353722852162165
2014-07-29,Train,0.006564683746546507,-0.01221532426309402
2014-07-30,Train,0.006005778908729553,-0.005671303698903118
2014-07-31,Train,0.013500234112143517,0.02010107061236943
2014-08-01,Train,0.0148739879950881,0.02883704879830784
2014-08-04,Train,0.01366101298481226,0.02968948636293756
2014-08-05,Train,0.018355105072259903,0.04345069002508439
2014-08-06,Train,0.01685270108282566,0.0442234495729048
2014-08-07,Train,0.018573369830846786,0.04967098540163728
2014-08-08,Train,0.016977950930595398,0.04373025773605721
2014-08-11,Train,0.01134452037513256,0.04127385794252669
2014-08-12,Train,0.010689729824662209,0.04275835159659991
2014-08-13,Train,0.010570474900305271,0.03204393164068842
2014-08-14,Train,0.009810181334614754,0.02558550860544218
2014-08-15,Train,0.008783137425780296,0.02443528969335396
2014-08-18,Train,0.0028209954034537077,0.01956187609879012
2014-08-19,Train,-0.00012377971142996103,0.00790280073767824
2014-08-20,Train,0.00033060822170227766,0.006990906410747844
2014-08-21,Train,0.0001672336511546746,0.01001008946911375
2014-08-22,Train,0.0026450545992702246,0.01039877584616189
2014-08-25,Train,0.0027967432979494333,-0.00150906965368458
2014-08-26,Train,0.0019956298638135195,0.005728640148987107
2014-08-27,Train,-0.0006988440291024745,0.004722681235499016
2014-08-28,Train,-0.005226507782936096,0.000704151415808596
2014-08-29,Train,-0.004128223285079002,-0.01262780268235386
2014-09-02,Train,-0.004457485396414995,-0.006895197796647268
2014-09-03,Train,-0.0025113001465797424,0.0005025675580638822
2014-09-04,Train,-0.003357156179845333,0.008954617115543906
2014-09-05,Train,-0.0038249515928328037,0.0009010308122445743
2014-09-08,Train,-0.0038831476122140884,-0.01029175420116013
2014-09-09,Train,-0.0013850104296579957,-0.004735528672071831
2014-09-10,Train,-0.0014520171098411083,-0.002298424679074818
2014-09-11,Train,-0.001604981254786253,-0.0225022507057705
2014-09-12,Train,-0.0017020986415445805,-0.00703663604759952
2014-09-15,Train,-0.001448401715606451,0.001319578636238772
2014-09-16,Train,-0.0028925910592079163,-0.005936771525422158
2014-09-17,Train,-0.003782775951549411,-0.02330955212778318
2014-09-18,Train,-0.004932976793497801,-0.03061427734538458
2014-09-19,Train,-0.004459618590772152,-0.01810367200655583
2014-09-22,Train,-0.002697596326470375,-0.01100458287432438
2014-09-23,Train,-0.0022608148865401745,-0.02237294099800946
2014-09-24,Train,-0.002987659303471446,-0.01392227003839452
2014-09-25,Train,-0.0026202830485999584,-0.00900345071261932
2014-09-26,Train,-0.004603945650160313,-0.04393598290669587
2014-09-29,Train,-0.0037903275806456804,-0.05767868579214963
2014-09-30,Train,-0.00346497748978436,-0.05891284179459355
2014-10-01,Train,-0.0001646554737817496,-0.04978907914282371
2014-10-02,Train,0.0014030301244929433,-0.05575556239060853
2014-10-03,Train,-0.0011483258567750454,-0.05266372889248727
2014-10-06,Train,-0.00040516830631531775,-0.03644344352990192
2014-10-07,Train,0.012160880491137505,0.003106586442019887
2014-10-08,Train,0.003984707407653332,-0.02112741763469694
2014-10-09,Train,0.016405602917075157,0.009911202544118813
2014-10-10,Train,0.039011359214782715,0.04426090848281361
2014-10-13,Train,0.041706111282110214,0.06163945152072081
2014-10-14,Train,0.04280216246843338,0.07755188759605058
2014-10-15,Train,0.042722564190626144,0.08054557313832089
2014-10-16,Train,0.04278569296002388,0.08966113569508494
2014-10-17,Train,0.042469572275877,0.09032259705246126
2014-10-20,Train,0.04051366448402405,0.07744461919548895
2014-10-21,Train,0.023820623755455017,0.04635075602832028
2014-10-22,Train,0.02570955827832222,0.05188336471410282
2014-10-23,Train,0.021107381209731102,0.03956248986562616
2014-10-24,Train,0.01839667186141014,0.03021695036043126
2014-10-27,Train,0.018142741173505783,0.03313402130076804
2014-10-28,Train,0.017223935574293137,0.02096225262251861
2014-10-29,Train,0.017863117158412933,0.02655046178438392
2014-10-30,Train,0.018261436372995377,0.02879429093654284
2014-10-31,Train,0.016664724797010422,0.0179487146690005
2014-11-03,Train,0.011422020383179188,0.01189780481982705
2014-11-04,Train,0.013920489698648453,0.02288871034781037
2014-11-05,Train,0.014178823679685593,0.01815129020456374
2014-11-06,Train,0.012661601416766644,0.01947089861345952
2014-11-07,Train,0.012697383761405945,0.02234256207237184
2014-11-10,Train,0.012886213138699532,0.02667714049751635
2014-11-11,Train,0.0100493673235178,0.02502930767644806
2014-11-12,Train,0.005438489839434624,0.02986528973195623
2014-11-13,Train,0.0021502485033124685,0.03022352346194479
2014-11-14,Train,0.0032406083773821592,0.0154039558136696
2014-11-17,Train,0.005364092532545328,0.02254396669192249
2014-11-18,Train,0.0017694998532533646,0.01678238675393473
2014-11-19,Train,0.0074253929778933525,0.02092824029909646
2014-11-20,Train,0.0040702116675674915,0.0164946379345543
2014-11-21,Train,-0.00021493478561751544,0.007316785277171389
2014-11-24,Train,0.00012762060214299709,0.002674806825378129
2014-11-25,Train,-0.00039413172635249794,-0.01459365540576529
2014-11-26,Train,-0.005949222948402166,-0.0163001672292189
2014-11-28,Train,-0.005703657399863005,-0.03150649844335451
2014-12-01,Train,-0.0040100435726344585,-0.03053140943404031
2014-12-02,Train,-0.003445392707362771,-0.0498907139838467
2014-12-03,Train,-0.0011066595325246453,-0.03433878941437774
2014-12-04,Train,-0.0019733349326997995,-0.01062923713948905
2014-12-05,Train,-0.0004809500533156097,-0.01005881178801582
2014-12-08,Train,-0.0016675752121955156,-0.0004778306764378071
2014-12-09,Train,0.003707258263602853,-0.007145579330620988
2014-12-10,Train,0.007595488335937262,0.00958286241951134
2014-12-11,Train,0.006699044723063707,0.01194602916486653
2014-12-12,Train,0.008527619764208794,0.02288885279080399
2014-12-15,Train,0.012042343616485596,0.02667059411666384
2014-12-16,Train,0.018503203988075256,0.03270650663405505
2014-12-17,Train,0.00957774929702282,0.01119842195946519
2014-12-18,Train,-0.00035823084181174636,-0.02705035678488454
2014-12-19,Train,-0.0009472075034864247,-0.04074003079402677
2014-12-22,Train,-0.0035377293825149536,-0.03078983710389416
2014-12-23,Train,-0.004244192503392696,-0.008732329341805345
2014-12-24,Train,-0.003018874442204833,-0.0161073850049851
2014-12-26,Train,-0.006177580449730158,-0.03322541730151141
2014-12-29,Train,-0.004847955424338579,-0.03332698640141385
2014-12-30,Train,-0.0014160866849124432,-0.03220859490204031
2014-12-31,Train,0.009090747684240341,-0.03486681330867891
2015-01-02,Train,0.010587750934064388,-0.02059454727319188
2015-01-05,Train,0.016894301399588585,0.001873237117564708
2015-01-06,Train,0.020867254585027695,0.02068551714936473
2015-01-07,Train,0.0193110890686512,0.02634173394699668
2015-01-08,Train,0.011141054332256317,0.009293311288593564
2015-01-09,Train,0.011593672446906567,0.01481189439080421
2015-01-12,Train,0.01424407958984375,-0.001083216219063043
2015-01-13,Train,0.013660719618201256,-0.005910150649734769
2015-01-14,Train,0.02159040980041027,0.009211572044465433
2015-01-15,Train,0.02203516848385334,0.01455089740129734
2015-01-16,Train,0.022467011585831642,0.01150568999822088
2015-01-20,Train,0.015633275732398033,0.01318634424004372
2015-01-21,Train,0.011463465169072151,0.007147085973133294
2015-01-22,Train,0.005882710218429565,-0.002595372933140272
2015-01-23,Train,0.007422103546559811,-0.01083833550411772
2015-01-26,Train,0.004025251138955355,-0.01286725893743212
2015-01-27,Train,0.01705300621688366,0.02917980099795847
2015-01-28,Train,0.018818922340869904,0.03824812406248479
2015-01-29,Train,0.01596837490797043,0.0403376252328167
2015-01-30,Train,0.01781303994357586,0.05746790579304983
2015-02-02,Train,0.019579783082008362,0.04932338315082907
2015-02-03,Train,0.011370908468961716,0.04079258561561239
2015-02-04,Train,0.02178800106048584,0.04685524998670587
2015-02-05,Train,0.008423509076237679,0.04481497137763868
2015-02-06,Train,0.019376955926418304,0.05226412812175063
2015-02-09,Train,0.02246340550482273,0.056420187258585
2015-02-10,Train,0.017939187586307526,0.03764368053387046
2015-02-11,Train,0.01862121745944023,0.0391295907796021
2015-02-12,Train,0.004161818418651819,0.02264152382904627
2015-02-13,Train,0.00016309240891132504,0.02310348430175946
2015-02-17,Train,-0.0017853386234492064,0.01738155848257694
2015-02-18,Train,-0.002505931071937084,0.01203801084404899
2015-02-19,Train,-0.004718460608273745,0.008821589067741664
2015-02-20,Train,-0.002143195364624262,-0.009224240994555988
2015-02-23,Train,-0.003735864534974098,-0.007371871057041623
2015-02-24,Train,-0.004641266074031591,-0.02651931209837222
2015-02-25,Train,-0.004511263687163591,-0.02972400227339478
2015-02-26,Train,-0.005997462663799524,-0.0282879709713022
2015-02-27,Train,-0.00441197631880641,-0.02822882975013385
2015-03-02,Train,-0.006981868762522936,-0.02450174046874953
2015-03-03,Train,-0.007070770021528006,-0.01837053320054949
2015-03-04,Train,0.0009092730470001698,-0.0048870336026825
2015-03-05,Train,-0.001258496311493218,-0.005154616731773531
2015-03-06,Train,-0.0013224557042121887,0.0104272886975294
2015-03-09,Train,-0.002085562329739332,0.005569982058315937
2015-03-10,Train,0.005746378097683191,0.02090426654327238
2015-03-11,Train,0.0032284932676702738,0.003329830388057564
2015-03-12,Train,0.00041091235470958054,-0.006616300164890121
2015-03-13,Train,0.004396510776132345,0.001708755567053633
2015-03-16,Train,-0.004913304001092911,0.0002812222075878612
2015-03-17,Train,-0.00012109384988434613,-0.0118836365661229
2015-03-18,Train,-0.008950433693826199,-0.02659372837177609
2015-03-19,Train,-0.0034327704925090075,-0.02738711171655583
2015-03-20,Train,-0.0010444298386573792,-0.02349576569653211
2015-03-23,Train,-0.002397502539679408,-0.02326437084717625
2015-03-24,Train,0.0010684875305742025,-0.01195219968386751
2015-03-25,Train,0.0031245367135852575,0.01754218177680111
2015-03-26,Train,0.0034352829679846764,0.02521409671125174
2015-03-27,Train,0.010761348530650139,0.0185747420036142
2015-03-30,Train,0.00562549801543355,0.004122503496418517
2015-03-31,Train,0.014219192788004875,0.02121210128917261
2015-04-01,Train,0.017628133296966553,0.02513088351218529
2015-04-02,Train,0.020341528579592705,0.008466508432215303
2015-04-06,Train,0.015257120132446289,0.0152858564434224
2015-04-07,Train,0.015080651268362999,0.02136100606471958
2015-04-08,Train,0.01279421616345644,0.01884848225557634
2015-04-09,Train,0.009818862192332745,0.01630789339124217
2015-04-10,Train,0.011856327764689922,0.02589327995849033
2015-04-13,Train,0.010248655453324318,0.02586526509554243
2015-04-14,Train,0.011932237073779106,0.02677990851560619
2015-04-15,Train,0.008044189773499966,0.01400224580404519
2015-04-16,Train,0.005248199682682753,-0.0005572029587512795
2015-04-17,Train,0.010326657444238663,0.0286765480074298
2015-04-20,Train,0.0017266339855268598,0.01514874447888159
2015-04-21,Train,-0.0003672639431897551,-0.005645017806157226
2015-04-22,Train,-0.003988733049482107,-0.01785552152932246
2015-04-23,Train,-0.004304701462388039,-0.01567943446499653
2015-04-24,Train,-0.005956952925771475,-0.01673600921656249
2015-04-27,Train,-0.006007934920489788,-0.01804829906229577
2015-04-28,Train,-0.005837874952703714,-0.0205380054291836
2015-04-29,Train,-0.004645302891731262,-0.01234566523053571
2015-04-30,Train,0.005124774295836687,0.01811766819100979
2015-05-01,Train,0.005878638010472059,0.004860144561805502
2015-05-04,Train,0.006836134474724531,0.007598591743588567
2015-05-05,Train,0.025577211752533913,0.02317362088305575
2015-05-06,Train,0.02953178994357586,0.03092496560838209
2015-05-07,Train,0.02162415161728859,0.03008852727382427
2015-05-08,Train,0.00039041589479893446,0.01637683999737183
2015-05-11,Train,0.0009308442240580916,0.008589640103543239
2015-05-12,Train,0.01527776662260294,0.02950454946364878
2015-05-13,Train,0.013171324506402016,0.02509258411548765
2015-05-14,Train,-6.258281064219773e-05,0.004289114919232784
2015-05-15,Train,0.0002489956677891314,0.007665598867078849
2015-05-18,Train,0.0002047239540843293,9.087894287063136e-05
2015-05-19,Train,6.483496690634638e-05,0.00418409199797698
2015-05-20,Train,-0.0011893264017999172,-0.004090578755552188
2015-05-21,Train,-0.0018614595755934715,-0.01157531884700513
2015-05-22,Train,-0.0014367157127708197,-0.02063907625692663
2015-05-26,Train,0.0018049360951408744,-0.01089738869292955
2015-05-27,Train,-0.0019913737196475267,-0.01324802841413175
2015-05-28,Train,-0.0028693650383502245,-0.009574542203590553
2015-05-29,Train,-0.0009692293242551386,-0.01181283976108938
2015-06-01,Train,-0.0029663564637303352,-0.02001448216917467
2015-06-02,Train,0.004191131796687841,-0.01153808164429504
2015-06-03,Train,0.004777338355779648,-0.01177538979882242
2015-06-04,Train,0.005481407977640629,0.01031402800285908
2015-06-05,Train,0.011423217132687569,0.005397953535383193
2015-06-08,Train,0.01785978116095066,0.02319987475917928
2015-06-09,Train,0.01836579479277134,0.02573834574866996
2015-06-10,Train,0.007290929555892944,0.006667306340090384
2015-06-11,Train,0.007590148132294416,0.003191960503881042
2015-06-12,Train,0.007166833616793156,0.004781578327047509
2015-06-15,Train,0.005891791544854641,-0.01404673002427292
2015-06-16,Train,0.0020748835522681475,-0.01590076570228227
2015-06-17,Train,-0.001031658030115068,-0.01081576830136877
2015-06-18,Train,-0.0033092638477683067,-0.02475386604688612
2015-06-19,Train,-0.018782399594783783,-0.01992904225652903
2015-06-22,Train,-0.01678415946662426,-0.02466120869737221
2015-06-23,Train,-0.017141886055469513,-0.04242264228538339
2015-06-24,Train,-0.017278747633099556,-0.0380149010615255
2015-06-25,Train,-0.011000528000295162,-0.02136362249200996
2015-06-26,Train,-0.009355038404464722,0.002470982710312652
2015-06-29,Train,0.01609412021934986,0.03346142668601826
2015-06-30,Train,0.027273010462522507,0.03091433238094754
2015-07-01,Train,0.018013140186667442,0.0372498548986977
2015-07-02,Train,0.025356628000736237,0.05224640619816401
2015-07-06,Train,0.027207959443330765,0.05831018186295234
2015-07-07,Train,0.025356579571962357,0.0550153040126784
2015-07-08,Train,0.02515331655740738,0.06155157539918954
2015-07-09,Train,0.02077578566968441,0.05819106139752273
2015-07-10,Train,0.015982693061232567,0.03204827588797388
2015-07-13,Train,-0.009244667366147041,0.005842608949236494
2015-07-14,Train,-0.0057432078756392,0.007890396338942507
2015-07-15,Train,-0.0018511157250031829,0.01059979912532216
2015-07-16,Train,-0.0087538817897439,0.001250664522021161
2015-07-17,Train,-0.02131153829395771,-0.01443788575157634
2015-07-20,Train,-0.019384287297725677,-0.02088089851479835
2015-07-21,Train,-0.015033835545182228,-0.02212276526595514
2015-07-22,Train,-0.021216565743088722,-0.003285408786702027
2015-07-23,Train,-0.019762324169278145,-0.01559714837432014
2015-07-24,Train,-0.014180713333189487,-0.00711071940933794
2015-07-27,Train,-0.015240694396197796,0.01261571415681995
2015-07-28,Train,-0.015913624316453934,-0.008908466554821914
2015-07-29,Train,-0.01251618005335331,-0.009233584764793745
2015-07-30,Train,-0.0188960712403059,-0.01552467402513857
2015-07-31,Train,-0.012719540856778622,-0.01286283922524334
2015-08-03,Train,-0.011123165488243103,-0.001523281104566787
2015-08-04,Train,-0.00824852753430605,-0.004758046343486422
2015-08-05,Train,-0.01635557785630226,-0.01888643872233431
2015-08-06,Train,-0.014749686233699322,-0.03051150031961258
2015-08-07,Train,-0.02302025817334652,-0.07170697314641195
2015-08-10,Train,-0.03124013915657997,-0.1175047113579919
2015-08-11,Train,-0.03086991049349308,-0.1094062385921017
2015-08-12,Train,-0.03152579814195633,-0.06777052199846789
2015-08-13,Train,-0.029344215989112854,-0.04259558731404645
2015-08-14,Train,-0.031213022768497467,-0.04424938281713475
2015-08-17,Train,-0.03280450776219368,-0.0638966411835441
2015-08-18,Train,-0.03244755417108536,-0.08848996486184157
2015-08-19,Train,-0.029090000316500664,-0.05656947137847779
2015-08-20,Train,0.010125732980668545,-0.03446023887100924
2015-08-21,Train,0.0277186781167984,-0.002343729103450043
2015-08-24,Train,0.0245682280510664,0.06682918842411789
2015-08-25,Train,0.025846529752016068,0.05882357516443371
2015-08-26,Train,0.025261256843805313,0.01902357670285149
2015-08-27,Train,0.010150117799639702,-0.0006626249075033508
2015-08-28,Train,0.01385760772973299,-0.003503150321533255
2015-08-31,Train,0.020259130746126175,0.02089924605693927
2015-09-01,Train,0.038714565336704254,0.05977232165979385
2015-09-02,Train,0.013871912844479084,0.03108754263814473
2015-09-03,Train,0.014035243541002274,0.01895733722839044
2015-09-04,Train,0.02730276994407177,0.03445572158267218
2015-09-08,Train,0.011029115878045559,-0.008948994984893432
2015-09-09,Train,0.01599118858575821,0.003081067715614116
2015-09-10,Train,0.007844320498406887,-0.011334363617721
2015-09-11,Train,-0.000688614381942898,-0.02510184269716187
2015-09-14,Train,0.0013132794992998242,-0.04997626732760541
2015-09-15,Train,-0.010139472782611847,-0.06592165258606675
2015-09-16,Train,-0.008566080592572689,-0.04977116802621739
2015-09-17,Train,-0.014292827807366848,-0.04583213066924807
2015-09-18,Train,0.008157225325703621,-0.01271947183008071
2015-09-21,Train,0.008558597415685654,-0.001703257992581308
2015-09-22,Train,0.025589143857359886,0.008645547925753672
2015-09-23,Train,0.024961287155747414,0.01391818913413978
2015-09-24,Train,0.03247545659542084,0.0216762999407436
2015-09-25,Train,0.03537719324231148,0.03507579357342849
2015-09-28,Train,0.04642500355839729,0.06800683265362606
2015-09-29,Train,0.04821719974279404,0.06665323385999966
2015-09-30,Train,0.04233755171298981,0.04097875473079049
2015-10-01,Train,0.03354962170124054,0.05331634595146495
2015-10-02,Train,0.029874756932258606,0.03951543626514264
2015-10-05,Train,0.018180977553129196,0.03071088022530355
2015-10-06,Train,0.018431294709444046,0.03028571719215023
2015-10-07,Train,0.01634436473250389,0.01789263882222891
2015-10-08,Train,0.030473846942186356,0.03451198422812474
2015-10-09,Train,0.025239037349820137,0.05866892022545134
2015-10-12,Train,0.03107001632452011,0.05674686306433596
2015-10-13,Train,0.027917003259062767,0.06578702598790409
2015-10-14,Train,0.03209904208779335,0.07637115372967052
2015-10-15,Train,0.02138861082494259,0.05730471137618065
2015-10-16,Train,0.017436319962143898,0.04818718971626512
2015-10-19,Train,0.009115030989050865,0.05398200167279765
2015-10-20,Train,0.016247015446424484,0.06313553163049779
2015-10-21,Train,0.029108867049217224,0.0697544664635521
2015-10-22,Train,0.009115993976593018,0.0455746973085851
2015-10-23,Train,-0.0026268030051141977,0.01782232805449757
2015-10-26,Train,-0.0026268030051141977,0.00638016154575527
2015-10-27,Train,-0.002487834310159087,0.001768632339969267
2015-10-28,Train,-0.003311650827527046,-0.007717920358941588
2015-10-29,Train,-0.0037156776525080204,-0.01581162579293027
2015-10-30,Train,-0.007197880186140537,-0.0307950713560099
2015-11-02,Train,-0.01098349504172802,-0.02783354353388012
2015-11-03,Train,-0.009908611886203289,-0.03060607083800815
2015-11-04,Train,-0.010019375942647457,-0.01208484985408165
2015-11-05,Train,-0.010019375942647457,-0.008717635846754668
2015-11-06,Train,-0.008052525110542774,-0.00270056238453964
2015-11-09,Train,-0.001144224894233048,0.005106998614186953
2015-11-10,Train,-0.001144224894233048,0.006797354173362358
2015-11-11,Train,0.0009672989835962653,0.008927012035346404
2015-11-12,Train,0.009023857302963734,0.02026059107923306
2015-11-13,Train,0.01152732502669096,0.03805535728822518
2015-11-16,Train,0.007621551398187876,0.03356673446981318
2015-11-17,Train,0.00903311651200056,0.02654945861681246
2015-11-18,Train,-0.0027230754494667053,-0.009856509233998167
2015-11-19,Train,-0.002926518442109227,0.01257585363371128
2015-11-20,Train,-0.007127236574888229,0.001222915666869273
2015-11-23,Train,-0.008075937628746033,0.004204955945009248
2015-11-24,Train,-0.007891412824392319,-0.01017100947891203
2015-11-25,Train,-0.007662747520953417,-0.006570302146075457
2015-11-27,Train,-0.007838883437216282,-0.03079342768126736
2015-11-30,Train,-0.006579135078936815,-0.02096123013518592
2015-12-01,Train,-0.007298571988940239,-0.02474822866346738
2015-12-02,Train,-0.003633050713688135,-0.004106540881090082
2015-12-03,Train,0.005585030186921358,-0.001688760446170723
2015-12-04,Train,-0.00819892343133688,-0.04611774871236574
2015-12-07,Train,-0.005036625545471907,-0.03114639338054526
2015-12-08,Train,-0.004045679233968258,-0.02486258869762048
2015-12-09,Train,-0.0009303338592872024,-0.002480279748522607
2015-12-10,Train,-0.0010267356410622597,-0.007142902796200001
2015-12-11,Train,0.0012027494376525283,0.01570536916139398
2015-12-14,Train,-0.00039026563172228634,0.02391835406282872
2015-12-15,Train,0.0016635494539514184,0.008547761600402604
2015-12-16,Train,-0.01235522422939539,-0.01859977789211975
2015-12-17,Train,-0.012519094161689281,-0.02510683495803256
2015-12-18,Train,-0.021104538813233376,-0.004734628642370731
2015-12-21,Train,-0.02854102849960327,-0.02512382565380922
2015-12-22,Train,-0.03041582554578781,-0.06181782168702854
2015-12-23,Train,-0.03451324626803398,-0.07636975781465849
2015-12-24,Train,-0.03475261852145195,-0.07336348499423606
2015-12-28,Train,-0.03496992960572243,-0.06211675055181409
2015-12-29,Train,-0.035047970712184906,-0.1084864496483336
2015-12-30,Train,-0.03392383083701134,-0.0812218347391056
2015-12-31,Train,-0.03196915611624718,-0.0985160398027134
2016-01-04,Train,-0.021020248532295227,-0.07707764786672378
2016-01-05,Train,-0.01711278222501278,-0.07830937471209176
2016-01-06,Train,-0.006074186414480209,-0.06844636537864557
2016-01-07,Train,-0.0034755333326756954,-0.01048923500244192
2016-01-08,Train,-0.00023010524455457926,-0.01711372697565627
2016-01-11,Train,-0.005272082518786192,-0.01131026823028913
2016-01-12,Train,-0.0037289299070835114,-0.04699639038702086
2016-01-13,Train,0.006963697262108326,0.0009813392799185028
2016-01-14,Train,0.01254124753177166,0.0005765115669231768
2016-01-15,Train,0.015917442739009857,0.03540269192649026
2016-01-19,Train,0.011749851517379284,0.01078571139538353
2016-01-20,Train,0.007579859346151352,0.009032294412996356
2016-01-21,Train,0.011100930161774158,0.00793260350879521
2016-01-22,Train,-0.005753533914685249,-0.05444727839703456
2016-01-25,Train,-0.005429524462670088,-0.05487626358344511
2016-01-26,Train,-0.007042041514068842,-0.06621426786252771
2016-01-27,Train,-0.0019974522292613983,-0.03867567427750207
2016-01-28,Train,-0.005994137842208147,-0.05343134262982541
2016-01-29,Train,-0.007253872696310282,-0.05867666159139373
2016-02-01,Train,-0.007132245693355799,-0.04003448097466844
2016-02-02,Train,0.004067369736731052,0.003426318833998465
2016-02-03,Train,0.010823704302310944,-0.003246132393930679
2016-02-04,Train,0.0128004290163517,-0.0001967955943005251
2016-02-05,Train,0.026042096316814423,0.05258862503338646
2016-02-08,Train,0.04833182319998741,0.05133511636800403
2016-02-09,Train,0.048087384551763535,0.06468026761495471
2016-02-10,Train,0.04742066189646721,0.07105176278540992
2016-02-11,Train,0.0482354573905468,0.0712583846292556
2016-02-12,Train,0.046462543308734894,0.04570499398451555
2016-02-16,Train,0.0328955315053463,0.05547238723313019
2016-02-17,Train,0.025099655613303185,0.03248782274199691
2016-02-18,Train,0.0236220546066761,0.04243556049206987
2016-02-19,Train,0.023408763110637665,0.03975205180271191
2016-02-22,Train,0.012684785760939121,0.01684738462756763
2016-02-23,Train,0.017459390684962273,0.02530025249555101
2016-02-24,Train,0.014082711189985275,0.0221355102439218
2016-02-25,Train,0.01423235610127449,0.01062192091008152
2016-02-26,Train,0.016936415806412697,0.02958520303166456
2016-02-29,Train,0.022876933217048645,0.04068290896532023
2016-03-01,Train,0.01719527691602707,0.007940224318188305
2016-03-02,Train,0.018046533688902855,0.01653595360220894
2016-03-03,Train,0.015362126752734184,0.01789263882222891
2016-03-04,Train,0.015362126752734184,0.0160878641723714
2016-03-07,Train,0.02488531358540058,0.02637596992004676
2016-03-08,Train,0.025558553636074066,0.0381181100579886
2016-03-09,Train,0.02541966550052166,0.02299183046294528
2016-03-10,Train,0.03088049776852131,0.02484233119764734
2016-03-11,Train,0.025185970589518547,0.005822168832937624
2016-03-14,Train,0.025421880185604095,0.02024940188607038
2016-03-15,Train,0.026112563908100128,0.02560258301841123
2016-03-16,Train,0.021339915692806244,0.01505851542679437
2016-03-17,Train,0.01884627155959606,0.02641372819897958
2016-03-18,Train,0.017017541453242302,0.02393591905636816
2016-03-21,Train,0.017580723389983177,0.0101122212508824
2016-03-22,Train,0.017453975975513458,0.02358486272276661
2016-03-23,Train,0.018629271537065506,0.01725261975384873
2016-03-24,Train,0.01724136248230934,0.01622224341893608
2016-03-28,Train,0.015494853258132935,0.01391091266248701
2016-03-29,Train,0.0151272127404809,0.006248279828492409
2016-03-30,Train,0.013944307342171669,0.01417340017471713
2016-03-31,Train,0.014059482142329216,0.01575092736969919
2016-04-01,Train,-0.0069181667640805244,0.002537140066585009
2016-04-04,Train,-0.006531865801662207,0.01173368097944927
2016-04-05,Train,-0.005353542510420084,0.01533804041575149
2016-04-06,Train,-0.007925799116492271,-0.0002710651467715541
2016-04-07,Train,-0.008425697684288025,0.01439310293793228
2016-04-08,Train,-0.009595482610166073,-0.000183455440976199
2016-04-11,Train,-0.00965042319148779,0.003499124200292192
2016-04-12,Train,-0.012353845871984959,-0.009679528511647995
2016-04-13,Train,-0.013856993988156319,-0.030024359580761
2016-04-14,Train,-0.013694370165467262,-0.04183194614357211
2016-04-15,Train,-0.00918645691126585,-0.04446853033339437
2016-04-18,Train,-0.012382707558572292,-0.04054663310364215
2016-04-19,Train,-0.01447286270558834,-0.04360017694949836
2016-04-20,Train,-0.014230471104383469,-0.05052418988366003
2016-04-21,Train,-0.01088604237884283,-0.05088120022750975
2016-04-22,Train,-0.01380204875022173,-0.03119839806522262
2016-04-25,Train,-0.0017340873600915074,-0.02844564147573403
2016-04-26,Train,-0.005234424490481615,-0.01032729505489993
2016-04-27,Train,0.0036682935897260904,-0.01134040899738076
2016-04-28,Train,0.0011846565175801516,-0.003669546425742021
2016-04-29,Train,0.0012607346288859844,-0.00208098011883151
2016-05-02,Train,-0.001133995596319437,0.0009370171755742618
2016-05-03,Train,0.007871226407587528,-0.002364513308072302
2016-05-04,Train,0.010036831721663475,0.007710590528918537
2016-05-05,Train,0.008131762966513634,0.002761387590907827
2016-05-06,Train,0.009355977177619934,0.00842962089612942
2016-05-09,Train,0.007445684168487787,0.004250137790990483
2016-05-10,Train,0.007149368990212679,0.010528251506011
2016-05-11,Train,0.014222951605916023,0.02707782283650784
2016-05-12,Train,0.0165697168558836,0.03465859089715018
2016-05-13,Train,0.01671662926673889,0.04388622989021762
2016-05-16,Train,0.011644084006547928,0.03295259926158711
2016-05-17,Train,0.016816655173897743,0.04616984226581722
2016-05-18,Train,0.015955185517668724,0.04458720190335597
2016-05-19,Train,0.016997048631310463,0.04510492935257293
2016-05-20,Train,0.012852940708398819,0.03747532467383574
2016-05-23,Train,0.015378735959529877,0.03620801662580875
2016-05-24,Train,0.00815939623862505,0.0176102127810438
2016-05-25,Train,0.008070816285908222,0.008696490261940859
2016-05-26,Train,0.007657124660909176,-0.005658955193531434
2016-05-27,Train,0.0051878164522349834,-0.01906836036042781
2016-05-31,Train,0.004249126650393009,-0.02093526948759283
2016-06-01,Train,0.0006937478319741786,-0.02383323325586406
2016-06-02,Train,0.0010012207785621285,-0.0229698035220508
2016-06-03,Train,0.0004669340851251036,-0.03243685057255818
2016-06-06,Train,-0.0005140175926499069,-0.02987502670391717
2016-06-07,Train,0.001286731450818479,-0.02432383642905001
2016-06-08,Train,-0.0003697033098433167,-0.02835919910230711
2016-06-09,Train,0.00024097615096252412,-0.01288688417168282
2016-06-10,Train,0.0017646936466917396,-0.04268405931402397
2016-06-13,Train,0.006640913896262646,-0.05378133503882987
2016-06-14,Train,0.0074736252427101135,-0.03304637355516093
2016-06-15,Train,0.008125558495521545,-0.01308952512189887
2016-06-16,Train,0.006345427595078945,-0.00462791554760289
2016-06-17,Train,0.012297775596380234,0.01493101698921251
2016-06-20,Train,0.01180431991815567,0.002426227117868773
2016-06-21,Train,0.01109262090176344,0.007441888853561007
2016-06-22,Train,0.01197032444179058,0.01286837849964861
2016-06-23,Train,0.011259572580456734,0.01406643795082752
2016-06-24,Train,0.02825486846268177,0.06366860994686063
2016-06-27,Train,0.04081873968243599,0.0906867201366155
2016-06-28,Train,0.028228215873241425,0.06471378705224695
2016-06-29,Train,0.024722376838326454,0.05333464329368232
2016-06-30,Train,0.024272708222270012,0.03961318672088066
2016-07-01,Train,0.021678993478417397,0.04126571991962313
2016-07-05,Train,0.024722376838326454,0.04384657572852491
2016-07-06,Train,0.022350946441292763,0.04746075018291518
2016-07-07,Train,0.0161347147077322,0.04198119539025003
2016-07-08,Train,0.015071776695549488,0.03037169883439739
2016-07-11,Train,0.013566908426582813,0.02461014468063794
2016-07-12,Train,0.012908147647976875,0.02062968065142678
2016-07-13,Train,0.013769172132015228,0.03021039897027178
2016-07-14,Train,0.013655079528689384,0.02679049750014362
2016-07-15,Train,0.014942819252610207,0.03067978722315301
2016-07-18,Train,0.011765277944505215,0.0293228664965115
2016-07-19,Train,0.013485847041010857,0.02523857933090623
2016-07-20,Train,0.011789634823799133,0.01674888800770047
2016-07-21,Train,0.010625449940562248,0.0220003344853823
2016-07-22,Train,0.010134370997548103,0.02754067057979981
2016-07-25,Train,0.009437068365514278,0.02630650859961481
2016-07-26,Train,0.008521581068634987,0.02750678643320814
2016-07-27,Train,0.009033762849867344,0.01780416200843904
2016-07-28,Train,0.006969061680138111,0.0186119266582836
2016-07-29,Train,0.005272683221846819,0.01709618618344044
2016-08-01,Train,0.002148629864677787,0.01605663561077963
2016-08-02,Train,0.006547991186380386,0.01818027125895694
2016-08-03,Train,0.005898683797568083,0.01664648742241281
2016-08-04,Train,0.006549539510160685,0.01400538404276519
2016-08-05,Train,0.005698189605027437,0.004110321647123438
2016-08-08,Train,0.00357279391027987,0.006000831025166242
2016-08-09,Train,0.0036324586253613234,0.005473823124113153
2016-08-10,Train,0.00347021478228271,0.001543477113158165
2016-08-11,Train,0.0036665673833340406,-0.004354526334276021
2016-08-12,Train,0.00347021478228271,-0.003583602217419823
2016-08-15,Train,0.0031301581766456366,-0.006457047804089067
2016-08-16,Train,0.003026711056008935,-0.004186292015279869
2016-08-17,Train,0.002101321006193757,-0.006993004263052605
2016-08-18,Train,0.001494053634814918,-0.004689257800875368
2016-08-19,Train,0.001587969483807683,-0.001193922796332458
2016-08-22,Train,0.0012449835194274783,0.00426075847039975
2016-08-23,Train,0.000868474249728024,0.003062271332322286
2016-08-24,Train,0.00011509517207741737,0.003681509365930813
2016-08-25,Train,-0.00288185803219676,-0.01998114929130579
2016-08-26,Train,-0.0018373474013060331,-0.003853373462459397
2016-08-29,Train,-0.003411624114960432,-0.01410981265119826
2016-08-30,Train,-0.0024175867438316345,-0.006177086786066432
2016-08-31,Train,-0.0020813297014683485,0.01030571043526085
2016-09-01,Train,-0.0013314752141013741,0.00471135053813887
2016-09-02,Train,-0.00014467022265307605,-0.002903039270079621
2016-09-06,Train,-0.005253960844129324,-0.007212545482618293
2016-09-07,Train,-0.0044575952924788,0.001950503396413339
2016-09-08,Train,-0.004616386257112026,0.01586618551305374
2016-09-09,Train,0.004622797481715679,0.03543929904636567
2016-09-12,Train,0.0041726455092430115,0.008682149840440578
2016-09-13,Train,0.005851090885698795,0.02784282295933549
2016-09-14,Train,0.0021365503780543804,0.02468923256876931
2016-09-15,Train,0.005120447371155024,0.001700076073442913
2016-09-16,Train,0.0021375876385718584,0.01219200523500441
2016-09-19,Train,0.002242688788101077,0.01515674165921244
2016-09-20,Train,0.0024544047191739082,0.01170942518446183
2016-09-21,Train,-0.00014088292664382607,0.005416837760330084
2016-09-22,Train,-0.00044376635923981667,-0.003022864993090013
2016-09-23,Train,-0.0019410750828683376,0.001183126742855256
2016-09-26,Train,-0.0004903299268335104,0.0160218590547665
2016-09-27,Train,-0.003722751745954156,-0.008270070522646389
2016-09-28,Train,-0.004241327755153179,-0.01078347777763633
2016-09-29,Train,-0.002052531111985445,-0.007128278716863168
2016-09-30,Train,-0.0019872465636581182,-0.01330864062338943
2016-10-03,Train,-0.0023364711087197065,-0.01459302667565765
2016-10-04,Train,-0.002615117933601141,-0.004308542066374099
2016-10-05,Train,-0.004796632565557957,-0.007913144491636936
2016-10-06,Train,-0.0025298239197582006,-0.008590956317878096
2016-10-07,Train,-0.005834153853356838,-0.002701103161365515
2016-10-10,Train,-0.0050896331667900085,0.00293573620648746
2016-10-11,Train,-0.001083051203750074,0.01421039692004089
2016-10-12,Train,-0.0007497802725993097,0.008175771584422842
2016-10-13,Train,0.0008128188201226294,0.007179455879407159
2016-10-14,Train,0.0021361575927585363,-0.0003414795606604404
2016-10-17,Train,0.0037706024013459682,0.001455214598437005
2016-10-18,Train,0.0006153147551231086,-0.01484812481704922
2016-10-19,Train,0.0009400068665854633,-0.02265590329669476
2016-10-20,Train,0.0002565892937127501,-0.03109333158764449
2016-10-21,Train,-0.00010722216393332928,-0.03808717682508322
2016-10-24,Train,-0.00023224293545354158,-0.02692984217547434
2016-10-25,Train,0.0006101530161686242,-0.01745114345540189
2016-10-26,Train,-7.841538172215223e-05,-0.006166546244939952
2016-10-27,Train,0.00149359623901546,-0.01773588257672576
2016-10-28,Train,-0.0012510683154687285,-0.01110158359780489
2016-10-31,Train,-0.0017090383917093277,-0.02017266991576228
2016-11-01,Train,0.006394646130502224,0.000947382738552438
2016-11-02,Train,0.016367629170417786,0.01501999784988595
2016-11-03,Train,0.017283843830227852,0.03252958338623624
2016-11-04,Train,0.01673886366188526,0.03229210840010088
2016-11-07,Train,0.00835649948567152,0.01882253949400226
2016-11-08,Train,0.002880532993003726,0.01528478273587441
2016-11-09,Train,0.0010204714490100741,0.006544807760984428
2016-11-10,Train,0.01357277762144804,0.0263499183737177
2016-11-11,Train,0.007640449330210686,0.02357509201721575
2016-11-14,Train,0.015032789669930935,0.03759927847210842
2016-11-15,Train,0.007171445991843939,0.01101358428714994
2016-11-16,Train,0.003497081808745861,-0.01231718754853617
2016-11-17,Train,-0.0022795086260885,-0.01749325026000903
2016-11-18,Train,0.004634252283722162,-0.006137071450528553
2016-11-21,Train,0.004315563943237066,-0.0140037426125238
2016-11-22,Train,0.003588654799386859,-0.00454163926490625
2016-11-23,Train,0.002414865419268608,0.001266690830926231
2016-11-25,Train,-0.0007739929715171456,0.005892230052698011
2016-11-28,Train,0.003418110543861985,0.003627776171468922
2016-11-29,Train,0.004063892178237438,0.01277952422958117
2016-11-30,Train,0.00596278952434659,0.02306382199551194
2016-12-01,Train,0.02003420516848564,0.04269507450470056
2016-12-02,Train,0.01584453694522381,0.03370787924587026
2016-12-05,Train,0.014710863120853901,0.02993137143603075
2016-12-06,Train,0.014018453657627106,0.03139977656213122
2016-12-07,Train,0.009391382336616516,0.01774246758442
2016-12-08,Train,0.00905466265976429,0.0130724724276563
2016-12-09,Train,0.004954541102051735,0.005857715048051881
2016-12-12,Train,0.007601968478411436,0.01563551298475363
2016-12-13,Train,0.008308583870530128,-0.004814891544602795
2016-12-14,Train,0.008920096792280674,-0.004159387769803069
2016-12-15,Train,0.008392379619181156,-0.01594682844362449
2016-12-16,Train,0.00893693882972002,-0.0005016518341071086
2016-12-19,Train,0.007777861785143614,0.0008327596516386482
2016-12-20,Train,0.007527376990765333,0.002654497608654882
2016-12-21,Train,0.007435954175889492,0.01220323121264744
2016-12-22,Train,0.010922065004706383,0.01839826035581349
2016-12-23,Train,0.011246838606894016,0.01996673533121918
2016-12-27,Train,0.010946303606033325,0.0174640011230025
2016-12-28,Train,0.011198888532817364,0.02385719616180615
2016-12-29,Train,0.011123422533273697,0.02881968594120732
2016-12-30,Train,0.015567648224532604,0.03637742603373684
2017-01-03,Train,0.011695610359311104,0.02927890223518803
2017-01-04,Train,0.011271887458860874,0.02321325284012277
2017-01-05,Train,0.012201433070003986,0.01969055348172621
2017-01-06,Train,0.011901563964784145,0.01164601136218502
2017-01-09,Train,0.013368263840675354,0.01512301517559078
2017-01-10,Train,0.01179124042391777,0.02308321261237256
2017-01-11,Train,0.011818292550742626,0.02139426703724845
2017-01-12,Train,0.010520481504499912,0.0249307906244598
2017-01-13,Train,0.010382973589003086,0.01347836946537506
2017-01-17,Train,0.011211571283638477,0.01449628443704798
2017-01-18,Train,0.01119138766080141,0.01942457226808125
2017-01-19,Train,0.011433733627200127,0.01902745384628979
2017-01-20,Train,0.011765031144022942,0.01971602681684215
2017-01-23,Train,0.013795987702906132,0.02010541862676951
2017-01-24,Train,0.014604838564991951,0.01699146887716352
2017-01-25,Train,0.011134126223623753,0.008530652094561608
2017-01-26,Train,0.008556588552892208,0.01115006015531006
2017-01-27,Train,0.008372554555535316,0.01255957204555957
2017-01-30,Train,0.01426667720079422,0.02627789149744264
2017-01-31,Train,0.01419060304760933,0.03178934811089351
2017-02-01,Train,0.014309348538517952,0.03077408093411083
2017-02-02,Train,0.014037618413567543,0.03135972163059364
2017-02-03,Train,0.014828970655798912,0.03286121294867539
2017-02-06,Train,0.013850782997906208,0.03671616506364295
2017-02-07,Train,0.011836923658847809,0.03333596527003468
2017-02-08,Train,0.0134187126532197,0.02774699214890064
2017-02-09,Train,0.011739580892026424,0.02599240269502223
2017-02-10,Train,0.009294153191149235,0.02386560669709681
2017-02-13,Train,0.0025780934374779463,0.01498827539004011
2017-02-14,Train,0.005899180192500353,0.02264065735429011
2017-02-15,Train,0.0043090092949569225,0.01152452293710393
2017-02-16,Train,0.003839067881926894,0.01369442377145802
2017-02-17,Train,0.0011849781731143594,0.007087267438935507
2017-02-21,Train,0.0010210080072283745,0.0004599276350887305
2017-02-22,Train,6.320124521153048e-05,0.001839122552981243
2017-02-23,Train,0.002120804740116,0.0063841386518253
2017-02-24,Train,0.0027038385160267353,0.008674995627711235
2017-02-27,Train,0.004027887713164091,0.009124386275981555
2017-02-28,Train,0.004807827994227409,0.009767643223657974
2017-03-01,Train,0.003050051396712661,0.005021330263620394
2017-03-02,Train,0.003169925883412361,0.009405075233368088
2017-03-03,Train,0.003266691230237484,0.005113708953573326
2017-03-06,Train,0.004305809270590544,0.008261316196365387
2017-03-07,Train,0.003493731375783682,-0.005363550514941751
2017-03-08,Train,0.002999945543706417,-0.0003824617535328478
2017-03-09,Train,0.006621980108320713,-0.003668570322330811
2017-03-10,Train,0.00619020638987422,-0.005784264482581403
2017-03-13,Train,0.00510277459397912,-0.005850651689765063
2017-03-14,Train,0.0012809796025976539,0.002665900840994162
2017-03-15,Train,0.001131603610701859,0.001135457150295949
2017-03-16,Train,0.0014096098020672798,0.003484635504953149
2017-03-17,Train,0.0013593246694654226,0.005239596238243438
2017-03-20,Train,0.005205137189477682,0.003717513862681265
2017-03-21,Train,0.01129275280982256,0.02079960711056517
2017-03-22,Train,0.0077958316542208195,0.009794159885112563
2017-03-23,Train,0.007058036979287863,0.0128873325246659
2017-03-24,Train,0.007818481884896755,0.01025795213812275
2017-03-27,Train,0.007232309319078922,0.00901870962700868
2017-03-28,Train,0.005796871148049831,-0.001443348847517512
2017-03-29,Train,0.006172969471663237,-0.01005672462045137
2017-03-30,Train,0.004949264694005251,-0.01562623465798862
2017-03-31,Train,0.00506396172568202,-0.00679867897021269
2017-04-03,Train,0.006305328104645014,-0.00770978268278566
2017-04-04,Train,0.007253454532474279,-0.00769744967138497
2017-04-05,Train,0.008592691272497177,0.004698000389881329
2017-04-06,Train,0.01227770745754242,0.003938233102860567
2017-04-07,Train,0.018237264826893806,0.0165946989554373
2017-04-10,Train,0.024410085752606392,0.0235570406734209
2017-04-11,Train,0.02538851648569107,0.02655006142402749
2017-04-12,Train,0.02649117261171341,0.0368927734387976
2017-04-13,Train,0.026367446407675743,0.0428681890975946
2017-04-17,Train,0.019736580550670624,0.04350472624410839
2017-04-18,Train,0.02020268142223358,0.0468463890437989
2017-04-19,Train,0.018823351711034775,0.04182827416708812
2017-04-20,Train,0.00964278168976307,0.03356208666679406
2017-04-21,Train,0.009526873007416725,0.03756786224545472
2017-04-24,Train,0.010365557856857777,0.02742987906477357
2017-04-25,Train,0.013707952573895454,0.02360691427616457
2017-04-26,Train,0.013958541676402092,0.02564096185325426
2017-04-27,Train,0.014493085443973541,0.01871081610410918
2017-04-28,Train,0.014568149112164974,0.01919259140321716
2017-05-01,Train,0.012468930333852768,0.01341105232374562
2017-05-02,Train,0.013658729381859303,0.01593540390104509
2017-05-03,Train,0.009713011793792248,-0.006715805037260325
2017-05-04,Train,0.012181098572909832,0.001605379680979402
2017-05-05,Train,0.009760021232068539,0.002181205950284593
2017-05-08,Train,0.005649889353662729,0.00841558105722684
2017-05-09,Train,0.0033130294177681208,0.005928224566296159
2017-05-10,Train,0.0055206394754350185,0.009971133986065528
2017-05-11,Train,0.008020649664103985,0.01937962300009066
2017-05-12,Train,0.009180898778140545,0.01890328284134934
2017-05-15,Train,0.006793930660933256,0.01654202504904179
2017-05-16,Train,0.004391079768538475,0.01196102440444591
2017-05-17,Train,0.01729567162692547,0.04240456164541473
2017-05-18,Train,0.015537016093730927,0.04516984157916792
2017-05-19,Train,0.012129792012274265,0.04055424032504851
2017-05-22,Train,0.006940443068742752,0.02776978856368029
2017-05-23,Train,0.008842666633427143,0.03076037658524888
2017-05-24,Train,0.004508022218942642,0.0271140977108324
2017-05-25,Train,-0.0033790634479373693,-0.007022809708386868
2017-05-26,Train,-0.003929337486624718,-0.01409152723383722
2017-05-30,Train,-0.0024566384963691235,-0.006933605157285139
2017-05-31,Train,-0.002704220125451684,-0.01089952126343519
2017-06-01,Train,-0.004832810256630182,-0.01910597521888246
2017-06-02,Train,-0.00737262237817049,-0.03701388936899819
2017-06-05,Train,-0.00780999381095171,-0.02070686825333401
2017-06-06,Train,-0.004238356836140156,-0.02449950990512872
2017-06-07,Train,-0.0028319498524069786,-0.01868632485006927
2017-06-08,Train,-0.0010131227318197489,-0.01999031991058775
2017-06-09,Train,0.004884639754891396,0.009001355937154898
2017-06-12,Train,0.005395718850195408,0.009696230301963649
2017-06-13,Train,0.009448817931115627,-0.01660018396211693
2017-06-14,Train,0.01104946993291378,0.001932052039076426
2017-06-15,Train,0.010545875877141953,-0.01106884561830501
2017-06-16,Train,0.011968100443482399,-0.003691599923037803
2017-06-19,Train,0.00394981587305665,-0.0304001428759676
2017-06-20,Train,0.004990706220269203,-0.01313147117565927
2017-06-21,Train,0.0014074686914682388,-0.03161867296678056
2017-06-22,Train,-0.0004950238508172333,-0.020895540193137
2017-06-23,Train,-0.003542541293427348,-0.01826679220272021
2017-06-26,Train,-0.0022981122601777315,-0.01088347388937716
2017-06-27,Train,0.008377701975405216,0.01934360785740874
2017-06-28,Train,0.005841119680553675,0.007070348551401207
2017-06-29,Train,0.013927873224020004,0.03292389635778603
2017-06-30,Train,0.02363532967865467,0.03305727311780271
2017-07-03,Train,0.03370772674679756,0.05103162364089342
2017-07-05,Train,0.026399504393339157,0.04689883665739658
2017-07-06,Train,0.032304760068655014,0.05781792700120603
2017-07-07,Train,0.022454174235463142,0.04609470351859324
2017-07-10,Train,0.02210094779729843,0.04406462172928105
2017-07-11,Train,0.01666201278567314,0.03847530188643833
2017-07-12,Train,0.010869714431464672,0.02963751428139183
2017-07-13,Train,0.012359839864075184,0.02092058947557951
2017-07-14,Train,0.009524463675916195,0.01210245764000262
2017-07-17,Train,0.009435731917619705,0.007314109770561128
2017-07-18,Train,0.0023410061839967966,0.002934177523656434
2017-07-19,Train,0.0013569428119808435,-0.0002083538004379326
2017-07-20,Train,0.0020940753165632486,-0.005410271132713973
2017-07-21,Train,0.0023618668783456087,-0.003192052681416424
2017-07-24,Train,-0.0018631723942235112,-0.001450623110240135
2017-07-25,Train,-0.0021221970673650503,-0.0006232433635360302
2017-07-26,Train,-0.0013693890068680048,-0.005177055465442004
2017-07-27,Train,-0.0008623212925158441,-0.02035292996612559
2017-07-28,Train,0.0022733828518539667,-0.01209670660924955
2017-07-31,Train,0.00678244698792696,0.004887223131485374
2017-08-01,Train,0.003409533528611064,0.003273901007913471
2017-08-02,Train,0.0054627954959869385,0.002292475429320984
2017-08-03,Train,0.011334075592458248,-0.01436639631328751
2017-08-04,Train,0.014661434106528759,-0.01684648988352333
2017-08-07,Train,0.005055710673332214,-0.02428053795043295
2017-08-08,Train,0.00635747704654932,-0.00769177901136664
2017-08-09,Train,0.00517940241843462,-0.00992223649895696
2017-08-10,Train,0.023700406774878502,0.008792494532348316
2017-08-11,Train,0.011948502622544765,-0.0009148830206087144
2017-08-14,Train,0.00593467615544796,-0.01056061343027948
2017-08-15,Train,0.0018343463307246566,-0.007359560977418522
2017-08-16,Train,0.0034429116640239954,0.002564424177418312
2017-08-17,Train,0.024198485538363457,0.03445832487152356
2017-08-18,Train,0.023892229422926903,0.03377472503548917
2017-08-21,Train,0.018797263503074646,0.02580644672735488
2017-08-22,Train,0.011707386933267117,0.01347770932752113
2017-08-23,Train,0.015533460304141045,0.01948278598171904
2017-08-24,Train,0.01602114737033844,0.0136360608922943
2017-08-25,Train,0.0165709238499403,0.02747054915088398
2017-08-28,Train,0.011221266351640224,0.02675372137222598
2017-08-29,Train,0.01295536570250988,0.02413091500864173
2017-08-30,Train,0.00788219552487135,0.006291072938175102
2017-08-31,Train,0.0023860090877860785,-0.0009575881844785528
2017-09-01,Train,-0.0030037544202059507,-0.003082170878371149
2017-09-05,Train,0.0018089578952640295,0.007671577798203932
2017-09-06,Train,0.0015289486618712544,0.001515890672509679
2017-09-07,Train,0.002939449856057763,-0.006942974485190212
2017-09-08,Train,0.006238203030079603,0.0007627807033516731
2017-09-11,Train,-0.0008345397654920816,-0.02104608328096091
2017-09-12,Train,0.005785088054835796,-0.02085900031661314
2017-09-13,Train,0.0054825590923428535,-0.0133860912415571
2017-09-14,Train,0.007939579896628857,-0.007900480322703074
2017-09-15,Train,0.006538799498230219,-0.004176370125618112
2017-09-18,Train,0.012174244970083237,0.0002061063460521151
2017-09-19,Train,0.010568871162831783,0.0006172588203490204
2017-09-20,Train,0.01560293696820736,0.004678311986426653
2017-09-21,Train,0.02370394580066204,0.0207669933585295
2017-09-22,Train,0.021379435434937477,0.02314298897163458
2017-09-25,Train,0.026218725368380547,0.03284315364969825
2017-09-26,Train,0.026069022715091705,0.03094229231841417
2017-09-27,Train,0.020365361124277115,0.02478185245662168
2017-09-28,Train,0.021437421441078186,0.0232670904033303
2017-09-29,Train,0.013959196396172047,0.01986936713843201
2017-10-02,Train,0.009316777810454369,0.02246190569674389
2017-10-03,Train,0.009416847489774227,0.02159156837112075
2017-10-04,Train,0.010389593429863453,0.01937959223934405
2017-10-05,Train,0.01018260046839714,0.005764212708710081
2017-10-06,Train,0.010966259054839611,0.00711095100715653
2017-10-09,Train,0.01136436965316534,0.001695030108406881
2017-10-10,Train,0.011210834607481956,0.002642272178328575
2017-10-11,Train,0.0127961914986372,-0.004120512280573752
2017-10-12,Train,0.013609758578240871,-0.005481474826922628
2017-10-13,Train,0.014375568367540836,0.01954974536110798
2017-10-16,Train,0.013242311775684357,0.0183405818985356
2017-10-17,Train,0.013066647574305534,0.02086688640934686
2017-10-18,Train,0.01354928594082594,0.02176545398279917
2017-10-19,Train,0.01433768030256033,0.02359921824297273
2017-10-20,Train,0.012386946007609367,0.03066369008622027
2017-10-23,Train,0.019199827685952187,0.04095023397876263
2017-10-24,Train,0.020172789692878723,0.03979998088398284
2017-10-25,Train,0.026383141055703163,0.04795501373839617
2017-10-26,Train,0.026234513148665428,0.04579474292378372
2017-10-27,Train,0.012497758492827415,0.01613321273469182
2017-10-30,Train,0.01223401166498661,0.01510748950039686
2017-10-31,Train,0.011820370331406593,0.007624079583588905
2017-11-01,Train,0.01014072634279728,0.003221500425460322
2017-11-02,Train,0.009763848036527634,0.01798297721785658
2017-11-03,Train,0.004357726778835058,0.004436567213585096
2017-11-06,Train,-0.0003190518182236701,0.0002601505082806543
2017-11-07,Train,-0.0010344465263187885,0.01052765184418347
2017-11-08,Train,0.0005616623093374074,0.007702281174150505
2017-11-09,Train,0.001118921209126711,0.01672192090965385
2017-11-10,Train,0.007571368012577295,0.0163327035739802
2017-11-13,Train,0.007647351827472448,0.01767726851899609
2017-11-14,Train,0.014140970073640347,0.003587522408951882
2017-11-15,Train,0.021602990105748177,0.01677696847783494
2017-11-16,Train,0.005687076132744551,-0.0003234618554447399
2017-11-17,Train,0.01240504253655672,-0.008054499895780332
2017-11-20,Train,0.01082371361553669,-0.006630723918089609
2017-11-21,Train,0.0003264767292421311,-0.01286173633440513
2017-11-22,Train,0.0003264767292421311,-0.01072643164466403
2017-11-24,Train,0.0013648238964378834,-0.009983345791846343
2017-11-27,Train,0.001213134964928031,-0.001856767657268388
2017-11-28,Train,0.0036157139111310244,-0.00574745461097248
2017-11-29,Train,0.010932305827736855,0.01384378574264211
2017-11-30,Train,0.00580575643107295,0.004705195069586665
2017-12-01,Train,0.012432259507477283,0.02045432255137136
2017-12-04,Train,0.02104264311492443,0.03883172297210535
2017-12-05,Train,0.023479552939534187,0.03200052004302534
2017-12-06,Train,0.022623544558882713,0.02625406370877448
2017-12-07,Train,0.02128008008003235,0.02291909285401861
2017-12-08,Train,0.010895722545683384,0.01725919988116487
2017-12-11,Train,0.014850668609142303,0.00397697498556826
2017-12-12,Train,0.014044124633073807,0.005459508198327967
2017-12-13,Train,0.014402898959815502,0.00474383106812204
2017-12-14,Train,0.014221202582120895,-0.0007698894804807344
2017-12-15,Train,0.011938774026930332,0.00532833256708698
2017-12-18,Train,0.009958071634173393,0.008761972989134614
2017-12-19,Train,0.009388845413923264,0.01655041636562737
2017-12-20,Train,0.008626111783087254,0.02786770407964601
2017-12-21,Train,0.010137555189430714,0.03173595622437042
2017-12-22,Train,0.011047313921153545,0.03297961874842437
2017-12-26,Train,0.01431079301983118,0.03616143782789405
2017-12-27,Train,0.02030974067747593,0.04311997118628952
2017-12-28,Train,0.022027181461453438,0.04951196310318973
2017-12-29,Train,0.024754192680120468,0.05303036759713353
2018-01-02,Train,0.010686599649488926,0.04605960969118406
2018-01-03,Train,0.006514988839626312,0.03618076978746387
2018-01-04,Train,0.007683079689741135,0.03761461462871574
2018-01-05,Train,0.003988136537373066,0.03829049541967744
2018-01-08,Train,0.001418866217136383,0.04281754121445314
2018-01-09,Train,0.0012938210275024176,0.0359867506851248
2018-01-10,Train,0.005852914415299892,0.03804423299037274
2018-01-11,Train,0.001892130821943283,0.04678792151250133
2018-01-12,Train,-0.004538055043667555,0.0341054193142738
2018-01-16,Train,-0.002443096600472927,0.02853306032114911
2018-01-17,Train,-0.009956378489732742,0.02177453861235845
2018-01-18,Train,-0.008502724580466747,0.0129055559952076
2018-01-19,Train,-0.010247815400362015,-0.01040035929798189
2018-01-22,Train,-0.015476122498512268,-0.05948132459217315
2018-01-23,Train,-0.01552883442491293,-0.04247535355770327
2018-01-24,Train,-0.018961627036333084,-0.04869067614709111
2018-01-25,Train,-0.018961627036333084,-0.08850613967968413
2018-01-26,Train,-0.023058466613292694,-0.0867605874201085
2018-01-29,Train,-0.02302687242627144,-0.06602005046075088
2018-01-30,Train,-0.023143723607063293,-0.05340838571325068
2018-01-31,Train,-0.020967498421669006,-0.03966943012294044
2018-02-01,Train,-0.01760363020002842,-0.01345564226771612
2018-02-02,Train,-0.005273733288049698,0.002126274844893139
2018-02-05,Train,0.03201098367571831,0.04534529718162084
2018-02-06,Train,0.02072368562221527,0.01546429550477257
2018-02-07,Train,0.028072264045476913,0.02864987295137111
2018-02-08,Train,0.029922954738140106,0.0959270219188606
2018-02-09,Train,0.02512536197900772,0.09160786184393799
2018-02-12,Train,0.019900748506188393,0.05929375249238733
2018-02-13,Train,0.014492030255496502,0.04709126531086505
2018-02-14,Train,0.004159572534263134,0.01106468608801325
2018-02-15,Train,-0.00620037317276001,0.001750202475938822
2018-02-16,Train,-0.0006586313247680664,0.0173981268209189
2018-02-20,Train,-0.00030308921122923493,0.01966241231780996
2018-02-21,Train,0.0018498549470677972,0.02493620415558961
2018-02-22,Train,0.0014293167041614652,0.03070386811221471
2018-02-23,Train,-0.0009978321613743901,0.02967238834212904
2018-02-26,Train,-0.009412881918251514,0.02159629146938746
2018-02-27,Train,-0.00028574367752298713,0.02032214370535712
2018-02-28,Train,0.000328676775097847,0.02673276587784112
2018-03-01,Train,0.009186383336782455,0.04286237375295254
2018-03-02,Train,0.0011167357442900538,0.03030302194612577
2018-03-05,Train,-0.01110012922435999,-0.004349614011646796
2018-03-06,Train,-0.010243438184261322,-0.005280642133036473
2018-03-07,Train,-0.009387713856995106,-0.01189838746215788
2018-03-08,Train,-0.019727062433958054,-0.04156362612283837
2018-03-09,Train,-0.037062447518110275,-0.08460388568632915
2018-03-12,Train,-0.03251710906624794,-0.0556066626421845
2018-03-13,Train,-0.04062013328075409,-0.07355427400255588
2018-03-14,Train,-0.04295311123132706,-0.0840516850617089
2018-03-15,Train,-0.03805951029062271,-0.0664606423227021
2018-03-16,Train,-0.03712619096040726,-0.09069120207081272
2018-03-19,Train,-0.019026819616556168,-0.0588869613241304
2018-03-20,Train,-0.013729527592658997,-0.04718156093822667
2018-03-21,Train,-0.008044689893722534,-0.03756293039324654
2018-03-22,Train,-0.00044847384560853243,-0.0378992509415601
2018-03-23,Train,0.014560996554791927,-0.004920817653950804
2018-03-26,Train,-0.001376007916405797,-0.01940381569980953
2018-03-27,Train,0.016004540026187897,0.00754335513219706
2018-03-28,Train,0.016786301508545876,0.0315421730611587
2018-03-29,Train,0.018727848306298256,0.007743647015326482
2018-04-02,Train,0.028654545545578003,0.04559199953137427
2018-04-03,Train,0.021583257243037224,0.05621271719105536
2018-04-04,Train,0.01459458190947771,0.04194313708427222
2018-04-05,Train,0.014140170067548752,0.02651733537176448
2018-04-06,Train,0.02061004750430584,0.03619994887433919
2018-04-09,Train,0.020030895248055458,0.02637420766367926
2018-04-10,Train,0.017849953845143318,-0.01705849442014473
2018-04-11,Train,0.009726649150252342,-0.01016973356143458
2018-04-12,Train,0.00291381124407053,-0.001356274037342176
2018-04-13,Train,0.0038802989292889833,0.004461803572468614
2018-04-16,Train,0.0038668944034725428,-0.01020912422999898
2018-04-17,Train,-0.003945434466004372,-0.01998800242156329
2018-04-18,Train,-0.007787796668708324,-0.02775772079680139
2018-04-19,Train,0.0005554425297304988,-0.01885877473342223
2018-04-20,Train,0.007548139896243811,0.01583482450465579
2018-04-23,Train,0.01482166163623333,0.02687013478235745
2018-04-24,Train,0.022531460970640182,0.04802473992124101
2018-04-25,Train,0.02837187610566616,0.05817845156899604
2018-04-26,Train,0.02497248724102974,0.0471016072923427
2018-04-27,Train,0.028923548758029938,0.04546863188653005
2018-04-30,Train,0.03261782228946686,0.05474088122871268
2018-05-01,Train,0.024000152945518494,0.03126917542733132
2018-05-02,Train,0.027052821591496468,0.04424662019063397
2018-05-03,Train,0.01659466326236725,0.04035845893777901
2018-05-04,Train,-0.00032571880728937685,0.01570941756162925
2018-05-07,Train,0.002323487075045705,0.01299319256464493
2018-05-08,Train,0.009809051640331745,0.01270539687183359
2018-05-09,Train,0.0034245154820382595,0.01024542036381137
2018-05-10,Train,0.0003325806464999914,-0.0004126404164870312
2018-05-11,Train,0.0015583316562697291,0.001534252900597055
2018-05-14,Train,0.005186597816646099,-0.004594985445047883
2018-05-15,Train,0.010038135573267937,0.01376063397738925
2018-05-16,Train,0.010444915853440762,0.006450536301570331
2018-05-17,Train,0.014156732708215714,0.02619856005547661
2018-05-18,Train,0.02323087677359581,0.0408455515565449
2018-05-21,Train,0.023381376639008522,0.03824229616875718
2018-05-22,Train,0.02588731050491333,0.04566540771217587
2018-05-23,Train,0.016401905566453934,0.02847869338706066
2018-05-24,Train,0.01701485738158226,0.02884104571885904
2018-05-25,Train,0.0190232265740633,0.0305797926236
2018-05-29,Train,0.017340149730443954,0.04059892620460626
2018-05-30,Train,0.009273961186408997,0.03314146721808009
2018-05-31,Train,0.012730916030704975,0.04427587731528582
2018-06-01,Train,0.008362382650375366,0.02454550248664189
2018-06-04,Train,0.004405048675835133,0.01262189850673101
2018-06-05,Train,-0.0016012544510886073,0.006634658467205456
2018-06-06,Train,0.0031776330433785915,0.007904011058934346
2018-06-07,Train,-0.00016780140867922455,0.00733826802633164
2018-06-08,Train,-0.0009057083516381681,0.005044742435772909
2018-06-11,Train,0.0013304256135597825,-0.02023902847638404
2018-06-12,Train,-0.0017171326326206326,-0.02138426018131256
2018-06-13,Train,-0.0017171326326206326,-0.0346377621600793
2018-06-14,Train,-0.002022545086219907,-0.03609236172195429
2018-06-15,Train,-0.0006860280991531909,-0.03011640840618068
2018-06-18,Train,-0.0014782027574256063,-0.02096315551412009
2018-06-19,Train,-0.00027694273740053177,-0.02954543720592151
2018-06-20,Train,0.0004373729170765728,-0.0244287832499559
2018-06-21,Train,0.010674589313566685,-0.0005691542865767785
2018-06-22,Train,0.014640606939792633,0.01066618206175018
2018-06-25,Train,0.013356220908463001,0.03472026828828745
2018-06-26,Train,0.011756209656596184,0.02528035485306979
2018-06-27,Train,0.02485206164419651,0.05732640800832467
2018-06-28,Train,0.024479897692799568,0.04918510455554936
2018-06-29,Train,0.021431276574730873,0.04386833118000544
2018-07-02,Train,0.014242627657949924,0.04322917296746609
2018-07-03,Train,0.02239098586142063,0.05345427084832521
2018-07-05,Train,0.009598947130143642,0.03533426252053284
2018-07-06,Train,0.00420260289683938,0.01924722322797634
2018-07-09,Train,0.006704326719045639,0.013375444915247
2018-07-10,Train,0.006832359358668327,0.01680575008149154
2018-07-11,Train,0.0038782234769314528,0.03627711836355751
2018-07-12,Train,-0.002610463183373213,0.003287620170611794
2018-07-13,Train,-0.004482620861381292,-0.01107959181783646
2018-07-16,Train,0.000998917268589139,-0.0227145453275811
2018-07-17,Train,0.0034929050598293543,-0.02119047669431007
2018-07-18,Train,0.005755998194217682,-0.01561717152769038
2018-07-19,Train,0.005410511512309313,0.00279282803669334
2018-07-20,Train,0.005457613617181778,0.006089705036252724
2018-07-23,Train,0.010827356949448586,0.008799297463451428
2018-07-24,Train,0.005180971696972847,0.008319467413261172
2018-07-25,Train,0.0065532466396689415,-0.004375905369804811
2018-07-26,Train,0.008672217838466167,0.01033046697487072
2018-07-27,Train,0.009834690019488335,0.01632704219679826
2018-07-30,Train,0.016123944893479347,0.02975276509455504
2018-07-31,Train,0.009901171550154686,0.02833663976467315
2018-08-01,Train,0.008793928660452366,0.0119128312359964
2018-08-02,Train,0.00655676145106554,0.00161537652143795
2018-08-03,Train,0.007179840933531523,-0.001221686019914237
2018-08-06,Train,0.005756926257163286,-0.007949665707509879
2018-08-07,Train,0.0013966670958325267,-0.007920805375323803
2018-08-08,Train,0.0014535993104800582,-0.0052741824598036
2018-08-09,Train,0.002124001970514655,-0.006101921763540519
2018-08-10,Train,0.0027358513325452805,0.01085747512015289
2018-08-13,Train,0.003352302359417081,0.02229363825636854
2018-08-14,Train,0.003205335233360529,0.01741528638884882
2018-08-15,Train,0.012571534141898155,0.04190152287366855
2018-08-16,Train,0.01574207842350006,0.03664773701187074
2018-08-17,Train,0.012694732286036015,0.03775154710936901
2018-08-20,Train,0.010301918722689152,0.03422375770570985
2018-08-21,Train,0.009518270380795002,0.01713238150052043
2018-08-22,Train,-0.002385827014222741,0.004142273335430158
2018-08-23,Train,-0.00014913255290593952,0.001714588237617498
2018-08-24,Train,-0.003462165128439665,-0.004164809977147743
2018-08-27,Train,-0.005667267832905054,-0.006618212243353239
2018-08-28,Train,-0.0079905204474926,-0.01099614740580335
2018-08-29,Train,-0.009833022020757198,-0.01183467199773691
2018-08-30,Train,-0.008868071250617504,-0.0129821260737264
2018-08-31,Train,-0.008640812709927559,-0.02844895650807611
2018-09-04,Train,-0.00910697877407074,-0.01619590888766753
2018-09-05,Train,-0.00698484992608428,-0.004088307508730016
2018-09-06,Train,0.002458024537190795,0.01600574061485016
2018-09-07,Train,0.009262219071388245,0.01435594994618428
2018-09-10,Train,0.004001529887318611,0.01194143822566796
2018-09-11,Train,0.005264619365334511,0.005570141435446097
2018-09-12,Train,0.0028171376325190067,0.009256229731939847
2018-09-13,Train,-0.007979372516274452,0.007044941529060766
2018-09-14,Train,-0.006725693121552467,0.009783073749816351
2018-09-17,Train,-0.009227135218679905,0.02663506081722278
2018-09-18,Train,-0.015395822003483772,0.01591557493105422
2018-09-19,Train,-0.010833381675183773,0.01778872498241313
2018-09-20,Train,-0.015384146012365818,-0.01266780165887293
2018-09-21,Train,-0.01568886637687683,-0.01937843714157395
2018-09-24,Train,-0.014012050814926624,-0.02632006283079624
2018-09-25,Train,-0.014784565195441246,-0.02449220441938083
2018-09-26,Train,-0.017799116671085358,-0.06805235933234288
2018-09-27,Train,-0.020473593845963478,-0.08733786561706214
2018-09-28,Train,-0.020159918814897537,-0.06173629569085182
2018-10-01,Train,-0.0173389483243227,-0.07498518339356552
2018-10-02,Train,-0.015156975947320461,-0.04592193151707602
2018-10-03,Train,-0.013173956423997879,-0.04657167950650642
2018-10-04,Train,-0.013710449449717999,-0.0504441932268983
2018-10-05,Train,-0.008432638831436634,-0.03957807308125905
2018-10-08,Train,-0.007705184631049633,-0.0287070611675031
2018-10-09,Train,-0.008745984174311161,-0.03540611500011215
2018-10-10,Train,0.019395824521780014,-0.03720957053878104
2018-10-11,Train,0.02098718285560608,0.008608439873445617
2018-10-12,Train,0.009919247590005398,-0.04394219447147274
2018-10-15,Train,0.005516444332897663,-0.05214569790505097
2018-10-16,Train,-0.012353175319731236,-0.06376257179732903
2018-10-17,Train,-0.008514623157680035,-0.04213427855377072
2018-10-18,Train,-0.012048210948705673,-0.006467231577289012
2018-10-19,Train,-0.014170979149639606,-0.0210380262383788
2018-10-22,Train,-0.01835087686777115,-0.0284629799551932
2018-10-23,Train,-0.011931244283914566,-0.01748715129326317
2018-10-24,Train,0.017268147319555283,0.06193302116831712
2018-10-25,Train,0.010799090377986431,0.01987612068162714
2018-10-26,Train,0.011698927730321884,0.02916116946813974
2018-10-29,Train,0.011467745527625084,0.01899164482421534
2018-10-30,Train,-0.0006219919305294752,0.003314868959905404
2018-10-31,Train,-0.018791619688272476,-0.02720533610127618
2018-11-01,Train,-0.020550301298499107,-0.02307335392906285
2018-11-02,Train,-0.02882121130824089,-0.01109933184919443
2018-11-05,Train,-0.01873261108994484,-0.04083812074509774
2018-11-06,Train,-0.028628837317228317,-0.06508459512179465
2018-11-07,Train,-0.037959348410367966,-0.0866272158289556
2018-11-08,Train,-0.033043716102838516,-0.08741258404862728
2018-11-09,Train,-0.014053520746529102,-0.05031485930412916
2018-11-12,Train,-0.0007767979986965656,-0.017375093836552
2018-11-13,Train,-0.0034321199636906385,0.01339578128904173
2018-11-14,Train,0.0002580414293333888,0.01785712471390921
2018-11-15,Train,-0.003112267004325986,0.007614961075517179
2018-11-16,Train,0.002371741458773613,0.02883583182719218
2018-11-19,Train,0.013619638979434967,0.02258425100115202
2018-11-20,Train,0.020090848207473755,0.04856745130484885
2018-11-21,Train,0.008088178001344204,0.006297997109041109
2018-11-23,Train,0.012088833376765251,0.02424471105819848
2018-11-26,Train,-0.011784401722252369,0.004420168355337761
2018-11-27,Train,-0.01908588968217373,0.009850713327838712
2018-11-28,Train,-0.027897905558347702,-0.02133960231090615
2018-11-29,Train,-0.03028952330350876,-0.04204574678594442
2018-11-30,Train,-0.05012926459312439,-0.07049656247049507
2018-12-03,Train,-0.04703645780682564,-0.08071724896600518
2018-12-04,Train,-0.05156813561916351,-0.06752354790598625
2018-12-06,Train,-0.05322011560201645,-0.08748280997609736
2018-12-07,Train,-0.030764590948820114,-0.08557440290463492
2018-12-10,Train,-0.04393833130598068,-0.1200098512616689
2018-12-11,Train,-0.04616766795516014,-0.06814983103043226
2018-12-12,Train,-0.046493519097566605,-0.07270523949179775
2018-12-13,Train,-0.038273926824331284,-0.07347065072309655
2018-12-14,Train,-0.01968071423470974,-0.04233925531843341
2018-12-17,Train,0.0019995616748929024,-0.01619759837136192
2018-12-18,Train,-0.01721240021288395,-0.05428601782683518
2018-12-19,Train,0.005657966248691082,0.01100108044827053
2018-12-20,Train,0.04043632000684738,0.03808525384107386
2018-12-21,Train,0.04911363497376442,0.08097849396989898
2018-12-24,Train,0.06013524532318115,0.1206969151513502
2018-12-26,Train,0.05500790476799011,0.05785118507821396
2018-12-27,Train,0.04859524965286255,0.04991832236073046
2018-12-28,Train,0.04859524965286255,0.04118456561079742
2018-12-31,Train,0.04363590478897095,0.05263847183410042
2019-01-02,Train,0.04403485357761383,0.04823089479081033
2019-01-03,Train,0.054232776165008545,0.0921772586001024
2019-01-04,Train,0.03295285627245903,0.05773541905609214
2019-01-07,Train,0.02793527953326702,0.02435325569422431
2019-01-08,Train,0.021328790113329887,0.01648689539608705
2019-01-09,Train,0.026878738775849342,0.01479908914085115
2019-01-10,Train,0.0246637761592865,0.02399550562052877
2019-01-11,Train,0.021830221638083458,0.01506004189543608
2019-01-14,Train,0.02756812982261181,0.0144409053183876
2019-01-15,Train,0.021952103823423386,0.02032262405306806
2019-01-16,Train,0.029630988836288452,0.03578686381378549
2019-01-17,Train,0.026631800457835197,0.02334530313169325
2019-01-18,Train,0.02294721081852913,0.02590014389892215
2019-01-22,Train,0.035029079765081406,0.05613187724373159
2019-01-23,Train,0.03618566691875458,0.05161893734834133
2019-01-24,Train,0.02904931828379631,0.03082107152791247
2019-01-25,Train,0.02302638441324234,0.02064791878979277
2019-01-28,Train,0.032108064740896225,0.03243205975315955
2019-01-29,Train,0.03405335173010826,0.05768392426155855
2019-01-30,Train,0.019985171034932137,0.0321704615323406
2019-01-31,Train,0.00926953461021185,0.01819694036604758
2019-02-01,Train,0.009944167919456959,0.02681400761417696
2019-02-04,Train,0.006311933975666761,0.01622131787767001
2019-02-05,Train,0.003939472138881683,0.007133258664624442
2019-02-06,Train,0.005108683370053768,0.006450802352602425
2019-02-07,Train,0.011814667843282223,0.02770019485500441
2019-02-08,Train,0.01642061583697796,0.02942576403480923
2019-02-11,Train,0.022258197888731956,0.03147270334828955
2019-02-12,Train,0.016383517533540726,0.01579961939192187
2019-02-13,Train,0.018043845891952515,0.01274783933452017
2019-02-14,Train,0.016848593950271606,0.01851418144109918
2019-02-15,Train,0.015979930758476257,0.01442361109878543
2019-02-19,Train,0.010092372074723244,0.01317624964328545
2019-02-20,Train,0.016552040353417397,0.007605210790094352
2019-02-21,Train,0.018290985375642776,-0.001107111332082855
2019-02-22,Train,0.01773025654256344,-0.009948529277432061
2019-02-25,Train,0.014858147129416466,0.006973210150330589
2019-02-26,Train,0.01777675189077854,0.01145656608017687
2019-02-27,Train,0.018120910972356796,0.01970158558151214
2019-02-28,Train,0.020281124860048294,0.02032452348773317
2019-03-01,Train,0.018510982394218445,0.02270776264537466
2019-03-04,Train,0.015829337760806084,0.02310514173606038
2019-03-05,Train,0.01682518608868122,0.02578057818002821
2019-03-06,Train,0.021741526201367378,0.03572249962811314
2019-03-07,Train,0.02487930655479431,0.06498288003491992
2019-03-08,Train,0.024008646607398987,0.04317345018812513
2019-03-11,Train,0.013177689164876938,0.01997370559435097
2019-03-12,Train,0.014979923143982887,0.01912459766441255
2019-03-13,Train,0.011210824362933636,0.005027961229692401
2019-03-14,Train,0.014469271525740623,0.00905433073361439
2019-03-15,Train,0.010325728915631771,0.007345093993624152
2019-03-18,Train,0.012971511110663414,0.02011765984468949
2019-03-19,Train,0.015803707763552666,0.02055287692297592
2019-03-20,Train,0.014907008036971092,0.02236317531878917
2019-03-21,Train,0.009013358503580093,0.006244176720790584
2019-03-22,Train,0.01539282500743866,0.03416222102889499
2019-03-25,Train,0.014819142408668995,0.03877232417674725
2019-03-26,Train,0.012909754179418087,0.03032668295577534
2019-03-27,Train,0.015799785032868385,0.04255203813342212
2019-03-28,Train,0.017468396574258804,0.03768718138473925
2019-03-29,Train,0.014057149179279804,0.03434263633072931
2019-04-01,Train,0.012129033915698528,0.02098444004123001
2019-04-02,Train,0.011077876202762127,0.02063155672636374
2019-04-03,Train,0.011107810772955418,0.01833711578828856
2019-04-04,Train,0.00925269816070795,0.02003153089811227
2019-04-05,Train,0.008095690049231052,0.01765403683626632
2019-04-08,Train,0.008315888233482838,0.02798029784021328
2019-04-09,Train,0.0068550873547792435,0.02835001684438665
2019-04-10,Train,0.006815681234002113,0.02701242504912815
2019-04-11,Train,0.007176239974796772,0.03037342676465671
2019-04-12,Train,0.00691149290651083,0.02792876494789409
2019-04-15,Train,-0.003582518547773361,0.01979980987676955
2019-04-16,Train,-0.0049567618407309055,0.01302945134467159
2019-04-17,Train,-0.00804933812469244,0.005129611248601895
2019-04-18,Train,-0.0071319653652608395,0.01985165287805968
2019-04-22,Train,-0.00989299826323986,0.0107492778423981
2019-04-23,Train,-0.009617888368666172,-0.02138611800557977
2019-04-24,Train,-0.008440688252449036,-0.02076855359216145
2019-04-25,Train,-0.009513122029602528,-0.02997685627442814
2019-04-26,Train,-0.010664049535989761,-0.02963542657941076
2019-04-29,Train,-0.009917221032083035,-0.06512408210222043
2019-04-30,Train,-0.010690312832593918,-0.04748338249866579
2019-05-01,Train,-0.009533416479825974,-0.03091090120303197
2019-05-02,Train,-0.005104892421513796,-0.01690504451784747
2019-05-03,Train,-0.013741924427449703,-0.04222702788156252
2019-05-06,Train,-0.008463737554848194,-0.05259558473600545
2019-05-07,Train,-0.0018504392355680466,-0.02367914267630988
2019-05-08,Train,-0.0013324867468327284,-0.02556925171317415
2019-05-09,Train,-0.001344580203294754,-0.03528713601611744
2019-05-10,Train,-0.0062172929756343365,-0.03697295317778715
2019-05-13,Train,0.010357216000556946,-0.006103686452651136
2019-05-14,Train,0.004633623640984297,-0.02498058421708349
2019-05-15,Train,-0.0031610410660505295,-0.03451850014659574
2019-05-16,Train,-0.010149058885872364,-0.05937379636838658
2019-05-17,Train,-0.010467794723808765,-0.07058565692115404
2019-05-20,Train,-0.007596219889819622,-0.02800774310422705
2019-05-21,Train,-0.006229249760508537,-0.03090796381561534
2019-05-22,Train,-0.002006757305935025,-0.01883771727779227
2019-05-23,Train,0.012027819640934467,0.01565213624758943
2019-05-24,Train,0.013540578074753284,0.02800847626742753
2019-05-28,Train,0.01699472777545452,0.03329758420424378
2019-05-29,Train,0.01999538019299507,0.03584614896524041
2019-05-30,Train,0.02676348015666008,0.03761947013495881
2019-05-31,Train,0.034000858664512634,0.04995689907365675
2019-06-03,Train,0.03994479775428772,0.08006119660769095
2019-06-04,Train,0.03286100924015045,0.06574809764577938
2019-06-05,Train,0.03207302838563919,0.06185797333396614
2019-06-06,Train,0.022545363754034042,0.0632847556699403
2019-06-07,Train,0.013089600019156933,0.0415930972013725
2019-06-10,Train,0.007639084942638874,0.02735468158659415
2019-06-11,Train,0.0074317301623523235,0.008342414559514344
2019-06-12,Train,0.00947029422968626,0.01892068124126234
2019-06-13,Train,0.009236299432814121,0.0167920720848429
2019-06-14,Train,0.009351405315101147,0.02244856612580559
2019-06-17,Train,0.006260416004806757,0.03004239059891201
2019-06-18,Train,0.0036339920479804277,0.0193122191620787
2019-06-19,Train,0.0025420007295906544,0.02314147729640448
2019-06-20,Train,-0.003137357300147414,0.01164944070500207
2019-06-21,Train,-0.0030104853212833405,0.006045496873150036
2019-06-24,Train,-0.0006011159275658429,0.01328656436725728
2019-06-25,Train,0.014978928491473198,0.04125888273942357
2019-06-26,Train,0.016202671453356743,0.03568547888691564
2019-06-27,Train,0.013313066214323044,0.03769436342786525
2019-06-28,Train,0.010868371464312077,0.03968077640220247
2019-07-01,Train,0.00963574554771185,0.0205537329734411
2019-07-02,Train,0.0005209887749515474,0.01152572235523874
2019-07-03,Train,-0.0045344955287873745,0.005119074984545113
2019-07-05,Train,-0.004749023821204901,-0.0002094139978162657
2019-07-08,Train,0.0018547925865277648,0.01486475128158626
2019-07-09,Train,-0.0023342526983469725,0.01641660318841942
2019-07-10,Train,-0.006128804758191109,0.01345033428920006
2019-07-11,Train,-0.005968930199742317,0.004573354595086565
2019-07-12,Train,-0.010607687756419182,0.009094168955392945
2019-07-15,Train,-0.011878355406224728,0.002420815016629385
2019-07-16,Train,-0.01005778182297945,0.003261739076989789
2019-07-17,Train,-0.010138641111552715,-0.005723157451572591
2019-07-18,Train,-0.011624238453805447,-0.01179713280356576
2019-07-19,Train,-0.00911853089928627,-0.0191612402941006
2019-07-22,Train,-0.014299984090030193,-0.0612891659823076
2019-07-23,Train,-0.016168471425771713,-0.05433716468398464
2019-07-24,Train,-0.017102818936109543,-0.05585444139068829
2019-07-25,Train,-0.015162418596446514,-0.02607350473539505
2019-07-26,Train,-0.015812596306204796,-0.04506113009116286
2019-07-29,Train,-0.016478227451443672,-0.05276944441134102
2019-07-30,Train,-0.017353234812617302,-0.02781504501807386
2019-07-31,Train,-0.01319731306284666,-0.04364213150344975
2019-08-01,Train,-0.00498195318505168,-0.03996839909899719
2019-08-02,Train,0.00197557988576591,-0.009981373445717034
2019-08-05,Train,0.021769003942608833,0.04260497499181248
2019-08-06,Train,0.015076450072228909,0.02024449866350286
2019-08-07,Train,0.006896510254591703,0.02377207534769332
2019-08-08,Train,-0.0016538703348487616,-0.00127478084233279
2019-08-09,Train,-0.0012683034874498844,-0.02370099221809141
2019-08-12,Train,0.0025022048503160477,0.002549504774299827
2019-08-13,Train,-0.00524674728512764,-0.02102025970962862
2019-08-14,Train,0.007337353657931089,0.01274897078729964
2019-08-15,Train,0.01159500889480114,0.02941657095269923
2019-08-16,Train,0.004170963075011969,0.01072894942313507
2019-08-19,Train,-0.006550611462444067,-0.01475348345462302
2019-08-20,Train,0.006747937295585871,0.007273897424572295
2019-08-21,Train,0.005240571219474077,0.01669932574322597
2019-08-22,Train,0.017156898975372314,0.01898729914002328
2019-08-23,Train,0.025383388623595238,0.0500905956517439
2019-08-26,Train,0.01327550783753395,0.03149005429493368
2019-08-27,Train,0.021979527547955513,0.04337689268395506
2019-08-28,Train,0.02465948835015297,0.04397860257551933
2019-08-29,Train,0.019227497279644012,0.02458490401343028
2019-08-30,Train,0.02572811208665371,0.02245688071512753
2019-09-03,Train,0.02654629945755005,0.03743610253446317
2019-09-04,Train,0.017797360196709633,0.02224819413087986
2019-09-05,Train,0.004823085851967335,0.005527153849936184
2019-09-06,Train,0.0011815682519227266,-0.004123353521754747
2019-09-09,Train,0.012008750811219215,-0.003608988088264264
2019-09-10,Train,0.013248860836029053,-0.01400544574849749
2019-09-11,Train,0.008565070107579231,-0.01221218590745354
2019-09-12,Train,0.0019954440649598837,-0.01992439543472946
2019-09-13,Train,0.007486263755708933,-0.02861740261228507
2019-09-16,Train,0.00907988753169775,-0.01497284655077158
2019-09-17,Train,0.002340704668313265,-0.02767394424790415
2019-09-18,Train,0.0026534844655543566,-0.04399543441062925
2019-09-19,Train,0.0041453349404037,-0.03510676800579082
2019-09-20,Train,0.01542209554463625,-0.0104297980153818
2019-09-23,Train,0.01807951182126999,-0.01186348822486061
2019-09-24,Train,0.021533045917749405,-0.01356601072084773
2019-09-25,Train,0.02152973972260952,-0.01499371883449763
2019-09-26,Train,0.022282078862190247,-0.00369633640818845
2019-09-27,Train,0.02388046681880951,0.02181469206910092
2019-09-30,Train,0.024221541360020638,0.01207562527820771
2019-10-01,Train,0.025431489571928978,0.0333742716794454
2019-10-02,Train,0.03047829121351242,0.04884536857001232
2019-10-03,Train,0.02882854826748371,0.04019990021554354
2019-10-04,Train,0.028421370312571526,0.01525345543166345
2019-10-07,Train,0.029830604791641235,0.02735865781023583
2019-10-08,Train,0.030304985120892525,0.03467807139503698
2019-10-09,Train,0.030296633020043373,0.0266517417456209
2019-10-10,Train,0.028704514726996422,0.02867290583059146
2019-10-11,Train,0.021818270906805992,0.0237036197207332
2019-10-14,Train,0.022051090374588966,0.03391078083894028
2019-10-15,Train,0.016316767781972885,0.01302185282160262
2019-10-16,Train,0.020940879359841347,0.02046214434527238
2019-10-17,Train,0.020364057272672653,0.0182381747540088
2019-10-18,Train,0.022162746638059616,0.03745627098093429
2019-10-21,Train,0.02179272100329399,0.03469676164767788
2019-10-22,Train,0.02612847462296486,0.04357571198533505
2019-10-23,Train,0.021090878173708916,0.03922585182733163
2019-10-24,Train,0.022748909890651703,0.03266524013351702
2019-10-25,Train,0.016247740015387535,0.02857287035028677
2019-10-28,Train,0.018314629793167114,0.01715847175166285
2019-10-29,Train,0.019317014142870903,0.02805549983860889
2019-10-30,Train,0.02265615016222,0.0233513920323547
2019-10-31,Train,0.02336045540869236,0.02207220826218359
2019-11-01,Train,0.02214236743748188,0.02031482196467715
2019-11-04,Train,0.015354783274233341,0.0148425843583766
2019-11-05,Train,0.01532090175896883,0.0157833689493676
2019-11-06,Train,0.0163353830575943,0.01196435450225564
2019-11-07,Train,0.01444453839212656,0.006336398337924098
2019-11-08,Train,0.015331817790865898,0.00298169316828889
2019-11-11,Train,0.0161338709294796,0.01622210588138362
2019-11-12,Train,0.014307323843240738,0.01523274499597793
2019-11-13,Train,0.015583302825689316,0.0220744929266401
2019-11-14,Train,0.014635715633630753,0.01821979626262293
2019-11-15,Train,0.012380187399685383,0.0004435283439276905
2019-11-18,Train,0.005786275491118431,-0.008174538839992418
2019-11-19,Train,0.007531802169978619,-0.00462212943883189
2019-11-20,Train,0.0079911258071661,0.003363878086083627
2019-11-21,Train,0.014486204832792282,0.01636094745506922
2019-11-22,Train,0.01463876012712717,0.01109847630601069
2019-11-25,Train,0.006301456596702337,-0.001566973471285538
2019-11-26,Train,0.007491013500839472,0.001808294394622934
2019-11-27,Train,0.0036402663681656122,0.002281116462911292
2019-11-29,Train,0.01184779405593872,0.01019013298729887
2019-12-02,Train,0.018968122079968452,0.03088672055399466
2019-12-03,Train,0.02530742809176445,0.03962065231340994
2019-12-04,Train,0.021431872621178627,0.03517270480457024
2019-12-05,Train,0.022514019161462784,0.03958979789383132
2019-12-06,Train,0.020256487652659416,0.03273174006764479
2019-12-09,Train,0.023898892104625702,0.03792811268967111
2019-12-10,Train,0.02326378971338272,0.03933302850677145
2019-12-11,Train,0.014910269528627396,0.04297979189298085
2019-12-12,Train,0.008718254044651985,0.03438093212132931
2019-12-13,Train,0.005764821078628302,0.02422898891504488
2019-12-16,Train,0.005482408683747053,0.0159602249233104
2020-01-02,Test,-0.009907668456435204,0.0283123381453767
2020-01-03,Test,-0.00904811080545187,0.04295458269511632
2020-01-06,Test,-0.011416465044021606,0.03581370063155931
2020-01-07,Test,-0.00729597732424736,0.03869529246567116
2020-01-08,Test,-0.007535617332905531,0.03426204306021252
2020-01-09,Test,-0.009388691745698452,0.01694137340525304
2020-01-10,Test,-0.011431901715695858,-0.001510720062859794
2020-01-13,Test,-0.011029988527297974,0.002262955451034054
2020-01-14,Test,-0.009806298650801182,0.007860758420327185
2020-01-15,Test,-0.011293611489236355,0.01103696214188843
2020-01-16,Test,-0.008542279712855816,-0.01444120691338202
2020-01-17,Test,-0.00857884343713522,-0.00447667641750038
2020-01-21,Test,-0.005911123473197222,0.01876568642204224
2020-01-22,Test,-0.006740199867635965,0.01943094741766793
2020-01-23,Test,-0.007396855857223272,0.02493435235241082
2020-01-24,Test,-0.0070128487423062325,0.02918724781801707
2020-01-27,Test,-0.00280084484256804,0.06359465717118984
2020-01-28,Test,-0.0057661826722323895,0.04768569746723395
2020-01-29,Test,-0.006057178135961294,0.05617423403368349
2020-01-30,Test,-0.006048515904694796,0.05107814378001452
2020-01-31,Test,-0.003869076259434223,0.07107313436287255
2020-02-03,Test,-0.006005435716360807,0.0555355273565834
2020-02-04,Test,-0.020758701488375664,0.04180768653361389
2020-02-05,Test,-0.0205166544765234,0.0287441833472335
2020-02-06,Test,-0.020964445546269417,0.0003475469403804166
2020-02-07,Test,-0.0205166544765234,-0.0340750334318608
2020-02-10,Test,-0.01597687043249607,-0.07156100364771689
2020-02-11,Test,-0.01597687043249607,-0.0669367662902095
2020-02-12,Test,-0.015588680282235146,-0.1222094350991483
2020-02-13,Test,-0.017131706699728966,-0.1204000428344344
2020-02-14,Test,-0.020532498136162758,-0.07765087482141775
2020-02-18,Test,-0.020225105807185173,-0.1075704019920348
2020-02-19,Test,-0.020038394257426262,-0.07916277679574568
2020-02-20,Test,-0.020089535042643547,-0.09877333061580695
2020-02-21,Test,-0.012062273919582367,-0.09662569847210001
2020-02-24,Test,-0.008284389041364193,-0.1256605634496897
2020-02-25,Test,-0.01344273891299963,-0.05228209482341828
2020-02-26,Test,-0.015296594239771366,-0.09820766318562613
2020-02-27,Test,0.020175782963633537,-0.1377163594120068
2020-02-28,Test,0.022090496495366096,-0.06540333583222568
2020-03-02,Test,-0.009911635890603065,-0.2177247736616462
2020-03-03,Test,0.0003697266220115125,-0.1305136380346813
2020-03-04,Test,-0.017618626356124878,-0.1907249330234121
2020-03-05,Test,-0.01057718601077795,-0.1603572629284328
2020-03-06,Test,0.004785909783095121,-0.1794058578872908
2020-03-09,Test,0.022872839123010635,-0.1193883336050281
2020-03-10,Test,0.003250627312809229,-0.1001910581896547
2020-03-11,Test,0.05041690543293953,-0.06618173388052995
2020-03-12,Test,0.019486550241708755,0.08222414826324154
2020-03-13,Test,0.0320078581571579,-0.03660181667969564
2020-03-16,Test,0.015875445678830147,0.1343177189868272
2020-03-17,Test,0.007917064242064953,0.04534970096911817
2020-03-18,Test,0.010465585626661777,0.03233290632918306
2020-03-19,Test,0.010269147343933582,0.04699983492405724
2020-03-20,Test,0.023119861260056496,0.07422377501733046
2020-03-23,Test,0.02411080338060856,0.1526457115383599
2020-03-24,Test,0.029552072286605835,0.06936725460276882
2020-03-25,Test,0.02309960126876831,0.1002194402995913
2020-03-26,Test,0.01850980892777443,0.04669102135928394
2020-03-27,Test,0.020768577232956886,0.09568265210760263
2020-03-30,Test,0.016541019082069397,0.1032077068170256
2020-03-31,Test,0.020002849400043488,0.09994747578428487
2020-04-01,Test,0.022470543161034584,0.1697109475933281
2020-04-02,Test,0.02869536727666855,0.1574108899735536
2020-04-03,Test,0.029935680329799652,0.1601680272566233
2020-04-06,Test,0.016627920791506767,0.04280335833156079
2020-04-07,Test,-0.0006937500438652933,0.07418537564669214
2020-04-08,Test,-0.009431120939552784,0.04960859841899556
2020-04-09,Test,-0.015248962678015232,0.06462210339588204
2020-04-13,Test,-0.01592913269996643,0.06171501184373041
2020-04-14,Test,-0.028902260586619377,-0.001699238220119081
2020-04-15,Test,-0.021598419174551964,0.04569549567350695
2020-04-16,Test,-0.022599559277296066,0.02654163499230666
2020-04-17,Test,-0.029120957478880882,-0.01184443249798273
2020-04-20,Test,-0.023741526529192924,0.01165740182148656
2020-04-21,Test,-0.021235734224319458,0.06232614725219299
2020-04-22,Test,-0.022357212379574776,0.03806227773064474
2020-04-23,Test,-0.014068455435335636,0.05367662370523729
2020-04-24,Test,-0.024685543030500412,0.0515338779516632
2020-04-27,Test,-0.018941549584269524,0.05246797961908234
2020-04-28,Test,0.0076398407109081745,0.05021274287086297
2020-04-29,Test,-0.0021882872097194195,0.001552494693564554
2020-04-30,Test,-0.0018481469014659524,0.01333880645058305
2020-05-01,Test,0.008980454877018929,0.04949703162264529
2020-05-04,Test,-0.0029660346917808056,0.05673260563992399
2020-05-05,Test,-0.012238453142344952,0.04226774232037633
2020-05-06,Test,-0.018461961299180984,0.05657533967876005
2020-05-07,Test,-0.02066681534051895,0.03178247029207015
2020-05-08,Test,-0.02864018827676773,0.02134662918584396
2020-05-11,Test,-0.02521117404103279,0.009564941224706303
2020-05-12,Test,-0.023167027160525322,0.03678191224808436
2020-05-13,Test,-0.022489706054329872,0.04855479772538707
2020-05-14,Test,-0.019877063110470772,0.05197673301232753
2020-05-15,Test,-0.021600186824798584,0.04832710655106887
2020-05-18,Test,-0.023940259590744972,0.0360551047403892
2020-05-19,Test,-0.03403802961111069,0.04333069648509102
2020-05-20,Test,-0.04188600555062294,0.01573101430161161
2020-05-21,Test,-0.03867899626493454,0.04727577906697045
2020-05-22,Test,-0.039398081600666046,0.05177218148590534
2020-05-26,Test,-0.03655995801091194,0.06225991173432499
2020-05-27,Test,-0.03552582859992981,0.06917368708581906
2020-05-28,Test,-0.030945124104619026,0.01752249525215421
2020-05-29,Test,-0.031797438859939575,0.01079878413554125
2020-06-01,Test,-0.030686678364872932,0.02003760783699127
2020-06-02,Test,-0.028470221906900406,0.03064126414755153
2020-06-03,Test,-0.025710685178637505,0.02927877225189013
2020-06-04,Test,-0.02536666952073574,0.03935667807532162
2020-06-05,Test,-0.02622722089290619,0.01898286539034966
2020-06-08,Test,-0.0258034635335207,0.02148624456980097
2020-06-09,Test,-0.025242062285542488,0.02277021461834616
2020-06-10,Test,-0.021289760246872902,-0.01019411296560779
2020-06-11,Test,-0.021076686680316925,0.05132037555581426
2020-06-12,Test,-0.02233710326254368,0.01839917012061609
2020-06-15,Test,-0.025666985660791397,0.01713087471367802
2020-06-16,Test,-0.02855604887008667,0.01955939831426345
2020-06-17,Test,-0.026972439140081406,0.02819969835674585
2020-06-18,Test,-0.025813709944486618,0.03238088955967267
2020-06-19,Test,-0.025222837924957275,0.05793485439333357
2020-06-22,Test,-0.02977067418396473,0.04000153861823552
2020-06-23,Test,-0.02977067418396473,0.04480788482790454
2020-06-24,Test,-0.029662059620022774,0.07578673609245401
2020-06-25,Test,-0.029535913839936256,0.07291794712196653
2020-06-26,Test,-0.024706540629267693,0.07626345529566114
2020-06-29,Test,-0.024878501892089844,0.07218744458760984
2020-06-30,Test,-0.030212223529815674,0.05371561981064055
2020-07-01,Test,-0.030666206032037735,0.03445243097437256
2020-07-02,Test,-0.030570615082979202,0.02866890406572686
2020-07-06,Test,-0.030950667336583138,0.03247023358187695
2020-07-07,Test,-0.030855076387524605,0.02879862464554139
2020-07-08,Test,-0.030950667336583138,0.01900074090142057
2020-07-09,Test,-0.030950667336583138,-0.01590503862479298
2020-07-10,Test,-0.030599763616919518,-0.03185969475022976
2020-07-13,Test,-0.026643289253115654,0.006111187901469695
2020-07-14,Test,-0.0265186820179224,-0.01367284105448274
2020-07-15,Test,-0.030752092599868774,-0.004331180181095906
2020-07-16,Test,-0.02667101100087166,0.007757061606596505
2020-07-17,Test,-0.02556176483631134,0.02455475594585144
2020-07-20,Test,-0.030599763616919518,0.009745880933399897
2020-07-21,Test,-0.026622507721185684,0.02416668516216847
2020-07-22,Test,-0.03024042584002018,0.02310042383414501
2020-07-23,Test,-0.03248724713921547,0.06445488257575405
2020-07-24,Test,-0.017574405297636986,0.06225545396032328
2020-07-27,Test,-0.023655403405427933,0.03917423740076398
2020-07-28,Test,-0.023778390139341354,0.03263114739487705
2020-07-29,Test,-0.021574057638645172,0.04654115890675237
2020-07-30,Test,-0.025016145780682564,0.04346496339480099
2020-07-31,Test,-0.024104569107294083,0.02396627003422847
2020-08-03,Test,-0.03027249127626419,0.02205064345436591
2020-08-04,Test,-0.0312584824860096,0.02807158887795813
2020-08-05,Test,-0.03115435689687729,0.01863131724028766
2020-08-06,Test,-0.029415085911750793,0.0192614977614074
2020-08-07,Test,-0.03039523959159851,0.03830991951125107
2020-08-10,Test,-0.02872627042233944,0.04927678385750944
2020-08-11,Test,-0.026831423863768578,0.07794405037845764
2020-08-12,Test,-0.027639854699373245,0.07393514009618896
2020-08-13,Test,-0.0253918319940567,0.06815170308978136
2020-08-14,Test,-0.017812464386224747,0.07484566006428017
2020-08-17,Test,-0.025055404752492905,0.07104459188670509
2020-08-18,Test,-0.02866065688431263,0.07896539954181359
2020-08-19,Test,-0.028831999748945236,0.09655922880390655
2020-08-20,Test,-0.028131522238254547,0.02672100590161341
2020-08-21,Test,-0.027630740776658058,0.00606659624898076
2020-08-24,Test,-0.026302462443709373,-0.04823182470216225
2020-08-25,Test,-0.026302462443709373,-0.02791569606685551
2020-08-26,Test,-0.029472315683960915,-0.06720097167904693
2020-08-27,Test,-0.02729576826095581,-0.07077813588705861
2020-08-28,Test,-0.02708403393626213,-0.05937850883557594
2020-08-31,Test,-0.02712303213775158,-0.05364896589209478
2020-09-01,Test,-0.02424311451613903,-0.08438926027945892
2020-09-02,Test,-0.02424311451613903,-0.1071475802452212
2020-09-03,Test,-0.031483158469200134,-0.07146587899935986
2020-09-04,Test,-0.031740639358758926,-0.05666823318840053
2020-09-08,Test,-0.03068820759654045,0.009372100999782695
2020-09-09,Test,-0.03771407902240753,-0.04937383395573613
2020-09-10,Test,-0.03766247630119324,-0.02551950423334193
2020-09-11,Test,-0.031868211925029755,0.004104216311562991
2020-09-14,Test,-0.031868211925029755,0.007413899250513722
2020-09-15,Test,-0.037409525364637375,-0.01114450433158021
2020-09-16,Test,-0.03421315550804138,0.0117621760264579
2020-09-17,Test,-0.032688699662685394,0.04413285125977584
2020-09-18,Test,-0.018360011279582977,0.02787875211725921
2020-09-21,Test,-0.02357972040772438,0.04728792730996312
2020-09-22,Test,-0.03545497730374336,0.009835556986658167
2020-09-23,Test,-0.01951301284134388,0.05966084777082248
2020-09-24,Test,-0.018344704061746597,0.0603639478858824
2020-09-25,Test,-0.03662712499499321,0.05210632649763247
2020-09-28,Test,-0.043165452778339386,0.06251798632433836
2020-09-29,Test,-0.03838383033871651,0.0672947127565573
2020-09-30,Test,-0.039741937071084976,0.05118054062817401
2020-10-01,Test,-0.041296541690826416,0.02781224483087907
2020-10-02,Test,-0.04226147383451462,0.0517662948248836
2020-10-05,Test,-0.044608280062675476,0.01299251885807884
2020-10-06,Test,-0.036637965589761734,0.03361680432072833
2020-10-07,Test,-0.0380217470228672,0.01525431840826297
2020-10-08,Test,-0.04090297967195511,0.009843249982675939
2020-10-09,Test,-0.04389248415827751,-0.003395055299827088
2020-10-12,Test,-0.043998636305332184,-0.04773706453287108
2020-10-13,Test,-0.041425831615924835,-0.04026886389368955
2020-10-14,Test,-0.04008016362786293,-0.0699170823832509
2020-10-15,Test,-0.034587081521749496,-0.0472595352176105
2020-10-16,Test,-0.03445032984018326,-0.06630620857263503
2020-10-19,Test,-0.023592501878738403,-0.04869618534558307
2020-10-20,Test,-0.011475044302642345,-0.03431668942707189
2020-10-21,Test,0.005441485438495874,0.00957106582686329
2020-10-22,Test,-0.0010603596456348896,0.03592801124569234
2020-10-23,Test,-0.007681767921894789,0.03466318555768488
2020-10-26,Test,0.012392101809382439,0.02895138546670384
2020-10-27,Test,0.013815699145197868,0.002688777173206036
2020-10-28,Test,0.002867357339709997,0.06670591275235638
2020-10-29,Test,-0.008494839072227478,0.04345301426074788
2020-10-30,Test,0.0029783439822494984,0.07999846834342272
2020-11-02,Test,0.0033522748854011297,0.08600637186387483
2020-11-03,Test,-0.0014546727761626244,0.06415436194704038
2020-11-04,Test,-0.015516433864831924,0.01115325937962663
2020-11-05,Test,-0.031391799449920654,-0.006827710403239595
2020-11-06,Test,-0.014099692925810814,-0.01435789918560393
2020-11-09,Test,0.0008787069818936288,0.006237285884432842
2020-11-10,Test,0.0043259309604763985,0.03898802931849499
2020-11-11,Test,0.003090576035901904,0.02250134177916974
2020-11-12,Test,0.005352446343749762,0.03678923749543794
2020-11-13,Test,-0.007944009266793728,0.02986973725699915
2020-11-16,Test,0.0012565487995743752,0.0349931064832365
2020-11-17,Test,-0.006526072975248098,0.03962095844641111
2020-11-18,Test,0.0023475259076803923,0.0488435908559397
2020-11-19,Test,-0.00593104213476181,0.04494145944120209
2020-11-20,Test,0.0030763158574700356,0.05809626983096039
2020-11-23,Test,0.0007751855300739408,0.06164121696179925
2020-11-24,Test,-0.0013722673757001758,0.02322816011660245
2020-11-25,Test,-0.0028887540102005005,0.02106112548968664
2020-11-27,Test,-0.005809114780277014,0.009497997542345482
2020-11-30,Test,-0.0041219014674425125,0.01475206428064202
2020-12-01,Test,-0.009288960136473179,0.01262115994757318
2020-12-02,Test,-0.00778656080365181,0.01688334632142419
2020-12-03,Test,-0.008338561281561852,0.02208492588294431
2020-12-04,Test,-0.010622706264257431,0.014859939474267
2020-12-07,Test,-0.017188096418976784,0.005435356965775018
2020-12-08,Test,-0.01562271174043417,0.004768241525702654
2020-12-09,Test,-0.01743822731077671,0.02286686370935187
2020-12-10,Test,0.002801395719870925,0.02327121777266661
2020-12-11,Test,0.0030617595184594393,0.03587870251210679
2020-12-14,Test,0.0006383428117260337,0.0293381879340342
2020-12-15,Test,-0.0029667625203728676,0.01848414370085494
2020-12-16,Test,-0.0011926343431696296,0.0154054601553415
2020-12-17,Test,-0.016172032803297043,-0.005434091451467005
2020-12-18,Test,-0.01218107808381319,0.005805288676842713
2020-12-21,Test,-0.0013896836899220943,-0.004467191579788365
2020-12-22,Test,-0.004770496394485235,0.01685175960787433
2020-12-23,Test,-0.005921404343098402,0.03513947483230684
2020-12-24,Test,-0.009274495765566826,0.0156997541913364
2020-12-28,Test,-0.01012612134218216,0.003965782208645852
2020-12-29,Test,-0.010762391611933708,0.00984156816826176
2020-12-30,Test,-0.011709031648933887,0.0044093838943986
2020-12-31,Test,-0.011887085624039173,-0.005992238609455192
