Date,Type,Prediction,Actual
2009-01-02,Train,-0.05718058720231056,-0.05188529083869675
2009-01-05,Train,-0.08270350843667984,-0.09864607763167066
2009-01-06,Train,-0.07307073473930359,-0.06958188032187862
2009-01-07,Train,-0.057773008942604065,-0.05519054782197275
2009-01-08,Train,-0.061994802206754684,-0.0604681598345741
2009-01-09,Train,-0.024891510605812073,-0.03192547702745385
2009-01-12,Train,-0.001701643574051559,-0.006775093490449247
2009-01-13,Train,0.029810817912220955,0.02776836016786999
2009-01-14,Train,0.02577095665037632,0.03318200456817677
2009-01-15,Train,0.00511162867769599,-0.001374601890136606
2009-01-16,Train,0.007857777178287506,-0.000339912605571091
2009-01-20,Train,0.05879978835582733,0.06831193910236721
2009-01-21,Train,0.026738548651337624,0.02607204935943508
2009-01-22,Train,0.06861912459135056,0.06293461236223208
2009-01-23,Train,0.07291477173566818,0.08546717139468041
2009-01-26,Train,0.0676698312163353,0.08210234763095636
2009-01-27,Train,0.026087617501616478,0.03478855622033761
2009-01-28,Train,-0.00536868441849947,-0.004942326742831127
2009-01-29,Train,0.016327857971191406,0.03346855218632894
2009-01-30,Train,0.0426507331430912,0.04714387007608201
2009-02-02,Train,-0.002721859607845545,-0.00646040581582441
2009-02-03,Train,-0.024091681465506554,-0.02109143121575496
2009-02-04,Train,-0.03467278555035591,-0.03744563482442376
2009-02-05,Train,-0.05859410762786865,-0.05561003835661293
2009-02-06,Train,-0.09343872964382172,-0.1118903453930418
2009-02-09,Train,-0.08681721985340118,-0.08634918455093621
2009-02-10,Train,-0.06232435628771782,-0.05767963056027647
2009-02-11,Train,-0.07071789354085922,-0.07980131743471974
2009-02-12,Train,-0.1001162976026535,-0.09944386779609327
2009-02-13,Train,-0.10110024362802505,-0.1245481721169326
2009-02-17,Train,-0.08123075217008591,-0.08898010045239146
2009-02-18,Train,-0.07597571611404419,-0.06532147272103306
2009-02-19,Train,-0.07864212989807129,-0.07919418597224959
2009-02-20,Train,-0.06891639530658722,-0.08901979658692294
2009-02-23,Train,-0.0638720840215683,-0.07609478796801239
2009-02-24,Train,-0.045989539474248886,-0.05038223517528551
2009-02-25,Train,-0.03752406686544418,-0.02938090759372924
2009-02-26,Train,0.03289975970983505,0.03166603568821436
2009-02-27,Train,0.0391518734395504,0.04395201795471126
2009-03-02,Train,0.06884875148534775,0.06081084370680911
2009-03-03,Train,0.1014372929930687,0.1018031179202135
2009-03-04,Train,0.07848963886499405,0.08671792337539164
2009-03-05,Train,0.12117491662502289,0.1195775197632902
2009-03-06,Train,0.11131026595830917,0.1095057472114636
2009-03-09,Train,0.1757502555847168,0.2004661963207142
2009-03-10,Train,0.10754123330116272,0.1097694843898553
2009-03-11,Train,0.09326063096523285,0.09801799327403571
2009-03-12,Train,0.09420815855264664,0.0955702742876432
2009-03-13,Train,0.07587680965662003,0.07237299722584956
2009-03-16,Train,0.07748568058013916,0.0636942400029048
2009-03-17,Train,0.049806006252765656,0.03375382794726822
2009-03-18,Train,0.050949737429618835,0.03602692482619041
2009-03-19,Train,0.06294701993465424,0.07008085924255636
2009-03-20,Train,0.09043620526790619,0.1086359882039836
2009-03-23,Train,0.0500381737947464,0.04433659728629347
2009-03-24,Train,0.047876596450805664,0.03593802028782545
2009-03-25,Train,0.05113178491592407,0.04857241493065279
2009-03-26,Train,0.054853733628988266,0.04871056309231192
2009-03-27,Train,0.061274077743291855,0.06716416986765394
2009-03-30,Train,0.07184392958879471,0.08083839839310625
2009-03-31,Train,0.06808670610189438,0.06860164419492909
2009-04-01,Train,0.06265352666378021,0.08027303165281263
2009-04-02,Train,0.046646714210510254,0.04880356212968917
2009-04-03,Train,0.010146938264369965,-0.003400210226973899
2009-04-06,Train,0.01927134208381176,0.01301512745545264
2009-04-07,Train,0.04613964632153511,0.04360282736813392
2009-04-08,Train,0.03515682741999626,0.03630672362166742
2009-04-09,Train,0.022280730307102203,0.02276867125889526
2009-04-13,Train,0.02471897006034851,0.02553968282687968
2009-04-14,Train,0.030364541336894035,0.03047084680286938
2009-04-15,Train,0.04049088433384895,0.04753077247851456
2009-04-16,Train,0.029909169301390648,0.03128751649563832
2009-04-17,Train,0.03376602381467819,0.03182220098746935
2009-04-20,Train,0.06953758746385574,0.08715872866937713
2009-04-21,Train,0.06699322909116745,0.0712756784624331
2009-04-22,Train,0.06439441442489624,0.06831344316031429
2009-04-23,Train,0.03318984806537628,0.03322254466456243
2009-04-24,Train,0.016031712293624878,0.01602852293081547
2009-04-27,Train,0.015698764473199844,0.01838123155348437
2009-04-28,Train,0.016180910170078278,0.0134408831867443
2009-04-29,Train,-0.01887548714876175,-0.02710660595670511
2009-04-30,Train,-0.02353605441749096,-0.02596264356304312
2009-05-01,Train,-0.02500401996076107,-0.02909514201562302
2009-05-04,Train,-0.019244996830821037,-0.02310977392938973
2009-05-05,Train,-0.011563354171812534,-0.01770413831469031
2009-05-06,Train,-0.012371927499771118,-0.02141022055767983
2009-05-07,Train,-0.01331094279885292,-0.01636941168022199
2009-05-08,Train,-0.003797528799623251,-0.02015771650413245
2009-05-11,Train,0.0075831301510334015,0.01280938750951455
2009-05-12,Train,0.01683102175593376,0.01827288318032205
2009-05-13,Train,0.05696766823530197,0.05844943302300898
2009-05-14,Train,0.06137284263968468,0.05959873359817247
2009-05-15,Train,0.08190103620290756,0.09050046612012586
2009-05-18,Train,0.060640353709459305,0.06425224417047115
2009-05-19,Train,0.0537722222507,0.05610465754554839
2009-05-20,Train,0.0526830330491066,0.07176204745536974
2009-05-21,Train,0.08137553930282593,0.0930162588851835
2009-05-22,Train,0.09097842872142792,0.09332132283779804
2009-05-26,Train,0.04893004149198532,0.06208680053377247
2009-05-27,Train,0.06703075021505356,0.0657018960315554
2009-05-28,Train,0.048184219747781754,0.05350497542385435
2009-05-29,Train,0.03439316526055336,0.03589599828780687
2009-06-01,Train,-0.005397587548941374,-0.01346517922473278
2009-06-02,Train,-0.01000168640166521,-0.0244236943795082
2009-06-03,Train,-0.011224345304071903,-0.01211126945306507
2009-06-04,Train,-0.028121672570705414,-0.02504088028340479
2009-06-05,Train,-0.027916215360164642,-0.01685695901202033
2009-06-08,Train,-0.027853218838572502,-0.04335959687167756
2009-06-09,Train,-0.036560945212841034,-0.05277403850273499
2009-06-10,Train,-0.031228158622980118,-0.03340574558476239
2009-06-11,Train,-0.02257300354540348,-0.01439431786229417
2009-06-12,Train,-0.014105089008808136,-0.00763990674861037
2009-06-15,Train,0.006058130878955126,0.01532031235887477
2009-06-16,Train,0.026998402550816536,0.02334745003846361
2009-06-17,Train,0.009938085451722145,0.01421014613830196
2009-06-18,Train,-0.0008896618383005261,-0.006141854343312936
2009-06-19,Train,-0.011604759842157364,-0.02074115053000136
2009-06-22,Train,-0.0014324382646009326,-0.01567853543470799
2009-06-23,Train,-0.0020941225811839104,-0.00828574044363839
2009-06-24,Train,-0.016269760206341743,-0.02304017115224977
2009-06-25,Train,-0.028863081708550453,-0.03775152141139382
2009-06-26,Train,-0.019503584131598473,-0.02144621397316204
2009-06-29,Train,-0.012706330046057701,-0.02002742186437911
2009-06-30,Train,0.017921583727002144,0.0148432403786638
2009-07-01,Train,0.0271605234593153,0.0263736001162016
2009-07-02,Train,0.05340108647942543,0.05505626357244697
2009-07-06,Train,0.05895562097430229,0.07088388399743639
2009-07-07,Train,0.09387402981519699,0.1057052318248948
2009-07-08,Train,0.10849189013242722,0.1091904642896628
2009-07-09,Train,0.11876662820577621,0.1317226907120954
2009-07-10,Train,0.11558198183774948,0.11827036897694
2009-07-13,Train,0.1016329824924469,0.1056476062212042
2009-07-14,Train,0.1060577929019928,0.09406496348057569
2009-07-15,Train,0.06109984219074249,0.06554718590636677
2009-07-16,Train,0.0571308508515358,0.05915415011691194
2009-07-17,Train,0.05588270723819733,0.05031947072803944
2009-07-20,Train,0.053112223744392395,0.05590724812635184
2009-07-21,Train,0.04408865422010422,0.04871662114940878
2009-07-22,Train,0.03334556519985199,0.03194804005808649
2009-07-23,Train,0.011063594371080399,0.0007624547689339956
2009-07-24,Train,0.015275860205292702,0.02125484884176321
2009-07-27,Train,0.006669853813946247,0.006353240398838
2009-07-28,Train,0.003959044814109802,0.004605846521109402
2009-07-29,Train,0.009649531915783882,0.01347226174990257
2009-07-30,Train,0.0016277864342555404,0.01314128030765915
2009-07-31,Train,0.006370434071868658,0.004562745290106029
2009-08-03,Train,-0.018834564834833145,-0.03896107236815904
2009-08-04,Train,-0.020398590713739395,-0.02522482800041081
2009-08-05,Train,-0.0018528710352256894,-0.0108230634314167
2009-08-06,Train,0.006960687227547169,0.009649498301452342
2009-08-07,Train,0.007265142165124416,0.01028083842605287
2009-08-10,Train,0.011748362332582474,0.01641418057891308
2009-08-11,Train,0.01562418881803751,0.02827306820700382
2009-08-12,Train,0.009896112605929375,0.0107850593603076
2009-08-13,Train,0.012367851100862026,0.007732635872065519
2009-08-14,Train,0.017758095636963844,0.02043899916130565
2009-08-17,Train,0.028054971247911453,0.04028064593294078
2009-08-18,Train,0.013571924529969692,0.006405329434255869
2009-08-19,Train,0.008745125494897366,-0.001272245242524006
2009-08-20,Train,0.003463593777269125,-0.00628772662358501
2009-08-21,Train,0.005236475262790918,0.001737396208329134
2009-08-24,Train,0.012310490943491459,0.01217395474451677
2009-08-25,Train,0.015689583495259285,0.01783505671917318
2009-08-26,Train,0.024926740676164627,0.02928040514925456
2009-08-27,Train,0.023027164861559868,0.0277227447916637
2009-08-28,Train,0.022541264072060585,0.03066275273431462
2009-08-31,Train,0.034729763865470886,0.04446671616974274
2009-09-01,Train,0.06013088300824165,0.0799388871494422
2009-09-02,Train,0.06363625079393387,0.08050955025253792
2009-09-03,Train,0.059828776866197586,0.07415845177545632
2009-09-04,Train,0.048659712076187134,0.05475716181990919
2009-09-08,Train,0.04112668335437775,0.04688266491706217
2009-09-09,Train,0.028789911419153214,0.03309809212219994
2009-09-10,Train,0.020519951358437538,0.0142237261113547
2009-09-11,Train,0.017699839547276497,0.004335267417901134
2009-09-14,Train,0.009969565086066723,0.01751438428242236
2009-09-15,Train,0.008257918991148472,0.009806262471783178
2009-09-16,Train,-0.007966520264744759,-0.004007500619596094
2009-09-17,Train,-0.022863755002617836,-0.03324687225855172
2009-09-18,Train,-0.024562949314713478,-0.03675771934667282
2009-09-21,Train,-0.023707717657089233,-0.03194739535121294
2009-09-22,Train,-0.01869211345911026,-0.01664719516455615
2009-09-23,Train,-0.01718597114086151,-0.009187264608695234
2009-09-24,Train,0.010581152513623238,0.00404093142086448
2009-09-25,Train,0.02373582310974598,0.01870500635554162
2009-09-28,Train,0.0096517913043499,0.003772691534727146
2009-09-29,Train,0.008566084317862988,0.008526778776478006
2009-09-30,Train,0.008203777484595776,0.02153845792691378
2009-10-01,Train,0.042509566992521286,0.05024393593392729
2009-10-02,Train,0.046686895191669464,0.04647743790455916
2009-10-05,Train,0.03727102279663086,0.04853191080883978
2009-10-06,Train,0.031215684488415718,0.03051985302591276
2009-10-07,Train,0.022625496610999107,0.02567755542307815
2009-10-08,Train,0.014869172126054764,0.02533143116255343
2009-10-09,Train,0.01304161362349987,0.01530135435224356
2009-10-12,Train,0.009294802322983742,0.009866149557281823
2009-10-13,Train,-0.006003266200423241,-0.005636488213858093
2009-10-14,Train,-0.02576293796300888,-0.04101020537584177
2009-10-15,Train,-0.02384132519364357,-0.02252673455103027
2009-10-16,Train,-0.0320914052426815,-0.04254323858711739
2009-10-19,Train,-0.03437117487192154,-0.04813696043573534
2009-10-20,Train,-0.03515039384365082,-0.04534944108773065
2009-10-21,Train,-0.02714405581355095,-0.04195636495600097
2009-10-22,Train,-0.021698039025068283,-0.0221658478118163
2009-10-23,Train,-0.003951616119593382,-0.01228849016620948
2009-10-26,Train,0.008688174188137054,0.01209575768234661
2009-10-27,Train,0.023340340703725815,0.0302314306727427
2009-10-28,Train,0.05867286026477814,0.06064271981744018
2009-10-29,Train,0.041213080286979675,0.03706346798849092
2009-10-30,Train,0.07111410796642303,0.07446287366292337
2009-11-02,Train,0.07183773070573807,0.08096275054412527
2009-11-03,Train,0.07333766669034958,0.08095007970091883
2009-11-04,Train,0.06516490876674652,0.07307032444400297
2009-11-05,Train,0.033956680446863174,0.03093273720166767
2009-11-06,Train,0.022501038387417793,0.01971831414731584
2009-11-09,Train,0.017237041145563126,0.01447945512338578
2009-11-10,Train,0.012920340523123741,0.008482410720821232
2009-11-11,Train,0.0014541692798957229,0.006378104090311254
2009-11-12,Train,0.0003941419709008187,-0.003207404340242692
2009-11-13,Train,-0.009041220881044865,-0.01022487992284271
2009-11-16,Train,-0.011647742241621017,-0.01012147485843318
2009-11-17,Train,-0.008734368719160557,-0.01188338110828424
2009-11-18,Train,-0.006450594402849674,-0.01037202029986706
2009-11-19,Train,0.011063975282013416,0.01053593875584768
2009-11-20,Train,0.015240662731230259,0.01081954962158194
2009-11-23,Train,0.0021266737021505833,-0.01132759417566409
2009-11-24,Train,0.0012478179996833205,0.002045922917796705
2009-11-25,Train,0.00338000594638288,0.002716136963690996
2009-11-27,Train,0.011683001182973385,0.01424966146861895
2009-11-30,Train,0.010563809424638748,0.02272722296966112
2009-12-01,Train,0.012919595465064049,0.006589432551408425
2009-12-02,Train,0.0046425932087004185,0.006580461028716567
2009-12-03,Train,0.010036022402346134,-0.001594889400721389
2009-12-04,Train,0.013775165192782879,0.007706259311402119
2009-12-07,Train,0.02625388838350773,0.02391253110246661
2009-12-08,Train,0.03900476545095444,0.03643446780077286
2009-12-09,Train,0.02619491145014763,0.03357530582482093
2009-12-10,Train,0.03297021985054016,0.03792325810629649
2009-12-11,Train,0.033802203834056854,0.04736007482442495
2009-12-14,Train,0.03149767592549324,0.03322109018141428
2009-12-15,Train,0.03339561074972153,0.04221216623228208
2009-12-16,Train,0.035058267414569855,0.03133452142748783
2009-12-17,Train,0.044471625238657,0.05933360320009751
2009-12-18,Train,0.04102823883295059,0.04408455071599793
2009-12-21,Train,0.03224986046552658,0.02624555892358327
2009-12-22,Train,0.014961730688810349,0.02078263621982135
2009-12-23,Train,0.013368681073188782,0.02172953981405956
2009-12-24,Train,0.009142555296421051,0.00826448612219255
2009-12-28,Train,0.000793399172835052,-0.0095197410165615
2009-12-29,Train,0.0007266346365213394,0.006951981388453765
2009-12-30,Train,0.0030211699195206165,0.004765025545335755
2009-12-31,Train,0.0014081757981330156,0.002185758997182319
2010-01-04,Train,-0.004281562753021717,0.003662257439646099
2010-01-05,Train,-0.010404755361378193,-0.01077121972689987
2010-01-06,Train,-0.018533892929553986,-0.01408751018162058
2010-01-07,Train,-0.02960359677672386,-0.04353472820549431
2010-01-08,Train,-0.04039233177900314,-0.04812025564946021
2010-01-11,Train,-0.04195733740925789,-0.04335638718222234
2010-01-12,Train,-0.03077486716210842,-0.0235910451104212
2010-01-13,Train,-0.05522084981203079,-0.06040991001593865
2010-01-14,Train,-0.05699361860752106,-0.07760289979491586
2010-01-15,Train,-0.04029630497097969,-0.05648855482622872
2010-01-19,Train,-0.0639631524682045,-0.06310364063275664
2010-01-20,Train,-0.0515141636133194,-0.04420729225267517
2010-01-21,Train,-0.0603366494178772,-0.06309084723425229
2010-01-22,Train,-0.014730172231793404,-0.02672102149576738
2010-01-25,Train,-0.015727680176496506,-0.03701203235200656
2010-01-26,Train,-0.017911912873387337,-0.02795936654863895
2010-01-27,Train,-0.013825749978423119,-0.03758389880316648
2010-01-28,Train,0.017290394753217697,0.002755429023811429
2010-01-29,Train,0.022011827677488327,0.02266878675512896
2010-02-01,Train,0.01969130150973797,0.02450303778128871
2010-02-02,Train,0.01747116819024086,0.0210767041646005
2010-02-03,Train,0.01888706162571907,0.0218728434227109
2010-02-04,Train,0.036444175988435745,0.05185365918713303
2010-02-05,Train,0.034891728311777115,0.0409493288733267
2010-02-08,Train,0.038386136293411255,0.03491918777608949
2010-02-09,Train,0.03543262183666229,0.03479471071127338
2010-02-10,Train,0.03360699489712715,0.03672705717213187
2010-02-11,Train,0.029910961166024208,0.02495993126381713
2010-02-12,Train,0.03344613313674927,0.03770570359156022
2010-02-16,Train,0.028084926307201385,0.02775269744372255
2010-02-17,Train,0.02698521316051483,0.02310968782475631
2010-02-18,Train,0.026408541947603226,0.0200669243366467
2010-02-19,Train,0.041851237416267395,0.03591337786961724
2010-02-22,Train,0.044882770627737045,0.04000887424399902
2010-02-23,Train,0.05690665543079376,0.05955618381346883
2010-02-24,Train,0.053145114332437515,0.05738618075696045
2010-02-25,Train,0.04885115846991539,0.06165919493462924
2010-02-26,Train,0.0526018925011158,0.05808763150841201
2010-03-01,Train,0.04289108142256737,0.04029953396176844
2010-03-02,Train,0.04011673480272293,0.0436882922458468
2010-03-03,Train,0.04328330233693123,0.04539473166866403
2010-03-04,Train,0.04043937474489212,0.0454645208973703
2010-03-05,Train,0.0198164414614439,0.02260988550404308
2010-03-08,Train,0.020579064264893532,0.02987318775230463
2010-03-09,Train,0.02130122110247612,0.03120322838010781
2010-03-10,Train,0.019869277253746986,0.01801997714254666
2010-03-11,Train,0.019146427512168884,0.01267164325562309
2010-03-12,Train,0.016739029437303543,0.01351350045186761
2010-03-15,Train,0.017604434862732887,0.02095677029200438
2010-03-16,Train,0.017214929684996605,0.01787964782818241
2010-03-17,Train,0.01591254398226738,0.01027903707338518
2010-03-18,Train,0.016465771943330765,0.006899393763835526
2010-03-19,Train,0.01659518852829933,0.02358388907770048
2010-03-22,Train,0.019873591139912605,0.01732057309619384
2010-03-23,Train,0.020710507407784462,0.007875669805497143
2010-03-24,Train,0.013169512152671814,0.01499377788087286
2010-03-25,Train,0.017558136954903603,0.02252342021216713
2010-03-26,Train,0.019902361556887627,0.02229166030883789
2010-03-29,Train,0.021522775292396545,0.0226000448462238
2010-03-30,Train,0.022191114723682404,0.03141145850249449
2010-03-31,Train,0.023963430896401405,0.04090534109104627
2010-04-01,Train,0.020839927718043327,0.02844682176547764
2010-04-05,Train,0.018940847367048264,0.01830897713378987
2010-04-06,Train,0.017742658033967018,0.02051282051282044
2010-04-07,Train,0.022398579865694046,0.02878876579132061
2010-04-08,Train,0.021633796393871307,0.03221172837008424
2010-04-09,Train,0.020222224295139313,0.03038959240390504
2010-04-12,Train,0.017728935927152634,0.02730793073001037
2010-04-13,Train,0.0023225885815918446,0.0004055242880662835
2010-04-14,Train,7.434592407662421e-05,-0.01081949343174249
2010-04-15,Train,-0.0015035661635920405,0.001994783003998357
2010-04-16,Train,-0.0022008009254932404,-0.005854978961786217
2010-04-19,Train,-0.0037324572913348675,0.008686874852035897
2010-04-20,Train,-0.02491922304034233,-0.02653265718239639
2010-04-21,Train,-0.0397505909204483,-0.03697778371497085
2010-04-22,Train,-0.06448322534561157,-0.07433912892819594
2010-04-23,Train,-0.08051278442144394,-0.1011480713390667
2010-04-26,Train,-0.05597981810569763,-0.05237054944732289
2010-04-27,Train,-0.03574341908097267,-0.03283337914217244
2010-04-28,Train,-0.026663584634661674,-0.01519141211720032
2010-04-29,Train,-0.051031533628702164,-0.04738206430031899
2010-04-30,Train,-0.0384911447763443,-0.04691310508832103
2010-05-03,Train,-0.05425262078642845,-0.05707988096738825
2010-05-04,Train,-0.04099113494157791,-0.04129671665077927
2010-05-05,Train,-0.0398792140185833,-0.04400163799204093
2010-05-06,Train,-0.03892257437109947,-0.04767020045632198
2010-05-07,Train,-0.015536797232925892,-0.0125522945769555
2010-05-10,Train,-0.06778459250926971,-0.06510363367279637
2010-05-11,Train,-0.062212809920310974,-0.06328584200566734
2010-05-12,Train,-0.07114043831825256,-0.09090905524571491
2010-05-13,Train,-0.051892559975385666,-0.04137930209772478
2010-05-14,Train,-0.03876212239265442,-0.02834011980409057
2010-05-17,Train,-0.032167140394449234,-0.04035687026302615
2010-05-18,Train,-0.008970418944954872,-0.003876810337985592
2010-05-19,Train,0.0009783398127183318,0.01367775151182005
2010-05-20,Train,0.011178925633430481,0.01668549501526129
2010-05-21,Train,-0.004546193405985832,-0.01271185755763926
2010-05-24,Train,-0.003518781391903758,-0.01052398616903172
2010-05-25,Train,-0.0036257931496948004,-0.01968682445403536
2010-05-26,Train,0.015873080119490623,0.01968323341329525
2010-05-27,Train,2.799262074404396e-05,-0.008066251155449122
2010-05-28,Train,0.0020973074715584517,-0.002412210511733237
2010-06-01,Train,0.00999930128455162,0.03386451458526429
2010-06-02,Train,0.007547401357442141,0.01405408704603039
2010-06-03,Train,0.0035100746899843216,0.007710443798248923
2010-06-04,Train,0.03404305502772331,0.04235972146703326
2010-06-07,Train,0.04853073135018349,0.05263153359531558
2010-06-08,Train,0.04802241921424866,0.04639065660705333
2010-06-09,Train,0.05096030607819557,0.05088999447208398
2010-06-10,Train,0.006167079322040081,0.006212531200195048
2010-06-11,Train,-0.004896063357591629,-0.005054934994205063
2010-06-14,Train,-0.0069865817204117775,-0.008353507454257003
2010-06-15,Train,-0.06067381054162979,-0.07150503571082656
2010-06-16,Train,-0.07784213870763779,-0.08933906833871319
2010-06-17,Train,-0.08092110604047775,-0.09479275572356616
2010-06-18,Train,-0.08089329302310944,-0.09638295275099729
2010-06-21,Train,-0.0775335356593132,-0.08583691268190419
2010-06-22,Train,-0.047060251235961914,-0.04930801278616515
2010-06-23,Train,-0.040070563554763794,-0.04017369174313112
2010-06-24,Train,-0.0157720148563385,-0.01609701360084725
2010-06-25,Train,-0.0047533512115478516,-0.01148664573681257
2010-06-28,Train,-0.00110482273157686,0.004876994407591262
2010-06-29,Train,0.04688607156276703,0.05049579191472398
2010-06-30,Train,0.05269867554306984,0.06766563923198743
2010-07-01,Train,0.04842193424701691,0.04108945747194759
2010-07-02,Train,0.04601389169692993,0.05297857158768293
2010-07-06,Train,0.05828395485877991,0.06244131320868518
2010-07-07,Train,0.023114051669836044,0.01546861508957509
2010-07-08,Train,0.02775888890028,0.03552035447340129
2010-07-09,Train,0.02795165404677391,0.03227257902010505
2010-07-12,Train,0.03803980350494385,0.03776533244042413
2010-07-13,Train,0.02361069619655609,0.02404580396782352
2010-07-14,Train,0.01934574358165264,0.0107550010755002
2010-07-15,Train,0.016461610794067383,0.002412294167377871
2010-07-16,Train,0.03854973986744881,0.03315293675336917
2010-07-19,Train,0.03205771744251251,0.04360458173108084
2010-07-20,Train,0.016158204525709152,0.02673448837920622
2010-07-21,Train,0.033579446375370026,0.05152328110456672
2010-07-22,Train,0.015380571596324444,0.02315930440658787
2010-07-23,Train,0.013057911768555641,0.01519750167980005
2010-07-26,Train,0.008592844009399414,0.01378129249077142
2010-07-27,Train,0.0017370199784636497,0.005385609863449936
2010-07-28,Train,-0.008815440349280834,-0.01411504282194487
2010-07-29,Train,-0.010726258158683777,-0.01465758438776488
2010-07-30,Train,-0.014404785819351673,-0.02379393407360608
2010-08-02,Train,-0.03298436105251312,-0.04006854521646586
2010-08-03,Train,-0.027853932231664658,-0.0236712343430775
2010-08-04,Train,-0.03147340938448906,-0.02961225884777774
2010-08-05,Train,-0.03529037907719612,-0.04206707545752741
2010-08-06,Train,-0.03642697632312775,-0.03934987636089293
2010-08-09,Train,-0.0410895012319088,-0.05522519515076485
2010-08-10,Train,-0.04176294058561325,-0.06470959420512556
2010-08-11,Train,-0.028872663155198097,-0.02929519353202137
2010-08-12,Train,-0.021796246990561485,-0.03330372934079762
2010-08-13,Train,-0.014078604988753796,-0.01453491744490354
2010-08-16,Train,-0.02502700500190258,-0.02656246979853882
2010-08-17,Train,-0.027967972680926323,-0.04209830047119123
2010-08-18,Train,-0.010513540357351303,-0.01734359887507042
2010-08-19,Train,0.01194034144282341,0.008916578371364059
2010-08-20,Train,0.023211995139718056,0.02426536502713939
2010-08-23,Train,0.04192403331398964,0.02742808528009677
2010-08-24,Train,0.06288708746433258,0.0595646823191891
2010-08-25,Train,0.061797067523002625,0.05355118281584037
2010-08-26,Train,0.07332492619752884,0.07028014456247944
2010-08-27,Train,0.06867613643407822,0.07215793798948567
2010-08-30,Train,0.0807761549949646,0.08805320107416836
2010-08-31,Train,0.08648956567049026,0.09871148195813162
2010-09-01,Train,0.06215708702802658,0.07104558588971033
2010-09-02,Train,0.06387925893068314,0.06031823813910187
2010-09-03,Train,0.05242035910487175,0.06129110220379408
2010-09-07,Train,0.05942007526755333,0.06827131028004141
2010-09-08,Train,0.04515679180622101,0.05275672706397794
2010-09-09,Train,0.04348732903599739,0.04824462306798272
2010-09-10,Train,0.040885284543037415,0.065665267671422
2010-09-13,Train,0.03301310911774635,0.04529099237351186
2010-09-14,Train,0.035005562007427216,0.04046360670335147
2010-09-15,Train,0.028167901560664177,0.03225132807387099
2010-09-16,Train,0.028252752497792244,0.02357115353536265
2010-09-17,Train,0.02173703908920288,0.0212543573117665
2010-09-20,Train,0.015686040744185448,-0.007167771363788211
2010-09-21,Train,0.018666956573724747,0.01720606632197397
2010-09-22,Train,0.01395080890506506,0.01109059212893726
2010-09-23,Train,0.02196938917040825,0.01520447311089002
2010-09-24,Train,0.01237997692078352,0.001812326880073156
2010-09-27,Train,0.013243919238448143,0.007693886876112721
2010-09-28,Train,0.01699083484709263,0.01498889395334535
2010-09-29,Train,0.021326474845409393,0.02495434204483549
2010-09-30,Train,0.032760243862867355,0.0275116870290808
2010-10-01,Train,0.043666135519742966,0.05060198820378181
2010-10-04,Train,0.04510389268398285,0.05816831108604692
2010-10-05,Train,0.03127875551581383,0.02335883711188846
2010-10-06,Train,0.037267107516527176,0.03981310385329362
2010-10-07,Train,0.027620356529951096,0.03804899967458097
2010-10-08,Train,0.027544988319277763,0.03798993748037049
2010-10-11,Train,0.03202380985021591,0.04259591947731356
2010-10-12,Train,0.026552380993962288,0.03831566844061629
2010-10-13,Train,0.02728843502700329,0.03305617881657552
2010-10-14,Train,0.02923603542149067,0.0372868134944353
2010-10-15,Train,0.030556049197912216,0.01340063321453622
2010-10-18,Train,0.027511240914463997,0.01793376213109066
2010-10-19,Train,0.03474875167012215,0.03856747532944738
2010-10-20,Train,0.036975644528865814,0.03574920648854762
2010-10-21,Train,0.037580735981464386,0.04640275318648812
2010-10-22,Train,0.02390092797577381,0.03931058875465054
2010-10-25,Train,0.01980612799525261,0.03565238602002019
2010-10-26,Train,0.019162658601999283,0.02729198571896974
2010-10-27,Train,0.017027253285050392,0.02931601138634909
2010-10-28,Train,0.01363816112279892,0.02065013091413936
2010-10-29,Train,0.010216176509857178,0.006324224117045363
2010-11-01,Train,0.001189798698760569,0.001723480476522932
2010-11-02,Train,-0.012264060787856579,-0.02519890199162178
2010-11-03,Train,-0.01946134865283966,-0.0267823834662877
2010-11-04,Train,-0.019321419298648834,-0.02310411600660389
2010-11-05,Train,-0.019271528348326683,-0.02235880359944808
2010-11-08,Train,-0.016634298488497734,-0.01544476749406698
2010-11-09,Train,-0.018898269161581993,-0.02581854159807762
2010-11-10,Train,-0.013244733214378357,-0.01116906692450192
2010-11-11,Train,-0.011438984423875809,-0.0114275121421068
2010-11-12,Train,0.0022058021277189255,0.004189701537524293
2010-11-15,Train,0.0027901367284357548,-0.004205720033023219
2010-11-16,Train,0.01703684963285923,0.0338191999604962
2010-11-17,Train,0.015395003370940685,0.04127909168802568
2010-11-18,Train,0.024294571951031685,0.02746516533143772
2010-11-19,Train,0.023984450846910477,0.02630069032423554
2010-11-22,Train,0.02090567909181118,0.01833304145720138
2010-11-23,Train,0.0255015529692173,0.03860192333418166
2010-11-24,Train,0.02463565021753311,0.01901359481436704
2010-11-26,Train,0.02430020272731781,0.03259429990113016
2010-11-29,Train,0.025582827627658844,0.02977431648878848
2010-11-30,Train,0.02555895410478115,0.04434634990447872
2010-12-01,Train,0.020372912287712097,0.01823653404300041
2010-12-02,Train,0.01940242201089859,0.01581988267374146
2010-12-03,Train,0.016832612454891205,0.01206611358394105
2010-12-06,Train,0.019339440390467644,0.01318482672773214
2010-12-07,Train,0.016407299786806107,0.01874532853583943
2010-12-08,Train,0.01255046296864748,0.01479288479981444
2010-12-09,Train,0.0083261514082551,0.01126917787391069
2010-12-10,Train,0.00885890331119299,0.005138534972876085
2010-12-13,Train,0.009396933950483799,0.006813976741867789
2010-12-14,Train,0.012853799387812614,0.00716910622627287
2010-12-15,Train,0.01585628092288971,0.009231905491297487
2010-12-16,Train,0.014020930044353008,-0.002198657796925074
2010-12-17,Train,0.015182971023023129,0.01449011204868489
2010-12-20,Train,0.017176255583763123,0.01301317937319957
2010-12-21,Train,0.01668085716664791,0.0154855583579887
2010-12-22,Train,0.01954236812889576,0.01895038412151751
2010-12-23,Train,0.022176088765263557,0.0206429890166131
2010-12-27,Train,0.022060008719563484,0.02391822826989443
2010-12-28,Train,0.026239298284053802,0.02725446731975878
2010-12-29,Train,0.0270934347063303,0.03230517299119184
2010-12-30,Train,0.028588296845555305,0.0351262712953242
2010-12-31,Train,0.030576597899198532,0.04663975318081737
2011-01-03,Train,0.02085159532725811,0.03344781103213723
2011-01-04,Train,0.01941044256091118,0.02243527869548534
2011-01-05,Train,0.013314592652022839,0.006637942603932467
2011-01-06,Train,0.007630694657564163,-0.004291807432547645
2011-01-07,Train,0.010743211954832077,0.01038127514127596
2011-01-10,Train,0.008034413680434227,0.008024196389968763
2011-01-11,Train,0.008491565473377705,0.011930234783885
2011-01-12,Train,0.0055472347885370255,0.01096179131596609
2011-01-13,Train,0.003025009762495756,-0.01502301628332259
2011-01-14,Train,-0.0028709699399769306,-0.01754385964912286
2011-01-18,Train,0.002485909266397357,-0.001924433356284228
2011-01-19,Train,0.011008087545633316,0.007963206092822972
2011-01-20,Train,0.016548847779631615,0.01693104175023286
2011-01-21,Train,0.024026473984122276,0.03053162273027921
2011-01-24,Train,0.01658748835325241,0.02125776344944308
2011-01-25,Train,0.016403669491410255,0.02653458398002573
2011-01-26,Train,0.01637757010757923,0.01935594648388705
2011-01-27,Train,0.013392310589551926,0.01469045379686462
2011-01-28,Train,0.029462411999702454,0.04862729421734202
2011-01-31,Train,0.02572062611579895,0.04607146126883377
2011-02-01,Train,0.017908263951539993,0.02541631520298981
2011-02-02,Train,0.024557210505008698,0.03370790053551764
2011-02-03,Train,0.017353029921650887,0.03154572719486648
2011-02-04,Train,0.008097001351416111,0.02352733441950483
2011-02-07,Train,-0.0016705561429262161,-0.01075460069682244
2011-02-08,Train,-0.00499077420681715,-0.02533168080179771
2011-02-09,Train,-0.011187673546373844,-0.01847056256149582
2011-02-10,Train,-0.014443069696426392,-0.006377092881171387
2011-02-11,Train,-0.015959857031702995,-0.01146471910831126
2011-02-14,Train,-0.01935608498752117,-0.02970299802115028
2011-02-15,Train,-0.021804608404636383,-0.02324787368122327
2011-02-16,Train,-0.01705733872950077,-0.01036006452591409
2011-02-17,Train,-0.019742878153920174,-0.01512061468602699
2011-02-18,Train,-0.022904638200998306,-0.02622170828419357
2011-02-22,Train,-0.006644040811806917,0.006838495493533436
2011-02-23,Train,-0.0025518264155834913,0.008309713482924419
2011-02-24,Train,-0.014905841089785099,-0.01266270159997229
2011-02-25,Train,-0.019001606851816177,-0.02012141919703836
2011-02-28,Train,-0.02511480823159218,-0.02561882517758285
2011-03-01,Train,-0.023023607209324837,-0.02375085275328992
2011-03-02,Train,-0.03962336480617523,-0.05232757955386336
2011-03-03,Train,-0.044899798929691315,-0.06212457359612822
2011-03-04,Train,-0.04422929883003235,-0.06072106923652365
2011-03-07,Train,-0.021720081567764282,-0.02955059743470112
2011-03-08,Train,-0.02801859937608242,-0.0351793226659991
2011-03-09,Train,-0.01832328364253044,-0.02314570792702542
2011-03-10,Train,0.00904324185103178,0.009975086914487452
2011-03-11,Train,0.007615943904966116,0.006195759669352485
2011-03-14,Train,0.0030921881552785635,0.004263596728834473
2011-03-15,Train,0.013860436156392097,0.02865381338067063
2011-03-16,Train,0.04525231942534447,0.05909504816380973
2011-03-17,Train,0.04852144792675972,0.05086914367203521
2011-03-18,Train,0.0468817874789238,0.05528004186148539
2011-03-21,Train,0.029793178662657738,0.03189190013988608
2011-03-22,Train,0.02847529947757721,0.03104688372982078
2011-03-23,Train,0.025768211111426353,0.02782263978698496
2011-03-24,Train,0.00941997766494751,0.009171083787772316
2011-03-25,Train,0.006440465804189444,0.001935267594234125
2011-03-28,Train,0.013456600718200207,0.004068628112558148
2011-03-29,Train,0.0030406201258301735,-0.01243873294313103
2011-03-30,Train,0.0019477347377687693,-0.008718396047135424
2011-03-31,Train,0.00024320586817339063,-0.01184050673101766
2011-04-01,Train,-0.0013034992152824998,-0.01409672070135193
2011-04-04,Train,-0.0023986021988093853,-0.01781037977319233
2011-04-05,Train,0.002314608311280608,-0.009103649640886169
2011-04-06,Train,0.007284913677722216,0.01082785128809327
2011-04-07,Train,0.012287039309740067,0.01957355658845272
2011-04-08,Train,0.02312285453081131,0.027041279980623
2011-04-11,Train,0.016824403777718544,0.03629318946807492
2011-04-12,Train,0.016861451789736748,0.05055884943801736
2011-04-13,Train,0.021803323179483414,0.04010558760229399
2011-04-14,Train,0.03344269469380379,0.04105730098774774
2011-04-15,Train,0.0357009693980217,0.04095321504562355
2011-04-18,Train,0.027875706553459167,0.04337775336371519
2011-04-19,Train,0.029524553567171097,0.03533568999855086
2011-04-20,Train,0.0034186197444796562,0.006910810362821262
2011-04-21,Train,0.0023530754260718822,0.002228335066424725
2011-04-25,Train,0.0008746812236495316,0.003419335655717948
2011-04-26,Train,0.0032448112033307552,0.006290359296233117
2011-04-27,Train,-0.004283079877495766,-0.007767694861328445
2011-04-28,Train,-0.006462046876549721,-0.0003382455166985876
2011-04-29,Train,-0.00776351522654295,-0.01134058840347563
2011-05-02,Train,-0.01028805784881115,-0.02662370124342184
2011-05-03,Train,-0.010553852654993534,-0.01925365956481251
2011-05-04,Train,-0.014250579290091991,-0.009556272579786085
2011-05-05,Train,-0.015057030133903027,-0.001201092935662285
2011-05-06,Train,-0.019719619303941727,-0.01197196422653046
2011-05-09,Train,-0.0229659266769886,-0.03015846820889467
2011-05-10,Train,-0.02421271987259388,-0.04426421680473758
2011-05-11,Train,-0.022624613717198372,-0.03352616511705941
2011-05-12,Train,-0.023005057126283646,-0.03332771443683813
2011-05-13,Train,-0.019507572054862976,-0.01677794118809173
2011-05-16,Train,-0.004068446345627308,0.01672472228140687
2011-05-17,Train,-0.011752474121749401,-0.008165413646449515
2011-05-18,Train,-0.01899094134569168,-0.01430051374848684
2011-05-19,Train,-0.02608783170580864,-0.03195328362146821
2011-05-20,Train,-0.024143727496266365,-0.03254286053692734
2011-05-23,Train,-0.016673797741532326,-0.01985237684063168
2011-05-24,Train,-0.0199396051466465,-0.02085911811103902
2011-05-25,Train,-0.025235941633582115,-0.02289134030820394
2011-05-26,Train,-0.031594086438417435,-0.04375218807672765
2011-05-27,Train,-0.03181856498122215,-0.04858089675607924
2011-05-31,Train,-0.030533792451024055,-0.05174777974947453
2011-06-01,Train,-0.02980024926364422,-0.04904535346955363
2011-06-02,Train,-0.02876552753150463,-0.05471066777673628
2011-06-03,Train,-0.024536602199077606,-0.04543030395589875
2011-06-06,Train,-0.02078704535961151,-0.03256395982643912
2011-06-07,Train,-0.014205439016222954,-0.01003766560496966
2011-06-08,Train,-0.010593963786959648,-0.0101100842167261
2011-06-09,Train,-0.0035340129397809505,-0.002703217180422546
2011-06-10,Train,0.006635035388171673,-0.004758388075356779
2011-06-13,Train,0.009371968917548656,0.01116399372557697
2011-06-14,Train,0.01097545213997364,0.0131911734771144
2011-06-15,Train,0.03521539270877838,0.03702336134900164
2011-06-16,Train,0.05142807587981224,0.05491858922793869
2011-06-17,Train,0.0672902762889862,0.07659414132293607
2011-06-20,Train,0.06822178512811661,0.076382487357598
2011-06-21,Train,0.05931030958890915,0.05721527926132874
2011-06-22,Train,0.056147895753383636,0.07951845066663621
2011-06-23,Train,0.051354072988033295,0.06667868840864877
2011-06-24,Train,0.06380771100521088,0.06583298907760571
2011-06-27,Train,0.04475737735629082,0.04108598113599404
2011-06-28,Train,0.02574262022972107,0.03014087098104601
2011-06-29,Train,0.019268741831183434,0.0140319880325559
2011-06-30,Train,0.016704117879271507,0.01402277384327921
2011-07-01,Train,0.006628783885389566,-0.006389206231388056
2011-07-05,Train,0.006751508917659521,0.0111683454065441
2011-07-06,Train,0.0012698342325165868,0.003596490609141689
2011-07-07,Train,-0.005739864427596331,-0.003378897666538205
2011-07-08,Train,-0.002303843852132559,0.00965610209404466
2011-07-11,Train,0.015432754531502724,0.02622499105889187
2011-07-12,Train,0.021113550290465355,0.03668290322599899
2011-07-13,Train,0.014309482648968697,0.005713328266002682
2011-07-14,Train,0.01728658936917782,0.01926779595692873
2011-07-15,Train,0.0014767840038985014,0.002592939150136919
2011-07-18,Train,-0.0030084485188126564,0.003302026828048144
2011-07-19,Train,-0.04831286519765854,-0.04384023930760095
2011-07-20,Train,-0.040474556386470795,-0.03054602640681936
2011-07-21,Train,-0.07609105110168457,-0.08170882136592539
2011-07-22,Train,-0.10113126039505005,-0.09681202669110467
2011-07-25,Train,-0.11447195708751678,-0.1494619949237846
2011-07-26,Train,-0.10679423809051514,-0.110682578745541
2011-07-27,Train,-0.09874051064252853,-0.1244620334523141
2011-07-28,Train,-0.08841624855995178,-0.08747207892614728
2011-07-29,Train,-0.07120510935783386,-0.07637931560647904
2011-08-01,Train,-0.061671216040849686,-0.05837517683365323
2011-08-02,Train,-0.04385918006300926,-0.04211833859258074
2011-08-03,Train,-0.051000867038965225,-0.05685617785876163
2011-08-04,Train,-0.047123733907938004,-0.05944244996950776
2011-08-05,Train,-0.04805808141827583,-0.07059266064459946
2011-08-08,Train,-0.0014783752849325538,-0.007511386973099166
2011-08-09,Train,-0.014168847352266312,-0.0141429382852033
2011-08-10,Train,0.03650066256523132,0.03598108522210608
2011-08-11,Train,-0.009685665369033813,-0.02391707494465101
2011-08-12,Train,-0.008200081065297127,-0.008213526772737567
2011-08-15,Train,-0.0010131183080375195,0.004598969779120887
2011-08-16,Train,0.012922853231430054,0.01985157077055888
2011-08-17,Train,0.021996280178427696,0.02762223761960625
2011-08-18,Train,0.0653630867600441,0.07085378913237306
2011-08-19,Train,0.065473772585392,0.06496102497098
2011-08-22,Train,0.06390638649463654,0.06134239966571076
2011-08-23,Train,0.04093731567263603,0.04514155825279276
2011-08-24,Train,0.03343084827065468,0.03226420207340275
2011-08-25,Train,0.03657005727291107,0.02604666074528716
2011-08-26,Train,0.022049423307180405,0.01373987441295998
2011-08-29,Train,0.00408665556460619,-0.0005493275766634831
2011-08-30,Train,0.009671741165220737,0.007094767709438399
2011-08-31,Train,0.012654581107199192,0.02034142578914033
2011-09-01,Train,0.02131533809006214,0.03720672155794014
2011-09-02,Train,0.04385785385966301,0.06250003579858632
2011-09-06,Train,0.04166869446635246,0.05760930084596216
2011-09-07,Train,0.012406920082867146,0.01354322267080743
2011-09-08,Train,-0.004683217033743858,-0.01489239874394832
2011-09-09,Train,0.017705488950014114,0.01823996267650863
2011-09-12,Train,0.01046531368046999,0.01708128775565765
2011-09-13,Train,0.010875629261136055,0.01410766979176414
2011-09-14,Train,-0.014094123616814613,-0.01499280747658605
2011-09-15,Train,-0.03481411561369896,-0.04093982243799754
2011-09-16,Train,-0.06534253060817719,-0.07245093590856966
2011-09-19,Train,-0.06777586787939072,-0.09662605832409932
2011-09-20,Train,-0.06268051266670227,-0.07398867882334048
2011-09-21,Train,-0.0260227732360363,-0.03340560225961231
2011-09-22,Train,0.01576131209731102,0.01586409938546218
2011-09-23,Train,0.00847779493778944,-0.001477411427522335
2011-09-26,Train,0.011054501868784428,0.02117560922346184
2011-09-27,Train,0.014395195059478283,0.01752486445246504
2011-09-28,Train,0.037104520946741104,0.03796075080071559
2011-09-29,Train,0.05849618464708328,0.06013358944951608
2011-09-30,Train,0.10141865909099579,0.1084015706755677
2011-10-03,Train,0.10912949591875076,0.1200625628261403
2011-10-04,Train,0.10660474747419357,0.1111324622413303
2011-10-05,Train,0.07250986993312836,0.06239492301052807
2011-10-06,Train,0.03710907697677612,0.0396839947694565
2011-10-07,Train,0.05364543944597244,0.05973736934467766
2011-10-10,Train,0.028360962867736816,0.04558461055342766
2011-10-11,Train,0.02620377577841282,0.01811080368058682
2011-10-12,Train,0.014602217823266983,0.01183749119620425
2011-10-13,Train,0.01329644862562418,0.03028710739822205
2011-10-14,Train,0.0057975114323198795,0.01306287929781247
2011-10-17,Train,0.007960512302815914,0.01169696225420913
2011-10-18,Train,-0.009511740878224373,-0.02672879818752216
2011-10-19,Train,0.00507811876013875,0.0008791847722808832
2011-10-20,Train,0.009211507625877857,0.02668312983675003
2011-10-21,Train,0.0028904264327138662,0.008726003606586596
2011-10-24,Train,-0.002060085767880082,-0.004787187313369912
2011-10-25,Train,0.00807100534439087,0.02685735806468847
2011-10-26,Train,0.0032479683868587017,-0.008032112463695618
2011-10-27,Train,-0.01624212972819805,-0.03517416734912049
2011-10-28,Train,-0.025046756491065025,-0.01849338612121976
2011-10-31,Train,-0.011301003396511078,-0.00793786157750731
2011-11-01,Train,0.003508143126964569,0.02994334660749787
2011-11-02,Train,-0.004394846502691507,0.004392129445576654
2011-11-03,Train,-0.04217396676540375,-0.03907051123379135
2011-11-04,Train,-0.04281504079699516,-0.04152245229862905
2011-11-07,Train,-0.058886729180812836,-0.06648340478873282
2011-11-08,Train,-0.06153587996959686,-0.07404892206621572
2011-11-09,Train,-0.0496203750371933,-0.06196092893281613
2011-11-10,Train,-0.05009588226675987,-0.06868611826394855
2011-11-11,Train,-0.050676919519901276,-0.05410539906614098
2011-11-14,Train,-0.04729979485273361,-0.05409637362241426
2011-11-15,Train,-0.03422750160098076,-0.02993293732143421
2011-11-16,Train,-0.016796361654996872,-0.006821749206566974
2011-11-17,Train,0.01061354111880064,0.01415004612073378
2011-11-18,Train,0.022243468090891838,0.03321299822940205
2011-11-21,Train,0.03953272104263306,0.05042329169622395
2011-11-22,Train,0.03976476937532425,0.04695527057587312
2011-11-23,Train,0.057885441929101944,0.05310561020337379
2011-11-25,Train,0.07039164006710052,0.07829045586280658
2011-11-28,Train,0.033888496458530426,0.03033625384467387
2011-11-29,Train,0.03324072062969208,0.02537692582406192
2011-11-30,Train,-0.019138338044285774,-0.02660046136257554
2011-12-01,Train,-0.031556352972984314,-0.0359280934252838
2011-12-02,Train,-0.030241090804338455,-0.03108439340753999
2011-12-05,Train,-0.03935842961072922,-0.05101331058732406
2011-12-06,Train,-0.022979535162448883,-0.02014718796405579
2011-12-07,Train,-0.022117307409644127,-0.03416259110697062
2011-12-08,Train,-0.007714676670730114,-0.009265867207068568
2011-12-09,Train,-0.013639884069561958,-0.01648541948724236
2011-12-12,Train,-0.0021508261561393738,-0.002483139180492366
2011-12-13,Train,0.0018919626018032432,-0.003048747741437152
2011-12-14,Train,0.02120247855782509,0.02004012208143346
2011-12-15,Train,0.02725493535399437,0.01991231492812817
2011-12-16,Train,0.03664083778858185,0.03718557952663271
2011-12-19,Train,0.04129766672849655,0.05191457493864671
2011-12-20,Train,0.02606877312064171,0.03003755222615845
2011-12-21,Train,0.04232250154018402,0.04861237535374863
2011-12-22,Train,0.04036572948098183,0.03633094448201968
2011-12-23,Train,0.03712493181228638,0.03495005386014971
2011-12-27,Train,0.03953101485967636,0.03413936898370395
2011-12-28,Train,0.04444913938641548,0.05036875749909853
2011-12-29,Train,0.045381098985672,0.03911410182277653
2011-12-30,Train,0.04315291717648506,0.05158511837655011
2012-01-03,Train,0.03629431873559952,0.04551845488808848
2012-01-04,Train,0.03422297537326813,0.04760240199085275
2012-01-05,Train,0.037969883531332016,0.03749348766755589
2012-01-06,Train,0.03260505199432373,0.03425012100330305
2012-01-09,Train,0.033367905765771866,0.03575149967854463
2012-01-10,Train,0.038789112120866776,0.04117848642226751
2012-01-11,Train,0.03902279958128929,0.03541955602984204
2012-01-12,Train,0.03303028643131256,0.03442373963420198
2012-01-13,Train,0.03573758527636528,0.03901685193978466
2012-01-17,Train,0.03333604708313942,0.03099982495665832
2012-01-18,Train,0.03154497221112251,0.02571858692434148
2012-01-19,Train,0.03138377517461777,0.02255259706575474
2012-01-20,Train,0.03328497335314751,0.03814620648878919
2012-01-23,Train,0.03613921254873276,0.03696268691473992
2012-01-24,Train,0.036863744258880615,0.04105229139429101
2012-01-25,Train,0.03552771359682083,0.03359256609374883
2012-01-26,Train,0.036653049290180206,0.04466952129161017
2012-01-27,Train,0.03566912189126015,0.03427151726043109
2012-01-30,Train,0.03588799759745598,0.04301072690333352
2012-01-31,Train,0.03529083728790283,0.04427557176975228
2012-02-01,Train,0.03435615450143814,0.02867912138432871
2012-02-02,Train,0.032132621854543686,0.03953605652407965
2012-02-03,Train,0.026638003066182137,0.02224014641552174
2012-02-06,Train,0.026617133989930153,0.02596775177986399
2012-02-07,Train,0.022674040868878365,0.01915336562451286
2012-02-08,Train,0.020648982375860214,0.02049315742485081
2012-02-09,Train,0.02180841565132141,0.01669049816574963
2012-02-10,Train,0.023232225328683853,0.02529216904402842
2012-02-13,Train,0.02164146862924099,0.02616967059710573
2012-02-14,Train,0.02130572870373726,0.01898441061568534
2012-02-15,Train,0.023524710908532143,0.03425199451174632
2012-02-16,Train,0.01876727305352688,0.01948768910343701
2012-02-17,Train,0.021125666797161102,0.0121393132486487
2012-02-21,Train,0.017392197623848915,-0.0006288463314498838
2012-02-22,Train,0.018660979345440865,0.01168663719734697
2012-02-23,Train,0.019330985844135284,0.01584559609251479
2012-02-24,Train,0.015016383491456509,0.01657282010266758
2012-02-27,Train,0.016399310901761055,0.01561280175415325
2012-02-28,Train,0.02116262912750244,0.02411136416646564
2012-02-29,Train,0.025594891980290413,0.03229303032758191
2012-03-01,Train,0.026035038754343987,0.02711032325740836
2012-03-02,Train,0.025733815506100655,0.02543539119198379
2012-03-05,Train,0.035064488649368286,0.04345796025156567
2012-03-06,Train,0.03889404982328415,0.05568665931290795
2012-03-07,Train,0.03893926739692688,0.04776780057147811
2012-03-08,Train,0.03281441330909729,0.03444020628468869
2012-03-09,Train,0.028167568147182465,0.02952946627911879
2012-03-12,Train,0.033528655767440796,0.04704069815583289
2012-03-13,Train,0.02667636051774025,0.02942947306631538
2012-03-14,Train,0.016496092081069946,0.02180786019286107
2012-03-15,Train,0.017175769433379173,0.01499700053124298
2012-03-16,Train,0.01586736924946308,0.01548416206660708
2012-03-19,Train,0.016715992242097855,0.01880880991805367
2012-03-20,Train,0.01179781649261713,0.01668905880488514
2012-03-21,Train,0.008236434310674667,0.002681768441747279
2012-03-22,Train,0.008691616356372833,0.01104804160468786
2012-03-23,Train,-0.004522431641817093,0.004033412507009393
2012-03-26,Train,-0.019985537976026535,-0.02907067008060882
2012-03-27,Train,-0.023715272545814514,-0.02580269989522865
2012-03-28,Train,-0.016249828040599823,-0.01074482382545061
2012-03-29,Train,-0.017802994698286057,-0.02201533476730178
2012-03-30,Train,-0.021847175434231758,-0.03108817185258406
2012-04-02,Train,-0.019977523013949394,-0.0215384794242216
2012-04-03,Train,-0.018959177657961845,-0.02374326054341902
2012-04-04,Train,-0.020660484209656715,-0.02139676636119614
2012-04-05,Train,-0.020101116970181465,-0.03012405314168365
2012-04-09,Train,-0.02042948640882969,-0.03169167210880164
2012-04-10,Train,-0.00891560222953558,-0.02117033047981887
2012-04-11,Train,-0.0065169441513717175,0.0
2012-04-12,Train,-0.009102270938456059,-0.005505174105373767
2012-04-13,Train,0.003473568009212613,0.01586335373371184
2012-04-16,Train,0.007061490789055824,0.02001535903850749
2012-04-17,Train,-0.0017859626095741987,0.001347768327798482
2012-04-18,Train,-0.0024911873042583466,0.006755696503810693
2012-04-19,Train,-0.0009936603019014,0.007439991789075728
2012-04-20,Train,-0.004941745661199093,-0.01492087929933161
2012-04-23,Train,-0.0065905386582016945,-0.004917020372170899
2012-04-24,Train,-0.008582050912082195,-0.003244348879594017
2012-04-25,Train,-0.03704178333282471,-0.03205413621127806
2012-04-26,Train,-0.03936803340911865,-0.03964682887006876
2012-04-27,Train,-0.03994304686784744,-0.0455085909549463
2012-04-30,Train,-0.044712767004966736,-0.04763331640832891
2012-05-01,Train,-0.04859252646565437,-0.05234041679288193
2012-05-02,Train,-0.04931866005063057,-0.06143750494898115
2012-05-03,Train,-0.05412453040480614,-0.07143930629656758
2012-05-04,Train,-0.03316132724285126,-0.06012358204689006
2012-05-07,Train,-0.03133387863636017,-0.03474372669049808
2012-05-08,Train,-0.028642995283007622,-0.03223803664876579
2012-05-09,Train,-0.02897031605243683,-0.02736315811386469
2012-05-10,Train,-0.030721250921487808,-0.03178066424579895
2012-05-11,Train,-0.02843908779323101,-0.03287629480084941
2012-05-14,Train,-0.02055184356868267,-0.01132433469593663
2012-05-15,Train,-0.016823790967464447,-0.01641150573393491
2012-05-16,Train,-0.015424935147166252,-0.01398152641593065
2012-05-17,Train,-0.007284044288098812,-0.0194773697622368
2012-05-18,Train,0.0019996045157313347,0.0009866396520112897
2012-05-21,Train,-0.008848673664033413,-0.02223643300226452
2012-05-22,Train,-0.007016641087830067,0.001281259333988372
2012-05-23,Train,-0.0012547820806503296,-0.004635564404753323
2012-05-24,Train,0.0028955594170838594,0.01158483327962689
2012-05-25,Train,0.003222003346309066,-0.004188792054317991
2012-05-29,Train,0.0005457232473418117,-0.004772498156978111
2012-05-30,Train,0.0038282524328678846,-0.003208739885513845
2012-05-31,Train,0.01262915413826704,0.004834019181792382
2012-06-01,Train,0.035764437168836594,0.04270819131884518
2012-06-04,Train,0.0377960279583931,0.04452115897361009
2012-06-05,Train,0.03512195125222206,0.05104710383522515
2012-06-06,Train,0.0182780958712101,0.02831094761362674
2012-06-07,Train,0.012781042605638504,0.006744791486394508
2012-06-08,Train,0.004508232232183218,0.007634794820918778
2012-06-11,Train,0.008236352354288101,0.005177150747686099
2012-06-12,Train,0.006939381826668978,-0.0006394008096108905
2012-06-13,Train,0.013391954824328423,0.01239337589773237
2012-06-14,Train,0.006514404434710741,-0.002565744801893866
2012-06-15,Train,0.008645671419799328,0.01857440788166453
2012-06-18,Train,0.007918681018054485,0.01211067349624262
2012-06-19,Train,0.009836033917963505,0.01011833044044197
2012-06-20,Train,0.011268665082752705,0.0099548822606077
2012-06-21,Train,0.00832243449985981,0.02281072182483346
2012-06-22,Train,0.006489793304353952,0.0102604821078951
2012-06-25,Train,0.007596203591674566,0.01995811753503873
2012-06-26,Train,0.006270855199545622,0.00799744076038178
2012-06-27,Train,0.004537323024123907,-0.00747219728619164
2012-06-28,Train,0.012080458924174309,0.01897106576691332
2012-06-29,Train,-0.0001186881709145382,-0.01496263784873919
2012-07-02,Train,-0.000660255434922874,-0.01274280830253616
2012-07-03,Train,-0.0023493124172091484,-0.007705347583648825
2012-07-05,Train,1.813433482311666e-05,0.002618176007181727
2012-07-06,Train,0.005620630923658609,0.001871414723136455
2012-07-09,Train,0.00556864682585001,-0.008437514305114746
2012-07-10,Train,0.009668451733887196,-0.006469936157846745
2012-07-11,Train,0.010947062633931637,-0.007616622322274114
2012-07-12,Train,0.014540575444698334,0.0150568416164345
2012-07-13,Train,0.017440585419535637,0.02350901945971051
2012-07-16,Train,0.02018207684159279,0.02563289418241177
2012-07-17,Train,0.020881563425064087,0.01999062327819234
2012-07-18,Train,0.016137516126036644,0.00341669859898297
2012-07-19,Train,0.009773949161171913,-0.01105992684453505
2012-07-20,Train,0.022845882922410965,0.02117062041682582
2012-07-23,Train,0.03334653377532959,0.04160099949157403
2012-07-24,Train,0.04420755058526993,0.05860868003596087
2012-07-25,Train,0.050461217761039734,0.06523827584469566
2012-07-26,Train,0.037579309195280075,0.05444217801940932
2012-07-27,Train,0.02382046915590763,0.03067670386177657
2012-07-30,Train,0.030854804441332817,0.03394009501079731
2012-07-31,Train,0.029858192428946495,0.03472222058697838
2012-08-01,Train,0.03363760560750961,0.0403962325599081
2012-08-02,Train,0.03209807351231575,0.05653929085023668
2012-08-03,Train,0.029572350904345512,0.04146343420687959
2012-08-06,Train,0.029613539576530457,0.0350983320481093
2012-08-07,Train,0.02477513626217842,0.02250562589135985
2012-08-08,Train,0.024655165150761604,0.02716898054596095
2012-08-09,Train,0.02182192914187908,0.01571390386940008
2012-08-10,Train,0.016570616513490677,0.02138797924202196
2012-08-13,Train,0.014612779952585697,0.02059094228491376
2012-08-14,Train,0.01326060388237238,0.02013420451418901
2012-08-15,Train,0.010236791335046291,0.01755430353685195
2012-08-16,Train,0.009709256701171398,-0.004557447425651229
2012-08-17,Train,0.006825693417340517,-0.00234186231600586
2012-08-20,Train,0.006946651730686426,-0.004823178016459928
2012-08-21,Train,0.00886471662670374,-0.001907628465175226
2012-08-22,Train,0.010874100029468536,0.0160747986148686
2012-08-23,Train,0.013472210615873337,0.0229850817071362
2012-08-24,Train,0.00293910619802773,0.003660858056060645
2012-08-27,Train,0.004146996419876814,0.0004385786349072607
2012-08-28,Train,0.006672067102044821,0.003362510561524479
2012-08-30,Train,0.014603720977902412,0.03647912057452007
2012-08-31,Train,0.017549313604831696,0.03007622230370988
2012-09-04,Train,0.019166946411132812,0.03201645502164108
2012-09-05,Train,0.01814616098999977,0.03498978242091844
2012-09-06,Train,0.008607881143689156,0.01150586891705818
2012-09-07,Train,0.009871543385088444,0.01037017452885491
2012-09-10,Train,0.008747993037104607,0.01750797975216156
2012-09-11,Train,-0.00041711798985488713,0.004822473032047192
2012-09-12,Train,-0.004942751489579678,-0.006265486265255027
2012-09-13,Train,-0.012064537033438683,-0.006037926734996368
2012-09-14,Train,-0.01103915274143219,-0.02294101743161181
2012-09-17,Train,-0.015240512788295746,-0.0247827643705858
2012-09-18,Train,-0.017331548035144806,-0.02276929771675129
2012-09-19,Train,-0.016799436882138252,-0.01832387624385412
2012-09-20,Train,-0.014885645359754562,-0.01393435705131552
2012-09-21,Train,-0.018294906243681908,-0.01667851950813848
2012-09-24,Train,-0.017800526693463326,-0.01993116478672208
2012-09-25,Train,-0.01995149813592434,-0.02181500804825642
2012-09-26,Train,-0.01871940866112709,-0.0187683113867041
2012-09-27,Train,-0.01874670572578907,-0.03514608514068918
2012-09-28,Train,-0.02102523110806942,-0.02756306545223886
2012-10-01,Train,-0.01926003396511078,-0.01898646164131701
2012-10-02,Train,-0.01872590184211731,-0.008009253488112211
2012-10-03,Train,-0.02089809440076351,-0.01490375879323314
2012-10-04,Train,-0.02193024940788746,-0.02970436343069949
2012-10-05,Train,-0.023714859038591385,-0.04783999552279106
2012-10-08,Train,-0.022484702989459038,-0.03408927407565165
2012-10-09,Train,-0.02535165473818779,-0.02780259719282296
2012-10-10,Train,-0.02747325412929058,-0.0262999784069432
2012-10-11,Train,-0.02608013153076172,-0.02323482901567087
2012-10-12,Train,-0.023961078375577927,-0.01994603816688123
2012-10-15,Train,-0.025277668610215187,-0.03305048803365163
2012-10-16,Train,-0.021732887253165245,-0.03302994582032504
2012-10-17,Train,-0.02394605241715908,-0.04274388342895108
2012-10-18,Train,-0.026353588327765465,-0.02511520907137155
2012-10-19,Train,-0.017465973272919655,0.0006090273346754937
2012-10-22,Train,-0.021191267296671867,-0.02802178988470738
2012-10-23,Train,-0.02071293629705906,-0.03410306718230904
2012-10-24,Train,-0.02153068780899048,-0.02655008071983267
2012-10-25,Train,-0.03600094094872475,-0.02670358188110233
2012-10-26,Train,-0.03471037745475769,-0.03626624310975768
2012-10-31,Train,-0.033796895295381546,-0.041724332518983
2012-11-01,Train,-0.04108859971165657,-0.05829670270485021
2012-11-02,Train,-0.03496455028653145,-0.04403865294647769
2012-11-05,Train,-0.03154623135924339,-0.02774389843228731
2012-11-06,Train,-0.02922673150897026,-0.0292148805231266
2012-11-07,Train,-0.0002849721349775791,-0.00374003226769104
2012-11-08,Train,0.03283471614122391,0.02754910833867097
2012-11-09,Train,0.029288044199347496,0.02758946857292077
2012-11-12,Train,0.027774980291724205,0.02428257584342597
2012-11-13,Train,0.028135210275650024,0.04033021783569057
2012-11-14,Train,0.04921165853738785,0.05896532591052761
2012-11-15,Train,0.05750785022974014,0.06077711343949299
2012-11-16,Train,0.047378040850162506,0.05409308143105163
2012-11-19,Train,0.02362280711531639,0.02900593461161383
2012-11-20,Train,0.022067146375775337,0.01724141539141866
2012-11-21,Train,0.016720842570066452,0.02174252124218912
2012-11-23,Train,0.0017026977147907019,0.0004622307949393445
2012-11-26,Train,-9.059710282599553e-05,-0.0009204903085737737
2012-11-27,Train,0.011507822200655937,0.01554806266110131
2012-11-28,Train,0.007033007685095072,0.004731459155547624
2012-11-29,Train,-0.001225835527293384,-0.009103414810771149
2012-11-30,Train,-0.003760857740417123,-0.01686930940532694
2012-12-03,Train,-0.00014006654964759946,-0.001827244107404979
2012-12-04,Train,0.00780518027022481,0.01401806851808041
2012-12-05,Train,0.017587825655937195,0.02095532478237705
2012-12-06,Train,0.009814487770199776,0.01439072942127906
2012-12-07,Train,0.004741940181702375,0.004158272628945081
2012-12-10,Train,0.001181077561341226,-0.000767860099029849
2012-12-11,Train,-0.0072215525433421135,-0.02228287393515771
2012-12-12,Train,-0.008935844525694847,-0.02172262289838178
2012-12-13,Train,-0.005670445505529642,-0.02342671622249282
2012-12-14,Train,0.006175670772790909,0.006801589046317558
2012-12-17,Train,0.013207693584263325,0.02517153042970199
2012-12-18,Train,0.005682735703885555,0.004507819813771796
2012-12-19,Train,0.00804966501891613,0.005583988911240789
2012-12-20,Train,0.01054371241480112,0.005885894613263165
2012-12-21,Train,0.016025323420763016,0.02024539504000411
2012-12-24,Train,0.022777361795306206,0.02612566399592908
2012-12-26,Train,0.03288670629262924,0.04139532044876448
2012-12-27,Train,0.032540205866098404,0.0444099463134684
2012-12-28,Train,0.03949858620762825,0.04985889567323132
2012-12-31,Train,0.02082863636314869,0.02303086232544382
2013-01-02,Train,-0.003269529901444912,-0.004464217797425452
2013-01-03,Train,0.0029657708946615458,0.005534820568848131
2013-01-04,Train,0.006465264596045017,0.00660366891105757
2013-01-07,Train,0.002682475605979562,0.00795196949982202
2013-01-08,Train,0.0027758430223912,0.01608538407729676
2013-01-09,Train,0.0060758828185498714,-0.001647341418107628
2013-01-10,Train,0.0018972224788740277,-0.002530864576142045
2013-01-11,Train,0.00022740333224646747,-0.001635453566129264
2013-01-14,Train,0.004229303915053606,0.002986926230157172
2013-01-15,Train,0.009801127016544342,0.005853210351564719
2013-01-16,Train,0.007646213285624981,-0.0004484122363624943
2013-01-17,Train,0.006867432035505772,0.006545707132042278
2013-01-18,Train,0.007073363289237022,-0.008796724922844334
2013-01-22,Train,0.008081082254648209,0.004167888925646457
2013-01-23,Train,0.0009430630598217249,-0.005178258515822542
2013-01-24,Train,0.007145056966692209,0.009600950412371745
2013-01-25,Train,0.010710799135267735,0.01477608751894821
2013-01-28,Train,0.008903532288968563,0.01280715697407886
2013-01-29,Train,0.004078603349626064,0.00848718975198337
2013-01-30,Train,0.005664961412549019,0.01417494218473681
2013-01-31,Train,0.00599790271371603,0.01615065286826778
2013-02-01,Train,0.00405952800065279,0.001330126116162456
2013-02-04,Train,0.01637054979801178,0.02647404359152117
2013-02-05,Train,0.0035436025355011225,-0.004002322068346276
2013-02-06,Train,-0.0028526734095066786,-0.01145146739335778
2013-02-07,Train,-0.0037247405853122473,-0.002377468868557386
2013-02-08,Train,-0.006833898369222879,-0.02470952137021643
2013-02-11,Train,-0.008451874367892742,-0.02132046069829885
2013-02-12,Train,-0.00424953643232584,-0.00723468874764055
2013-02-13,Train,-0.006234726868569851,-0.0127998047808926
2013-02-14,Train,0.0017512677004560828,-0.00838851685686448
2013-02-15,Train,0.0020215099211782217,-0.001033205827663752
2013-02-19,Train,0.0002746663521975279,0.006447867162666876
2013-02-20,Train,0.019099146127700806,0.0196457753662882
2013-02-21,Train,0.02336585335433483,0.03339854340203718
2013-02-22,Train,0.016874877735972404,0.02427758814768888
2013-02-25,Train,0.029215406626462936,0.04011466988456625
2013-02-26,Train,0.025287551805377007,0.03245197928692667
2013-02-27,Train,0.01721242070198059,0.02067221049686263
2013-02-28,Train,0.015776125714182854,0.02622954062971039
2013-03-01,Train,0.011756219901144505,0.01677062821125563
2013-03-04,Train,0.010631224140524864,0.01004728578767122
2013-03-05,Train,0.005909268744289875,-0.006552081337254712
2013-03-06,Train,0.006337528117001057,0.002919237220931681
2013-03-07,Train,-0.0013068116968497634,-0.01106423219126773
2013-03-08,Train,-0.0031035919673740864,-0.002617424952192859
2013-03-11,Train,-0.003486997913569212,-0.009134476898100874
2013-03-12,Train,-0.006487129721790552,-0.0001455491276600718
2013-03-13,Train,-0.0004978175857104361,0.002477135438488931
2013-03-14,Train,-0.0006087834481149912,0.001597452938956634
2013-03-15,Train,0.003135890467092395,-0.0001459952695750388
2013-03-18,Train,0.006428721360862255,0.009947341999771986
2013-03-19,Train,-5.1092702051391825e-05,0.002638140060379879
2013-03-20,Train,-0.00015145209908951074,-0.00407508052725547
2013-03-21,Train,0.005861378274857998,-0.001030468048134003
2013-03-22,Train,-0.0006291820318438113,-0.005394301457093187
2013-03-25,Train,0.011880757287144661,0.004975182696880687
2013-03-26,Train,0.008165372535586357,0.01906560291149506
2013-03-27,Train,0.003330993466079235,0.0172964354538836
2013-03-28,Train,0.007147138938307762,0.01406410328454455
2013-04-01,Train,0.008755276910960674,0.0008758767677918833
2013-04-02,Train,0.004589219577610493,0.006228277802341031
2013-04-03,Train,0.008286083117127419,-0.004385368158136504
2013-04-04,Train,0.0006383745931088924,-0.0184130079002085
2013-04-05,Train,0.0038208679761737585,0.003389267985122624
2013-04-08,Train,0.0059380680322647095,0.008355316397315349
2013-04-09,Train,0.0032321258913725615,0.01121136633146436
2013-04-10,Train,-0.005870941560715437,-0.008568958910118774
2013-04-11,Train,0.00014148546324577183,-0.002857507563173045
2013-04-12,Train,0.0005592292873188853,-0.005290287870550303
2013-04-15,Train,0.01715652085840702,0.02406653419829485
2013-04-16,Train,0.016231274232268333,0.01799337812056168
2013-04-17,Train,0.03772493451833725,0.0334752423853355
2013-04-18,Train,0.058198198676109314,0.0611880411253567
2013-04-19,Train,0.047078728675842285,0.05918646828372331
2013-04-22,Train,0.046695511788129807,0.05247856610417223
2013-04-23,Train,0.045564502477645874,0.04190070251951283
2013-04-24,Train,0.0451960563659668,0.04739269666243096
2013-04-25,Train,0.038111306726932526,0.04040693018814401
2013-04-26,Train,0.0449003130197525,0.05002160948970791
2013-04-29,Train,0.033447712659835815,0.04173195190688683
2013-04-30,Train,0.034265823662281036,0.03959269476855698
2013-05-01,Train,0.035639241337776184,0.04659751112001342
2013-05-02,Train,0.030503354966640472,0.0324073737114694
2013-05-03,Train,0.021016979590058327,0.03022740186014627
2013-05-06,Train,0.022655978798866272,0.02472376903041251
2013-05-07,Train,0.022826572880148888,0.02639574373416465
2013-05-08,Train,0.013882874511182308,0.01251552294825586
2013-05-09,Train,0.017104683443903923,0.01156860392273384
2013-05-10,Train,0.009357723407447338,0.004928139566215961
2013-05-13,Train,-0.00015724576951470226,0.01025430689443163
2013-05-14,Train,-0.0002810262085404247,0.000272092945788005
2013-05-15,Train,-0.0011920082615688443,0.003529281155053354
2013-05-16,Train,-0.004213029518723488,-0.00462014342723327
2013-05-17,Train,-0.008764835074543953,-0.01238231171671633
2013-05-20,Train,-0.011148073710501194,-0.0160399299399685
2013-05-21,Train,-0.013278116472065449,-0.02989085352969167
2013-05-22,Train,-0.007300074677914381,-0.01657159977163636
2013-05-23,Train,-0.0016814155969768763,-0.0008168490277273843
2013-05-24,Train,-0.0015734927728772163,0.0001361463879219205
2013-05-28,Train,-0.01390733104199171,-0.01624031612064547
2013-05-29,Train,-0.013776473701000214,-0.02298072369277626
2013-05-30,Train,-0.00996462907642126,-0.01582575631158767
2013-05-31,Train,-0.01017045322805643,-0.01324233748400172
2013-06-03,Train,-0.008663122542202473,-0.005450993614826594
2013-06-04,Train,-0.006114199757575989,0.007945230562393046
2013-06-05,Train,-0.0029503731057047844,0.009854254745313762
2013-06-06,Train,-0.011707182973623276,-0.01892268947110909
2013-06-07,Train,-0.018482627347111702,-0.04033245822441256
2013-06-10,Train,-0.03749620169401169,-0.050258715663827
2013-06-11,Train,-0.02855793386697769,-0.03370483553926984
2013-06-12,Train,-0.0122537137940526,-0.0136394676179713
2013-06-13,Train,-0.019756659865379333,-0.02185272018420437
2013-06-14,Train,-0.016396688297390938,-0.01397346642623021
2013-06-17,Train,-0.015432273037731647,-0.0174020856953041
2013-06-18,Train,-0.021665748208761215,-0.02500684862049807
2013-06-19,Train,-0.010318218730390072,-0.0100330309991854
2013-06-20,Train,0.02791181206703186,0.02182180879059215
2013-06-21,Train,0.032952163368463516,0.03152067600573294
2013-06-24,Train,0.04496388137340546,0.04818575676467307
2013-06-25,Train,0.04504602029919624,0.0465547319463635
2013-06-26,Train,0.052399419248104095,0.05785238204070531
2013-06-27,Train,0.04940194636583328,0.0580301389499629
2013-06-28,Train,0.05039473623037338,0.05893089343992997
2013-07-01,Train,0.048086293041706085,0.05103895842751283
2013-07-02,Train,0.047363121062517166,0.05324783675179634
2013-07-03,Train,0.04276280105113983,0.04636962409952372
2013-07-05,Train,0.029847940430045128,0.02769350311556384
2013-07-08,Train,0.0286239106208086,0.02973153458152966
2013-07-09,Train,0.021897640079259872,0.01600774192039878
2013-07-10,Train,0.01942933164536953,0.01346752598285672
2013-07-11,Train,0.0074539282359182835,0.0
2013-07-12,Train,0.004383931402117014,0.0009296107833633993
2013-07-15,Train,0.002752291737124324,-0.003180043194483173
2013-07-16,Train,0.0022092501167207956,0.003449575392880488
2013-07-17,Train,0.0056013851426541805,0.002779236252751449
2013-07-18,Train,0.012338574044406414,0.01552339294558891
2013-07-19,Train,0.016853217035531998,0.03190782946323178
2013-07-22,Train,0.018588507547974586,0.02954149387241611
2013-07-23,Train,0.022158581763505936,0.0309721970939878
2013-07-24,Train,0.016841234639286995,0.02577178750262155
2013-07-25,Train,0.015821067616343498,0.02440978793194049
2013-07-26,Train,0.015069099143147469,0.014859958556102
2013-07-29,Train,0.015356132760643959,0.01914123019747271
2013-07-30,Train,0.015139742754399776,0.01943674830209896
2013-07-31,Train,0.013757523149251938,0.01372576166825668
2013-08-01,Train,-0.005378028843551874,-0.01345699982984871
2013-08-02,Train,-0.009129980579018593,-0.01935816344210683
2013-08-05,Train,-0.008376428857445717,-0.02168265699470984
2013-08-06,Train,-0.009118173271417618,-0.01149421736520406
2013-08-07,Train,-0.009825744666159153,-0.01308558000471616
2013-08-08,Train,-0.011007861234247684,-0.0083333250549108
2013-08-09,Train,-0.007852946408092976,0.002353252846161169
2013-08-12,Train,-0.00476878834888339,0.0005217284007128509
2013-08-13,Train,-0.012341426685452461,-0.02542151910846713
2013-08-14,Train,-0.011394797824323177,-0.01796637543654722
2013-08-15,Train,-0.0007304991013370454,0.005959434982273359
2013-08-16,Train,0.00443199323490262,-0.0001325137226501072
2013-08-19,Train,0.010643010959029198,0.007299310721906815
2013-08-20,Train,0.016475161537528038,0.01360992039037345
2013-08-21,Train,0.01369832456111908,0.01882787328852009
2013-08-22,Train,0.01108961645513773,0.01011024955411721
2013-08-23,Train,0.011861701495945454,0.01512982509212102
2013-08-26,Train,0.015527031384408474,0.01955416527053022
2013-08-27,Train,0.0338221974670887,0.03886076913313863
2013-08-28,Train,0.03192460164427757,0.03420392178995724
2013-08-29,Train,0.02649752050638199,0.02764610978714943
2013-08-30,Train,0.024044742807745934,0.03153567265035484
2013-09-03,Train,0.030412359163165092,0.03254283492815158
2013-09-04,Train,0.022370293736457825,0.03389386657739357
2013-09-05,Train,0.020925667136907578,0.03461743608644219
2013-09-06,Train,0.021254898980259895,0.02677755817524874
2013-09-09,Train,0.012523402459919453,0.01284851569412382
2013-09-10,Train,0.009103316813707352,0.007927410226822529
2013-09-11,Train,0.009350798092782497,0.006405329434255869
2013-09-12,Train,0.010535371489822865,0.01486983721252977
2013-09-13,Train,0.012755678035318851,0.01293879282371657
2013-09-16,Train,0.016641292721033096,0.01323055619120228
2013-09-17,Train,0.009078810922801495,0.01671554820317889
2013-09-18,Train,0.0017163428710773587,0.004287025315238058
2013-09-19,Train,-0.0018485395703464746,-0.009811305399960668
2013-09-20,Train,0.0031637856736779213,0.005190576948951087
2013-09-23,Train,-8.171057561412454e-05,-0.001141747623931932
2013-09-24,Train,-0.0033218758180737495,-0.02042370383045344
2013-09-25,Train,0.0028284869622439146,-0.0201119431105089
2013-09-26,Train,0.001146223396062851,-0.007073355709807383
2013-09-27,Train,0.006056927144527435,0.002023569782811707
2013-09-30,Train,0.012662983499467373,0.0115365579842226
2013-10-01,Train,0.005177830811589956,-0.002510001850855925
2013-10-02,Train,0.010560393333435059,0.009165043484674396
2013-10-03,Train,0.026933258399367332,0.02693083186373157
2013-10-04,Train,0.031041322275996208,0.03463476003969213
2013-10-07,Train,0.04066312685608864,0.04559314280775495
2013-10-08,Train,0.05585284158587456,0.06772851132948277
2013-10-09,Train,0.05043622851371765,0.06456213788747456
2013-10-10,Train,0.03740318492054939,0.04706776389154443
2013-10-11,Train,0.03614578768610954,0.04632081299317714
2013-10-14,Train,0.03379020839929581,0.03922793855750983
2013-10-15,Train,0.03902825340628624,0.04504270320149462
2013-10-16,Train,0.026526933535933495,0.03234643185316943
2013-10-17,Train,0.023195486515760422,0.02412177963846251
2013-10-18,Train,0.007250508759170771,0.00803403555028459
2013-10-21,Train,0.009796872735023499,0.007287725747320062
2013-10-22,Train,0.006225953344255686,0.006913277330768519
2013-10-23,Train,0.01574559137225151,0.01281272838144187
2013-10-24,Train,0.004907186143100262,-0.01056973809977557
2013-10-25,Train,-0.00011290222755633295,-0.004342588705974593
2013-10-28,Train,-5.262987906462513e-05,-0.006150440401564539
2013-10-29,Train,0.0009652368607930839,-0.006260494321584598
2013-10-30,Train,0.007536060176789761,0.006748584429250526
2013-10-31,Train,0.010071342810988426,0.01219956667546129
2013-11-01,Train,0.010243082419037819,0.01388723052509699
2013-11-04,Train,0.0056765410117805,0.00253224507053984
2013-11-05,Train,0.0064923386089503765,-0.001445376078529681
2013-11-06,Train,0.004568808246403933,-0.003614494599491702
2013-11-07,Train,0.021089036017656326,0.02578583510765475
2013-11-08,Train,0.016263695433735847,0.01756720295806802
2013-11-11,Train,0.016185401007533073,0.02159930469843285
2013-11-12,Train,0.018021361902356148,0.02532101180892354
2013-11-13,Train,0.01759575679898262,0.02011013031798425
2013-11-14,Train,0.016010360792279243,0.02303102905597454
2013-11-15,Train,0.015688760206103325,0.01810391006473999
2013-11-18,Train,0.01998639851808548,0.02730339534671167
2013-11-19,Train,0.021035706624388695,0.03124241604606137
2013-11-20,Train,0.02264581248164177,0.0324062926731794
2013-11-21,Train,0.020044516772031784,0.02944696022879056
2013-11-22,Train,0.02063710242509842,0.02809859114628677
2013-11-25,Train,0.020021433010697365,0.02494356115006213
2013-11-26,Train,0.007272894494235516,0.006498913737535306
2013-11-27,Train,0.004530406557023525,-0.003050952035979382
2013-11-29,Train,0.004545930773019791,-0.01026484134321837
2013-12-02,Train,0.0028960725758224726,-0.001871825641387215
2013-12-03,Train,0.003925069235265255,-0.003044164911396807
2013-12-04,Train,0.004635142162442207,0.007603246486386661
2013-12-05,Train,0.005248425994068384,0.006090469538403642
2013-12-06,Train,0.010112660937011242,0.005813953488372103
2013-12-09,Train,0.011996561661362648,0.01227568276455693
2013-12-10,Train,0.01076103188097477,0.01344299478974875
2013-12-11,Train,0.019197851419448853,0.0300539745177506
2013-12-12,Train,0.022672027349472046,0.03013179833074675
2013-12-13,Train,0.02265743352472782,0.02993519105721654
2013-12-16,Train,0.02239859290421009,0.03094232769680372
2013-12-17,Train,0.019456079229712486,0.0248971823746027
2013-12-18,Train,0.0042182812467217445,0.005804504336461402
2013-12-19,Train,0.005988181568682194,0.00488938488340751
2013-12-20,Train,0.007587292231619358,0.00716766181019679
2013-12-23,Train,-0.0016370099037885666,-0.001144103641754879
2013-12-24,Train,-0.007340856362134218,-0.004917099144443382
2013-12-26,Train,-0.0004037368344143033,-0.005014757496288991
2013-12-27,Train,-0.004884800873696804,-0.01725313716583154
2013-12-30,Train,0.003552375826984644,0.002975193249186159
2013-12-31,Train,0.004086407367140055,0.00466125132306594
2014-01-02,Train,0.005444873124361038,0.01271915495644471
2014-01-03,Train,0.005004724953323603,0.01431207147397195
2014-01-06,Train,0.013283024542033672,0.0258341446341237
2014-01-07,Train,0.010202520526945591,0.01905413200621098
2014-01-08,Train,0.010579553432762623,0.01340059364398272
2014-01-09,Train,0.0006356602534651756,-0.003217637210966129
2014-01-10,Train,-0.0020717827137559652,-0.01603667212988391
2014-01-13,Train,0.0008639951702207327,-0.001860291339790265
2014-01-14,Train,-0.018692145124077797,-0.03103252907417275
2014-01-15,Train,-0.016598882153630257,-0.02116105792080403
2014-01-16,Train,-0.01779528521001339,-0.02387418732658941
2014-01-17,Train,-0.018532495945692062,-0.04085112027869342
2014-01-21,Train,-0.03200947865843773,-0.04110671105816721
2014-01-22,Train,-0.03105717897415161,-0.04606889382886992
2014-01-23,Train,-0.024877507239580154,-0.03062846531475438
2014-01-24,Train,0.00329376757144928,0.006456135598110091
2014-01-27,Train,0.01805249974131584,0.02211876009462577
2014-01-28,Train,0.020292026922106743,0.03436231368747178
2014-01-29,Train,0.034289345145225525,0.04756859650312673
2014-01-30,Train,0.02462914027273655,0.03618493934587241
2014-01-31,Train,0.02697937749326229,0.04103397534804309
2014-02-03,Train,0.053793229162693024,0.07070825744142017
2014-02-04,Train,0.05174153298139572,0.05558819205910437
2014-02-05,Train,0.055292367935180664,0.06328964996854203
2014-02-06,Train,0.04839368537068367,0.04850185175384025
2014-02-07,Train,0.029847243800759315,0.03562428982399601
2014-02-10,Train,0.024938590824604034,0.0285876357584669
2014-02-11,Train,0.014288072474300861,0.01610360648684095
2014-02-12,Train,0.01298168208450079,0.01652243678244503
2014-02-13,Train,0.0073073566891252995,0.007921444898243424
2014-02-14,Train,0.005804947577416897,-0.001558839699968839
2014-02-18,Train,0.005238701589405537,0.006204959097991791
2014-02-19,Train,0.00737917423248291,0.01595448342068595
2014-02-20,Train,0.006018876563757658,0.01032759881908341
2014-02-21,Train,0.006276136729866266,0.006671838897865046
2014-02-24,Train,0.004373534582555294,0.002212110830009939
2014-02-25,Train,0.002254982478916645,-0.0009965268555370832
2014-02-26,Train,-0.001032312517054379,0.003657255783918734
2014-02-27,Train,-0.00539139099419117,-0.01282622325072258
2014-02-28,Train,-0.0037132061552256346,-0.01848570109189696
2014-03-03,Train,-0.002071482129395008,-0.002453454055933224
2014-03-04,Train,-0.005119094159454107,-0.003083347503849532
2014-03-05,Train,-0.014224007725715637,-0.01120136910183944
2014-03-06,Train,-0.01124513242393732,-0.007584110968860136
2014-03-07,Train,-0.016408495604991913,-0.01690046172459203
2014-03-10,Train,-0.01932659186422825,-0.02637677269119665
2014-03-11,Train,-0.0187330711632967,-0.01895365840540753
2014-03-12,Train,-0.019282611086964607,-0.03522520867944745
2014-03-13,Train,-0.012720593251287937,-0.02688173788859238
2014-03-14,Train,-0.015269487164914608,-0.01826993516004005
2014-03-17,Train,-0.014475641772150993,-0.01989937216349846
2014-03-18,Train,-0.01305403932929039,-0.01458079876972329
2014-03-19,Train,-0.016930850222706795,-0.006663688005556501
2014-03-20,Train,-0.01860976777970791,-0.0172776336557271
2014-03-21,Train,-0.029581911861896515,-0.02955053093728055
2014-03-24,Train,-0.02805260382592678,-0.03026522480163751
2014-03-25,Train,-0.02621428854763508,-0.02451706864722325
2014-03-26,Train,-0.012145932763814926,0.005150474237106462
2014-03-27,Train,-0.021353544667363167,-0.02048801606317785
2014-03-28,Train,-0.025288913398981094,-0.03377372014172353
2014-03-31,Train,-0.028202135115861893,-0.03307860826334719
2014-04-01,Train,-0.037445828318595886,-0.04663149955618495
2014-04-02,Train,-0.03050520271062851,-0.03644903898975349
2014-04-03,Train,-0.02918742410838604,-0.02851353897186237
2014-04-04,Train,0.010913482867181301,0.005441629921995039
2014-04-07,Train,0.018656643107533455,0.02314430925667144
2014-04-08,Train,0.0089651420712471,0.004864556592012681
2014-04-09,Train,-0.0009832095820456743,-0.00261903162984356
2014-04-10,Train,0.018769489601254463,0.01280850748330664
2014-04-11,Train,0.030048057436943054,0.02805850188117964
2014-04-14,Train,0.026008905842900276,0.02819402045167418
2014-04-15,Train,0.02664085105061531,0.02751318346769027
2014-04-16,Train,0.012893022038042545,0.01705733598860104
2014-04-17,Train,0.012555362656712532,0.01496520836656079
2014-04-21,Train,0.009357471019029617,0.0127821356190827
2014-04-22,Train,0.003085347358137369,-0.008225765231855808
2014-04-23,Train,0.006848560180515051,-0.002305262479393111
2014-04-24,Train,0.0038016936741769314,-0.01267259992425485
2014-04-25,Train,0.014097209088504314,0.00707739404887775
2014-04-28,Train,0.013704393059015274,0.02035390437590379
2014-04-29,Train,0.013261080719530582,0.01296463063263054
2014-04-30,Train,0.0077309622429311275,0.005034928990494736
2014-05-01,Train,0.0031601900700479746,-0.005818620962372623
2014-05-02,Train,0.00748782604932785,0.002514587107953714
2014-05-05,Train,0.01056890282779932,0.004206967133833617
2014-05-06,Train,0.014768525958061218,0.01370812665445631
2014-05-07,Train,0.023774603381752968,0.02634009754625399
2014-05-08,Train,0.033693067729473114,0.03179925871012945
2014-05-09,Train,0.03181397542357445,0.0354838029190343
2014-05-12,Train,0.02804337628185749,0.03139517780431689
2014-05-13,Train,0.034694019705057144,0.02752293895093194
2014-05-14,Train,0.04095923900604248,0.0395081538012243
2014-05-15,Train,0.03931612893939018,0.04785400732330825
2014-05-16,Train,0.041511815041303635,0.04001826670696951
2014-05-19,Train,0.035049546509981155,0.03238225339938672
2014-05-20,Train,0.0350903756916523,0.03999996185302734
2014-05-21,Train,0.03609415888786316,0.03883391174978335
2014-05-22,Train,0.039006028324365616,0.04023306290295747
2014-05-23,Train,0.01812758482992649,0.03193149570855036
2014-05-27,Train,0.016084427013993263,0.02098905123197126
2014-05-28,Train,0.016741732135415077,0.02391973258097901
2014-05-29,Train,0.014438893646001816,0.008214676614795247
2014-05-30,Train,0.014394932426512241,0.01106124371082529
2014-06-02,Train,0.015226098708808422,0.01293576287420573
2014-06-03,Train,0.01373734138906002,0.01392845622741579
2014-06-04,Train,0.013309999369084835,0.01584358206755443
2014-06-05,Train,0.011800079606473446,0.006717983968268948
2014-06-06,Train,0.007804347202181816,-0.0005387098892718489
2014-06-09,Train,0.0067821647971868515,0.0004312767172760523
2014-06-10,Train,0.007464562077075243,-0.00226032402959464
2014-06-11,Train,0.010477883741259575,0.004306185041524246
2014-06-12,Train,0.011712840758264065,0.01401404935758088
2014-06-13,Train,0.01644057221710682,0.01548960474331484
2014-06-16,Train,0.017410369589924812,0.01634201419149939
2014-06-17,Train,0.017200101166963577,0.02693353786218178
2014-06-18,Train,0.018420599400997162,0.02291058648435995
2014-06-19,Train,0.018726784735918045,0.03002898693535005
2014-06-20,Train,0.019158121198415756,0.0284575521674364
2014-06-23,Train,0.013889195397496223,0.01584223737686297
2014-06-24,Train,0.01833368092775345,0.02437974337250859
2014-06-25,Train,0.01659497246146202,0.01468541894240682
2014-06-26,Train,0.011705880053341389,0.02067709857400457
2014-06-27,Train,0.013196484185755253,0.02229329427083337
2014-06-30,Train,0.012621947564184666,0.01703757226842328
2014-07-01,Train,0.007543900515884161,0.01000628737953213
2014-07-02,Train,0.008643677458167076,-0.005047273766988325
2014-07-03,Train,0.00652714166790247,0.004388775462208283
2014-07-07,Train,0.010838083922863007,0.006183799551880087
2014-07-08,Train,0.01702943630516529,0.02493102504628353
2014-07-09,Train,0.014794030226767063,0.02390484724459219
2014-07-10,Train,0.015690799802541733,0.02598773493875695
2014-07-11,Train,0.01316563505679369,0.01542984436338912
2014-07-14,Train,0.008982294239103794,0.00970367634298519
2014-07-15,Train,0.00981848780065775,0.01141237894996494
2014-07-16,Train,0.009251981042325497,0.01136723301932596
2014-07-17,Train,0.010583646595478058,0.004227371431764437
2014-07-18,Train,-0.006249029189348221,-0.01508535722225912
2014-07-21,Train,-0.006739587057381868,-0.007083336512247684
2014-07-22,Train,-0.015891652554273605,-0.0209088527036454
2014-07-23,Train,-0.021987248212099075,-0.02787212403890071
2014-07-24,Train,-0.01622895523905754,-0.02985998191789552
2014-07-25,Train,-0.013702488504350185,-0.019020016317157
2014-07-28,Train,-0.009655598551034927,-0.01353722852162165
2014-07-29,Train,-0.008622118271887302,-0.01221532426309402
2014-07-30,Train,-0.006449799053370953,-0.005671303698903118
2014-07-31,Train,0.02240024134516716,0.02010107061236943
2014-08-01,Train,0.02747105248272419,0.02883704879830784
2014-08-04,Train,0.025250611826777458,0.02968948636293756
2014-08-05,Train,0.03517695888876915,0.04345069002508439
2014-08-06,Train,0.03507884591817856,0.0442234495729048
2014-08-07,Train,0.04263266921043396,0.04967098540163728
2014-08-08,Train,0.03842068091034889,0.04373025773605721
2014-08-11,Train,0.03639093413949013,0.04127385794252669
2014-08-12,Train,0.03763897344470024,0.04275835159659991
2014-08-13,Train,0.027156352996826172,0.03204393164068842
2014-08-14,Train,0.02376655302941799,0.02558550860544218
2014-08-15,Train,0.023105459287762642,0.02443528969335396
2014-08-18,Train,0.01670302264392376,0.01956187609879012
2014-08-19,Train,0.005693458486348391,0.00790280073767824
2014-08-20,Train,0.006539416965097189,0.006990906410747844
2014-08-21,Train,0.006069464609026909,0.01001008946911375
2014-08-22,Train,0.007357842288911343,0.01039877584616189
2014-08-25,Train,0.006805605720728636,-0.00150906965368458
2014-08-26,Train,0.005410779267549515,0.005728640148987107
2014-08-27,Train,0.000564158777706325,0.004722681235499016
2014-08-28,Train,-0.0033524376340210438,0.000704151415808596
2014-08-29,Train,-0.005679081194102764,-0.01262780268235386
2014-09-02,Train,-0.005372315179556608,-0.006895197796647268
2014-09-03,Train,-0.0029054475016891956,0.0005025675580638822
2014-09-04,Train,-0.00027750845765694976,0.008954617115543906
2014-09-05,Train,-0.0031297816894948483,0.0009010308122445743
2014-09-08,Train,-0.009284389205276966,-0.01029175420116013
2014-09-09,Train,-0.008478286676108837,-0.004735528672071831
2014-09-10,Train,-0.007025053258985281,-0.002298424679074818
2014-09-11,Train,-0.014258764684200287,-0.0225022507057705
2014-09-12,Train,-0.010187811218202114,-0.00703663604759952
2014-09-15,Train,-0.006447575055062771,0.001319578636238772
2014-09-16,Train,-0.010027185082435608,-0.005936771525422158
2014-09-17,Train,-0.014921246096491814,-0.02330955212778318
2014-09-18,Train,-0.018407218158245087,-0.03061427734538458
2014-09-19,Train,-0.014932187274098396,-0.01810367200655583
2014-09-22,Train,-0.012646622024476528,-0.01100458287432438
2014-09-23,Train,-0.014210857450962067,-0.02237294099800946
2014-09-24,Train,-0.013962535187602043,-0.01392227003839452
2014-09-25,Train,-0.013408688828349113,-0.00900345071261932
2014-09-26,Train,-0.03569817543029785,-0.04393598290669587
2014-09-29,Train,-0.04187246412038803,-0.05767868579214963
2014-09-30,Train,-0.044303737580776215,-0.05891284179459355
2014-10-01,Train,-0.04742741957306862,-0.04978907914282371
2014-10-02,Train,-0.046709127724170685,-0.05575556239060853
2014-10-03,Train,-0.04287730157375336,-0.05266372889248727
2014-10-06,Train,-0.03897733613848686,-0.03644344352990192
2014-10-07,Train,-0.004290594253689051,0.003106586442019887
2014-10-08,Train,-0.011110694147646427,-0.02112741763469694
2014-10-09,Train,0.02284018136560917,0.009911202544118813
2014-10-10,Train,0.05306181311607361,0.04426090848281361
2014-10-13,Train,0.06980818510055542,0.06163945152072081
2014-10-14,Train,0.07601569592952728,0.07755188759605058
2014-10-15,Train,0.07928073406219482,0.08054557313832089
2014-10-16,Train,0.08135364204645157,0.08966113569508494
2014-10-17,Train,0.08058680593967438,0.09032259705246126
2014-10-20,Train,0.07200903445482254,0.07744461919548895
2014-10-21,Train,0.03688966482877731,0.04635075602832028
2014-10-22,Train,0.04337853938341141,0.05188336471410282
2014-10-23,Train,0.034721698611974716,0.03956248986562616
2014-10-24,Train,0.02824268862605095,0.03021695036043126
2014-10-27,Train,0.027623403817415237,0.03313402130076804
2014-10-28,Train,0.02237730473279953,0.02096225262251861
2014-10-29,Train,0.024845095351338387,0.02655046178438392
2014-10-30,Train,0.024880610406398773,0.02879429093654284
2014-10-31,Train,0.019162550568580627,0.0179487146690005
2014-11-03,Train,0.01498205866664648,0.01189780481982705
2014-11-04,Train,0.02108025923371315,0.02288871034781037
2014-11-05,Train,0.02331145666539669,0.01815129020456374
2014-11-06,Train,0.020068561658263206,0.01947089861345952
2014-11-07,Train,0.02235868200659752,0.02234256207237184
2014-11-10,Train,0.022424286231398582,0.02667714049751635
2014-11-11,Train,0.02235739678144455,0.02502930767644806
2014-11-12,Train,0.021286331117153168,0.02986528973195623
2014-11-13,Train,0.01700444146990776,0.03022352346194479
2014-11-14,Train,0.01466311328113079,0.0154039558136696
2014-11-17,Train,0.020386867225170135,0.02254396669192249
2014-11-18,Train,0.010283739306032658,0.01678238675393473
2014-11-19,Train,0.019115164875984192,0.02092824029909646
2014-11-20,Train,0.01513579674065113,0.0164946379345543
2014-11-21,Train,0.0034594053868204355,0.007316785277171389
2014-11-24,Train,-0.007783050648868084,0.002674806825378129
2014-11-25,Train,-0.010172292590141296,-0.01459365540576529
2014-11-26,Train,-0.01921706646680832,-0.0163001672292189
2014-11-28,Train,-0.02522392012178898,-0.03150649844335451
2014-12-01,Train,-0.02384910173714161,-0.03053140943404031
2014-12-02,Train,-0.029768871143460274,-0.0498907139838467
2014-12-03,Train,-0.024834882467985153,-0.03433878941437774
2014-12-04,Train,-0.011981606483459473,-0.01062923713948905
2014-12-05,Train,-0.009901272132992744,-0.01005881178801582
2014-12-08,Train,-0.006379109341651201,-0.0004778306764378071
2014-12-09,Train,-0.008527208119630814,-0.007145579330620988
2014-12-10,Train,0.007786141708493233,0.00958286241951134
2014-12-11,Train,0.002904786029830575,0.01194602916486653
2014-12-12,Train,0.00993444211781025,0.02288885279080399
2014-12-15,Train,0.020755838602781296,0.02667059411666384
2014-12-16,Train,0.02523442916572094,0.03270650663405505
2014-12-17,Train,0.0067518046125769615,0.01119842195946519
2014-12-18,Train,-0.013091820292174816,-0.02705035678488454
2014-12-19,Train,-0.023606684058904648,-0.04074003079402677
2014-12-22,Train,-0.02360626496374607,-0.03078983710389416
2014-12-23,Train,-0.017428146675229073,-0.008732329341805345
2014-12-24,Train,-0.0180522333830595,-0.0161073850049851
2014-12-26,Train,-0.027897551655769348,-0.03322541730151141
2014-12-29,Train,-0.030257854610681534,-0.03332698640141385
2014-12-30,Train,-0.0273544043302536,-0.03220859490204031
2014-12-31,Train,-0.025537192821502686,-0.03486681330867891
2015-01-02,Train,-0.016643118113279343,-0.02059454727319188
2015-01-05,Train,0.005676469765603542,0.001873237117564708
2015-01-06,Train,0.017315605655312538,0.02068551714936473
2015-01-07,Train,0.018891235813498497,0.02634173394699668
2015-01-08,Train,0.007055399473756552,0.009293311288593564
2015-01-09,Train,0.008057696744799614,0.01481189439080421
2015-01-12,Train,0.0033739435020834208,-0.001083216219063043
2015-01-13,Train,0.002254471415653825,-0.005910150649734769
2015-01-14,Train,0.014283701777458191,0.009211572044465433
2015-01-15,Train,0.020309224724769592,0.01455089740129734
2015-01-16,Train,0.014590512961149216,0.01150568999822088
2015-01-20,Train,0.005118073429912329,0.01318634424004372
2015-01-21,Train,0.004868947435170412,0.007147085973133294
2015-01-22,Train,-0.0034803077578544617,-0.002595372933140272
2015-01-23,Train,-0.005024189129471779,-0.01083833550411772
2015-01-26,Train,-0.005167096853256226,-0.01286725893743212
2015-01-27,Train,0.03259541094303131,0.02917980099795847
2015-01-28,Train,0.0357968844473362,0.03824812406248479
2015-01-29,Train,0.03593139350414276,0.0403376252328167
2015-01-30,Train,0.04288680851459503,0.05746790579304983
2015-02-02,Train,0.042660556733608246,0.04932338315082907
2015-02-03,Train,0.03151360899209976,0.04079258561561239
2015-02-04,Train,0.04540913552045822,0.04685524998670587
2015-02-05,Train,0.030381230637431145,0.04481497137763868
2015-02-06,Train,0.04791281372308731,0.05226412812175063
2015-02-09,Train,0.05097424238920212,0.056420187258585
2015-02-10,Train,0.04427911341190338,0.03764368053387046
2015-02-11,Train,0.042459551244974136,0.0391295907796021
2015-02-12,Train,0.015744799748063087,0.02264152382904627
2015-02-13,Train,0.01135160680860281,0.02310348430175946
2015-02-17,Train,0.01172659732401371,0.01738155848257694
2015-02-18,Train,0.009617321193218231,0.01203801084404899
2015-02-19,Train,0.00503126997500658,0.008821589067741664
2015-02-20,Train,-0.006440935656428337,-0.009224240994555988
2015-02-23,Train,-0.007752157747745514,-0.007371871057041623
2015-02-24,Train,-0.024455638602375984,-0.02651931209837222
2015-02-25,Train,-0.020702654495835304,-0.02972400227339478
2015-02-26,Train,-0.02203999273478985,-0.0282879709713022
2015-02-27,Train,-0.018857644870877266,-0.02822882975013385
2015-03-02,Train,-0.0209764763712883,-0.02450174046874953
2015-03-03,Train,-0.019007841125130653,-0.01837053320054949
2015-03-04,Train,-0.006883207242935896,-0.0048870336026825
2015-03-05,Train,-0.0054997289553284645,-0.005154616731773531
2015-03-06,Train,0.0007698416011407971,0.0104272886975294
2015-03-09,Train,-0.000710177409928292,0.005569982058315937
2015-03-10,Train,0.008612046018242836,0.02090426654327238
2015-03-11,Train,0.0032168112229555845,0.003329830388057564
2015-03-12,Train,-0.0021528175566345453,-0.006616300164890121
2015-03-13,Train,0.0021061755251139402,0.001708755567053633
2015-03-16,Train,-0.004050458315759897,0.0002812222075878612
2015-03-17,Train,-0.012045053765177727,-0.0118836365661229
2015-03-18,Train,-0.02310282550752163,-0.02659372837177609
2015-03-19,Train,-0.019642531871795654,-0.02738711171655583
2015-03-20,Train,-0.0181877538561821,-0.02349576569653211
2015-03-23,Train,-0.014782366342842579,-0.02326437084717625
2015-03-24,Train,-0.012313111685216427,-0.01195219968386751
2015-03-25,Train,0.01100756973028183,0.01754218177680111
2015-03-26,Train,0.01443222165107727,0.02521409671125174
2015-03-27,Train,0.015598248690366745,0.0185747420036142
2015-03-30,Train,0.006926245521754026,0.004122503496418517
2015-03-31,Train,0.01662713848054409,0.02121210128917261
2015-04-01,Train,0.021027294918894768,0.02513088351218529
2015-04-02,Train,0.019921552389860153,0.008466508432215303
2015-04-06,Train,0.02109246701002121,0.0152858564434224
2015-04-07,Train,0.02384815365076065,0.02136100606471958
2015-04-08,Train,0.019470933824777603,0.01884848225557634
2015-04-09,Train,0.016162648797035217,0.01630789339124217
2015-04-10,Train,0.019899675622582436,0.02589327995849033
2015-04-13,Train,0.01560901664197445,0.02586526509554243
2015-04-14,Train,0.019673310220241547,0.02677990851560619
2015-04-15,Train,0.014773322269320488,0.01400224580404519
2015-04-16,Train,0.0030990485101938248,-0.0005572029587512795
2015-04-17,Train,0.01838718354701996,0.0286765480074298
2015-04-20,Train,0.006577919702976942,0.01514874447888159
2015-04-21,Train,0.0027207224629819393,-0.005645017806157226
2015-04-22,Train,-0.012830648571252823,-0.01785552152932246
2015-04-23,Train,-0.013874555937945843,-0.01567943446499653
2015-04-24,Train,-0.014557834714651108,-0.01673600921656249
2015-04-27,Train,-0.014317215420305729,-0.01804829906229577
2015-04-28,Train,-0.009148267097771168,-0.0205380054291836
2015-04-29,Train,-0.002039005048573017,-0.01234566523053571
2015-04-30,Train,0.013229629024863243,0.01811766819100979
2015-05-01,Train,0.009864812716841698,0.004860144561805502
2015-05-04,Train,0.01045035757124424,0.007598591743588567
2015-05-05,Train,0.0326458103954792,0.02317362088305575
2015-05-06,Train,0.03712554648518562,0.03092496560838209
2015-05-07,Train,0.023728404194116592,0.03008852727382427
2015-05-08,Train,0.005625600460916758,0.01637683999737183
2015-05-11,Train,0.0036577817518264055,0.008589640103543239
2015-05-12,Train,0.025638168677687645,0.02950454946364878
2015-05-13,Train,0.018415745347738266,0.02509258411548765
2015-05-14,Train,0.0007401730981655419,0.004289114919232784
2015-05-15,Train,0.00021584960632026196,0.007665598867078849
2015-05-18,Train,-0.0015683004166930914,9.087894287063136e-05
2015-05-19,Train,-0.002069717738777399,0.00418409199797698
2015-05-20,Train,-0.004842428956180811,-0.004090578755552188
2015-05-21,Train,-0.003050511237233877,-0.01157531884700513
2015-05-22,Train,-0.006016919389367104,-0.02063907625692663
2015-05-26,Train,-0.0027302484959363937,-0.01089738869292955
2015-05-27,Train,-0.007035204209387302,-0.01324802841413175
2015-05-28,Train,-0.007688531652092934,-0.009574542203590553
2015-05-29,Train,-0.00534855155274272,-0.01181283976108938
2015-06-01,Train,-0.010003045201301575,-0.02001448216917467
2015-06-02,Train,-0.002241581678390503,-0.01153808164429504
2015-06-03,Train,-0.0015092605026438832,-0.01177538979882242
2015-06-04,Train,0.00787986908107996,0.01031402800285908
2015-06-05,Train,0.0028533991426229477,0.005397953535383193
2015-06-08,Train,0.01791205443441868,0.02319987475917928
2015-06-09,Train,0.022350167855620384,0.02573834574866996
2015-06-10,Train,0.010095519945025444,0.006667306340090384
2015-06-11,Train,0.005162070505321026,0.003191960503881042
2015-06-12,Train,0.00400165468454361,0.004781578327047509
2015-06-15,Train,0.002126593142747879,-0.01404673002427292
2015-06-16,Train,-0.005888948682695627,-0.01590076570228227
2015-06-17,Train,-0.013844070956110954,-0.01081576830136877
2015-06-18,Train,-0.019924193620681763,-0.02475386604688612
2015-06-19,Train,-0.02989927865564823,-0.01992904225652903
2015-06-22,Train,-0.028747932985424995,-0.02466120869737221
2015-06-23,Train,-0.036224666982889175,-0.04242264228538339
2015-06-24,Train,-0.03304341062903404,-0.0380149010615255
2015-06-25,Train,-0.021126126870512962,-0.02136362249200996
2015-06-26,Train,-0.003260394325479865,0.002470982710312652
2015-06-29,Train,0.023891258984804153,0.03346142668601826
2015-06-30,Train,0.04051961749792099,0.03091433238094754
2015-07-01,Train,0.02604023367166519,0.0372498548986977
2015-07-02,Train,0.04780345782637596,0.05224640619816401
2015-07-06,Train,0.05053446441888809,0.05831018186295234
2015-07-07,Train,0.04900991544127464,0.0550153040126784
2015-07-08,Train,0.05439421534538269,0.06155157539918954
2015-07-09,Train,0.055573057383298874,0.05819106139752273
2015-07-10,Train,0.03758874535560608,0.03204827588797388
2015-07-13,Train,0.0042066629976034164,0.005842608949236494
2015-07-14,Train,0.0042522926814854145,0.007890396338942507
2015-07-15,Train,0.006701828446239233,0.01059979912532216
2015-07-16,Train,-0.002860165201127529,0.001250664522021161
2015-07-17,Train,-0.01770666614174843,-0.01443788575157634
2015-07-20,Train,-0.018375245854258537,-0.02088089851479835
2015-07-21,Train,-0.01396320853382349,-0.02212276526595514
2015-07-22,Train,-0.009268505498766899,-0.003285408786702027
2015-07-23,Train,-0.009824344888329506,-0.01559714837432014
2015-07-24,Train,-0.0054842038080096245,-0.00711071940933794
2015-07-27,Train,0.004432603716850281,0.01261571415681995
2015-07-28,Train,-0.020930830389261246,-0.008908466554821914
2015-07-29,Train,-0.012361497618258,-0.009233584764793745
2015-07-30,Train,-0.017547843977808952,-0.01552467402513857
2015-07-31,Train,-0.009246035479009151,-0.01286283922524334
2015-08-03,Train,-0.010036486200988293,-0.001523281104566787
2015-08-04,Train,-0.001841010875068605,-0.004758046343486422
2015-08-05,Train,-0.013722616247832775,-0.01888643872233431
2015-08-06,Train,-0.030169211328029633,-0.03051150031961258
2015-08-07,Train,-0.05463210865855217,-0.07170697314641195
2015-08-10,Train,-0.09372402727603912,-0.1175047113579919
2015-08-11,Train,-0.09291344881057739,-0.1094062385921017
2015-08-12,Train,-0.0678449347615242,-0.06777052199846789
2015-08-13,Train,-0.049643900245428085,-0.04259558731404645
2015-08-14,Train,-0.04731244593858719,-0.04424938281713475
2015-08-17,Train,-0.06622369587421417,-0.0638966411835441
2015-08-18,Train,-0.07655082643032074,-0.08848996486184157
2015-08-19,Train,-0.05662226676940918,-0.05656947137847779
2015-08-20,Train,-0.02057613804936409,-0.03446023887100924
2015-08-21,Train,0.011043226346373558,-0.002343729103450043
2015-08-24,Train,0.061282772570848465,0.06682918842411789
2015-08-25,Train,0.059699706733226776,0.05882357516443371
2015-08-26,Train,0.020587552338838577,0.01902357670285149
2015-08-27,Train,0.003533863928169012,-0.0006626249075033508
2015-08-28,Train,0.004992824979126453,-0.003503150321533255
2015-08-31,Train,0.013933100737631321,0.02089924605693927
2015-09-01,Train,0.05139046907424927,0.05977232165979385
2015-09-02,Train,0.02294793352484703,0.03108754263814473
2015-09-03,Train,0.02217625267803669,0.01895733722839044
2015-09-04,Train,0.032895527780056,0.03445572158267218
2015-09-08,Train,-0.014833576045930386,-0.008948994984893432
2015-09-09,Train,-0.007929992862045765,0.003081067715614116
2015-09-10,Train,-0.016527462750673294,-0.011334363617721
2015-09-11,Train,-0.024807356297969818,-0.02510184269716187
2015-09-14,Train,-0.02763320505619049,-0.04997626732760541
2015-09-15,Train,-0.03939374163746834,-0.06592165258606675
2015-09-16,Train,-0.042105965316295624,-0.04977116802621739
2015-09-17,Train,-0.040369149297475815,-0.04583213066924807
2015-09-18,Train,-0.013842337764799595,-0.01271947183008071
2015-09-21,Train,-0.010634999722242355,-0.001703257992581308
2015-09-22,Train,0.004820557311177254,0.008645547925753672
2015-09-23,Train,0.012890721671283245,0.01391818913413978
2015-09-24,Train,0.021453937515616417,0.0216762999407436
2015-09-25,Train,0.03533518314361572,0.03507579357342849
2015-09-28,Train,0.06543701887130737,0.06800683265362606
2015-09-29,Train,0.06766771525144577,0.06665323385999966
2015-09-30,Train,0.04943189024925232,0.04097875473079049
2015-10-01,Train,0.04655267670750618,0.05331634595146495
2015-10-02,Train,0.03267781808972359,0.03951543626514264
2015-10-05,Train,0.031195838004350662,0.03071088022530355
2015-10-06,Train,0.03468387946486473,0.03028571719215023
2015-10-07,Train,0.03261314332485199,0.01789263882222891
2015-10-08,Train,0.04324529692530632,0.03451198422812474
2015-10-09,Train,0.04949023574590683,0.05866892022545134
2015-10-12,Train,0.050508297979831696,0.05674686306433596
2015-10-13,Train,0.057625915855169296,0.06578702598790409
2015-10-14,Train,0.06092488020658493,0.07637115372967052
2015-10-15,Train,0.04708533734083176,0.05730471137618065
2015-10-16,Train,0.048674575984478,0.04818718971626512
2015-10-19,Train,0.04720970615744591,0.05398200167279765
2015-10-20,Train,0.056201182305812836,0.06313553163049779
2015-10-21,Train,0.057695575058460236,0.0697544664635521
2015-10-22,Train,0.033537134528160095,0.0455746973085851
2015-10-23,Train,0.0002531982900109142,0.01782232805449757
2015-10-26,Train,0.0012836100067943335,0.00638016154575527
2015-10-27,Train,-0.001813042676076293,0.001768632339969267
2015-10-28,Train,-0.007617904804646969,-0.007717920358941588
2015-10-29,Train,-0.007937470450997353,-0.01581162579293027
2015-10-30,Train,-0.01123869325965643,-0.0307950713560099
2015-11-02,Train,-0.014533041045069695,-0.02783354353388012
2015-11-03,Train,-0.017420902848243713,-0.03060607083800815
2015-11-04,Train,-0.01600285805761814,-0.01208484985408165
2015-11-05,Train,-0.008676227182149887,-0.008717635846754668
2015-11-06,Train,-0.0032532410696148872,-0.00270056238453964
2015-11-09,Train,0.0033459397964179516,0.005106998614186953
2015-11-10,Train,0.0037037839647382498,0.006797354173362358
2015-11-11,Train,0.0019140135264024138,0.008927012035346404
2015-11-12,Train,0.006904746405780315,0.02026059107923306
2015-11-13,Train,0.013069217093288898,0.03805535728822518
2015-11-16,Train,0.009536475874483585,0.03356673446981318
2015-11-17,Train,0.009480004198849201,0.02654945861681246
2015-11-18,Train,-0.004672435112297535,-0.009856509233998167
2015-11-19,Train,-0.004235832951962948,0.01257585363371128
2015-11-20,Train,-0.006287049036473036,0.001222915666869273
2015-11-23,Train,-0.0054883104749023914,0.004204955945009248
2015-11-24,Train,-0.007536530960351229,-0.01017100947891203
2015-11-25,Train,-0.005925266072154045,-0.006570302146075457
2015-11-27,Train,-0.01086568646132946,-0.03079342768126736
2015-11-30,Train,-0.011484100483357906,-0.02096123013518592
2015-12-01,Train,-0.011985193006694317,-0.02474822866346738
2015-12-02,Train,-0.00941868033260107,-0.004106540881090082
2015-12-03,Train,-0.004043417051434517,-0.001688760446170723
2015-12-04,Train,-0.015973137691617012,-0.04611774871236574
2015-12-07,Train,-0.015387364663183689,-0.03114639338054526
2015-12-08,Train,-0.017927518114447594,-0.02486258869762048
2015-12-09,Train,-0.00666552409529686,-0.002480279748522607
2015-12-10,Train,-0.009294245392084122,-0.007142902796200001
2015-12-11,Train,0.006099022459238768,0.01570536916139398
2015-12-14,Train,0.003224847139790654,0.02391835406282872
2015-12-15,Train,-0.009091205894947052,0.008547761600402604
2015-12-16,Train,-0.012662876397371292,-0.01859977789211975
2015-12-17,Train,-0.021882740780711174,-0.02510683495803256
2015-12-18,Train,-0.02267986349761486,-0.004734628642370731
2015-12-21,Train,-0.0364084355533123,-0.02512382565380922
2015-12-22,Train,-0.06139891594648361,-0.06181782168702854
2015-12-23,Train,-0.06455723196268082,-0.07636975781465849
2015-12-24,Train,-0.06205502152442932,-0.07336348499423606
2015-12-28,Train,-0.05715782567858696,-0.06211675055181409
2015-12-29,Train,-0.06322900950908661,-0.1084864496483336
2015-12-30,Train,-0.06932743638753891,-0.0812218347391056
2015-12-31,Train,-0.06932992488145828,-0.0985160398027134
2016-01-04,Train,-0.06907040625810623,-0.07707764786672378
2016-01-05,Train,-0.0558154322206974,-0.07830937471209176
2016-01-06,Train,-0.045207150280475616,-0.06844636537864557
2016-01-07,Train,-0.01733452081680298,-0.01048923500244192
2016-01-08,Train,-0.019560813903808594,-0.01711372697565627
2016-01-11,Train,-0.015419046394526958,-0.01131026823028913
2016-01-12,Train,-0.03341007977724075,-0.04699639038702086
2016-01-13,Train,-0.000106920997495763,0.0009813392799185028
2016-01-14,Train,-0.007440746296197176,0.0005765115669231768
2016-01-15,Train,0.02227240800857544,0.03540269192649026
2016-01-19,Train,0.015859810635447502,0.01078571139538353
2016-01-20,Train,0.007981467060744762,0.009032294412996356
2016-01-21,Train,0.009286005049943924,0.00793260350879521
2016-01-22,Train,-0.051129866391420364,-0.05444727839703456
2016-01-25,Train,-0.05243401601910591,-0.05487626358344511
2016-01-26,Train,-0.057706836611032486,-0.06621426786252771
2016-01-27,Train,-0.03598320111632347,-0.03867567427750207
2016-01-28,Train,-0.04090894013643265,-0.05343134262982541
2016-01-29,Train,-0.046232305467128754,-0.05867666159139373
2016-02-01,Train,-0.033760227262973785,-0.04003448097466844
2016-02-02,Train,-0.002320448635146022,0.003426318833998465
2016-02-03,Train,-0.005011296831071377,-0.003246132393930679
2016-02-04,Train,0.002759558381512761,-0.0001967955943005251
2016-02-05,Train,0.05453784018754959,0.05258862503338646
2016-02-08,Train,0.057767678052186966,0.05133511636800403
2016-02-09,Train,0.060767773538827896,0.06468026761495471
2016-02-10,Train,0.06454890966415405,0.07105176278540992
2016-02-11,Train,0.06412916630506516,0.0712583846292556
2016-02-12,Train,0.05864463001489639,0.04570499398451555
2016-02-16,Train,0.049782902002334595,0.05547238723313019
2016-02-17,Train,0.034509241580963135,0.03248782274199691
2016-02-18,Train,0.041095491498708725,0.04243556049206987
2016-02-19,Train,0.034304987639188766,0.03975205180271191
2016-02-22,Train,0.020639225840568542,0.01684738462756763
2016-02-23,Train,0.02295234426856041,0.02530025249555101
2016-02-24,Train,0.024395152926445007,0.0221355102439218
2016-02-25,Train,0.01865391805768013,0.01062192091008152
2016-02-26,Train,0.025247987359762192,0.02958520303166456
2016-02-29,Train,0.03783014789223671,0.04068290896532023
2016-03-01,Train,0.01284905057400465,0.007940224318188305
2016-03-02,Train,0.01572810485959053,0.01653595360220894
2016-03-03,Train,0.014337536878883839,0.01789263882222891
2016-03-04,Train,0.014033768326044083,0.0160878641723714
2016-03-07,Train,0.023127680644392967,0.02637596992004676
2016-03-08,Train,0.0316334143280983,0.0381181100579886
2016-03-09,Train,0.022851455956697464,0.02299183046294528
2016-03-10,Train,0.019993796944618225,0.02484233119764734
2016-03-11,Train,0.017873628064990044,0.005822168832937624
2016-03-14,Train,0.023050475865602493,0.02024940188607038
2016-03-15,Train,0.025697853416204453,0.02560258301841123
2016-03-16,Train,0.022183537483215332,0.01505851542679437
2016-03-17,Train,0.022138921543955803,0.02641372819897958
2016-03-18,Train,0.018202830106019974,0.02393591905636816
2016-03-21,Train,0.012277656234800816,0.0101122212508824
2016-03-22,Train,0.01601521298289299,0.02358486272276661
2016-03-23,Train,0.013829575851559639,0.01725261975384873
2016-03-24,Train,0.012926970608532429,0.01622224341893608
2016-03-28,Train,0.011161251924932003,0.01391091266248701
2016-03-29,Train,0.011815653182566166,0.006248279828492409
2016-03-30,Train,0.011477435939013958,0.01417340017471713
2016-03-31,Train,0.012092193588614464,0.01575092736969919
2016-04-01,Train,0.001536382595077157,0.002537140066585009
2016-04-04,Train,0.0032230583019554615,0.01173368097944927
2016-04-05,Train,0.0064169615507125854,0.01533804041575149
2016-04-06,Train,-0.0050819129683077335,-0.0002710651467715541
2016-04-07,Train,0.00042859272798523307,0.01439310293793228
2016-04-08,Train,-0.003692518686875701,-0.000183455440976199
2016-04-11,Train,-0.005591017194092274,0.003499124200292192
2016-04-12,Train,-0.011829463765025139,-0.009679528511647995
2016-04-13,Train,-0.028529824689030647,-0.030024359580761
2016-04-14,Train,-0.03160056099295616,-0.04183194614357211
2016-04-15,Train,-0.030168311670422554,-0.04446853033339437
2016-04-18,Train,-0.031218409538269043,-0.04054663310364215
2016-04-19,Train,-0.04176095873117447,-0.04360017694949836
2016-04-20,Train,-0.03756125271320343,-0.05052418988366003
2016-04-21,Train,-0.03372350335121155,-0.05088120022750975
2016-04-22,Train,-0.03386056423187256,-0.03119839806522262
2016-04-25,Train,-0.025041786953806877,-0.02844564147573403
2016-04-26,Train,-0.014748111367225647,-0.01032729505489993
2016-04-27,Train,-0.007279756013303995,-0.01134040899738076
2016-04-28,Train,-0.002108214423060417,-0.003669546425742021
2016-04-29,Train,-0.0026520611718297005,-0.00208098011883151
2016-05-02,Train,-0.0033831971231848,0.0009370171755742618
2016-05-03,Train,0.006861201487481594,-0.002364513308072302
2016-05-04,Train,0.008513291366398335,0.007710590528918537
2016-05-05,Train,0.009437691420316696,0.002761387590907827
2016-05-06,Train,0.009919289499521255,0.00842962089612942
2016-05-09,Train,0.009138617664575577,0.004250137790990483
2016-05-10,Train,0.005171497352421284,0.010528251506011
2016-05-11,Train,0.023592902347445488,0.02707782283650784
2016-05-12,Train,0.030920058488845825,0.03465859089715018
2016-05-13,Train,0.03478320688009262,0.04388622989021762
2016-05-16,Train,0.028959132730960846,0.03295259926158711
2016-05-17,Train,0.040078241378068924,0.04616984226581722
2016-05-18,Train,0.038237858563661575,0.04458720190335597
2016-05-19,Train,0.043362703174352646,0.04510492935257293
2016-05-20,Train,0.03083937242627144,0.03747532467383574
2016-05-23,Train,0.037175677716732025,0.03620801662580875
2016-05-24,Train,0.015625322237610817,0.0176102127810438
2016-05-25,Train,0.007695990148931742,0.008696490261940859
2016-05-26,Train,-0.003983478061854839,-0.005658955193531434
2016-05-27,Train,-0.01199114229530096,-0.01906836036042781
2016-05-31,Train,-0.013446557335555553,-0.02093526948759283
2016-06-01,Train,-0.022270336747169495,-0.02383323325586406
2016-06-02,Train,-0.022482888773083687,-0.0229698035220508
2016-06-03,Train,-0.019487736746668816,-0.03243685057255818
2016-06-06,Train,-0.025691824033856392,-0.02987502670391717
2016-06-07,Train,-0.025158781558275223,-0.02432383642905001
2016-06-08,Train,-0.015967827290296555,-0.02835919910230711
2016-06-09,Train,-0.015321500599384308,-0.01288688417168282
2016-06-10,Train,-0.02178088203072548,-0.04268405931402397
2016-06-13,Train,-0.020554520189762115,-0.05378133503882987
2016-06-14,Train,-0.017004041001200676,-0.03304637355516093
2016-06-15,Train,-0.010690531693398952,-0.01308952512189887
2016-06-16,Train,-0.008127119392156601,-0.00462791554760289
2016-06-17,Train,0.0035577849484980106,0.01493101698921251
2016-06-20,Train,0.0035941125825047493,0.002426227117868773
2016-06-21,Train,0.0031697163358330727,0.007441888853561007
2016-06-22,Train,0.009635010734200478,0.01286837849964861
2016-06-23,Train,0.007623767945915461,0.01406643795082752
2016-06-24,Train,0.05711314082145691,0.06366860994686063
2016-06-27,Train,0.08393949270248413,0.0906867201366155
2016-06-28,Train,0.05990763008594513,0.06471378705224695
2016-06-29,Train,0.04498814046382904,0.05333464329368232
2016-06-30,Train,0.04009759798645973,0.03961318672088066
2016-07-01,Train,0.0387272946536541,0.04126571991962313
2016-07-05,Train,0.04380134120583534,0.04384657572852491
2016-07-06,Train,0.035858459770679474,0.04746075018291518
2016-07-07,Train,0.033369846642017365,0.04198119539025003
2016-07-08,Train,0.02829393930733204,0.03037169883439739
2016-07-11,Train,0.028057364746928215,0.02461014468063794
2016-07-12,Train,0.025928329676389694,0.02062968065142678
2016-07-13,Train,0.02787286974489689,0.03021039897027178
2016-07-14,Train,0.024448782205581665,0.02679049750014362
2016-07-15,Train,0.028488487005233765,0.03067978722315301
2016-07-18,Train,0.02423574961721897,0.0293228664965115
2016-07-19,Train,0.026265539228916168,0.02523857933090623
2016-07-20,Train,0.020368358120322227,0.01674888800770047
2016-07-21,Train,0.02063816785812378,0.0220003344853823
2016-07-22,Train,0.021441908553242683,0.02754067057979981
2016-07-25,Train,0.01983514241874218,0.02630650859961481
2016-07-26,Train,0.01848253235220909,0.02750678643320814
2016-07-27,Train,0.016768241301178932,0.01780416200843904
2016-07-28,Train,0.01590176299214363,0.0186119266582836
2016-07-29,Train,0.015112773515284061,0.01709618618344044
2016-08-01,Train,0.012655607424676418,0.01605663561077963
2016-08-02,Train,0.013817750848829746,0.01818027125895694
2016-08-03,Train,0.013540816493332386,0.01664648742241281
2016-08-04,Train,0.010896514169871807,0.01400538404276519
2016-08-05,Train,0.009555933997035027,0.004110321647123438
2016-08-08,Train,0.004929030314087868,0.006000831025166242
2016-08-09,Train,0.0027614671271294355,0.005473823124113153
2016-08-10,Train,0.0028295547235757113,0.001543477113158165
2016-08-11,Train,0.001162881962954998,-0.004354526334276021
2016-08-12,Train,0.0011483929120004177,-0.003583602217419823
2016-08-15,Train,0.0006733754416927695,-0.006457047804089067
2016-08-16,Train,0.0012914668768644333,-0.004186292015279869
2016-08-17,Train,0.0009745032875798643,-0.006993004263052605
2016-08-18,Train,2.8361379008856602e-05,-0.004689257800875368
2016-08-19,Train,-0.0005914848879911005,-0.001193922796332458
2016-08-22,Train,1.2517017239588313e-05,0.00426075847039975
2016-08-23,Train,-7.758008723612875e-05,0.003062271332322286
2016-08-24,Train,2.0208130081300624e-05,0.003681509365930813
2016-08-25,Train,-0.0019427271327003837,-0.01998114929130579
2016-08-26,Train,0.0003608833940234035,-0.003853373462459397
2016-08-29,Train,-0.003444700501859188,-0.01410981265119826
2016-08-30,Train,-0.0017700378084555268,-0.006177086786066432
2016-08-31,Train,0.002603342290967703,0.01030571043526085
2016-09-01,Train,0.0005183561588637531,0.00471135053813887
2016-09-02,Train,-0.0006351608317345381,-0.002903039270079621
2016-09-06,Train,-0.004204288590699434,-0.007212545482618293
2016-09-07,Train,0.0004295212565921247,0.001950503396413339
2016-09-08,Train,0.007127056829631329,0.01586618551305374
2016-09-09,Train,0.027093790471553802,0.03543929904636567
2016-09-12,Train,0.008923948742449284,0.008682149840440578
2016-09-13,Train,0.020256396383047104,0.02784282295933549
2016-09-14,Train,0.01338252890855074,0.02468923256876931
2016-09-15,Train,0.006187405437231064,0.001700076073442913
2016-09-16,Train,0.006533244624733925,0.01219200523500441
2016-09-19,Train,0.011931977234780788,0.01515674165921244
2016-09-20,Train,0.008307796902954578,0.01170942518446183
2016-09-21,Train,0.0030511075165122747,0.005416837760330084
2016-09-22,Train,-0.00015022697334643453,-0.003022864993090013
2016-09-23,Train,0.00065377086866647,0.001183126742855256
2016-09-26,Train,0.003090666141360998,0.0160218590547665
2016-09-27,Train,-0.0018364834832027555,-0.008270070522646389
2016-09-28,Train,-0.007292767055332661,-0.01078347777763633
2016-09-29,Train,-0.0008884250419214368,-0.007128278716863168
2016-09-30,Train,-0.003946618176996708,-0.01330864062338943
2016-10-03,Train,-0.006657363381236792,-0.01459302667565765
2016-10-04,Train,-0.004997652489691973,-0.004308542066374099
2016-10-05,Train,-0.006890061777085066,-0.007913144491636936
2016-10-06,Train,-0.005215175449848175,-0.008590956317878096
2016-10-07,Train,-0.0049528693780303,-0.002701103161365515
2016-10-10,Train,-0.003925675991922617,0.00293573620648746
2016-10-11,Train,0.002565176459029317,0.01421039692004089
2016-10-12,Train,0.005424651317298412,0.008175771584422842
2016-10-13,Train,-0.00041286356281489134,0.007179455879407159
2016-10-14,Train,-0.0029284986667335033,-0.0003414795606604404
2016-10-17,Train,-0.0008206655038520694,0.001455214598437005
2016-10-18,Train,-0.012374693527817726,-0.01484812481704922
2016-10-19,Train,-0.018795065581798553,-0.02265590329669476
2016-10-20,Train,-0.016171764582395554,-0.03109333158764449
2016-10-21,Train,-0.01927436701953411,-0.03808717682508322
2016-10-24,Train,-0.012279779650270939,-0.02692984217547434
2016-10-25,Train,-0.015492554754018784,-0.01745114345540189
2016-10-26,Train,-0.010551560670137405,-0.006166546244939952
2016-10-27,Train,-0.00687786191701889,-0.01773588257672576
2016-10-28,Train,-0.009462944231927395,-0.01110158359780489
2016-10-31,Train,-0.00977322831749916,-0.02017266991576228
2016-11-01,Train,0.0016189314192160964,0.000947382738552438
2016-11-02,Train,0.0194711871445179,0.01501999784988595
2016-11-03,Train,0.026895901188254356,0.03252958338623624
2016-11-04,Train,0.027850454673171043,0.03229210840010088
2016-11-07,Train,0.015481870621442795,0.01882253949400226
2016-11-08,Train,0.008615718223154545,0.01528478273587441
2016-11-09,Train,0.008889980614185333,0.006544807760984428
2016-11-10,Train,0.02232694812119007,0.0263499183737177
2016-11-11,Train,0.021898211911320686,0.02357509201721575
2016-11-14,Train,0.030333586037158966,0.03759927847210842
2016-11-15,Train,0.01117709744721651,0.01101358428714994
2016-11-16,Train,-0.0016497495817020535,-0.01231718754853617
2016-11-17,Train,-0.0057233585976064205,-0.01749325026000903
2016-11-18,Train,-0.00224109785631299,-0.006137071450528553
2016-11-21,Train,0.0005449726595543325,-0.0140037426125238
2016-11-22,Train,-0.0014851588057354093,-0.00454163926490625
2016-11-23,Train,-0.0009581648046150804,0.001266690830926231
2016-11-25,Train,0.0026021813973784447,0.005892230052698011
2016-11-28,Train,0.0028434619307518005,0.003627776171468922
2016-11-29,Train,0.006422035861760378,0.01277952422958117
2016-11-30,Train,0.014216153882443905,0.02306382199551194
2016-12-01,Train,0.03673556074500084,0.04269507450470056
2016-12-02,Train,0.030771898105740547,0.03370787924587026
2016-12-05,Train,0.026744255796074867,0.02993137143603075
2016-12-06,Train,0.02358979731798172,0.03139977656213122
2016-12-07,Train,0.014263945631682873,0.01774246758442
2016-12-08,Train,0.011122372932732105,0.0130724724276563
2016-12-09,Train,0.005356790032237768,0.005857715048051881
2016-12-12,Train,0.009755595587193966,0.01563551298475363
2016-12-13,Train,0.0023311451077461243,-0.004814891544602795
2016-12-14,Train,0.0025608697906136513,-0.004159387769803069
2016-12-15,Train,0.0014357080217450857,-0.01594682844362449
2016-12-16,Train,0.0056073106825351715,-0.0005016518341071086
2016-12-19,Train,0.004937916062772274,0.0008327596516386482
2016-12-20,Train,0.004970806650817394,0.002654497608654882
2016-12-21,Train,0.011872957460582256,0.01220323121264744
2016-12-22,Train,0.015863802284002304,0.01839826035581349
2016-12-23,Train,0.017601996660232544,0.01996673533121918
2016-12-27,Train,0.016057873144745827,0.0174640011230025
2016-12-28,Train,0.018060751259326935,0.02385719616180615
2016-12-29,Train,0.021832715719938278,0.02881968594120732
2016-12-30,Train,0.02255634032189846,0.03637742603373684
2017-01-03,Train,0.021046601235866547,0.02927890223518803
2017-01-04,Train,0.018782436847686768,0.02321325284012277
2017-01-05,Train,0.01931913197040558,0.01969055348172621
2017-01-06,Train,0.015842191874980927,0.01164601136218502
2017-01-09,Train,0.015617110766470432,0.01512301517559078
2017-01-10,Train,0.018064551055431366,0.02308321261237256
2017-01-11,Train,0.017467308789491653,0.02139426703724845
2017-01-12,Train,0.018297720700502396,0.0249307906244598
2017-01-13,Train,0.01393349189311266,0.01347836946537506
2017-01-17,Train,0.016230598092079163,0.01449628443704798
2017-01-18,Train,0.017500629648566246,0.01942457226808125
2017-01-19,Train,0.017342085018754005,0.01902745384628979
2017-01-20,Train,0.01972905918955803,0.01971602681684215
2017-01-23,Train,0.01809932105243206,0.02010541862676951
2017-01-24,Train,0.01811911165714264,0.01699146887716352
2017-01-25,Train,0.011611102148890495,0.008530652094561608
2017-01-26,Train,0.01386282779276371,0.01115006015531006
2017-01-27,Train,0.014483395032584667,0.01255957204555957
2017-01-30,Train,0.025430571287870407,0.02627789149744264
2017-01-31,Train,0.028808623552322388,0.03178934811089351
2017-02-01,Train,0.02696172334253788,0.03077408093411083
2017-02-02,Train,0.026075229048728943,0.03135972163059364
2017-02-03,Train,0.030665263533592224,0.03286121294867539
2017-02-06,Train,0.02933879755437374,0.03671616506364295
2017-02-07,Train,0.028743376955389977,0.03333596527003468
2017-02-08,Train,0.028244398534297943,0.02774699214890064
2017-02-09,Train,0.02632930874824524,0.02599240269502223
2017-02-10,Train,0.02198944240808487,0.02386560669709681
2017-02-13,Train,0.014706170186400414,0.01498827539004011
2017-02-14,Train,0.018714632838964462,0.02264065735429011
2017-02-15,Train,0.012480424717068672,0.01152452293710393
2017-02-16,Train,0.010349774733185768,0.01369442377145802
2017-02-17,Train,0.004869451280683279,0.007087267438935507
2017-02-21,Train,0.0044253673404455185,0.0004599276350887305
2017-02-22,Train,0.004368029534816742,0.001839122552981243
2017-02-23,Train,0.004615982063114643,0.0063841386518253
2017-02-24,Train,0.007024187594652176,0.008674995627711235
2017-02-27,Train,0.006182033568620682,0.009124386275981555
2017-02-28,Train,0.00839528813958168,0.009767643223657974
2017-03-01,Train,0.0043044923804700375,0.005021330263620394
2017-03-02,Train,0.004510856699198484,0.009405075233368088
2017-03-03,Train,0.004231760278344154,0.005113708953573326
2017-03-06,Train,0.0067102424800395966,0.008261316196365387
2017-03-07,Train,0.0019631595350801945,-0.005363550514941751
2017-03-08,Train,0.0010301490547135472,-0.0003824617535328478
2017-03-09,Train,0.00030802085530012846,-0.003668570322330811
2017-03-10,Train,0.00020363520889077336,-0.005784264482581403
2017-03-13,Train,-0.0006269317236728966,-0.005850651689765063
2017-03-14,Train,0.0026212807279080153,0.002665900840994162
2017-03-15,Train,0.0020871979650110006,0.001135457150295949
2017-03-16,Train,0.0023922466207295656,0.003484635504953149
2017-03-17,Train,0.0020540759433060884,0.005239596238243438
2017-03-20,Train,0.004328262992203236,0.003717513862681265
2017-03-21,Train,0.011783849447965622,0.02079960711056517
2017-03-22,Train,0.008853615261614323,0.009794159885112563
2017-03-23,Train,0.010214363224804401,0.0128873325246659
2017-03-24,Train,0.005593278910964727,0.01025795213812275
2017-03-27,Train,0.004124833270907402,0.00901870962700868
2017-03-28,Train,0.001013348693959415,-0.001443348847517512
2017-03-29,Train,-0.005862908437848091,-0.01005672462045137
2017-03-30,Train,-0.00664172088727355,-0.01562623465798862
2017-03-31,Train,-0.003784425789490342,-0.00679867897021269
2017-04-03,Train,-0.0025092160794883966,-0.00770978268278566
2017-04-04,Train,-0.0008833159226924181,-0.00769744967138497
2017-04-05,Train,0.006966852117329836,0.004698000389881329
2017-04-06,Train,0.008867583237588406,0.003938233102860567
2017-04-07,Train,0.016362132504582405,0.0165946989554373
2017-04-10,Train,0.018946710973978043,0.0235570406734209
2017-04-11,Train,0.01989218033850193,0.02655006142402749
2017-04-12,Train,0.030580205842852592,0.0368927734387976
2017-04-13,Train,0.04414387419819832,0.0428681890975946
2017-04-17,Train,0.039509449154138565,0.04350472624410839
2017-04-18,Train,0.040116216987371445,0.0468463890437989
2017-04-19,Train,0.03963731229305267,0.04182827416708812
2017-04-20,Train,0.03327322378754616,0.03356208666679406
2017-04-21,Train,0.03445398434996605,0.03756786224545472
2017-04-24,Train,0.025341821834445,0.02742987906477357
2017-04-25,Train,0.021746011450886726,0.02360691427616457
2017-04-26,Train,0.025013258680701256,0.02564096185325426
2017-04-27,Train,0.017141178250312805,0.01871081610410918
2017-04-28,Train,0.01613982580602169,0.01919259140321716
2017-05-01,Train,0.011834987439215183,0.01341105232374562
2017-05-02,Train,0.01253017969429493,0.01593540390104509
2017-05-03,Train,0.002778257941827178,-0.006715805037260325
2017-05-04,Train,0.00480969762429595,0.001605379680979402
2017-05-05,Train,0.005744171794503927,0.002181205950284593
2017-05-08,Train,0.008139639161527157,0.00841558105722684
2017-05-09,Train,0.00869811698794365,0.005928224566296159
2017-05-10,Train,0.010169945657253265,0.009971133986065528
2017-05-11,Train,0.015608929097652435,0.01937962300009066
2017-05-12,Train,0.015589084476232529,0.01890328284134934
2017-05-15,Train,0.013043779879808426,0.01654202504904179
2017-05-16,Train,0.011433256790041924,0.01196102440444591
2017-05-17,Train,0.036758799105882645,0.04240456164541473
2017-05-18,Train,0.032720185816287994,0.04516984157916792
2017-05-19,Train,0.032153528183698654,0.04055424032504851
2017-05-22,Train,0.01769241690635681,0.02776978856368029
2017-05-23,Train,0.02820323221385479,0.03076037658524888
2017-05-24,Train,0.0233992300927639,0.0271140977108324
2017-05-25,Train,-0.00403880700469017,-0.007022809708386868
2017-05-26,Train,-0.009182165376842022,-0.01409152723383722
2017-05-30,Train,-0.00771142216399312,-0.006933605157285139
2017-05-31,Train,-0.00862259604036808,-0.01089952126343519
2017-06-01,Train,-0.017030727118253708,-0.01910597521888246
2017-06-02,Train,-0.02247023954987526,-0.03701388936899819
2017-06-05,Train,-0.02089068852365017,-0.02070686825333401
2017-06-06,Train,-0.019190125167369843,-0.02449950990512872
2017-06-07,Train,-0.018517455086112022,-0.01868632485006927
2017-06-08,Train,-0.01687183417379856,-0.01999031991058775
2017-06-09,Train,0.0011498936219140887,0.009001355937154898
2017-06-12,Train,0.0012961348984390497,0.009696230301963649
2017-06-13,Train,-0.008772947825491428,-0.01660018396211693
2017-06-14,Train,-0.004550920333713293,0.001932052039076426
2017-06-15,Train,-0.008979151956737041,-0.01106884561830501
2017-06-16,Train,-0.004041159991174936,-0.003691599923037803
2017-06-19,Train,-0.016004785895347595,-0.0304001428759676
2017-06-20,Train,-0.01113103423267603,-0.01313147117565927
2017-06-21,Train,-0.016839388757944107,-0.03161867296678056
2017-06-22,Train,-0.01640341244637966,-0.020895540193137
2017-06-23,Train,-0.015237313695251942,-0.01826679220272021
2017-06-26,Train,-0.011934357695281506,-0.01088347388937716
2017-06-27,Train,0.015559157356619835,0.01934360785740874
2017-06-28,Train,0.010023881681263447,0.007070348551401207
2017-06-29,Train,0.025627024471759796,0.03292389635778603
2017-06-30,Train,0.025623146444559097,0.03305727311780271
2017-07-03,Train,0.04694318771362305,0.05103162364089342
2017-07-05,Train,0.044089481234550476,0.04689883665739658
2017-07-06,Train,0.047721125185489655,0.05781792700120603
2017-07-07,Train,0.04362956061959267,0.04609470351859324
2017-07-10,Train,0.03865598142147064,0.04406462172928105
2017-07-11,Train,0.037896450608968735,0.03847530188643833
2017-07-12,Train,0.021395009011030197,0.02963751428139183
2017-07-13,Train,0.02019699662923813,0.02092058947557951
2017-07-14,Train,0.012606916949152946,0.01210245764000262
2017-07-17,Train,0.01361297070980072,0.007314109770561128
2017-07-18,Train,0.004574687220156193,0.002934177523656434
2017-07-19,Train,0.002866440685465932,-0.0002083538004379326
2017-07-20,Train,-0.0013441105838865042,-0.005410271132713973
2017-07-21,Train,-0.0024073473177850246,-0.003192052681416424
2017-07-24,Train,-0.007345553021878004,-0.001450623110240135
2017-07-25,Train,-0.005190497729927301,-0.0006232433635360302
2017-07-26,Train,-0.008577206172049046,-0.005177055465442004
2017-07-27,Train,-0.009061013348400593,-0.02035292996612559
2017-07-28,Train,-0.010354477912187576,-0.01209670660924955
2017-07-31,Train,-0.0006426318432204425,0.004887223131485374
2017-08-01,Train,-0.002329041715711355,0.003273901007913471
2017-08-02,Train,-0.005447821691632271,0.002292475429320984
2017-08-03,Train,-0.005050376057624817,-0.01436639631328751
2017-08-04,Train,-0.007748489733785391,-0.01684648988352333
2017-08-07,Train,-0.006756587885320187,-0.02428053795043295
2017-08-08,Train,-0.004589735995978117,-0.00769177901136664
2017-08-09,Train,-0.005666750017553568,-0.00992223649895696
2017-08-10,Train,0.010493043810129166,0.008792494532348316
2017-08-11,Train,-0.0008080013212747872,-0.0009148830206087144
2017-08-14,Train,-0.002897680038586259,-0.01056061343027948
2017-08-15,Train,-0.004834409337490797,-0.007359560977418522
2017-08-16,Train,-0.0004142640682402998,0.002564424177418312
2017-08-17,Train,0.03244505077600479,0.03445832487152356
2017-08-18,Train,0.032750971615314484,0.03377472503548917
2017-08-21,Train,0.018177198246121407,0.02580644672735488
2017-08-22,Train,0.009406253695487976,0.01347770932752113
2017-08-23,Train,0.013029328547418118,0.01948278598171904
2017-08-24,Train,0.014445988461375237,0.0136360608922943
2017-08-25,Train,0.017912311479449272,0.02747054915088398
2017-08-28,Train,0.017174402251839638,0.02675372137222598
2017-08-29,Train,0.018262522295117378,0.02413091500864173
2017-08-30,Train,0.009831101633608341,0.006291072938175102
2017-08-31,Train,-0.00030986996716819704,-0.0009575881844785528
2017-09-01,Train,-0.004143609665334225,-0.003082170878371149
2017-09-05,Train,0.004211280960589647,0.007671577798203932
2017-09-06,Train,-0.00040651470771990716,0.001515890672509679
2017-09-07,Train,-0.002647313755005598,-0.006942974485190212
2017-09-08,Train,-1.971274468814954e-05,0.0007627807033516731
2017-09-11,Train,-0.01095807645469904,-0.02104608328096091
2017-09-12,Train,-0.010996116325259209,-0.02085900031661314
2017-09-13,Train,-0.011888287030160427,-0.0133860912415571
2017-09-14,Train,-0.0016422099433839321,-0.007900480322703074
2017-09-15,Train,-0.0008795827743597329,-0.004176370125618112
2017-09-18,Train,0.005495171528309584,0.0002061063460521151
2017-09-19,Train,0.008940999396145344,0.0006172588203490204
2017-09-20,Train,0.009384242817759514,0.004678311986426653
2017-09-21,Train,0.018599210307002068,0.0207669933585295
2017-09-22,Train,0.014958460815250874,0.02314298897163458
2017-09-25,Train,0.026102639734745026,0.03284315364969825
2017-09-26,Train,0.026437923312187195,0.03094229231841417
2017-09-27,Train,0.022518526762723923,0.02478185245662168
2017-09-28,Train,0.02220514975488186,0.0232670904033303
2017-09-29,Train,0.01759766973555088,0.01986936713843201
2017-10-02,Train,0.017111385241150856,0.02246190569674389
2017-10-03,Train,0.01694691739976406,0.02159156837112075
2017-10-04,Train,0.016424570232629776,0.01937959223934405
2017-10-05,Train,0.01143941655755043,0.005764212708710081
2017-10-06,Train,0.010401570238173008,0.00711095100715653
2017-10-09,Train,0.008040246553719044,0.001695030108406881
2017-10-10,Train,0.008197386749088764,0.002642272178328575
2017-10-11,Train,0.008337670005857944,-0.004120512280573752
2017-10-12,Train,0.009676731191575527,-0.005481474826922628
2017-10-13,Train,0.01395143661648035,0.01954974536110798
2017-10-16,Train,0.01376685407012701,0.0183405818985356
2017-10-17,Train,0.013997449539601803,0.02086688640934686
2017-10-18,Train,0.021225623786449432,0.02176545398279917
2017-10-19,Train,0.024378176778554916,0.02359921824297273
2017-10-20,Train,0.02872001938521862,0.03066369008622027
2017-10-23,Train,0.03746647387742996,0.04095023397876263
2017-10-24,Train,0.04029534012079239,0.03979998088398284
2017-10-25,Train,0.044035494327545166,0.04795501373839617
2017-10-26,Train,0.03704860806465149,0.04579474292378372
2017-10-27,Train,0.015593130141496658,0.01613321273469182
2017-10-30,Train,0.015114933252334595,0.01510748950039686
2017-10-31,Train,0.01208129059523344,0.007624079583588905
2017-11-01,Train,0.011443592607975006,0.003221500425460322
2017-11-02,Train,0.01372145302593708,0.01798297721785658
2017-11-03,Train,0.005117739550769329,0.004436567213585096
2017-11-06,Train,0.003127262694761157,0.0002601505082806543
2017-11-07,Train,0.00467374874278903,0.01052765184418347
2017-11-08,Train,0.0036136265844106674,0.007702281174150505
2017-11-09,Train,0.00743285845965147,0.01672192090965385
2017-11-10,Train,0.011128613725304604,0.0163327035739802
2017-11-13,Train,0.011604951694607735,0.01767726851899609
2017-11-14,Train,0.010181277059018612,0.003587522408951882
2017-11-15,Train,0.015698743984103203,0.01677696847783494
2017-11-16,Train,-0.0034775545354932547,-0.0003234618554447399
2017-11-17,Train,-0.0003742322442121804,-0.008054499895780332
2017-11-20,Train,-0.004150193650275469,-0.006630723918089609
2017-11-21,Train,-0.007997358217835426,-0.01286173633440513
2017-11-22,Train,-0.00576753169298172,-0.01072643164466403
2017-11-24,Train,-0.008376303128898144,-0.009983345791846343
2017-11-27,Train,-0.003920253366231918,-0.001856767657268388
2017-11-28,Train,-0.004662752151489258,-0.00574745461097248
2017-11-29,Train,0.010431884787976742,0.01384378574264211
2017-11-30,Train,0.007693523075431585,0.004705195069586665
2017-12-01,Train,0.010738839395344257,0.02045432255137136
2017-12-04,Train,0.021199708804488182,0.03883172297210535
2017-12-05,Train,0.020999839529395103,0.03200052004302534
2017-12-06,Train,0.02042124606668949,0.02625406370877448
2017-12-07,Train,0.01723462902009487,0.02291909285401861
2017-12-08,Train,0.01700076274573803,0.01725919988116487
2017-12-11,Train,0.008758693933486938,0.00397697498556826
2017-12-12,Train,0.008861186914145947,0.005459508198327967
2017-12-13,Train,0.009049427695572376,0.00474383106812204
2017-12-14,Train,0.009481179527938366,-0.0007698894804807344
2018-01-02,Test,-0.006289531011134386,0.04605960969118406
2018-01-03,Test,-0.004391643684357405,0.03618076978746387
2018-01-04,Test,-0.005048864521086216,0.03761461462871574
2018-01-05,Test,-0.009579681791365147,0.03829049541967744
2018-01-08,Test,-0.017416464164853096,0.04281754121445314
2018-01-09,Test,-0.02233085222542286,0.0359867506851248
2018-01-10,Test,-0.024369658902287483,0.03804423299037274
2018-01-11,Test,-0.023282136768102646,0.04678792151250133
2018-01-12,Test,-0.027231821790337563,0.0341054193142738
2018-01-16,Test,-0.02410779893398285,0.02853306032114911
2018-01-17,Test,-0.02425863966345787,0.02177453861235845
2018-01-18,Test,-0.020734326913952827,0.0129055559952076
2018-01-19,Test,-0.020102953538298607,-0.01040035929798189
2018-01-22,Test,-0.023747770115733147,-0.05948132459217315
2018-01-23,Test,-0.026027029380202293,-0.04247535355770327
2018-01-24,Test,-0.026184948161244392,-0.04869067614709111
2018-01-25,Test,-0.02665126509964466,-0.08850613967968413
2018-01-26,Test,-0.029479363933205605,-0.0867605874201085
2018-01-29,Test,-0.029373690485954285,-0.06602005046075088
2018-01-30,Test,-0.02901608496904373,-0.05340838571325068
2018-01-31,Test,-0.025667190551757812,-0.03966943012294044
2018-02-01,Test,-0.024570614099502563,-0.01345564226771612
2018-02-02,Test,-0.02587621472775936,0.002126274844893139
2018-02-05,Test,-0.005727747920900583,0.04534529718162084
2018-02-06,Test,-0.027512837201356888,0.01546429550477257
2018-02-07,Test,-0.01262544933706522,0.02864987295137111
2018-02-08,Test,-0.020821338519454002,0.0959270219188606
2018-02-09,Test,-0.035295385867357254,0.09160786184393799
2018-02-12,Test,-0.03726283460855484,0.05929375249238733
2018-02-13,Test,-0.03746143355965614,0.04709126531086505
2018-02-14,Test,-0.04892505705356598,0.01106468608801325
2018-02-15,Test,-0.04293141886591911,0.001750202475938822
2018-02-16,Test,-0.04255644604563713,0.0173981268209189
2018-02-20,Test,-0.04156504198908806,0.01966241231780996
2018-02-21,Test,-0.05603310093283653,0.02493620415558961
2018-02-22,Test,-0.0571453683078289,0.03070386811221471
2018-02-23,Test,-0.04188165068626404,0.02967238834212904
2018-02-26,Test,-0.04233121499419212,0.02159629146938746
2018-02-27,Test,-0.03929160162806511,0.02032214370535712
2018-02-28,Test,-0.03806948661804199,0.02673276587784112
2018-03-01,Test,-0.02355571649968624,0.04286237375295254
2018-03-02,Test,-0.02943883277475834,0.03030302194612577
2018-03-05,Test,-0.038866255432367325,-0.004349614011646796
2018-03-06,Test,-0.039198122918605804,-0.005280642133036473
2018-03-07,Test,-0.036256369203329086,-0.01189838746215788
2018-03-08,Test,-0.032688505947589874,-0.04156362612283837
2018-03-09,Test,-0.03425974026322365,-0.08460388568632915
2018-03-12,Test,-0.033881835639476776,-0.0556066626421845
2018-03-13,Test,-0.031600818037986755,-0.07355427400255588
2018-03-14,Test,-0.03173704445362091,-0.0840516850617089
2018-03-15,Test,-0.03150181472301483,-0.0664606423227021
2018-03-16,Test,-0.02903975360095501,-0.09069120207081272
2018-03-19,Test,-0.006364783272147179,-0.0588869613241304
2018-03-20,Test,-0.0028206841088831425,-0.04718156093822667
2018-03-21,Test,-0.0037372508086264133,-0.03756293039324654
2018-03-22,Test,0.0021517921704798937,-0.0378992509415601
2018-03-23,Test,0.015555254183709621,-0.004920817653950804
2018-03-26,Test,-0.004211945924907923,-0.01940381569980953
2018-03-27,Test,0.014630422927439213,0.00754335513219706
2018-03-28,Test,0.014166838489472866,0.0315421730611587
2018-03-29,Test,0.015723388642072678,0.007743647015326482
2018-04-02,Test,0.021369904279708862,0.04559199953137427
2018-04-03,Test,0.01737857423722744,0.05621271719105536
2018-04-04,Test,0.014640824869275093,0.04194313708427222
2018-04-05,Test,0.012418732047080994,0.02651733537176448
2018-04-06,Test,0.01309985015541315,0.03619994887433919
2018-04-09,Test,0.015583661384880543,0.02637420766367926
2018-04-10,Test,0.01776001788675785,-0.01705849442014473
2018-04-11,Test,0.014608478173613548,-0.01016973356143458
2018-04-12,Test,0.013352473266422749,-0.001356274037342176
2018-04-13,Test,0.01314548123627901,0.004461803572468614
2018-04-16,Test,0.014752225950360298,-0.01020912422999898
2018-04-17,Test,0.0030412296764552593,-0.01998800242156329
2018-04-18,Test,-0.0024307137355208397,-0.02775772079680139
2018-04-19,Test,0.0014141687424853444,-0.01885877473342223
2018-04-20,Test,0.002078756457194686,0.01583482450465579
2018-04-23,Test,-0.0023633595556020737,0.02687013478235745
2018-04-24,Test,-3.090849713771604e-05,0.04802473992124101
2018-04-25,Test,0.013278872705996037,0.05817845156899604
2018-04-26,Test,-0.0019220828544348478,0.0471016072923427
2018-04-27,Test,0.006038397550582886,0.04546863188653005
2018-04-30,Test,0.022968947887420654,0.05474088122871268
2018-05-01,Test,0.017515836283564568,0.03126917542733132
2018-05-02,Test,0.02034059353172779,0.04424662019063397
2018-05-03,Test,0.022119803354144096,0.04035845893777901
2018-05-04,Test,0.008685157634317875,0.01570941756162925
2018-05-07,Test,0.015052585862576962,0.01299319256464493
2018-05-08,Test,0.021319808438420296,0.01270539687183359
2018-05-09,Test,0.006368409376591444,0.01024542036381137
2018-05-10,Test,0.003836824093014002,-0.0004126404164870312
2018-05-11,Test,0.00309684406965971,0.001534252900597055
2018-05-14,Test,0.005177801940590143,-0.004594985445047883
2018-05-15,Test,0.006354541052132845,0.01376063397738925
2018-05-16,Test,0.007242468185722828,0.006450536301570331
2018-05-17,Test,0.007283591199666262,0.02619856005547661
2018-05-18,Test,0.018550118431448936,0.0408455515565449
2018-05-21,Test,0.019969359040260315,0.03824229616875718
2018-05-22,Test,0.023169122636318207,0.04566540771217587
2018-05-23,Test,0.019962720572948456,0.02847869338706066
2018-05-24,Test,0.020798880606889725,0.02884104571885904
2018-05-25,Test,0.019444923847913742,0.0305797926236
2018-05-29,Test,0.017684655264019966,0.04059892620460626
2018-05-30,Test,0.007904665544629097,0.03314146721808009
2018-05-31,Test,0.011230616830289364,0.04427587731528582
2018-06-01,Test,0.00538313714787364,0.02454550248664189
2018-06-04,Test,0.004162652883678675,0.01262189850673101
2018-06-05,Test,0.002766840858384967,0.006634658467205456
2018-06-06,Test,-0.0014830250293016434,0.007904011058934346
2018-06-07,Test,-0.0033957939594984055,0.00733826802633164
2018-06-08,Test,-0.00306764361448586,0.005044742435772909
2018-06-11,Test,-0.002509025391191244,-0.02023902847638404
2018-06-12,Test,-0.007372529711574316,-0.02138426018131256
2018-06-13,Test,-0.006412522401660681,-0.0346377621600793
2018-06-14,Test,-0.006579079665243626,-0.03609236172195429
2018-06-15,Test,-0.006152208428829908,-0.03011640840618068
2018-06-18,Test,-0.007544584572315216,-0.02096315551412009
2018-06-19,Test,-0.008178485557436943,-0.02954543720592151
2018-06-20,Test,-0.014281030744314194,-0.0244287832499559
2018-06-21,Test,-0.014910934492945671,-0.0005691542865767785
2018-06-22,Test,-0.014703656546771526,0.01066618206175018
2018-06-25,Test,-0.0034556558821350336,0.03472026828828745
2018-06-26,Test,-0.005255025811493397,0.02528035485306979
2018-06-27,Test,0.0013752017403021455,0.05732640800832467
2018-06-28,Test,-0.0005450833705253899,0.04918510455554936
2018-06-29,Test,0.0003298555966466665,0.04386833118000544
2018-07-02,Test,-0.00298432819545269,0.04322917296746609
2018-07-03,Test,-0.0017586764879524708,0.05345427084832521
2018-07-05,Test,-0.0016423208871856332,0.03533426252053284
2018-07-06,Test,-0.0036430703476071358,0.01924722322797634
2018-07-09,Test,-0.009586933068931103,0.013375444915247
2018-07-10,Test,-0.002781379735097289,0.01680575008149154
2018-07-11,Test,0.0015032215742394328,0.03627711836355751
2018-07-12,Test,-0.010462338104844093,0.003287620170611794
2018-07-13,Test,-0.011140663176774979,-0.01107959181783646
2018-07-16,Test,-0.004011876881122589,-0.0227145453275811
2018-07-17,Test,-0.008840512484312057,-0.02119047669431007
2018-07-18,Test,-0.0004632861237041652,-0.01561717152769038
2018-07-19,Test,-0.0004442506469786167,0.00279282803669334
2018-07-20,Test,-0.0002948628389276564,0.006089705036252724
2018-07-23,Test,-0.0008731489651836455,0.008799297463451428
2018-07-24,Test,0.002650663023814559,0.008319467413261172
2018-07-25,Test,-0.0028539870399981737,-0.004375905369804811
2018-07-26,Test,-0.0009718931396491826,0.01033046697487072
2018-07-27,Test,0.0022007671650499105,0.01632704219679826
2018-07-30,Test,0.005907716229557991,0.02975276509455504
2018-07-31,Test,0.0029370130505412817,0.02833663976467315
2018-08-01,Test,0.00294106500223279,0.0119128312359964
2018-08-02,Test,0.0020126483868807554,0.00161537652143795
2018-08-03,Test,0.0016179466620087624,-0.001221686019914237
2018-08-06,Test,0.00017887604190036654,-0.007949665707509879
2018-08-07,Test,0.000197343819309026,-0.007920805375323803
2018-08-08,Test,0.0002800231450237334,-0.0052741824598036
2018-08-09,Test,0.0016540493816137314,-0.006101921763540519
2018-08-10,Test,0.0001346800709143281,0.01085747512015289
2018-08-13,Test,0.0002970523783005774,0.02229363825636854
2018-08-14,Test,0.002295647980645299,0.01741528638884882
2018-08-15,Test,0.0009652409353293478,0.04190152287366855
2018-08-16,Test,-0.0010681460844352841,0.03664773701187074
2018-08-17,Test,-0.004833599086850882,0.03775154710936901
2018-08-20,Test,-0.00632259389385581,0.03422375770570985
2018-08-21,Test,-0.003928417339920998,0.01713238150052043
2018-08-22,Test,-0.010334218852221966,0.004142273335430158
2018-08-23,Test,-0.009340210817754269,0.001714588237617498
2018-08-24,Test,-0.0058018509298563,-0.004164809977147743
2018-08-27,Test,-0.007792862597852945,-0.006618212243353239
2018-08-28,Test,-0.010452059097588062,-0.01099614740580335
2018-08-29,Test,-0.01309940218925476,-0.01183467199773691
2018-08-30,Test,-0.010676835663616657,-0.0129821260737264
2018-08-31,Test,-0.012698796577751637,-0.02844895650807611
2018-09-04,Test,-0.010148869827389717,-0.01619590888766753
2018-09-05,Test,-0.020544981583952904,-0.004088307508730016
2018-09-06,Test,-0.0067359465174376965,0.01600574061485016
2018-09-07,Test,-0.0073995767161250114,0.01435594994618428
2018-09-10,Test,-0.012909558601677418,0.01194143822566796
2018-09-11,Test,-0.019758230075240135,0.005570141435446097
2018-09-12,Test,-0.01920635998249054,0.009256229731939847
2018-09-13,Test,-0.02134799398481846,0.007044941529060766
2018-09-14,Test,-0.019118277356028557,0.009783073749816351
2018-09-17,Test,-0.013714405708014965,0.02663506081722278
2018-09-18,Test,-0.015221603214740753,0.01591557493105422
2018-09-19,Test,-0.01270840410143137,0.01778872498241313
2018-09-20,Test,-0.016377514228224754,-0.01266780165887293
2018-09-21,Test,-0.012554175220429897,-0.01937843714157395
2018-09-24,Test,-0.018836667761206627,-0.02632006283079624
2018-09-25,Test,-0.015099706128239632,-0.02449220441938083
2018-09-26,Test,-0.013245292007923126,-0.06805235933234288
2018-09-27,Test,-0.01598888635635376,-0.08733786561706214
2018-09-28,Test,-0.014780412428081036,-0.06173629569085182
2018-10-01,Test,-0.013148396275937557,-0.07498518339356552
2018-10-02,Test,-0.011191759258508682,-0.04592193151707602
2018-10-03,Test,-0.009676315821707249,-0.04657167950650642
2018-10-04,Test,0.0013738343259319663,-0.0504441932268983
2018-10-05,Test,0.003750152187421918,-0.03957807308125905
2018-10-08,Test,0.00917781237512827,-0.0287070611675031
2018-10-09,Test,0.008647258393466473,-0.03540611500011215
2018-10-10,Test,0.03309372812509537,-0.03720957053878104
2018-10-11,Test,0.033707357943058014,0.008608439873445617
2018-10-12,Test,0.029886309057474136,-0.04394219447147274
2018-10-15,Test,0.0276747178286314,-0.05214569790505097
2018-10-16,Test,0.01806991547346115,-0.06376257179732903
2018-10-17,Test,0.01594601385295391,-0.04213427855377072
2018-10-18,Test,0.004670333117246628,-0.006467231577289012
2018-10-19,Test,0.0048165651969611645,-0.0210380262383788
2018-10-22,Test,0.01675836183130741,-0.0284629799551932
2018-10-23,Test,0.019198166206479073,-0.01748715129326317
2018-10-24,Test,0.015752607956528664,0.06193302116831712
2018-10-25,Test,0.008946127258241177,0.01987612068162714
2018-10-26,Test,0.026374569162726402,0.02916116946813974
2018-10-29,Test,0.035220853984355927,0.01899164482421534
2018-10-30,Test,0.0264461450278759,0.003314868959905404
2018-10-31,Test,0.02154974639415741,-0.02720533610127618
2018-11-01,Test,0.02164422534406185,-0.02307335392906285
2018-11-02,Test,0.032505784183740616,-0.01109933184919443
2018-11-05,Test,0.03247212991118431,-0.04083812074509774
2018-11-06,Test,0.03044290468096733,-0.06508459512179465
2018-11-07,Test,0.012270725332200527,-0.0866272158289556
2018-11-08,Test,0.022961769253015518,-0.08741258404862728
2018-11-09,Test,0.02754984237253666,-0.05031485930412916
2018-11-12,Test,0.04849272221326828,-0.017375093836552
2018-11-13,Test,0.04155862331390381,0.01339578128904173
2018-11-14,Test,0.038261640816926956,0.01785712471390921
2018-11-15,Test,0.023236598819494247,0.007614961075517179
2018-11-16,Test,0.027083745226264,0.02883583182719218
2018-11-19,Test,0.05882202088832855,0.02258425100115202
2018-11-20,Test,0.07739906758069992,0.04856745130484885
2018-11-21,Test,0.0675709918141365,0.006297997109041109
2018-11-23,Test,0.0702374279499054,0.02424471105819848
2018-11-26,Test,0.05586303770542145,0.004420168355337761
2018-11-27,Test,0.06214746832847595,0.009850713327838712
2018-11-28,Test,0.04405282437801361,-0.02133960231090615
2018-11-29,Test,0.041873302310705185,-0.04204574678594442
2018-11-30,Test,0.028281910344958305,-0.07049656247049507
2018-12-03,Test,0.01024121418595314,-0.08071724896600518
2018-12-04,Test,0.060178451240062714,-0.06752354790598625
2018-12-06,Test,0.05776292458176613,-0.08748280997609736
2018-12-07,Test,0.07249030470848083,-0.08557440290463492
2018-12-10,Test,0.07465068995952606,-0.1200098512616689
2018-12-11,Test,0.07198277115821838,-0.06814983103043226
2018-12-12,Test,0.0648813247680664,-0.07270523949179775
2018-12-13,Test,0.06865260004997253,-0.07347065072309655
2018-12-14,Test,0.07187851518392563,-0.04233925531843341
2018-12-17,Test,0.07668113708496094,-0.01619759837136192
2018-12-18,Test,0.07067718356847763,-0.05428601782683518
2018-12-19,Test,0.07530871778726578,0.01100108044827053
2018-12-20,Test,0.07641100883483887,0.03808525384107386
2018-12-21,Test,0.07813779264688492,0.08097849396989898
2018-12-24,Test,0.08177436888217926,0.1206969151513502
2018-12-26,Test,0.05458755046129227,0.05785118507821396
2018-12-27,Test,0.05235094204545021,0.04991832236073046
2018-12-28,Test,0.04790432006120682,0.04118456561079742
2018-12-31,Test,0.04594870284199715,0.05263847183410042
