Date,Type,Prediction,Actual
2009-01-02,Train,-0.057562656700611115,-0.05188529083869675
2009-01-05,Train,-0.08552108705043793,-0.09864607763167066
2009-01-06,Train,-0.08210331946611404,-0.06958188032187862
2009-01-07,Train,-0.05003535747528076,-0.05519054782197275
2009-01-08,Train,-0.06301552057266235,-0.0604681598345741
2009-01-09,Train,-0.030042054131627083,-0.03192547702745385
2009-01-12,Train,0.0011648103827610612,-0.006775093490449247
2009-01-13,Train,0.013291793875396252,0.02776836016786999
2009-01-14,Train,0.027011007070541382,0.03318200456817677
2009-01-15,Train,0.006813999265432358,-0.001374601890136606
2009-01-16,Train,0.014645751565694809,-0.000339912605571091
2009-01-20,Train,0.0581386461853981,0.06831193910236721
2009-01-21,Train,0.0373171865940094,0.02607204935943508
2009-01-22,Train,0.06717589497566223,0.06293461236223208
2009-01-23,Train,0.0751485601067543,0.08546717139468041
2009-01-26,Train,0.06370009481906891,0.08210234763095636
2009-01-27,Train,0.04283469170331955,0.03478855622033761
2009-01-28,Train,-0.0031529946718364954,-0.004942326742831127
2009-01-29,Train,0.01782877929508686,0.03346855218632894
2009-01-30,Train,0.046109382063150406,0.04714387007608201
2009-02-02,Train,0.003016227390617132,-0.00646040581582441
2009-02-03,Train,-0.023796414956450462,-0.02109143121575496
2009-02-04,Train,-0.03694181889295578,-0.03744563482442376
2009-02-05,Train,-0.06377547234296799,-0.05561003835661293
2009-02-06,Train,-0.09678233414888382,-0.1118903453930418
2009-02-09,Train,-0.09794721007347107,-0.08634918455093621
2009-02-10,Train,-0.06277213245630264,-0.05767963056027647
2009-02-11,Train,-0.08092353492975235,-0.07980131743471974
2009-02-12,Train,-0.10155278444290161,-0.09944386779609327
2009-02-13,Train,-0.10577598214149475,-0.1245481721169326
2009-02-17,Train,-0.08284784108400345,-0.08898010045239146
2009-02-18,Train,-0.0766681358218193,-0.06532147272103306
2009-02-19,Train,-0.08063369244337082,-0.07919418597224959
2009-02-20,Train,-0.0776171162724495,-0.08901979658692294
2009-02-23,Train,-0.05370386317372322,-0.07609478796801239
2009-02-24,Train,-0.04556916281580925,-0.05038223517528551
2009-02-25,Train,-0.04326210916042328,-0.02938090759372924
2009-02-26,Train,0.026988938450813293,0.03166603568821436
2009-02-27,Train,0.03796907886862755,0.04395201795471126
2009-03-02,Train,0.06801792234182358,0.06081084370680911
2009-03-03,Train,0.10232467204332352,0.1018031179202135
2009-03-04,Train,0.08921556919813156,0.08671792337539164
2009-03-05,Train,0.11731117963790894,0.1195775197632902
2009-03-06,Train,0.1159105971455574,0.1095057472114636
2009-03-09,Train,0.164439857006073,0.2004661963207142
2009-03-10,Train,0.10723137855529785,0.1097694843898553
2009-03-11,Train,0.09249235689640045,0.09801799327403571
2009-03-12,Train,0.0789579525589943,0.0955702742876432
2009-03-13,Train,0.08458997309207916,0.07237299722584956
2009-03-16,Train,0.07639995962381363,0.0636942400029048
2009-03-17,Train,0.05041201785206795,0.03375382794726822
2009-03-18,Train,0.05385627597570419,0.03602692482619041
2009-03-19,Train,0.06058534234762192,0.07008085924255636
2009-03-20,Train,0.08333761245012283,0.1086359882039836
2009-03-23,Train,0.05083349347114563,0.04433659728629347
2009-03-24,Train,0.05803960561752319,0.03593802028782545
2009-03-25,Train,0.048270661383867264,0.04857241493065279
2009-03-26,Train,0.04977471008896828,0.04871056309231192
2009-03-27,Train,0.06430630385875702,0.06716416986765394
2009-03-30,Train,0.07925083488225937,0.08083839839310625
2009-03-31,Train,0.06936421990394592,0.06860164419492909
2009-04-01,Train,0.067576564848423,0.08027303165281263
2009-04-02,Train,0.03772459924221039,0.04880356212968917
2009-04-03,Train,0.01192796602845192,-0.003400210226973899
2009-04-06,Train,0.01744270697236061,0.01301512745545264
2009-04-07,Train,0.05010946840047836,0.04360282736813392
2009-04-08,Train,0.028531013056635857,0.03630672362166742
2009-04-09,Train,0.025791024789214134,0.02276867125889526
2009-04-13,Train,0.02021590806543827,0.02553968282687968
2009-04-14,Train,0.03489796072244644,0.03047084680286938
2009-04-15,Train,0.04807853698730469,0.04753077247851456
2009-04-16,Train,0.032319702208042145,0.03128751649563832
2009-04-17,Train,0.015992142260074615,0.03182220098746935
2009-04-20,Train,0.07351622730493546,0.08715872866937713
2009-04-21,Train,0.07284677028656006,0.0712756784624331
2009-04-22,Train,0.06851956248283386,0.06831344316031429
2009-04-23,Train,0.03067500703036785,0.03322254466456243
2009-04-24,Train,0.013942860998213291,0.01602852293081547
2009-04-27,Train,0.009199731051921844,0.01838123155348437
2009-04-28,Train,0.019969739019870758,0.0134408831867443
2009-04-29,Train,-0.019985603168606758,-0.02710660595670511
2009-04-30,Train,-0.02439401112496853,-0.02596264356304312
2009-05-01,Train,-0.025595951825380325,-0.02909514201562302
2009-05-04,Train,-0.028584735468029976,-0.02310977392938973
2009-05-05,Train,-0.026461390778422356,-0.01770413831469031
2009-05-06,Train,-0.020903484895825386,-0.02141022055767983
2009-05-07,Train,-0.01175234466791153,-0.01636941168022199
2009-05-08,Train,-0.0010349093936383724,-0.02015771650413245
2009-05-11,Train,0.00955773051828146,0.01280938750951455
2009-05-12,Train,0.01812775805592537,0.01827288318032205
2009-05-13,Train,0.059132169932127,0.05844943302300898
2009-05-14,Train,0.06928721815347672,0.05959873359817247
2009-05-15,Train,0.08616890013217926,0.09050046612012586
2009-05-18,Train,0.06546369194984436,0.06425224417047115
2009-05-19,Train,0.061141714453697205,0.05610465754554839
2009-05-20,Train,0.05749852582812309,0.07176204745536974
2009-05-21,Train,0.08042857050895691,0.0930162588851835
2009-05-22,Train,0.08780902624130249,0.09332132283779804
2009-05-26,Train,0.04463459178805351,0.06208680053377247
2009-05-27,Train,0.06820548325777054,0.0657018960315554
2009-05-28,Train,0.042964670807123184,0.05350497542385435
2009-05-29,Train,0.04155794531106949,0.03589599828780687
2009-06-01,Train,-0.004378431476652622,-0.01346517922473278
2009-06-02,Train,-0.010383781976997852,-0.0244236943795082
2009-06-03,Train,-0.012899582274258137,-0.01211126945306507
2009-06-04,Train,-0.028718136250972748,-0.02504088028340479
2009-06-05,Train,-0.031231693923473358,-0.01685695901202033
2009-06-08,Train,-0.03160795569419861,-0.04335959687167756
2009-06-09,Train,-0.03933671861886978,-0.05277403850273499
2009-06-10,Train,-0.03634713590145111,-0.03340574558476239
2009-06-11,Train,-0.02002379670739174,-0.01439431786229417
2009-06-12,Train,-0.019035704433918,-0.00763990674861037
2009-06-15,Train,0.013470493257045746,0.01532031235887477
2009-06-16,Train,0.018868671730160713,0.02334745003846361
2009-06-17,Train,0.006675852462649345,0.01421014613830196
2009-06-18,Train,0.00021823239512741566,-0.006141854343312936
2009-06-19,Train,-0.01713065430521965,-0.02074115053000136
2009-06-22,Train,0.0005054011126048863,-0.01567853543470799
2009-06-23,Train,0.0014058745000511408,-0.00828574044363839
2009-06-24,Train,-0.012905407696962357,-0.02304017115224977
2009-06-25,Train,-0.03556451201438904,-0.03775152141139382
2009-06-26,Train,-0.02351956255733967,-0.02144621397316204
2009-06-29,Train,-0.016281891614198685,-0.02002742186437911
2009-06-30,Train,0.024864494800567627,0.0148432403786638
2009-07-01,Train,0.023914450779557228,0.0263736001162016
2009-07-02,Train,0.051758281886577606,0.05505626357244697
2009-07-06,Train,0.05707066133618355,0.07088388399743639
2009-07-07,Train,0.09439366310834885,0.1057052318248948
2009-07-08,Train,0.11201503127813339,0.1091904642896628
2009-07-09,Train,0.11995534598827362,0.1317226907120954
2009-07-10,Train,0.11975448578596115,0.11827036897694
2009-07-13,Train,0.10625147819519043,0.1056476062212042
2009-07-14,Train,0.09851230680942535,0.09406496348057569
2009-07-15,Train,0.06895788013935089,0.06554718590636677
2009-07-16,Train,0.05310133844614029,0.05915415011691194
2009-07-17,Train,0.05369306355714798,0.05031947072803944
2009-07-20,Train,0.04861869290471077,0.05590724812635184
2009-07-21,Train,0.04672461003065109,0.04871662114940878
2009-07-22,Train,0.03723793849349022,0.03194804005808649
2009-07-23,Train,0.0035995582584291697,0.0007624547689339956
2009-07-24,Train,0.016345765441656113,0.02125484884176321
2009-07-27,Train,0.010262403637170792,0.006353240398838
2009-07-28,Train,0.006062035448849201,0.004605846521109402
2009-07-29,Train,0.00847915280610323,0.01347226174990257
2009-07-30,Train,0.0037943965289741755,0.01314128030765915
2009-07-31,Train,0.0005282452912069857,0.004562745290106029
2009-08-03,Train,-0.020436178892850876,-0.03896107236815904
2009-08-04,Train,-0.0240714680403471,-0.02522482800041081
2009-08-05,Train,-0.004841729532927275,-0.0108230634314167
2009-08-06,Train,0.0059143598191440105,0.009649498301452342
2009-08-07,Train,0.007878649979829788,0.01028083842605287
2009-08-10,Train,0.016757767647504807,0.01641418057891308
2009-08-11,Train,0.024742502719163895,0.02827306820700382
2009-08-12,Train,0.012959028594195843,0.0107850593603076
2009-08-13,Train,0.011054957285523415,0.007732635872065519
2009-08-14,Train,0.018835721537470818,0.02043899916130565
2009-08-17,Train,0.029934318736195564,0.04028064593294078
2009-08-18,Train,0.013566802255809307,0.006405329434255869
2009-08-19,Train,0.007827081717550755,-0.001272245242524006
2009-08-20,Train,0.0016712986398488283,-0.00628772662358501
2009-08-21,Train,0.0024779161904007196,0.001737396208329134
2009-08-24,Train,0.007885010913014412,0.01217395474451677
2009-08-25,Train,0.012942786328494549,0.01783505671917318
2009-08-26,Train,0.016992680728435516,0.02928040514925456
2009-08-27,Train,0.023329798132181168,0.0277227447916637
2009-08-28,Train,0.023182392120361328,0.03066275273431462
2009-08-31,Train,0.03287666290998459,0.04446671616974274
2009-09-01,Train,0.07315908372402191,0.0799388871494422
2009-09-02,Train,0.07433196902275085,0.08050955025253792
2009-09-03,Train,0.06925000995397568,0.07415845177545632
2009-09-04,Train,0.05588195472955704,0.05475716181990919
2009-09-08,Train,0.044408269226551056,0.04688266491706217
2009-09-09,Train,0.03419218957424164,0.03309809212219994
2009-09-10,Train,0.01643618568778038,0.0142237261113547
2009-09-11,Train,0.013481383211910725,0.004335267417901134
2009-09-14,Train,0.011432924307882786,0.01751438428242236
2009-09-15,Train,0.006292887032032013,0.009806262471783178
2009-09-16,Train,-0.0050279246643185616,-0.004007500619596094
2009-09-17,Train,-0.020048465579748154,-0.03324687225855172
2009-09-18,Train,-0.026650726795196533,-0.03675771934667282
2009-09-21,Train,-0.026101138442754745,-0.03194739535121294
2009-09-22,Train,-0.02410568669438362,-0.01664719516455615
2009-09-23,Train,-0.019954875111579895,-0.009187264608695234
2009-09-24,Train,0.0030501526780426502,0.00404093142086448
2009-09-25,Train,0.03158190846443176,0.01870500635554162
2009-09-28,Train,0.007531719747930765,0.003772691534727146
2009-09-29,Train,0.014813032001256943,0.008526778776478006
2009-09-30,Train,0.0179287139326334,0.02153845792691378
2009-10-01,Train,0.05354275181889534,0.05024393593392729
2009-10-02,Train,0.05042199417948723,0.04647743790455916
2009-10-05,Train,0.0393628291785717,0.04853191080883978
2009-10-06,Train,0.03080137073993683,0.03051985302591276
2009-10-07,Train,0.02834182418882847,0.02567755542307815
2009-10-08,Train,0.017366604879498482,0.02533143116255343
2009-10-09,Train,0.005295105744153261,0.01530135435224356
2009-10-12,Train,-0.002949691377580166,0.009866149557281823
2009-10-13,Train,-0.013873910531401634,-0.005636488213858093
2009-10-14,Train,-0.02964051626622677,-0.04101020537584177
2009-10-15,Train,-0.029499104246497154,-0.02252673455103027
2009-10-16,Train,-0.03198232501745224,-0.04254323858711739
2009-10-19,Train,-0.03531873598694801,-0.04813696043573534
2009-10-20,Train,-0.03541427105665207,-0.04534944108773065
2009-10-21,Train,-0.023821821436285973,-0.04195636495600097
2009-10-22,Train,-0.02510594204068184,-0.0221658478118163
2009-10-23,Train,-0.008807861246168613,-0.01228849016620948
2009-10-26,Train,0.004365514498203993,0.01209575768234661
2009-10-27,Train,0.02240610681474209,0.0302314306727427
2009-10-28,Train,0.055281367152929306,0.06064271981744018
2009-10-29,Train,0.04297778382897377,0.03706346798849092
2009-10-30,Train,0.07675544172525406,0.07446287366292337
2009-11-02,Train,0.07711730897426605,0.08096275054412527
2009-11-03,Train,0.07656130939722061,0.08095007970091883
2009-11-04,Train,0.0663493424654007,0.07307032444400297
2009-11-05,Train,0.030802801251411438,0.03093273720166767
2009-11-06,Train,0.024987677112221718,0.01971831414731584
2009-11-09,Train,0.011840102262794971,0.01447945512338578
2009-11-10,Train,0.010251117870211601,0.008482410720821232
2009-11-11,Train,0.0042985426262021065,0.006378104090311254
2009-11-12,Train,-0.004281933885067701,-0.003207404340242692
2009-11-13,Train,-0.006098966114223003,-0.01022487992284271
2009-11-16,Train,-0.012877408415079117,-0.01012147485843318
2009-11-17,Train,-0.014065424911677837,-0.01188338110828424
2009-11-18,Train,-0.007569257169961929,-0.01037202029986706
2009-11-19,Train,0.012161913327872753,0.01053593875584768
2009-11-20,Train,0.01411089301109314,0.01081954962158194
2009-11-23,Train,-0.0021964453626424074,-0.01132759417566409
2009-11-24,Train,0.0021516464184969664,0.002045922917796705
2009-11-25,Train,0.000838151725474745,0.002716136963690996
2009-11-27,Train,0.017840459942817688,0.01424966146861895
2009-11-30,Train,0.018271811306476593,0.02272722296966112
2009-12-01,Train,0.011769779957830906,0.006589432551408425
2009-12-02,Train,0.002930276095867157,0.006580461028716567
2009-12-03,Train,0.006768420338630676,-0.001594889400721389
2009-12-04,Train,0.012012384831905365,0.007706259311402119
2009-12-07,Train,0.02306985855102539,0.02391253110246661
2009-12-08,Train,0.033308882266283035,0.03643446780077286
2009-12-09,Train,0.030710285529494286,0.03357530582482093
2009-12-10,Train,0.034954167902469635,0.03792325810629649
2009-12-11,Train,0.039964575320482254,0.04736007482442495
2009-12-14,Train,0.02962942235171795,0.03322109018141428
2009-12-15,Train,0.034805718809366226,0.04221216623228208
2009-12-16,Train,0.03280983120203018,0.03133452142748783
2009-12-17,Train,0.0424933061003685,0.05933360320009751
2009-12-18,Train,0.03351793810725212,0.04408455071599793
2009-12-21,Train,0.031662896275520325,0.02624555892358327
2009-12-22,Train,0.024148952215909958,0.02078263621982135
2009-12-23,Train,0.01949905976653099,0.02172953981405956
2009-12-24,Train,0.014770403504371643,0.00826448612219255
2009-12-28,Train,-0.0030928284395486116,-0.0095197410165615
2009-12-29,Train,0.005319410003721714,0.006951981388453765
2009-12-30,Train,0.0014679334126412868,0.004765025545335755
2009-12-31,Train,-0.0012579619651660323,0.002185758997182319
2010-01-04,Train,-0.0033899934496730566,0.003662257439646099
2010-01-05,Train,-0.012557323090732098,-0.01077121972689987
2010-01-06,Train,-0.017993424087762833,-0.01408751018162058
2010-01-07,Train,-0.04638201743364334,-0.04353472820549431
2010-01-08,Train,-0.04351154714822769,-0.04812025564946021
2010-01-11,Train,-0.0415927991271019,-0.04335638718222234
2010-01-12,Train,-0.030639411881566048,-0.0235910451104212
2010-01-13,Train,-0.05651772394776344,-0.06040991001593865
2010-01-14,Train,-0.05748889595270157,-0.07760289979491586
2010-01-15,Train,-0.05246473476290703,-0.05648855482622872
2010-01-19,Train,-0.05353759601712227,-0.06310364063275664
2010-01-20,Train,-0.04719340801239014,-0.04420729225267517
2010-01-21,Train,-0.050002727657556534,-0.06309084723425229
2010-01-22,Train,-0.025303317233920097,-0.02672102149576738
2010-01-25,Train,-0.025206679478287697,-0.03701203235200656
2010-01-26,Train,-0.025861971080303192,-0.02795936654863895
2010-01-27,Train,-0.028176723048090935,-0.03758389880316648
2010-01-28,Train,0.0074380855076014996,0.002755429023811429
2010-01-29,Train,0.021394383162260056,0.02266878675512896
2010-02-01,Train,0.020129268988966942,0.02450303778128871
2010-02-02,Train,0.013836276717483997,0.0210767041646005
2010-02-03,Train,0.01608031429350376,0.0218728434227109
2010-02-04,Train,0.03889491781592369,0.05185365918713303
2010-02-05,Train,0.037990059703588486,0.0409493288733267
2010-02-08,Train,0.03870638087391853,0.03491918777608949
2010-02-09,Train,0.03551950678229332,0.03479471071127338
2010-02-10,Train,0.03894595056772232,0.03672705717213187
2010-02-11,Train,0.03290233016014099,0.02495993126381713
2010-02-12,Train,0.03261825814843178,0.03770570359156022
2010-02-16,Train,0.028679028153419495,0.02775269744372255
2010-02-17,Train,0.0251445472240448,0.02310968782475631
2010-02-18,Train,0.02730998396873474,0.0200669243366467
2010-02-19,Train,0.03846604749560356,0.03591337786961724
2010-02-22,Train,0.03979914262890816,0.04000887424399902
2010-02-23,Train,0.0572550967335701,0.05955618381346883
2010-02-24,Train,0.05084982141852379,0.05738618075696045
2010-02-25,Train,0.055623218417167664,0.06165919493462924
2010-02-26,Train,0.05369657278060913,0.05808763150841201
2010-03-01,Train,0.047040849924087524,0.04029953396176844
2010-03-02,Train,0.04183826223015785,0.0436882922458468
2010-03-03,Train,0.047502364963293076,0.04539473166866403
2010-03-04,Train,0.03829128295183182,0.0454645208973703
2010-03-05,Train,0.026100903749465942,0.02260988550404308
2010-03-08,Train,0.0257271695882082,0.02987318775230463
2010-03-09,Train,0.0260136891156435,0.03120322838010781
2010-03-10,Train,0.01229552086442709,0.01801997714254666
2010-03-11,Train,0.020421821624040604,0.01267164325562309
2010-03-12,Train,0.015975508838891983,0.01351350045186761
2010-03-15,Train,0.017848359420895576,0.02095677029200438
2010-03-16,Train,0.015869317576289177,0.01787964782818241
2010-03-17,Train,0.017358850687742233,0.01027903707338518
2010-03-18,Train,0.014182861894369125,0.006899393763835526
2010-03-19,Train,0.021755632013082504,0.02358388907770048
2010-03-22,Train,0.022292176261544228,0.01732057309619384
2010-03-23,Train,0.013242710381746292,0.007875669805497143
2010-03-24,Train,0.014631295576691628,0.01499377788087286
2010-03-25,Train,0.019038653001189232,0.02252342021216713
2010-03-26,Train,0.023595191538333893,0.02229166030883789
2010-03-29,Train,0.022266976535320282,0.0226000448462238
2010-03-30,Train,0.017517097294330597,0.03141145850249449
2010-03-31,Train,0.030774129554629326,0.04090534109104627
2010-04-01,Train,0.026403605937957764,0.02844682176547764
2010-04-05,Train,0.021649615839123726,0.01830897713378987
2010-04-06,Train,0.023104090243577957,0.02051282051282044
2010-04-07,Train,0.030663831159472466,0.02878876579132061
2010-04-08,Train,0.028996147215366364,0.03221172837008424
2010-04-09,Train,0.02527995966374874,0.03038959240390504
2010-04-12,Train,0.02181912027299404,0.02730793073001037
2010-04-13,Train,0.0008511533960700035,0.0004055242880662835
2010-04-14,Train,-0.00279589113779366,-0.01081949343174249
2010-04-15,Train,-0.006981405895203352,0.001994783003998357
2010-04-16,Train,-0.003702522488310933,-0.005854978961786217
2010-04-19,Train,-0.012289649806916714,0.008686874852035897
2010-04-20,Train,-0.024166321381926537,-0.02653265718239639
2010-04-21,Train,-0.04200299456715584,-0.03697778371497085
2010-04-22,Train,-0.06548584252595901,-0.07433912892819594
2010-04-23,Train,-0.0744454562664032,-0.1011480713390667
2010-04-26,Train,-0.05945145711302757,-0.05237054944732289
2010-04-27,Train,-0.03666071221232414,-0.03283337914217244
2010-04-28,Train,-0.02536989562213421,-0.01519141211720032
2010-04-29,Train,-0.04493500292301178,-0.04738206430031899
2010-04-30,Train,-0.03577882796525955,-0.04691310508832103
2010-05-03,Train,-0.06112063303589821,-0.05707988096738825
2010-05-04,Train,-0.038328032940626144,-0.04129671665077927
2010-05-05,Train,-0.04133971780538559,-0.04400163799204093
2010-05-06,Train,-0.042842842638492584,-0.04767020045632198
2010-05-07,Train,-0.0159523356705904,-0.0125522945769555
2010-05-10,Train,-0.08434423804283142,-0.06510363367279637
2010-05-11,Train,-0.06528091430664062,-0.06328584200566734
2010-05-12,Train,-0.08280020952224731,-0.09090905524571491
2010-05-13,Train,-0.037412405014038086,-0.04137930209772478
2010-05-14,Train,-0.029388347640633583,-0.02834011980409057
2010-05-17,Train,-0.032694365829229355,-0.04035687026302615
2010-05-18,Train,-0.006352654192596674,-0.003876810337985592
2010-05-19,Train,-0.002869772259145975,0.01367775151182005
2010-05-20,Train,0.006329203490167856,0.01668549501526129
2010-05-21,Train,-0.0041250139474868774,-0.01271185755763926
2010-05-24,Train,-0.007165096700191498,-0.01052398616903172
2010-05-25,Train,-0.007093073800206184,-0.01968682445403536
2010-05-26,Train,0.01830761879682541,0.01968323341329525
2010-05-27,Train,-0.008669784292578697,-0.008066251155449122
2010-05-28,Train,0.003827667096629739,-0.002412210511733237
2010-06-01,Train,0.016747446730732918,0.03386451458526429
2010-06-02,Train,0.013342691585421562,0.01405408704603039
2010-06-03,Train,0.002452158136293292,0.007710443798248923
2010-06-04,Train,0.04220448061823845,0.04235972146703326
2010-06-07,Train,0.05183183029294014,0.05263153359531558
2010-06-08,Train,0.048545632511377335,0.04639065660705333
2010-06-09,Train,0.04748556762933731,0.05088999447208398
2010-06-10,Train,0.007710341829806566,0.006212531200195048
2010-06-11,Train,-0.001066706608980894,-0.005054934994205063
2010-06-14,Train,-0.007181351538747549,-0.008353507454257003
2010-06-15,Train,-0.0615420937538147,-0.07150503571082656
2010-06-16,Train,-0.09101547300815582,-0.08933906833871319
2010-06-17,Train,-0.09026408940553665,-0.09479275572356616
2010-06-18,Train,-0.0928749144077301,-0.09638295275099729
2010-06-21,Train,-0.08497775346040726,-0.08583691268190419
2010-06-22,Train,-0.04851765185594559,-0.04930801278616515
2010-06-23,Train,-0.03930883854627609,-0.04017369174313112
2010-06-24,Train,-0.01883358135819435,-0.01609701360084725
2010-06-25,Train,-0.006402932107448578,-0.01148664573681257
2010-06-28,Train,0.0037585401441901922,0.004876994407591262
2010-06-29,Train,0.04429950565099716,0.05049579191472398
2010-06-30,Train,0.059669412672519684,0.06766563923198743
2010-07-01,Train,0.05332823470234871,0.04108945747194759
2010-07-02,Train,0.05289927124977112,0.05297857158768293
2010-07-06,Train,0.06255912035703659,0.06244131320868518
2010-07-07,Train,0.03125622868537903,0.01546861508957509
2010-07-08,Train,0.03250226378440857,0.03552035447340129
2010-07-09,Train,0.023078642785549164,0.03227257902010505
2010-07-12,Train,0.032780181616544724,0.03776533244042413
2010-07-13,Train,0.02224356308579445,0.02404580396782352
2010-07-14,Train,0.012799588032066822,0.0107550010755002
2010-07-15,Train,0.008488595485687256,0.002412294167377871
2010-07-16,Train,0.04131121560931206,0.03315293675336917
2010-07-19,Train,0.036905888468027115,0.04360458173108084
2010-07-20,Train,0.020183099433779716,0.02673448837920622
2010-07-21,Train,0.03775647282600403,0.05152328110456672
2010-07-22,Train,0.00932277087122202,0.02315930440658787
2010-07-23,Train,0.01296154409646988,0.01519750167980005
2010-07-26,Train,0.00970598217099905,0.01378129249077142
2010-07-27,Train,-0.0010863312054425478,0.005385609863449936
2010-07-28,Train,-0.004179839510470629,-0.01411504282194487
2010-07-29,Train,-0.00570820365101099,-0.01465758438776488
2010-07-30,Train,-0.026157693937420845,-0.02379393407360608
2010-08-02,Train,-0.037956345826387405,-0.04006854521646586
2010-08-03,Train,-0.03209345042705536,-0.0236712343430775
2010-08-04,Train,-0.03063892386853695,-0.02961225884777774
2010-08-05,Train,-0.039554111659526825,-0.04206707545752741
2010-08-06,Train,-0.04282468184828758,-0.03934987636089293
2010-08-09,Train,-0.04919324815273285,-0.05522519515076485
2010-08-10,Train,-0.05016367509961128,-0.06470959420512556
2010-08-11,Train,-0.026749027892947197,-0.02929519353202137
2010-08-12,Train,-0.024147432297468185,-0.03330372934079762
2010-08-13,Train,-0.018951287493109703,-0.01453491744490354
2010-08-16,Train,-0.02348111756145954,-0.02656246979853882
2010-08-17,Train,-0.027150548994541168,-0.04209830047119123
2010-08-18,Train,-0.023466605693101883,-0.01734359887507042
2010-08-19,Train,0.011535265482962132,0.008916578371364059
2010-08-20,Train,0.024356288835406303,0.02426536502713939
2010-08-23,Train,0.041253216564655304,0.02742808528009677
2010-08-24,Train,0.054243944585323334,0.0595646823191891
2010-08-25,Train,0.06068674474954605,0.05355118281584037
2010-08-26,Train,0.0788484513759613,0.07028014456247944
2010-08-27,Train,0.07403578609228134,0.07215793798948567
2010-08-30,Train,0.09085167199373245,0.08805320107416836
2010-08-31,Train,0.09582970291376114,0.09871148195813162
2010-09-01,Train,0.06542427837848663,0.07104558588971033
2010-09-02,Train,0.06471896916627884,0.06031823813910187
2010-09-03,Train,0.05752226710319519,0.06129110220379408
2010-09-07,Train,0.06081344932317734,0.06827131028004141
2010-09-08,Train,0.048168301582336426,0.05275672706397794
2010-09-09,Train,0.04974276199936867,0.04824462306798272
2010-09-10,Train,0.04209648817777634,0.065665267671422
2010-09-13,Train,0.0323098786175251,0.04529099237351186
2010-09-14,Train,0.038294874131679535,0.04046360670335147
2010-09-15,Train,0.030244700610637665,0.03225132807387099
2010-09-16,Train,0.030183501541614532,0.02357115353536265
2010-09-17,Train,0.021915199235081673,0.0212543573117665
2010-09-20,Train,0.012570557184517384,-0.007167771363788211
2010-09-21,Train,0.01620493270456791,0.01720606632197397
2010-09-22,Train,0.01536397635936737,0.01109059212893726
2010-09-23,Train,0.02095617540180683,0.01520447311089002
2010-09-24,Train,0.008427855558693409,0.001812326880073156
2010-09-27,Train,0.01164601743221283,0.007693886876112721
2010-09-28,Train,0.010624360293149948,0.01498889395334535
2010-09-29,Train,0.01582171581685543,0.02495434204483549
2010-09-30,Train,0.036212123930454254,0.0275116870290808
2010-10-01,Train,0.04341532289981842,0.05060198820378181
2010-10-04,Train,0.039530716836452484,0.05816831108604692
2010-10-05,Train,0.029810668900609016,0.02335883711188846
2010-10-06,Train,0.037198226898908615,0.03981310385329362
2010-10-07,Train,0.03760950267314911,0.03804899967458097
2010-10-08,Train,0.040322523564100266,0.03798993748037049
2010-10-11,Train,0.035515543073415756,0.04259591947731356
2010-10-12,Train,0.03499939665198326,0.03831566844061629
2010-10-13,Train,0.03328736498951912,0.03305617881657552
2010-10-14,Train,0.03485141322016716,0.0372868134944353
2010-10-15,Train,0.022271383553743362,0.01340063321453622
2010-10-18,Train,0.022690145298838615,0.01793376213109066
2010-10-19,Train,0.036271508783102036,0.03856747532944738
2010-10-20,Train,0.03510179743170738,0.03574920648854762
2010-10-21,Train,0.040745459496974945,0.04640275318648812
2010-10-22,Train,0.03457583859562874,0.03931058875465054
2010-10-25,Train,0.025294601917266846,0.03565238602002019
2010-10-26,Train,0.031067201867699623,0.02729198571896974
2010-10-27,Train,0.023733779788017273,0.02931601138634909
2010-10-28,Train,0.017404478043317795,0.02065013091413936
2010-10-29,Train,0.010173128917813301,0.006324224117045363
2010-11-01,Train,0.004587833303958178,0.001723480476522932
2010-11-02,Train,-0.01430305652320385,-0.02519890199162178
2010-11-03,Train,-0.015992848202586174,-0.0267823834662877
2010-11-04,Train,-0.014761928468942642,-0.02310411600660389
2010-11-05,Train,-0.02123059146106243,-0.02235880359944808
2010-11-08,Train,-0.019458649680018425,-0.01544476749406698
2010-11-09,Train,-0.01883079670369625,-0.02581854159807762
2010-11-10,Train,-0.020175952464342117,-0.01116906692450192
2010-11-11,Train,-0.013943863101303577,-0.0114275121421068
2010-11-12,Train,0.004032360855489969,0.004189701537524293
2010-11-15,Train,0.005820934660732746,-0.004205720033023219
2010-11-16,Train,0.02696244977414608,0.0338191999604962
2010-11-17,Train,0.027562035247683525,0.04127909168802568
2010-11-18,Train,0.02378004975616932,0.02746516533143772
2010-11-19,Train,0.02448880486190319,0.02630069032423554
2010-11-22,Train,0.023941034451127052,0.01833304145720138
2010-11-23,Train,0.030748676508665085,0.03860192333418166
2010-11-24,Train,0.023249007761478424,0.01901359481436704
2010-11-26,Train,0.02620099112391472,0.03259429990113016
2010-11-29,Train,0.031151672825217247,0.02977431648878848
2010-11-30,Train,0.03178246319293976,0.04434634990447872
2010-12-01,Train,0.022958291694521904,0.01823653404300041
2010-12-02,Train,0.02170499786734581,0.01581988267374146
2010-12-03,Train,0.016211433336138725,0.01206611358394105
2010-12-06,Train,0.017882676795125008,0.01318482672773214
2010-12-07,Train,0.013209850527346134,0.01874532853583943
2010-12-08,Train,0.011826294474303722,0.01479288479981444
2010-12-09,Train,0.00802783202379942,0.01126917787391069
2010-12-10,Train,0.00684184767305851,0.005138534972876085
2010-12-13,Train,0.005432726815342903,0.006813976741867789
2010-12-14,Train,0.008193141780793667,0.00716910622627287
2010-12-15,Train,0.00911661610007286,0.009231905491297487
2010-12-16,Train,0.0034190923906862736,-0.002198657796925074
2010-12-17,Train,0.01373993419110775,0.01449011204868489
2010-12-20,Train,0.015484088100492954,0.01301317937319957
2010-12-21,Train,0.017230680212378502,0.0154855583579887
2010-12-22,Train,0.020021986216306686,0.01895038412151751
2010-12-23,Train,0.025855492800474167,0.0206429890166131
2010-12-27,Train,0.02088221348822117,0.02391822826989443
2010-12-28,Train,0.02669716253876686,0.02725446731975878
2010-12-29,Train,0.025848979130387306,0.03230517299119184
2010-12-30,Train,0.03489029407501221,0.0351262712953242
2010-12-31,Train,0.038802508264780045,0.04663975318081737
2011-01-03,Train,0.025713419541716576,0.03344781103213723
2011-01-04,Train,0.0220628809183836,0.02243527869548534
2011-01-05,Train,0.012550349347293377,0.006637942603932467
2011-01-06,Train,0.005259041208773851,-0.004291807432547645
2011-01-07,Train,0.009128086268901825,0.01038127514127596
2011-01-10,Train,0.004061570856720209,0.008024196389968763
2011-01-11,Train,0.0032219141721725464,0.011930234783885
2011-01-12,Train,0.004104880150407553,0.01096179131596609
2011-01-13,Train,-0.0022626316640526056,-0.01502301628332259
2011-01-14,Train,-0.006297261454164982,-0.01754385964912286
2011-01-18,Train,-0.0015364916762337089,-0.001924433356284228
2011-01-19,Train,0.008846827782690525,0.007963206092822972
2011-01-20,Train,0.016138285398483276,0.01693104175023286
2011-01-21,Train,0.021878859028220177,0.03053162273027921
2011-01-24,Train,0.020298000425100327,0.02125776344944308
2011-01-25,Train,0.01889016106724739,0.02653458398002573
2011-01-26,Train,0.0242227241396904,0.01935594648388705
2011-01-27,Train,0.01698187179863453,0.01469045379686462
2011-01-28,Train,0.03928792476654053,0.04862729421734202
2011-01-31,Train,0.036091435700654984,0.04607146126883377
2011-02-01,Train,0.022948522120714188,0.02541631520298981
2011-02-02,Train,0.024899635463953018,0.03370790053551764
2011-02-03,Train,0.0292738676071167,0.03154572719486648
2011-02-04,Train,0.012140994891524315,0.02352733441950483
2011-02-07,Train,-0.004328256472945213,-0.01075460069682244
2011-02-08,Train,-0.013962493278086185,-0.02533168080179771
2011-02-09,Train,-0.015560626052320004,-0.01847056256149582
2011-02-10,Train,-0.01802450232207775,-0.006377092881171387
2011-02-11,Train,-0.018231477588415146,-0.01146471910831126
2011-02-14,Train,-0.023613538593053818,-0.02970299802115028
2011-02-15,Train,-0.01739244908094406,-0.02324787368122327
2011-02-16,Train,-0.020916758105158806,-0.01036006452591409
2011-02-17,Train,-0.01780099794268608,-0.01512061468602699
2011-02-18,Train,-0.019264046102762222,-0.02622170828419357
2011-02-22,Train,-0.019202375784516335,0.006838495493533436
2011-02-23,Train,0.004618808161467314,0.008309713482924419
2011-02-24,Train,-0.012987998314201832,-0.01266270159997229
2011-02-25,Train,-0.016663644462823868,-0.02012141919703836
2011-02-28,Train,-0.02091122418642044,-0.02561882517758285
2011-03-01,Train,-0.022704748436808586,-0.02375085275328992
2011-03-02,Train,-0.03047851286828518,-0.05232757955386336
2011-03-03,Train,-0.04329558461904526,-0.06212457359612822
2011-03-04,Train,-0.046247825026512146,-0.06072106923652365
2011-03-07,Train,-0.029822593554854393,-0.02955059743470112
2011-03-08,Train,-0.035337746143341064,-0.0351793226659991
2011-03-09,Train,-0.018160933628678322,-0.02314570792702542
2011-03-10,Train,0.007992923259735107,0.009975086914487452
2011-03-11,Train,0.006031345576047897,0.006195759669352485
2011-03-14,Train,0.007170863915234804,0.004263596728834473
2011-03-15,Train,0.026151232421398163,0.02865381338067063
2011-03-16,Train,0.05119498446583748,0.05909504816380973
2011-03-17,Train,0.053631193935871124,0.05086914367203521
2011-03-18,Train,0.049803752452135086,0.05528004186148539
2011-03-21,Train,0.028939509764313698,0.03189190013988608
2011-03-22,Train,0.029517976567149162,0.03104688372982078
2011-03-23,Train,0.025574427098035812,0.02782263978698496
2011-03-24,Train,0.0017821816727519035,0.009171083787772316
2011-03-25,Train,-0.0005826189881190658,0.001935267594234125
2011-03-28,Train,0.007641090080142021,0.004068628112558148
2011-03-29,Train,-0.0058844368904829025,-0.01243873294313103
2011-03-30,Train,-0.003855139948427677,-0.008718396047135424
2011-03-31,Train,-0.008790366351604462,-0.01184050673101766
2011-04-01,Train,-0.012456364929676056,-0.01409672070135193
2011-04-04,Train,-0.01476310845464468,-0.01781037977319233
2011-04-05,Train,0.0030636945739388466,-0.009103649640886169
2011-04-06,Train,0.003985404036939144,0.01082785128809327
2011-04-07,Train,0.013889582827687263,0.01957355658845272
2011-04-08,Train,0.0332656092941761,0.027041279980623
2011-04-11,Train,0.036015234887599945,0.03629318946807492
2011-04-12,Train,0.03611917048692703,0.05055884943801736
2011-04-13,Train,0.027347059920430183,0.04010558760229399
2011-04-14,Train,0.030773015692830086,0.04105730098774774
2011-04-15,Train,0.040372420102357864,0.04095321504562355
2011-04-18,Train,0.04313388839364052,0.04337775336371519
2011-04-19,Train,0.03273425251245499,0.03533568999855086
2011-04-20,Train,0.006136334966868162,0.006910810362821262
2011-04-21,Train,0.002444907557219267,0.002228335066424725
2011-04-25,Train,0.0018752465257421136,0.003419335655717948
2011-04-26,Train,0.00464423606172204,0.006290359296233117
2011-04-27,Train,-0.004847387783229351,-0.007767694861328445
2011-04-28,Train,-0.010762986727058887,-0.0003382455166985876
2011-04-29,Train,-0.01142087485641241,-0.01134058840347563
2011-05-02,Train,-0.015724902972579002,-0.02662370124342184
2011-05-03,Train,-0.016438908874988556,-0.01925365956481251
2011-05-04,Train,-0.012270329520106316,-0.009556272579786085
2011-05-05,Train,-0.014074134640395641,-0.001201092935662285
2011-05-06,Train,-0.013206583447754383,-0.01197196422653046
2011-05-09,Train,-0.020518722012639046,-0.03015846820889467
2011-05-10,Train,-0.032585982233285904,-0.04426421680473758
2011-05-11,Train,-0.03073730133473873,-0.03352616511705941
2011-05-12,Train,-0.03173564746975899,-0.03332771443683813
2011-05-13,Train,-0.02196352742612362,-0.01677794118809173
2011-05-16,Train,0.0001997166546061635,0.01672472228140687
2011-05-17,Train,-0.014197916723787785,-0.008165413646449515
2011-05-18,Train,-0.017293084412813187,-0.01430051374848684
2011-05-19,Train,-0.022718610242009163,-0.03195328362146821
2011-05-20,Train,-0.026754794642329216,-0.03254286053692734
2011-05-23,Train,-0.02267453633248806,-0.01985237684063168
2011-05-24,Train,-0.019820962101221085,-0.02085911811103902
2011-05-25,Train,-0.024374306201934814,-0.02289134030820394
2011-05-26,Train,-0.033988580107688904,-0.04375218807672765
2011-05-27,Train,-0.036886103451251984,-0.04858089675607924
2011-05-31,Train,-0.04210130125284195,-0.05174777974947453
2011-06-01,Train,-0.04491030052304268,-0.04904535346955363
2011-06-02,Train,-0.04417014122009277,-0.05471066777673628
2011-06-03,Train,-0.031892597675323486,-0.04543030395589875
2011-06-06,Train,-0.01637244038283825,-0.03256395982643912
2011-06-07,Train,-0.013469225727021694,-0.01003766560496966
2011-06-08,Train,-0.012088361196219921,-0.0101100842167261
2011-06-09,Train,-0.0030869082547724247,-0.002703217180422546
2011-06-10,Train,0.005997669883072376,-0.004758388075356779
2011-06-13,Train,0.008055627346038818,0.01116399372557697
2011-06-14,Train,0.01621338352560997,0.0131911734771144
2011-06-15,Train,0.043572697788476944,0.03702336134900164
2011-06-16,Train,0.052942562848329544,0.05491858922793869
2011-06-17,Train,0.06910614669322968,0.07659414132293607
2011-06-20,Train,0.06646016240119934,0.076382487357598
2011-06-21,Train,0.06012110412120819,0.05721527926132874
2011-06-22,Train,0.07031690329313278,0.07951845066663621
2011-06-23,Train,0.059972669929265976,0.06667868840864877
2011-06-24,Train,0.06758984923362732,0.06583298907760571
2011-06-27,Train,0.03982890397310257,0.04108598113599404
2011-06-28,Train,0.032720137387514114,0.03014087098104601
2011-06-29,Train,0.026672102510929108,0.0140319880325559
2011-06-30,Train,0.012901757843792439,0.01402277384327921
2011-07-01,Train,0.0040421136654913425,-0.006389206231388056
2011-07-05,Train,0.004119249060750008,0.0111683454065441
2011-07-06,Train,0.0034560044296085835,0.003596490609141689
2011-07-07,Train,-0.006438711192458868,-0.003378897666538205
2011-07-08,Train,-0.0006058558356016874,0.00965610209404466
2011-07-11,Train,0.02015913836658001,0.02622499105889187
2011-07-12,Train,0.023259175941348076,0.03668290322599899
2011-07-13,Train,0.016406001523137093,0.005713328266002682
2011-07-14,Train,0.021275585517287254,0.01926779595692873
2011-07-15,Train,-0.006889235228300095,0.002592939150136919
2011-07-18,Train,0.0021196077577769756,0.003302026828048144
2011-07-19,Train,-0.05617770180106163,-0.04384023930760095
2011-07-20,Train,-0.050329748541116714,-0.03054602640681936
2011-07-21,Train,-0.0760599747300148,-0.08170882136592539
2011-07-22,Train,-0.10335324704647064,-0.09681202669110467
2011-07-25,Train,-0.12024060636758804,-0.1494619949237846
2011-07-26,Train,-0.11178088188171387,-0.110682578745541
2011-07-27,Train,-0.10140109062194824,-0.1244620334523141
2011-07-28,Train,-0.0881228893995285,-0.08747207892614728
2011-07-29,Train,-0.07956282794475555,-0.07637931560647904
2011-08-01,Train,-0.059452854096889496,-0.05837517683365323
2011-08-02,Train,-0.0416361466050148,-0.04211833859258074
2011-08-03,Train,-0.05619313567876816,-0.05685617785876163
2011-08-04,Train,-0.05139080062508583,-0.05944244996950776
2011-08-05,Train,-0.052684884518384933,-0.07059266064459946
2011-08-08,Train,0.0012269812868908048,-0.007511386973099166
2011-08-09,Train,-0.016747290268540382,-0.0141429382852033
2011-08-10,Train,0.03411513566970825,0.03598108522210608
2011-08-11,Train,-0.011047541163861752,-0.02391707494465101
2011-08-12,Train,-0.008684665895998478,-0.008213526772737567
2011-08-15,Train,0.0005541036371141672,0.004598969779120887
2011-08-16,Train,0.01756219193339348,0.01985157077055888
2011-08-17,Train,0.011979896575212479,0.02762223761960625
2011-08-18,Train,0.05975400656461716,0.07085378913237306
2011-08-19,Train,0.0736442506313324,0.06496102497098
2011-08-22,Train,0.06554974615573883,0.06134239966571076
2011-08-23,Train,0.03559905290603638,0.04514155825279276
2011-08-24,Train,0.026854977011680603,0.03226420207340275
2011-08-25,Train,0.02943330816924572,0.02604666074528716
2011-08-26,Train,0.03114509768784046,0.01373987441295998
2011-08-29,Train,0.011602258309721947,-0.0005493275766634831
2011-08-30,Train,0.009502734057605267,0.007094767709438399
2011-08-31,Train,0.01400177925825119,0.02034142578914033
2011-09-01,Train,0.02187567763030529,0.03720672155794014
2011-09-02,Train,0.05603381246328354,0.06250003579858632
2011-09-06,Train,0.053400274366140366,0.05760930084596216
2011-09-07,Train,0.010538055561482906,0.01354322267080743
2011-09-08,Train,-0.004086773376911879,-0.01489239874394832
2011-09-09,Train,0.02450895681977272,0.01823996267650863
2011-09-12,Train,0.010976296849548817,0.01708128775565765
2011-09-13,Train,0.007624694611877203,0.01410766979176414
2011-09-14,Train,-0.02241772599518299,-0.01499280747658605
2011-09-15,Train,-0.03426624834537506,-0.04093982243799754
2011-09-16,Train,-0.07483954727649689,-0.07245093590856966
2011-09-19,Train,-0.07975880801677704,-0.09662605832409932
2011-09-20,Train,-0.06708350032567978,-0.07398867882334048
2011-09-21,Train,-0.023573555052280426,-0.03340560225961231
2011-09-22,Train,0.01279816310852766,0.01586409938546218
2011-09-23,Train,0.01266841497272253,-0.001477411427522335
2011-09-26,Train,0.021528705954551697,0.02117560922346184
2011-09-27,Train,0.018380865454673767,0.01752486445246504
2011-09-28,Train,0.029737889766693115,0.03796075080071559
2011-09-29,Train,0.05592617392539978,0.06013358944951608
2011-09-30,Train,0.10481610149145126,0.1084015706755677
2011-10-03,Train,0.12056537717580795,0.1200625628261403
2011-10-04,Train,0.1000518873333931,0.1111324622413303
2011-10-05,Train,0.07182803004980087,0.06239492301052807
2011-10-06,Train,0.0453568696975708,0.0396839947694565
2011-10-07,Train,0.05437261238694191,0.05973736934467766
2011-10-10,Train,0.031327955424785614,0.04558461055342766
2011-10-11,Train,0.0257625263184309,0.01811080368058682
2011-10-12,Train,0.017476551234722137,0.01183749119620425
2011-10-13,Train,0.016812007874250412,0.03028710739822205
2011-10-14,Train,0.0019482807256281376,0.01306287929781247
2011-10-17,Train,0.004002220928668976,0.01169696225420913
2011-10-18,Train,-0.011096489615738392,-0.02672879818752216
2011-10-19,Train,0.004861575551331043,0.0008791847722808832
2011-10-20,Train,0.019647691398859024,0.02668312983675003
2011-10-21,Train,0.007885104045271873,0.008726003606586596
2011-10-24,Train,-0.00796967651695013,-0.004787187313369912
2011-10-25,Train,0.015843486413359642,0.02685735806468847
2011-10-26,Train,0.009044013917446136,-0.008032112463695618
2011-10-27,Train,-0.019516626372933388,-0.03517416734912049
2011-10-28,Train,-0.02113492600619793,-0.01849338612121976
2011-10-31,Train,-0.011136103421449661,-0.00793786157750731
2011-11-01,Train,0.014401179738342762,0.02994334660749787
2011-11-02,Train,-0.00598473846912384,0.004392129445576654
2011-11-03,Train,-0.04725814238190651,-0.03907051123379135
2011-11-04,Train,-0.053157467395067215,-0.04152245229862905
2011-11-07,Train,-0.05198737978935242,-0.06648340478873282
2011-11-08,Train,-0.05718458071351051,-0.07404892206621572
2011-11-09,Train,-0.04102102667093277,-0.06196092893281613
2011-11-10,Train,-0.051477931439876556,-0.06868611826394855
2011-11-11,Train,-0.05446089059114456,-0.05410539906614098
2011-11-14,Train,-0.04464641213417053,-0.05409637362241426
2011-11-15,Train,-0.03969229385256767,-0.02993293732143421
2011-11-16,Train,-0.016121819615364075,-0.006821749206566974
2011-11-17,Train,0.015500581823289394,0.01415004612073378
2011-11-18,Train,0.022414986044168472,0.03321299822940205
2011-11-21,Train,0.04269183427095413,0.05042329169622395
2011-11-22,Train,0.043828099966049194,0.04695527057587312
2011-11-23,Train,0.05378616973757744,0.05310561020337379
2011-11-25,Train,0.07569549977779388,0.07829045586280658
2011-11-28,Train,0.03537268191576004,0.03033625384467387
2011-11-29,Train,0.030685920268297195,0.02537692582406192
2011-11-30,Train,-0.025856418535113335,-0.02660046136257554
2011-12-01,Train,-0.03198450431227684,-0.0359280934252838
2011-12-02,Train,-0.031523529440164566,-0.03108439340753999
2011-12-05,Train,-0.03906315937638283,-0.05101331058732406
2011-12-06,Train,-0.028333820402622223,-0.02014718796405579
2011-12-07,Train,-0.030566424131393433,-0.03416259110697062
2011-12-08,Train,-0.018910236656665802,-0.009265867207068568
2011-12-09,Train,-0.016228877007961273,-0.01648541948724236
2011-12-12,Train,-0.00655903248116374,-0.002483139180492366
2011-12-13,Train,0.006703631952404976,-0.003048747741437152
2011-12-14,Train,0.022734297439455986,0.02004012208143346
2011-12-15,Train,0.0277797132730484,0.01991231492812817
2011-12-16,Train,0.04124166816473007,0.03718557952663271
2011-12-19,Train,0.04675548896193504,0.05191457493864671
2011-12-20,Train,0.030793119221925735,0.03003755222615845
2011-12-21,Train,0.044037967920303345,0.04861237535374863
2011-12-22,Train,0.042800698429346085,0.03633094448201968
2011-12-23,Train,0.032342489808797836,0.03495005386014971
2011-12-27,Train,0.03817730396986008,0.03413936898370395
2011-12-28,Train,0.041100919246673584,0.05036875749909853
2011-12-29,Train,0.04355427250266075,0.03911410182277653
2011-12-30,Train,0.05188244953751564,0.05158511837655011
2012-01-03,Train,0.04383314400911331,0.04551845488808848
2012-01-04,Train,0.043078530579805374,0.04760240199085275
2012-01-05,Train,0.039375849068164825,0.03749348766755589
2012-01-06,Train,0.036026764661073685,0.03425012100330305
2012-01-09,Train,0.03398741036653519,0.03575149967854463
2012-01-10,Train,0.037675660103559494,0.04117848642226751
2012-01-11,Train,0.04127848520874977,0.03541955602984204
2012-01-12,Train,0.03763497248291969,0.03442373963420198
2012-01-13,Train,0.033214494585990906,0.03901685193978466
2012-01-17,Train,0.031725216656923294,0.03099982495665832
2012-01-18,Train,0.02994336560368538,0.02571858692434148
2012-01-19,Train,0.028303958475589752,0.02255259706575474
2012-01-20,Train,0.03276953473687172,0.03814620648878919
2012-01-23,Train,0.036465950310230255,0.03696268691473992
2012-01-24,Train,0.03940698504447937,0.04105229139429101
2012-01-25,Train,0.036547962576150894,0.03359256609374883
2012-01-26,Train,0.03895556926727295,0.04466952129161017
2012-01-27,Train,0.03553756698966026,0.03427151726043109
2012-01-30,Train,0.04035206139087677,0.04301072690333352
2012-01-31,Train,0.03796639293432236,0.04427557176975228
2012-02-01,Train,0.034399308264255524,0.02867912138432871
2012-02-02,Train,0.03482111170887947,0.03953605652407965
2012-02-03,Train,0.022187400609254837,0.02224014641552174
2012-02-06,Train,0.023034220561385155,0.02596775177986399
2012-02-07,Train,0.019129466265439987,0.01915336562451286
2012-02-08,Train,0.0206716638058424,0.02049315742485081
2012-02-09,Train,0.019789956510066986,0.01669049816574963
2012-02-10,Train,0.025616198778152466,0.02529216904402842
2012-02-13,Train,0.016525138169527054,0.02616967059710573
2012-02-14,Train,0.019251201301813126,0.01898441061568534
2012-02-15,Train,0.027843225747346878,0.03425199451174632
2012-02-16,Train,0.019902428612113,0.01948768910343701
2012-02-17,Train,0.018063442781567574,0.0121393132486487
2012-02-21,Train,0.015928858891129494,-0.0006288463314498838
2012-02-22,Train,0.015338451601564884,0.01168663719734697
2012-02-23,Train,0.014390946365892887,0.01584559609251479
2012-02-24,Train,0.02051176317036152,0.01657282010266758
2012-02-27,Train,0.021393675357103348,0.01561280175415325
2012-02-28,Train,0.021712077781558037,0.02411136416646564
2012-02-29,Train,0.026778491213917732,0.03229303032758191
2012-03-01,Train,0.027275679633021355,0.02711032325740836
2012-03-02,Train,0.021109765395522118,0.02543539119198379
2012-03-05,Train,0.041155844926834106,0.04345796025156567
2012-03-06,Train,0.04746574908494949,0.05568665931290795
2012-03-07,Train,0.04282143712043762,0.04776780057147811
2012-03-08,Train,0.03966735303401947,0.03444020628468869
2012-03-09,Train,0.03749509155750275,0.02952946627911879
2012-03-12,Train,0.04066061973571777,0.04704069815583289
2012-03-13,Train,0.02701134979724884,0.02942947306631538
2012-03-14,Train,0.01451781764626503,0.02180786019286107
2012-03-15,Train,0.01695946976542473,0.01499700053124298
2012-03-16,Train,0.017853891476988792,0.01548416206660708
2012-03-19,Train,0.02201496809720993,0.01880880991805367
2012-03-20,Train,0.00881660170853138,0.01668905880488514
2012-03-21,Train,0.004871804267168045,0.002681768441747279
2012-03-22,Train,0.010370354168117046,0.01104804160468786
2012-03-23,Train,-0.00565338646993041,0.004033412507009393
2012-03-26,Train,-0.019849304109811783,-0.02907067008060882
2012-03-27,Train,-0.025093786418437958,-0.02580269989522865
2012-03-28,Train,-0.02301357313990593,-0.01074482382545061
2012-03-29,Train,-0.02036886103451252,-0.02201533476730178
2012-03-30,Train,-0.021844511851668358,-0.03108817185258406
2012-04-02,Train,-0.02356639876961708,-0.0215384794242216
2012-04-03,Train,-0.02001614309847355,-0.02374326054341902
2012-04-04,Train,-0.025752272456884384,-0.02139676636119614
2012-04-05,Train,-0.023708390071988106,-0.03012405314168365
2012-04-09,Train,-0.024160971865057945,-0.03169167210880164
2012-04-10,Train,-0.005742093548178673,-0.02117033047981887
2012-04-11,Train,-0.00406812597066164,0.0
2012-04-12,Train,-0.006848347373306751,-0.005505174105373767
2012-04-13,Train,0.009126149117946625,0.01586335373371184
2012-04-16,Train,0.012305570766329765,0.02001535903850749
2012-04-17,Train,0.0025338425766676664,0.001347768327798482
2012-04-18,Train,0.006900649517774582,0.006755696503810693
2012-04-19,Train,-0.0016220626421272755,0.007439991789075728
2012-04-20,Train,-0.005670882295817137,-0.01492087929933161
2012-04-23,Train,-0.004971565678715706,-0.004917020372170899
2012-04-24,Train,-0.009238692931830883,-0.003244348879594017
2012-04-25,Train,-0.0409538596868515,-0.03205413621127806
2012-04-26,Train,-0.042287711054086685,-0.03964682887006876
2012-04-27,Train,-0.03934540972113609,-0.0455085909549463
2012-04-30,Train,-0.04833658039569855,-0.04763331640832891
2012-05-01,Train,-0.05295369774103165,-0.05234041679288193
2012-05-02,Train,-0.0565292090177536,-0.06143750494898115
2012-05-03,Train,-0.057260747998952866,-0.07143930629656758
2012-05-04,Train,-0.03334236145019531,-0.06012358204689006
2012-05-07,Train,-0.0334632582962513,-0.03474372669049808
2012-05-08,Train,-0.03229468688368797,-0.03223803664876579
2012-05-09,Train,-0.03310101106762886,-0.02736315811386469
2012-05-10,Train,-0.030916178598999977,-0.03178066424579895
2012-05-11,Train,-0.026532329618930817,-0.03287629480084941
2012-05-14,Train,-0.021572468802332878,-0.01132433469593663
2012-05-15,Train,-0.016832608729600906,-0.01641150573393491
2012-05-16,Train,-0.015352238900959492,-0.01398152641593065
2012-05-17,Train,-0.013431137427687645,-0.0194773697622368
2012-05-18,Train,0.004821619484573603,0.0009866396520112897
2012-05-21,Train,-0.019294587895274162,-0.02223643300226452
2012-05-22,Train,-0.008719384670257568,0.001281259333988372
2012-05-23,Train,-0.0022952284198254347,-0.004635564404753323
2012-05-24,Train,0.0046867793425917625,0.01158483327962689
2012-05-25,Train,0.007266636937856674,-0.004188792054317991
2012-05-29,Train,-0.0010271311039105058,-0.004772498156978111
2012-05-30,Train,0.0019570093136280775,-0.003208739885513845
2012-05-31,Train,0.007929139770567417,0.004834019181792382
2012-06-01,Train,0.042099274694919586,0.04270819131884518
2012-06-04,Train,0.041410621255636215,0.04452115897361009
2012-06-05,Train,0.0437096506357193,0.05104710383522515
2012-06-06,Train,0.017498277127742767,0.02831094761362674
2012-06-07,Train,0.012272052466869354,0.006744791486394508
2012-06-08,Train,0.005116117652505636,0.007634794820918778
2012-06-11,Train,0.011549507267773151,0.005177150747686099
2012-06-12,Train,0.006316602695733309,-0.0006394008096108905
2012-06-13,Train,0.012150608003139496,0.01239337589773237
2012-06-14,Train,0.007305989507585764,-0.002565744801893866
2012-06-15,Train,0.011941052973270416,0.01857440788166453
2012-06-18,Train,0.005964007694274187,0.01211067349624262
2012-06-19,Train,0.010811613872647285,0.01011833044044197
2012-06-20,Train,0.00959861185401678,0.0099548822606077
2012-06-21,Train,0.01751588098704815,0.02281072182483346
2012-06-22,Train,0.005058593582361937,0.0102604821078951
2012-06-25,Train,0.011217178776860237,0.01995811753503873
2012-06-26,Train,0.006494984030723572,0.00799744076038178
2012-06-27,Train,0.0058992947451770306,-0.00747219728619164
2012-06-28,Train,0.014684436842799187,0.01897106576691332
2012-06-29,Train,-0.007070973981171846,-0.01496263784873919
2012-07-02,Train,-0.00984849501401186,-0.01274280830253616
2012-07-03,Train,-0.004244818352162838,-0.007705347583648825
2012-07-05,Train,0.0017117015086114407,0.002618176007181727
2012-07-06,Train,0.004027152433991432,0.001871414723136455
2012-07-09,Train,-0.006131820846349001,-0.008437514305114746
2012-07-10,Train,0.0017086638836190104,-0.006469936157846745
2012-07-11,Train,0.008217633701860905,-0.007616622322274114
2012-07-12,Train,0.013801632449030876,0.0150568416164345
2012-07-13,Train,0.018442001193761826,0.02350901945971051
2012-07-16,Train,0.020396847277879715,0.02563289418241177
2012-07-17,Train,0.020081311464309692,0.01999062327819234
2012-07-18,Train,0.011052919551730156,0.00341669859898297
2012-07-19,Train,0.0036908863112330437,-0.01105992684453505
2012-07-20,Train,0.02329619973897934,0.02117062041682582
2012-07-23,Train,0.044633474200963974,0.04160099949157403
2012-07-24,Train,0.050278034061193466,0.05860868003596087
2012-07-25,Train,0.049722395837306976,0.06523827584469566
2012-07-26,Train,0.05284664407372475,0.05444217801940932
2012-07-27,Train,0.027011580765247345,0.03067670386177657
2012-07-30,Train,0.03130459412932396,0.03394009501079731
2012-07-31,Train,0.03958917036652565,0.03472222058697838
2012-08-01,Train,0.03944889456033707,0.0403962325599081
2012-08-02,Train,0.04195341095328331,0.05653929085023668
2012-08-03,Train,0.030220013111829758,0.04146343420687959
2012-08-06,Train,0.028559455648064613,0.0350983320481093
2012-08-07,Train,0.027134964242577553,0.02250562589135985
2012-08-08,Train,0.02348986640572548,0.02716898054596095
2012-08-09,Train,0.023645685985684395,0.01571390386940008
2012-08-10,Train,0.019311681389808655,0.02138797924202196
2012-08-13,Train,0.01897011697292328,0.02059094228491376
2012-08-14,Train,0.022422417998313904,0.02013420451418901
2012-08-15,Train,0.014814537018537521,0.01755430353685195
2012-08-16,Train,0.004722564946860075,-0.004557447425651229
2012-08-17,Train,-0.0037113549187779427,-0.00234186231600586
2012-08-20,Train,-0.0014703187625855207,-0.004823178016459928
2012-08-21,Train,0.008135532960295677,-0.001907628465175226
2012-08-22,Train,0.010611597448587418,0.0160747986148686
2012-08-23,Train,0.017434407025575638,0.0229850817071362
2012-08-24,Train,0.0060709691606462,0.003660858056060645
2012-08-27,Train,0.007501845248043537,0.0004385786349072607
2012-08-28,Train,0.013363443315029144,0.003362510561524479
2012-08-30,Train,0.021065594628453255,0.03647912057452007
2012-08-31,Train,0.02333182282745838,0.03007622230370988
2012-09-04,Train,0.02538936957716942,0.03201645502164108
2012-09-05,Train,0.02153155393898487,0.03498978242091844
2012-09-06,Train,0.008300604298710823,0.01150586891705818
2012-09-07,Train,0.00818809773772955,0.01037017452885491
2012-09-10,Train,0.0051644910126924515,0.01750797975216156
2012-09-11,Train,0.0013219236861914396,0.004822473032047192
2012-09-12,Train,-0.0048720198683440685,-0.006265486265255027
2012-09-13,Train,-0.011458249762654305,-0.006037926734996368
2012-09-14,Train,-0.01664423942565918,-0.02294101743161181
2012-09-17,Train,-0.01632855460047722,-0.0247827643705858
2012-09-18,Train,-0.01963270828127861,-0.02276929771675129
2012-09-19,Train,-0.01936601847410202,-0.01832387624385412
2012-09-20,Train,-0.015238004736602306,-0.01393435705131552
2012-09-21,Train,-0.018693959340453148,-0.01667851950813848
2012-09-24,Train,-0.01621762290596962,-0.01993116478672208
2012-09-25,Train,-0.023843305185437202,-0.02181500804825642
2012-09-26,Train,-0.02251073345541954,-0.0187683113867041
2012-09-27,Train,-0.022519739344716072,-0.03514608514068918
2012-09-28,Train,-0.024725964292883873,-0.02756306545223886
2012-10-01,Train,-0.020093748345971107,-0.01898646164131701
2012-10-02,Train,-0.017761701717972755,-0.008009253488112211
2012-10-03,Train,-0.02053351141512394,-0.01490375879323314
2012-10-04,Train,-0.02980148419737816,-0.02970436343069949
2012-10-05,Train,-0.02914874255657196,-0.04783999552279106
2012-10-08,Train,-0.02830117754638195,-0.03408927407565165
2012-10-09,Train,-0.02762848511338234,-0.02780259719282296
2012-10-10,Train,-0.03126312792301178,-0.0262999784069432
2012-10-11,Train,-0.026384225115180016,-0.02323482901567087
2012-10-12,Train,-0.02495574578642845,-0.01994603816688123
2012-10-15,Train,-0.02141697145998478,-0.03305048803365163
2012-10-16,Train,-0.03431792929768562,-0.03302994582032504
2012-10-17,Train,-0.035981811583042145,-0.04274388342895108
2012-10-18,Train,-0.02610677294433117,-0.02511520907137155
2012-10-19,Train,-0.00876537710428238,0.0006090273346754937
2012-10-22,Train,-0.01957429014146328,-0.02802178988470738
2012-10-23,Train,-0.022528786212205887,-0.03410306718230904
2012-10-24,Train,-0.027148175984621048,-0.02655008071983267
2012-10-25,Train,-0.03750535473227501,-0.02670358188110233
2012-10-26,Train,-0.03617311269044876,-0.03626624310975768
2012-10-31,Train,-0.0407545305788517,-0.041724332518983
2012-11-01,Train,-0.04693637043237686,-0.05829670270485021
2012-11-02,Train,-0.0344015397131443,-0.04403865294647769
2012-11-05,Train,-0.03922129422426224,-0.02774389843228731
2012-11-06,Train,-0.03009229339659214,-0.0292148805231266
2012-11-07,Train,-0.000874802703037858,-0.00374003226769104
2012-11-08,Train,0.029823757708072662,0.02754910833867097
2012-11-09,Train,0.028515104204416275,0.02758946857292077
2012-11-12,Train,0.03522077575325966,0.02428257584342597
2012-11-13,Train,0.03738074004650116,0.04033021783569057
2012-11-14,Train,0.05083293467760086,0.05896532591052761
2012-11-15,Train,0.06294097006320953,0.06077711343949299
2012-11-16,Train,0.054270822554826736,0.05409308143105163
2012-11-19,Train,0.02152950130403042,0.02900593461161383
2012-11-20,Train,0.021035045385360718,0.01724141539141866
2012-11-21,Train,0.01710725575685501,0.02174252124218912
2012-11-23,Train,-7.1561305958312e-05,0.0004622307949393445
2012-11-26,Train,0.0022174662444740534,-0.0009204903085737737
2012-11-27,Train,0.006898996885865927,0.01554806266110131
2012-11-28,Train,0.00015603264910168946,0.004731459155547624
2012-11-29,Train,-0.005322717595845461,-0.009103414810771149
2012-11-30,Train,-0.005584824364632368,-0.01686930940532694
2012-12-03,Train,-0.0065453024581074715,-0.001827244107404979
2012-12-04,Train,0.0004652685602195561,0.01401806851808041
2012-12-05,Train,0.02015981264412403,0.02095532478237705
2012-12-06,Train,0.007362242788076401,0.01439072942127906
2012-12-07,Train,0.0076207807287573814,0.004158272628945081
2012-12-10,Train,0.0026964498683810234,-0.000767860099029849
2012-12-11,Train,-0.013858155347406864,-0.02228287393515771
2012-12-12,Train,-0.015212416648864746,-0.02172262289838178
2012-12-13,Train,-0.008283417671918869,-0.02342671622249282
2012-12-14,Train,0.011458679102361202,0.006801589046317558
2012-12-17,Train,0.008385729975998402,0.02517153042970199
2012-12-18,Train,0.008344991132616997,0.004507819813771796
2012-12-19,Train,0.012873450294137001,0.005583988911240789
2012-12-20,Train,0.007026239763945341,0.005885894613263165
2012-12-21,Train,0.016045859083533287,0.02024539504000411
2012-12-24,Train,0.022927869111299515,0.02612566399592908
2012-12-26,Train,0.038797441869974136,0.04139532044876448
2012-12-27,Train,0.038874100893735886,0.0444099463134684
2012-12-28,Train,0.0489870123565197,0.04985889567323132
2012-12-31,Train,0.02295788563787937,0.02303086232544382
2013-01-02,Train,0.002901146886870265,-0.004464217797425452
2013-01-03,Train,0.00104139547329396,0.005534820568848131
2013-01-04,Train,0.00711379200220108,0.00660366891105757
2013-01-07,Train,0.004814910236746073,0.00795196949982202
2013-01-08,Train,0.006536869797855616,0.01608538407729676
2013-01-09,Train,0.005665273871272802,-0.001647341418107628
2013-01-10,Train,-0.0016404965426772833,-0.002530864576142045
2013-01-11,Train,0.0006158777978271246,-0.001635453566129264
2013-01-14,Train,0.0021424575243145227,0.002986926230157172
2013-01-15,Train,0.007235436700284481,0.005853210351564719
2013-01-16,Train,0.0023677952121943235,-0.0004484122363624943
2013-01-17,Train,0.00032204276067204773,0.006545707132042278
2013-01-18,Train,-0.0011014413321390748,-0.008796724922844334
2013-01-22,Train,0.0044061425141990185,0.004167888925646457
2013-01-23,Train,-0.003915260545909405,-0.005178258515822542
2013-01-24,Train,0.01207259576767683,0.009600950412371745
2013-01-25,Train,0.008632097393274307,0.01477608751894821
2013-01-28,Train,0.00815571565181017,0.01280715697407886
2013-01-29,Train,0.007667192257940769,0.00848718975198337
2013-01-30,Train,0.006265376228839159,0.01417494218473681
2013-01-31,Train,0.011179615743458271,0.01615065286826778
2013-02-01,Train,0.001997241983190179,0.001330126116162456
2013-02-04,Train,0.02046390064060688,0.02647404359152117
2013-02-05,Train,0.0008260424947366118,-0.004002322068346276
2013-02-06,Train,-0.0026940391398966312,-0.01145146739335778
2013-02-07,Train,-0.0016635925276204944,-0.002377468868557386
2013-02-08,Train,-0.013223075307905674,-0.02470952137021643
2013-02-11,Train,-0.017077190801501274,-0.02132046069829885
2013-02-12,Train,-0.0045141614973545074,-0.00723468874764055
2013-02-13,Train,-0.008049472235143185,-0.0127998047808926
2013-02-14,Train,-0.001195920747704804,-0.00838851685686448
2013-02-15,Train,0.0015466855838894844,-0.001033205827663752
2013-02-19,Train,0.0019769344944506884,0.006447867162666876
2013-02-20,Train,0.021540915593504906,0.0196457753662882
2013-02-21,Train,0.02592640556395054,0.03339854340203718
2013-02-22,Train,0.022684967145323753,0.02427758814768888
2013-02-25,Train,0.036307431757450104,0.04011466988456625
2013-02-26,Train,0.030925558879971504,0.03245197928692667
2013-02-27,Train,0.020684998482465744,0.02067221049686263
2013-02-28,Train,0.019564809277653694,0.02622954062971039
2013-03-01,Train,0.014178925193846226,0.01677062821125563
2013-03-04,Train,0.011034104973077774,0.01004728578767122
2013-03-05,Train,-0.00010157311044167727,-0.006552081337254712
2013-03-06,Train,0.0002264018403366208,0.002919237220931681
2013-03-07,Train,-0.00500438641756773,-0.01106423219126773
2013-03-08,Train,-0.008065762929618359,-0.002617424952192859
2013-03-11,Train,-0.0067948815412819386,-0.009134476898100874
2013-03-12,Train,-0.003728100098669529,-0.0001455491276600718
2013-03-13,Train,0.00012620387133210897,0.002477135438488931
2013-03-14,Train,-0.00074358144775033,0.001597452938956634
2013-03-15,Train,0.0022559063509106636,-0.0001459952695750388
2013-03-18,Train,0.007070605177432299,0.009947341999771986
2013-03-19,Train,0.004437703173607588,0.002638140060379879
2013-03-20,Train,-0.002440320560708642,-0.00407508052725547
2013-03-21,Train,0.005107151810079813,-0.001030468048134003
2013-03-22,Train,0.0032511563040316105,-0.005394301457093187
2013-03-25,Train,0.010448857210576534,0.004975182696880687
2013-03-26,Train,0.010554746724665165,0.01906560291149506
2013-03-27,Train,0.006619235500693321,0.0172964354538836
2013-03-28,Train,0.0026149696204811335,0.01406410328454455
2013-04-01,Train,0.004229803569614887,0.0008758767677918833
2013-04-02,Train,0.00037434560363180935,0.006228277802341031
2013-04-03,Train,0.003685493255034089,-0.004385368158136504
2013-04-04,Train,-0.002596536185592413,-0.0184130079002085
2013-04-05,Train,0.005838428623974323,0.003389267985122624
2013-04-08,Train,0.007374186534434557,0.008355316397315349
2013-04-09,Train,0.006393294781446457,0.01121136633146436
2013-04-10,Train,-0.00699544558301568,-0.008568958910118774
2013-04-11,Train,-0.004651224240660667,-0.002857507563173045
2013-04-12,Train,-0.003347232937812805,-0.005290287870550303
2013-04-15,Train,0.01895146444439888,0.02406653419829485
2013-04-16,Train,0.02064470574259758,0.01799337812056168
2013-04-17,Train,0.0435786247253418,0.0334752423853355
2013-04-18,Train,0.05451953038573265,0.0611880411253567
2013-04-19,Train,0.05354916676878929,0.05918646828372331
2013-04-22,Train,0.0473860502243042,0.05247856610417223
2013-04-23,Train,0.0441182479262352,0.04190070251951283
2013-04-24,Train,0.04513617604970932,0.04739269666243096
2013-04-25,Train,0.04409205541014671,0.04040693018814401
2013-04-26,Train,0.047994863241910934,0.05002160948970791
2013-04-29,Train,0.041482340544462204,0.04173195190688683
2013-04-30,Train,0.03977600857615471,0.03959269476855698
2013-05-01,Train,0.04057052731513977,0.04659751112001342
2013-05-02,Train,0.034976646304130554,0.0324073737114694
2013-05-03,Train,0.019987424835562706,0.03022740186014627
2013-05-06,Train,0.02652992680668831,0.02472376903041251
2013-05-07,Train,0.024686453863978386,0.02639574373416465
2013-05-08,Train,0.012980415485799313,0.01251552294825586
2013-05-09,Train,0.008390386588871479,0.01156860392273384
2013-05-10,Train,0.008656438440084457,0.004928139566215961
2013-05-13,Train,0.0036396365612745285,0.01025430689443163
2013-05-14,Train,0.00032870107679627836,0.000272092945788005
2013-05-15,Train,-0.0030151596292853355,0.003529281155053354
2013-05-16,Train,-0.0035093333572149277,-0.00462014342723327
2013-05-17,Train,-0.013056310825049877,-0.01238231171671633
2013-05-20,Train,-0.01591283082962036,-0.0160399299399685
2013-05-21,Train,-0.016762591898441315,-0.02989085352969167
2013-05-22,Train,-0.011704718694090843,-0.01657159977163636
2013-05-23,Train,-0.0028661645483225584,-0.0008168490277273843
2013-05-24,Train,-0.003737117163836956,0.0001361463879219205
2013-05-28,Train,-0.011757451109588146,-0.01624031612064547
2013-05-29,Train,-0.010374495759606361,-0.02298072369277626
2013-05-30,Train,-0.013716086745262146,-0.01582575631158767
2013-05-31,Train,-0.01939014159142971,-0.01324233748400172
2013-06-03,Train,-0.008346358314156532,-0.005450993614826594
2013-06-04,Train,-0.008059274405241013,0.007945230562393046
2013-06-05,Train,-0.006906572729349136,0.009854254745313762
2013-06-06,Train,-0.008954692631959915,-0.01892268947110909
2013-06-07,Train,-0.031776219606399536,-0.04033245822441256
2013-06-10,Train,-0.030528806149959564,-0.050258715663827
2013-06-11,Train,-0.023196956142783165,-0.03370483553926984
2013-06-12,Train,-0.01087249256670475,-0.0136394676179713
2013-06-13,Train,-0.024478023871779442,-0.02185272018420437
2013-06-14,Train,-0.021488027647137642,-0.01397346642623021
2013-06-17,Train,-0.013311661779880524,-0.0174020856953041
2013-06-18,Train,-0.02204863540828228,-0.02500684862049807
2013-06-19,Train,-0.01152742374688387,-0.0100330309991854
2013-06-20,Train,0.029664546251296997,0.02182180879059215
2013-06-21,Train,0.03708752617239952,0.03152067600573294
2013-06-24,Train,0.049125853925943375,0.04818575676467307
2013-06-25,Train,0.04741809517145157,0.0465547319463635
2013-06-26,Train,0.05324792489409447,0.05785238204070531
2013-06-27,Train,0.059982720762491226,0.0580301389499629
2013-06-28,Train,0.05612527206540108,0.05893089343992997
2013-07-01,Train,0.049111608415842056,0.05103895842751283
2013-07-02,Train,0.04979981109499931,0.05324783675179634
2013-07-03,Train,0.04060227796435356,0.04636962409952372
2013-07-05,Train,0.02810732275247574,0.02769350311556384
2013-07-08,Train,0.026002923026680946,0.02973153458152966
2013-07-09,Train,0.018114106729626656,0.01600774192039878
2013-07-10,Train,0.016546189785003662,0.01346752598285672
2013-07-11,Train,0.005613033194094896,0.0
2013-07-12,Train,0.005395721644163132,0.0009296107833633993
2013-07-15,Train,-0.0011451755417510867,-0.003180043194483173
2013-07-16,Train,0.005066800396889448,0.003449575392880488
2013-07-17,Train,0.003063596785068512,0.002779236252751449
2013-07-18,Train,0.018035657703876495,0.01552339294558891
2013-07-19,Train,0.021319273859262466,0.03190782946323178
2013-07-22,Train,0.02355782315135002,0.02954149387241611
2013-07-23,Train,0.030331678688526154,0.0309721970939878
2013-07-24,Train,0.023528946563601494,0.02577178750262155
2013-07-25,Train,0.01901429332792759,0.02440978793194049
2013-07-26,Train,0.020477624610066414,0.014859958556102
2013-07-29,Train,0.01831550896167755,0.01914123019747271
2013-07-30,Train,0.01487112045288086,0.01943674830209896
2013-07-31,Train,0.0147180100902915,0.01372576166825668
2013-08-01,Train,-0.009157873690128326,-0.01345699982984871
2013-08-02,Train,-0.015959765762090683,-0.01935816344210683
2013-08-05,Train,-0.015958135947585106,-0.02168265699470984
2013-08-06,Train,-0.013814814388751984,-0.01149421736520406
2013-08-07,Train,-0.013532674871385098,-0.01308558000471616
2013-08-08,Train,-0.012277282774448395,-0.0083333250549108
2013-08-09,Train,-0.009891980327665806,0.002353252846161169
2013-08-12,Train,-0.005340640898793936,0.0005217284007128509
2013-08-13,Train,-0.01393028162419796,-0.02542151910846713
2013-08-14,Train,-0.012923941016197205,-0.01796637543654722
2013-08-15,Train,-0.00024536982527934015,0.005959434982273359
2013-08-16,Train,0.0028846971690654755,-0.0001325137226501072
2013-08-19,Train,0.014013712294399738,0.007299310721906815
2013-08-20,Train,0.015581000596284866,0.01360992039037345
2013-08-21,Train,0.019444838166236877,0.01882787328852009
2013-08-22,Train,0.013360364362597466,0.01011024955411721
2013-08-23,Train,0.017270978540182114,0.01512982509212102
2013-08-26,Train,0.015168999321758747,0.01955416527053022
2013-08-27,Train,0.03617911413311958,0.03886076913313863
2013-08-28,Train,0.03601907938718796,0.03420392178995724
2013-08-29,Train,0.02911839447915554,0.02764610978714943
2013-08-30,Train,0.030617032200098038,0.03153567265035484
2013-09-03,Train,0.033376455307006836,0.03254283492815158
2013-09-04,Train,0.02637450024485588,0.03389386657739357
2013-09-05,Train,0.025781307369470596,0.03461743608644219
2013-09-06,Train,0.020350545644760132,0.02677755817524874
2013-09-09,Train,0.012953714467585087,0.01284851569412382
2013-09-10,Train,0.0034973034635186195,0.007927410226822529
2013-09-11,Train,0.006127056200057268,0.006405329434255869
2013-09-12,Train,0.007211216725409031,0.01486983721252977
2013-09-13,Train,0.01306878961622715,0.01293879282371657
2013-09-16,Train,0.014304660260677338,0.01323055619120228
2013-09-17,Train,0.012147874571383,0.01671554820317889
2013-09-18,Train,0.002067126799374819,0.004287025315238058
2013-09-19,Train,-8.318539767060429e-05,-0.009811305399960668
2013-09-20,Train,-0.0006962206680327654,0.005190576948951087
2013-09-23,Train,-0.003935449291020632,-0.001141747623931932
2013-09-24,Train,-0.003967800177633762,-0.02042370383045344
2013-09-25,Train,-0.001642099698074162,-0.0201119431105089
2013-09-26,Train,-0.005672028753906488,-0.007073355709807383
2013-09-27,Train,0.009080634452402592,0.002023569782811707
2013-09-30,Train,0.01734088361263275,0.0115365579842226
2013-10-01,Train,0.0009376646485179663,-0.002510001850855925
2013-10-02,Train,0.004606941249221563,0.009165043484674396
2013-10-03,Train,0.02969999425113201,0.02693083186373157
2013-10-04,Train,0.025052757933735847,0.03463476003969213
2013-10-07,Train,0.04548458755016327,0.04559314280775495
2013-10-08,Train,0.062017545104026794,0.06772851132948277
2013-10-09,Train,0.05636374652385712,0.06456213788747456
2013-10-10,Train,0.04812222719192505,0.04706776389154443
2013-10-11,Train,0.044569745659828186,0.04632081299317714
2013-10-14,Train,0.03702687472105026,0.03922793855750983
2013-10-15,Train,0.04001253470778465,0.04504270320149462
2013-10-16,Train,0.027365179732441902,0.03234643185316943
2013-10-17,Train,0.01918950490653515,0.02412177963846251
2013-10-18,Train,0.0059936498291790485,0.00803403555028459
2013-10-21,Train,0.007684995420277119,0.007287725747320062
2013-10-22,Train,0.0006827950128354132,0.006913277330768519
2013-10-23,Train,0.014645038172602654,0.01281272838144187
2013-10-24,Train,0.006981294602155685,-0.01056973809977557
2013-10-25,Train,-0.003195969620719552,-0.004342588705974593
2013-10-28,Train,-0.001234019990079105,-0.006150440401564539
2013-10-29,Train,-0.0015383338322862983,-0.006260494321584598
2013-10-30,Train,0.0063207694329321384,0.006748584429250526
2013-10-31,Train,0.007894663140177727,0.01219956667546129
2013-11-01,Train,0.0076941256411373615,0.01388723052509699
2013-11-04,Train,0.004175968933850527,0.00253224507053984
2013-11-05,Train,0.009815065190196037,-0.001445376078529681
2013-11-06,Train,0.006490967236459255,-0.003614494599491702
2013-11-07,Train,0.03155170753598213,0.02578583510765475
2013-11-08,Train,0.023823771625757217,0.01756720295806802
2013-11-11,Train,0.023027103394269943,0.02159930469843285
2013-11-12,Train,0.02278430014848709,0.02532101180892354
2013-11-13,Train,0.01955871656537056,0.02011013031798425
2013-11-14,Train,0.013812012039124966,0.02303102905597454
2013-11-15,Train,0.014642707072198391,0.01810391006473999
2013-11-18,Train,0.021114660426974297,0.02730339534671167
2013-11-19,Train,0.024398038163781166,0.03124241604606137
2013-11-20,Train,0.023530621081590652,0.0324062926731794
2013-11-21,Train,0.014731369912624359,0.02944696022879056
2013-11-22,Train,0.023927031084895134,0.02809859114628677
2013-11-25,Train,0.01742951199412346,0.02494356115006213
2013-11-26,Train,0.005210953298956156,0.006498913737535306
2013-11-27,Train,0.0029575314838439226,-0.003050952035979382
2013-11-29,Train,-0.0012761304387822747,-0.01026484134321837
2013-12-02,Train,0.0011575830867514014,-0.001871825641387215
2013-12-03,Train,0.0025570334400981665,-0.003044164911396807
2013-12-04,Train,0.002508495468646288,0.007603246486386661
2013-12-05,Train,0.003179988358169794,0.006090469538403642
2013-12-06,Train,0.007169821299612522,0.005813953488372103
2013-12-09,Train,0.007854960858821869,0.01227568276455693
2013-12-10,Train,0.007153364364057779,0.01344299478974875
2013-12-11,Train,0.024968408048152924,0.0300539745177506
2013-12-12,Train,0.02582699805498123,0.03013179833074675
2013-12-13,Train,0.024184739217162132,0.02993519105721654
2013-12-16,Train,0.02388974279165268,0.03094232769680372
2013-12-17,Train,0.024488238617777824,0.0248971823746027
2013-12-18,Train,0.01106081623584032,0.005804504336461402
2013-12-19,Train,0.007763839792460203,0.00488938488340751
2013-12-20,Train,0.00411023898050189,0.00716766181019679
2013-12-23,Train,-0.005038495175540447,-0.001144103641754879
2013-12-24,Train,-0.003010636428371072,-0.004917099144443382
2013-12-26,Train,-0.007084002252668142,-0.005014757496288991
2013-12-27,Train,-0.003909331746399403,-0.01725313716583154
2013-12-30,Train,0.003979867789894342,0.002975193249186159
2013-12-31,Train,0.0021888231858611107,0.00466125132306594
2014-01-02,Train,0.004155440721660852,0.01271915495644471
2014-01-03,Train,0.011847319081425667,0.01431207147397195
2014-01-06,Train,0.021493196487426758,0.0258341446341237
2014-01-07,Train,0.01294063962996006,0.01905413200621098
2014-01-08,Train,0.008516333997249603,0.01340059364398272
2014-01-09,Train,0.0005587033228948712,-0.003217637210966129
2014-01-10,Train,0.0013666286831721663,-0.01603667212988391
2014-01-13,Train,0.005183720029890537,-0.001860291339790265
2014-01-14,Train,-0.027684086933732033,-0.03103252907417275
2014-01-15,Train,-0.02510693669319153,-0.02116105792080403
2014-01-16,Train,-0.023453308269381523,-0.02387418732658941
2014-01-17,Train,-0.02849535644054413,-0.04085112027869342
2014-01-21,Train,-0.029846621677279472,-0.04110671105816721
2014-01-22,Train,-0.03708695247769356,-0.04606889382886992
2014-01-23,Train,-0.027655193582177162,-0.03062846531475438
2014-01-24,Train,0.0066483039408922195,0.006456135598110091
2014-01-27,Train,0.02029607631266117,0.02211876009462577
2014-01-28,Train,0.023471498861908913,0.03436231368747178
2014-01-29,Train,0.03551729768514633,0.04756859650312673
2014-01-30,Train,0.030092282220721245,0.03618493934587241
2014-01-31,Train,0.02813287265598774,0.04103397534804309
2014-02-03,Train,0.06383835524320602,0.07070825744142017
2014-02-04,Train,0.05395366996526718,0.05558819205910437
2014-02-05,Train,0.057573724538087845,0.06328964996854203
2014-02-06,Train,0.04984840750694275,0.04850185175384025
2014-02-07,Train,0.031870678067207336,0.03562428982399601
2014-02-10,Train,0.0258798711001873,0.0285876357584669
2014-02-11,Train,0.02149815298616886,0.01610360648684095
2014-02-12,Train,0.016949640586972237,0.01652243678244503
2014-02-13,Train,0.009375729598104954,0.007921444898243424
2014-02-14,Train,0.0013651736080646515,-0.001558839699968839
2014-02-18,Train,0.003036436391994357,0.006204959097991791
2014-02-19,Train,0.008799157105386257,0.01595448342068595
2014-02-20,Train,0.009162180125713348,0.01032759881908341
2014-02-21,Train,0.0097320806235075,0.006671838897865046
2014-02-24,Train,0.0019679085817188025,0.002212110830009939
2014-02-25,Train,-0.0001527707208879292,-0.0009965268555370832
2014-02-26,Train,-0.0043701957911252975,0.003657255783918734
2014-02-27,Train,-0.01229714136570692,-0.01282622325072258
2014-02-28,Train,-0.01263889018446207,-0.01848570109189696
2014-03-03,Train,-0.004370500333607197,-0.002453454055933224
2014-03-04,Train,-0.0023664224427193403,-0.003083347503849532
2014-03-05,Train,-0.013416408561170101,-0.01120136910183944
2014-03-06,Train,-0.011649384163320065,-0.007584110968860136
2014-03-07,Train,-0.01491005439311266,-0.01690046172459203
2014-03-10,Train,-0.018495909869670868,-0.02637677269119665
2014-03-11,Train,-0.01701187714934349,-0.01895365840540753
2014-03-12,Train,-0.01760837621986866,-0.03522520867944745
2014-03-13,Train,-0.013492739759385586,-0.02688173788859238
2014-03-14,Train,-0.016098706051707268,-0.01826993516004005
2014-03-17,Train,-0.018230078741908073,-0.01989937216349846
2014-03-18,Train,-0.014937392435967922,-0.01458079876972329
2014-03-19,Train,-0.015143022872507572,-0.006663688005556501
2014-03-20,Train,-0.017553789541125298,-0.0172776336557271
2014-03-21,Train,-0.031863681972026825,-0.02955053093728055
2014-03-24,Train,-0.026245800778269768,-0.03026522480163751
2014-03-25,Train,-0.024673784151673317,-0.02451706864722325
2014-03-26,Train,-0.009348232299089432,0.005150474237106462
2014-03-27,Train,-0.025149894878268242,-0.02048801606317785
2014-03-28,Train,-0.023043788969516754,-0.03377372014172353
2014-03-31,Train,-0.025722188875079155,-0.03307860826334719
2014-04-01,Train,-0.03400862216949463,-0.04663149955618495
2014-04-02,Train,-0.03051147051155567,-0.03644903898975349
2014-04-03,Train,-0.03707330301403999,-0.02851353897186237
2014-04-04,Train,0.008817726746201515,0.005441629921995039
2014-04-07,Train,0.015612535178661346,0.02314430925667144
2014-04-08,Train,0.003982752561569214,0.004864556592012681
2014-04-09,Train,0.0007129443110898137,-0.00261903162984356
2014-04-10,Train,0.018928611651062965,0.01280850748330664
2014-04-11,Train,0.02643968164920807,0.02805850188117964
2014-04-14,Train,0.025734882801771164,0.02819402045167418
2014-04-15,Train,0.025162026286125183,0.02751318346769027
2014-04-16,Train,0.009311860427260399,0.01705733598860104
2014-04-17,Train,0.009406613186001778,0.01496520836656079
2014-04-21,Train,0.011423648335039616,0.0127821356190827
2014-04-22,Train,-0.004956692922860384,-0.008225765231855808
2014-04-23,Train,0.004869844764471054,-0.002305262479393111
2014-04-24,Train,-0.003757241414859891,-0.01267259992425485
2014-04-25,Train,0.00877352524548769,0.00707739404887775
2014-04-28,Train,0.013819079846143723,0.02035390437590379
2014-04-29,Train,0.012263680808246136,0.01296463063263054
2014-04-30,Train,0.006344668101519346,0.005034928990494736
2014-05-01,Train,0.0035429000854492188,-0.005818620962372623
2014-05-02,Train,0.006489241495728493,0.002514587107953714
2014-05-05,Train,0.011760146357119083,0.004206967133833617
2014-05-06,Train,0.01932567171752453,0.01370812665445631
2014-05-07,Train,0.0225603599101305,0.02634009754625399
2014-05-08,Train,0.028662387281656265,0.03179925871012945
2014-05-09,Train,0.030330203473567963,0.0354838029190343
2014-05-12,Train,0.02492479234933853,0.03139517780431689
2014-05-13,Train,0.02750282548367977,0.02752293895093194
2014-05-14,Train,0.03757069632411003,0.0395081538012243
2014-05-15,Train,0.03717484325170517,0.04785400732330825
2014-05-16,Train,0.03965919837355614,0.04001826670696951
2014-05-19,Train,0.03408638387918472,0.03238225339938672
2014-05-20,Train,0.035793598741292953,0.03999996185302734
2014-05-21,Train,0.03676537051796913,0.03883391174978335
2014-05-22,Train,0.041258178651332855,0.04023306290295747
2014-05-23,Train,0.02273176610469818,0.03193149570855036
2014-05-27,Train,0.017335040494799614,0.02098905123197126
2014-05-28,Train,0.017615636810660362,0.02391973258097901
2014-05-29,Train,0.016910038888454437,0.008214676614795247
2014-05-30,Train,0.014805746264755726,0.01106124371082529
2014-06-02,Train,0.014703512191772461,0.01293576287420573
2014-06-03,Train,0.014094977639615536,0.01392845622741579
2014-06-04,Train,0.012511167675256729,0.01584358206755443
2014-06-05,Train,0.008470902219414711,0.006717983968268948
2014-06-06,Train,-0.001666866708546877,-0.0005387098892718489
2014-06-09,Train,0.002568149007856846,0.0004312767172760523
2014-06-10,Train,0.0030877820681780577,-0.00226032402959464
2014-06-11,Train,0.0053777555003762245,0.004306185041524246
2014-06-12,Train,0.013443057425320148,0.01401404935758088
2014-06-13,Train,0.014922181144356728,0.01548960474331484
2014-06-16,Train,0.016396619379520416,0.01634201419149939
2014-06-17,Train,0.02236182615160942,0.02693353786218178
2014-06-18,Train,0.018314925953745842,0.02291058648435995
2014-06-19,Train,0.020979469642043114,0.03002898693535005
2014-06-20,Train,0.024724677205085754,0.0284575521674364
2014-06-23,Train,0.013204136863350868,0.01584223737686297
2014-06-24,Train,0.018735317513346672,0.02437974337250859
2014-06-25,Train,0.016465745866298676,0.01468541894240682
2014-06-26,Train,0.013647163286805153,0.02067709857400457
2014-06-27,Train,0.014854910783469677,0.02229329427083337
2014-06-30,Train,0.014074779115617275,0.01703757226842328
2014-07-01,Train,0.005545748397707939,0.01000628737953213
2014-07-02,Train,0.00020877433416899294,-0.005047273766988325
2014-07-03,Train,0.007822767831385136,0.004388775462208283
2014-07-07,Train,0.009733992628753185,0.006183799551880087
2014-07-08,Train,0.020773131400346756,0.02493102504628353
2014-07-09,Train,0.017169730737805367,0.02390484724459219
2014-07-10,Train,0.018318021669983864,0.02598773493875695
2014-07-11,Train,0.017376799136400223,0.01542984436338912
2014-07-14,Train,0.010016352869570255,0.00970367634298519
2014-07-15,Train,0.012576160952448845,0.01141237894996494
2014-07-16,Train,0.010791576467454433,0.01136723301932596
2014-07-17,Train,0.008653253316879272,0.004227371431764437
2014-07-18,Train,-0.0101490318775177,-0.01508535722225912
2014-07-21,Train,-0.00866997055709362,-0.007083336512247684
2014-07-22,Train,-0.01993546634912491,-0.0209088527036454
2014-07-23,Train,-0.017093390226364136,-0.02787212403890071
2014-07-24,Train,-0.023719217628240585,-0.02985998191789552
2014-07-25,Train,-0.01452004723250866,-0.019020016317157
2014-07-28,Train,-0.010912489145994186,-0.01353722852162165
2014-07-29,Train,-0.01321900263428688,-0.01221532426309402
2014-07-30,Train,-0.00820093508809805,-0.005671303698903118
2014-07-31,Train,0.024994919076561928,0.02010107061236943
2014-08-01,Train,0.03548942133784294,0.02883704879830784
2014-08-04,Train,0.02989918924868107,0.02968948636293756
2014-08-05,Train,0.04133033752441406,0.04345069002508439
2014-08-06,Train,0.04323654994368553,0.0442234495729048
2014-08-07,Train,0.0452745296061039,0.04967098540163728
2014-08-08,Train,0.04253268241882324,0.04373025773605721
2014-08-11,Train,0.03171851113438606,0.04127385794252669
2014-08-12,Train,0.029263388365507126,0.04275835159659991
2014-08-13,Train,0.028641125187277794,0.03204393164068842
2014-08-14,Train,0.02367674559354782,0.02558550860544218
2014-08-15,Train,0.022847667336463928,0.02443528969335396
2014-08-18,Train,0.020149489864706993,0.01956187609879012
2014-08-19,Train,0.007773164194077253,0.00790280073767824
2014-08-20,Train,0.009842057712376118,0.006990906410747844
2014-08-21,Train,0.007335928734391928,0.01001008946911375
2014-08-22,Train,0.009071425534784794,0.01039877584616189
2014-08-25,Train,0.006543885450810194,-0.00150906965368458
2014-08-26,Train,0.001478451071307063,0.005728640148987107
2014-08-27,Train,-0.0008463241974823177,0.004722681235499016
2014-08-28,Train,-0.0041058361530303955,0.000704151415808596
2014-08-29,Train,-0.006276465021073818,-0.01262780268235386
2014-09-02,Train,-0.010910110548138618,-0.006895197796647268
2014-09-03,Train,-0.0021693173330277205,0.0005025675580638822
2014-09-04,Train,0.00017034313350450248,0.008954617115543906
2014-09-05,Train,-0.0031541604548692703,0.0009010308122445743
2014-09-08,Train,-0.0080574881285429,-0.01029175420116013
2014-09-09,Train,-0.00231375964358449,-0.004735528672071831
2014-09-10,Train,-0.007207185495644808,-0.002298424679074818
2014-09-11,Train,-0.008627529256045818,-0.0225022507057705
2014-09-12,Train,-0.008839686401188374,-0.00703663604759952
2014-09-15,Train,-0.011961529031395912,0.001319578636238772
2014-09-16,Train,-0.00955528300255537,-0.005936771525422158
2014-09-17,Train,-0.019112225621938705,-0.02330955212778318
2014-09-18,Train,-0.01966085284948349,-0.03061427734538458
2014-09-19,Train,-0.019683072343468666,-0.01810367200655583
2014-09-22,Train,-0.0152027802541852,-0.01100458287432438
2014-09-23,Train,-0.01624382846057415,-0.02237294099800946
2014-09-24,Train,-0.017302727326750755,-0.01392227003839452
2014-09-25,Train,-0.030193665996193886,-0.00900345071261932
2014-09-26,Train,-0.04243672639131546,-0.04393598290669587
2014-09-29,Train,-0.05097096413373947,-0.05767868579214963
2014-09-30,Train,-0.04957984387874603,-0.05891284179459355
2014-10-01,Train,-0.04632186517119408,-0.04978907914282371
2014-10-02,Train,-0.040556710213422775,-0.05575556239060853
2014-10-03,Train,-0.041602835059165955,-0.05266372889248727
2014-10-06,Train,-0.03541724011301994,-0.03644344352990192
2014-10-07,Train,-0.0059850579127669334,0.003106586442019887
2014-10-08,Train,-0.015332371927797794,-0.02112741763469694
2014-10-09,Train,0.02115645445883274,0.009911202544118813
2014-10-10,Train,0.048628948628902435,0.04426090848281361
2014-10-13,Train,0.06997903436422348,0.06163945152072081
2014-10-14,Train,0.07120145112276077,0.07755188759605058
2014-10-15,Train,0.07930412888526917,0.08054557313832089
2014-10-16,Train,0.08287768810987473,0.08966113569508494
2014-10-17,Train,0.08318349719047546,0.09032259705246126
2014-10-20,Train,0.07098685204982758,0.07744461919548895
2014-10-21,Train,0.044543128460645676,0.04635075602832028
2014-10-22,Train,0.043565526604652405,0.05188336471410282
2014-10-23,Train,0.03966844081878662,0.03956248986562616
2014-10-24,Train,0.03272877633571625,0.03021695036043126
2014-10-27,Train,0.03135756403207779,0.03313402130076804
2014-10-28,Train,0.02384020946919918,0.02096225262251861
2014-10-29,Train,0.025467757135629654,0.02655046178438392
2014-10-30,Train,0.027938805520534515,0.02879429093654284
2014-10-31,Train,0.020169658586382866,0.0179487146690005
2014-11-03,Train,0.015670979395508766,0.01189780481982705
2014-11-04,Train,0.019176224246621132,0.02288871034781037
2014-11-05,Train,0.02163957804441452,0.01815129020456374
2014-11-06,Train,0.021105412393808365,0.01947089861345952
2014-11-07,Train,0.02222146838903427,0.02234256207237184
2014-11-10,Train,0.02568841725587845,0.02667714049751635
2014-11-11,Train,0.027606021612882614,0.02502930767644806
2014-11-12,Train,0.01843912899494171,0.02986528973195623
2014-11-13,Train,0.01605372130870819,0.03022352346194479
2014-11-14,Train,0.01899304986000061,0.0154039558136696
2014-11-17,Train,0.019769364967942238,0.02254396669192249
2014-11-18,Train,0.011914227157831192,0.01678238675393473
2014-11-19,Train,0.018225019797682762,0.02092824029909646
2014-11-20,Train,0.0161227248609066,0.0164946379345543
2014-11-21,Train,-0.00203092978335917,0.007316785277171389
2014-11-24,Train,-0.0072152279317379,0.002674806825378129
2014-11-25,Train,-0.0100901760160923,-0.01459365540576529
2014-11-26,Train,-0.020658057183027267,-0.0163001672292189
2014-11-28,Train,-0.01983804441988468,-0.03150649844335451
2014-12-01,Train,-0.02526676654815674,-0.03053140943404031
2014-12-02,Train,-0.035244569182395935,-0.0498907139838467
2014-12-03,Train,-0.02840248867869377,-0.03433878941437774
2014-12-04,Train,-0.017448723316192627,-0.01062923713948905
2014-12-05,Train,-0.008877948857843876,-0.01005881178801582
2014-12-08,Train,-0.0031684418208897114,-0.0004778306764378071
2014-12-09,Train,0.0012149987742304802,-0.007145579330620988
2014-12-10,Train,0.00630598608404398,0.00958286241951134
2014-12-11,Train,0.007822488434612751,0.01194602916486653
2014-12-12,Train,0.018545083701610565,0.02288885279080399
2014-12-15,Train,0.026726828888058662,0.02667059411666384
2014-12-16,Train,0.03457368165254593,0.03270650663405505
2014-12-17,Train,0.0035014566965401173,0.01119842195946519
2014-12-18,Train,-0.02424364723265171,-0.02705035678488454
2014-12-19,Train,-0.027868909761309624,-0.04074003079402677
2014-12-22,Train,-0.024243835359811783,-0.03078983710389416
2014-12-23,Train,-0.02382163517177105,-0.008732329341805345
2014-12-24,Train,-0.024887725710868835,-0.0161073850049851
2014-12-26,Train,-0.02919165976345539,-0.03322541730151141
2014-12-29,Train,-0.03298742324113846,-0.03332698640141385
2014-12-30,Train,-0.027239028364419937,-0.03220859490204031
2014-12-31,Train,-0.013328636065125465,-0.03486681330867891
2015-01-02,Train,-0.01453222706913948,-0.02059454727319188
2015-01-05,Train,0.010085121728479862,0.001873237117564708
2015-01-06,Train,0.019544024020433426,0.02068551714936473
2015-01-07,Train,0.022133365273475647,0.02634173394699668
2015-01-08,Train,0.008813203312456608,0.009293311288593564
2015-01-09,Train,0.0117174768820405,0.01481189439080421
2015-01-12,Train,0.00025938631733879447,-0.001083216219063043
2015-01-13,Train,0.0014838289935141802,-0.005910150649734769
2015-01-14,Train,0.010313069447875023,0.009211572044465433
2015-01-15,Train,0.01679273508489132,0.01455089740129734
2015-01-16,Train,0.012438741512596607,0.01150568999822088
2015-01-20,Train,0.012664985843002796,0.01318634424004372
2015-01-21,Train,0.005304805003106594,0.007147085973133294
2015-01-22,Train,-0.005676260218024254,-0.002595372933140272
2015-01-23,Train,-0.007383999414741993,-0.01083833550411772
2015-01-26,Train,-0.003893104614689946,-0.01286725893743212
2015-01-27,Train,0.03129216656088829,0.02917980099795847
2015-01-28,Train,0.037504177540540695,0.03824812406248479
2015-01-29,Train,0.03629349172115326,0.0403376252328167
2015-01-30,Train,0.045029088854789734,0.05746790579304983
2015-02-02,Train,0.05131102353334427,0.04932338315082907
2015-02-03,Train,0.043665383011102676,0.04079258561561239
2015-02-04,Train,0.050904519855976105,0.04685524998670587
2015-02-05,Train,0.03508773818612099,0.04481497137763868
2015-02-06,Train,0.0494401752948761,0.05226412812175063
2015-02-09,Train,0.044115036725997925,0.056420187258585
2015-02-10,Train,0.04138483107089996,0.03764368053387046
2015-02-11,Train,0.04323602840304375,0.0391295907796021
2015-02-12,Train,0.023859672248363495,0.02264152382904627
2015-02-13,Train,0.013686330989003181,0.02310348430175946
2015-02-17,Train,0.014123691245913506,0.01738155848257694
2015-02-18,Train,0.006639702245593071,0.01203801084404899
2015-02-19,Train,9.101165051106364e-05,0.008821589067741664
2015-02-20,Train,-0.0028084530495107174,-0.009224240994555988
2015-02-23,Train,-0.012245436199009418,-0.007371871057041623
2015-02-24,Train,-0.025600317865610123,-0.02651931209837222
2015-02-25,Train,-0.019987186416983604,-0.02972400227339478
2015-02-26,Train,-0.025674758478999138,-0.0282879709713022
2015-02-27,Train,-0.02455725707113743,-0.02822882975013385
2015-03-02,Train,-0.025682056322693825,-0.02450174046874953
2015-03-03,Train,-0.023088837042450905,-0.01837053320054949
2015-03-04,Train,-0.007968869991600513,-0.0048870336026825
2015-03-05,Train,-0.00825523678213358,-0.005154616731773531
2015-03-06,Train,0.0005146530456840992,0.0104272886975294
2015-03-09,Train,0.005390433594584465,0.005569982058315937
2015-03-10,Train,0.013603086583316326,0.02090426654327238
2015-03-11,Train,0.004864312242716551,0.003329830388057564
2015-03-12,Train,-0.0010190554894506931,-0.006616300164890121
2015-03-13,Train,0.0005349325947463512,0.001708755567053633
2015-03-16,Train,-0.008765038102865219,0.0002812222075878612
2015-03-17,Train,-0.007591543719172478,-0.0118836365661229
2015-03-18,Train,-0.022981969639658928,-0.02659372837177609
2015-03-19,Train,-0.021492036059498787,-0.02738711171655583
2015-03-20,Train,-0.015899499878287315,-0.02349576569653211
2015-03-23,Train,-0.018098516389727592,-0.02326437084717625
2015-03-24,Train,-0.011533764190971851,-0.01195219968386751
2015-03-25,Train,0.01575525291264057,0.01754218177680111
2015-03-26,Train,0.01800348423421383,0.02521409671125174
2015-03-27,Train,0.01797008328139782,0.0185747420036142
2015-03-30,Train,0.004204452503472567,0.004122503496418517
2015-03-31,Train,0.021203191950917244,0.02121210128917261
2015-04-01,Train,0.024861810728907585,0.02513088351218529
2015-04-02,Train,0.021915415301918983,0.008466508432215303
2015-04-06,Train,0.019163018092513084,0.0152858564434224
2015-04-07,Train,0.019225766882300377,0.02136100606471958
2015-04-08,Train,0.019012318924069405,0.01884848225557634
2015-04-09,Train,0.013233989477157593,0.01630789339124217
2015-04-10,Train,0.01688718982040882,0.02589327995849033
2015-04-13,Train,0.013499180786311626,0.02586526509554243
2015-04-14,Train,0.01500614546239376,0.02677990851560619
2015-04-15,Train,0.012160444632172585,0.01400224580404519
2015-04-16,Train,0.006268548779189587,-0.0005572029587512795
2015-04-17,Train,0.019486110657453537,0.0286765480074298
2015-04-20,Train,0.0034456641878932714,0.01514874447888159
2015-04-21,Train,-0.0024192379787564278,-0.005645017806157226
2015-04-22,Train,-0.012094395235180855,-0.01785552152932246
2015-04-23,Train,-0.012536861933767796,-0.01567943446499653
2015-04-24,Train,-0.01468070037662983,-0.01673600921656249
2015-04-27,Train,-0.012859674170613289,-0.01804829906229577
2015-04-28,Train,-0.011640197597444057,-0.0205380054291836
2015-04-29,Train,-0.005693840328603983,-0.01234566523053571
2015-04-30,Train,0.012588935904204845,0.01811766819100979
2015-05-01,Train,0.011244640685617924,0.004860144561805502
2015-05-04,Train,0.010568443685770035,0.007598591743588567
2015-05-05,Train,0.030767658725380898,0.02317362088305575
2015-05-06,Train,0.03285554051399231,0.03092496560838209
2015-05-07,Train,0.02760801464319229,0.03008852727382427
2015-05-08,Train,0.013726030476391315,0.01637683999737183
2015-05-11,Train,0.00872217956930399,0.008589640103543239
2015-05-12,Train,0.02379343844950199,0.02950454946364878
2015-05-13,Train,0.021015029400587082,0.02509258411548765
2015-05-14,Train,0.002942972583696246,0.004289114919232784
2015-05-15,Train,0.0032105296850204468,0.007665598867078849
2015-05-18,Train,-0.003624043893069029,9.087894287063136e-05
2015-05-19,Train,-0.0005924669094383717,0.00418409199797698
2015-05-20,Train,-0.010442598722875118,-0.004090578755552188
2015-05-21,Train,-0.012222206220030785,-0.01157531884700513
2015-05-22,Train,-0.011270936578512192,-0.02063907625692663
2015-05-26,Train,-0.004832706414163113,-0.01089738869292955
2015-05-27,Train,-0.012587899342179298,-0.01324802841413175
2015-05-28,Train,-0.009236612357199192,-0.009574542203590553
2015-05-29,Train,-0.010011173784732819,-0.01181283976108938
2015-06-01,Train,-0.013584129512310028,-0.02001448216917467
2015-06-02,Train,-0.006935223005712032,-0.01153808164429504
2015-06-03,Train,-0.005312210880219936,-0.01177538979882242
2015-06-04,Train,0.0024396369699388742,0.01031402800285908
2015-06-05,Train,0.00779712526127696,0.005397953535383193
2015-06-08,Train,0.022101936861872673,0.02319987475917928
2015-06-09,Train,0.02687225118279457,0.02573834574866996
2015-06-10,Train,0.007559829857200384,0.006667306340090384
2015-06-11,Train,0.005934823304414749,0.003191960503881042
2015-06-12,Train,0.005260949023067951,0.004781578327047509
2015-06-15,Train,-0.008656958118081093,-0.01404673002427292
2015-06-16,Train,-0.006825571414083242,-0.01590076570228227
2015-06-17,Train,-0.011042512953281403,-0.01081576830136877
2015-06-18,Train,-0.024081826210021973,-0.02475386604688612
2015-06-19,Train,-0.034355975687503815,-0.01992904225652903
2015-06-22,Train,-0.030146244913339615,-0.02466120869737221
2015-06-23,Train,-0.037047695368528366,-0.04242264228538339
2015-06-24,Train,-0.03699161857366562,-0.0380149010615255
2015-06-25,Train,-0.013778784312307835,-0.02136362249200996
2015-06-26,Train,-0.013018786907196045,0.002470982710312652
2015-06-29,Train,0.026317331939935684,0.03346142668601826
2015-06-30,Train,0.0414019413292408,0.03091433238094754
2015-07-01,Train,0.0379621721804142,0.0372498548986977
2015-07-02,Train,0.051873840391635895,0.05224640619816401
2015-07-06,Train,0.05421349033713341,0.05831018186295234
2015-07-07,Train,0.04980224370956421,0.0550153040126784
2015-07-08,Train,0.0629095807671547,0.06155157539918954
2015-07-09,Train,0.05372341349720955,0.05819106139752273
2015-07-10,Train,0.035231396555900574,0.03204827588797388
2015-07-13,Train,0.007544578518718481,0.005842608949236494
2015-07-14,Train,0.006702902726829052,0.007890396338942507
2015-07-15,Train,0.010964854620397091,0.01059979912532216
2015-07-16,Train,-0.004159325733780861,0.001250664522021161
2015-07-17,Train,-0.01875702105462551,-0.01443788575157634
2015-07-20,Train,-0.0167132206261158,-0.02088089851479835
2015-07-21,Train,-0.01931285299360752,-0.02212276526595514
2015-07-22,Train,-0.012707325629889965,-0.003285408786702027
2015-07-23,Train,-0.013399885036051273,-0.01559714837432014
2015-07-24,Train,-0.0012438090052455664,-0.00711071940933794
2015-07-27,Train,0.0011736724991351366,0.01261571415681995
2015-07-28,Train,-0.01575184240937233,-0.008908466554821914
2015-07-29,Train,-0.011490927077829838,-0.009233584764793745
2015-07-30,Train,-0.020732851698994637,-0.01552467402513857
2015-07-31,Train,-0.009694673120975494,-0.01286283922524334
2015-08-03,Train,-0.011429758742451668,-0.001523281104566787
2015-08-04,Train,-0.002881470136344433,-0.004758046343486422
2015-08-05,Train,-0.01661089062690735,-0.01888643872233431
2015-08-06,Train,-0.041617728769779205,-0.03051150031961258
2015-08-07,Train,-0.05484652519226074,-0.07170697314641195
2015-08-10,Train,-0.07940026372671127,-0.1175047113579919
2015-08-11,Train,-0.07536567002534866,-0.1094062385921017
2015-08-12,Train,-0.07230298966169357,-0.06777052199846789
2015-08-13,Train,-0.057098012417554855,-0.04259558731404645
2015-08-14,Train,-0.05200262367725372,-0.04424938281713475
2015-08-17,Train,-0.06830943375825882,-0.0638966411835441
2015-08-18,Train,-0.07563843578100204,-0.08848996486184157
2015-08-19,Train,-0.06270641833543777,-0.05656947137847779
2015-08-20,Train,-0.008569682016968727,-0.03446023887100924
2015-08-21,Train,0.012036747299134731,-0.002343729103450043
2015-08-24,Train,0.05930250883102417,0.06682918842411789
2015-08-25,Train,0.05603298544883728,0.05882357516443371
2015-08-26,Train,0.017925003543496132,0.01902357670285149
2015-08-27,Train,0.0019017489394173026,-0.0006626249075033508
2015-08-28,Train,0.008481995202600956,-0.003503150321533255
2015-08-31,Train,0.02283063903450966,0.02089924605693927
2015-09-01,Train,0.06017604097723961,0.05977232165979385
2015-09-02,Train,0.01536510232836008,0.03108754263814473
2015-09-03,Train,0.020569000393152237,0.01895733722839044
2015-09-04,Train,0.037908364087343216,0.03445572158267218
2015-09-08,Train,-0.008982698433101177,-0.008948994984893432
2015-09-09,Train,0.000731772102881223,0.003081067715614116
2015-09-10,Train,-0.017553409561514854,-0.011334363617721
2015-09-11,Train,-0.029853597283363342,-0.02510184269716187
2015-09-14,Train,-0.025650590658187866,-0.04997626732760541
2015-09-15,Train,-0.04352858290076256,-0.06592165258606675
2015-09-16,Train,-0.04730205610394478,-0.04977116802621739
2015-09-17,Train,-0.04580727592110634,-0.04583213066924807
2015-09-18,Train,-0.019001275300979614,-0.01271947183008071
2015-09-21,Train,-0.012451207265257835,-0.001703257992581308
2015-09-22,Train,0.009258562698960304,0.008645547925753672
2015-09-23,Train,0.007233647629618645,0.01391818913413978
2015-09-24,Train,0.030787354335188866,0.0216762999407436
2015-09-25,Train,0.03509817644953728,0.03507579357342849
2015-09-28,Train,0.0627109706401825,0.06800683265362606
2015-09-29,Train,0.0734650120139122,0.06665323385999966
2015-09-30,Train,0.049704570323228836,0.04097875473079049
2015-10-01,Train,0.04862761124968529,0.05331634595146495
2015-10-02,Train,0.03928616642951965,0.03951543626514264
2015-10-05,Train,0.029387932270765305,0.03071088022530355
2015-10-06,Train,0.03614092245697975,0.03028571719215023
2015-10-07,Train,0.022772306576371193,0.01789263882222891
2015-10-08,Train,0.051694538444280624,0.03451198422812474
2015-10-09,Train,0.04797928407788277,0.05866892022545134
2015-10-12,Train,0.055316805839538574,0.05674686306433596
2015-10-13,Train,0.05480491369962692,0.06578702598790409
2015-10-14,Train,0.060173410922288895,0.07637115372967052
2015-10-15,Train,0.05472825467586517,0.05730471137618065
2015-10-16,Train,0.050775475800037384,0.04818718971626512
2015-10-19,Train,0.04179869219660759,0.05398200167279765
2015-10-20,Train,0.05292771756649017,0.06313553163049779
2015-10-21,Train,0.05773458257317543,0.0697544664635521
2015-10-22,Train,0.042495012283325195,0.0455746973085851
2015-10-23,Train,0.0032958234660327435,0.01782232805449757
2015-10-26,Train,0.005461986642330885,0.00638016154575527
2015-10-27,Train,0.000486403179820627,0.001768632339969267
2015-10-28,Train,-0.0072998832911252975,-0.007717920358941588
2015-10-29,Train,-0.009081571362912655,-0.01581162579293027
2015-10-30,Train,-0.017830519005656242,-0.0307950713560099
2015-11-02,Train,-0.022618379443883896,-0.02783354353388012
2015-11-03,Train,-0.02197074145078659,-0.03060607083800815
2015-11-04,Train,-0.01666017435491085,-0.01208484985408165
2015-11-05,Train,-0.011508828029036522,-0.008717635846754668
2015-11-06,Train,-0.004904705099761486,-0.00270056238453964
2015-11-09,Train,0.0058775776997208595,0.005106998614186953
2015-11-10,Train,0.004987605847418308,0.006797354173362358
2015-11-11,Train,0.010924192145466805,0.008927012035346404
2015-11-12,Train,0.023189542815089226,0.02026059107923306
2015-11-13,Train,0.027094263583421707,0.03805535728822518
2015-11-16,Train,0.021911151707172394,0.03356673446981318
2015-11-17,Train,0.02475978434085846,0.02654945861681246
2015-11-18,Train,-0.0008102465653792024,-0.009856509233998167
2015-11-19,Train,0.001575498841702938,0.01257585363371128
2015-11-20,Train,-0.008740263991057873,0.001222915666869273
2015-11-23,Train,-0.004956431686878204,0.004204955945009248
2015-11-24,Train,-0.008882592432200909,-0.01017100947891203
2015-11-25,Train,-0.0103162145242095,-0.006570302146075457
2015-11-27,Train,-0.01616823673248291,-0.03079342768126736
2015-11-30,Train,-0.013749916106462479,-0.02096123013518592
2015-12-01,Train,-0.01626613922417164,-0.02474822866346738
2015-12-02,Train,-0.013614549301564693,-0.004106540881090082
2015-12-03,Train,-0.00035890284925699234,-0.001688760446170723
2015-12-04,Train,-0.027215344831347466,-0.04611774871236574
2015-12-07,Train,-0.020450066775083542,-0.03114639338054526
2015-12-08,Train,-0.02131563425064087,-0.02486258869762048
2015-12-09,Train,-0.008292891085147858,-0.002480279748522607
2015-12-10,Train,-0.007976604625582695,-0.007142902796200001
2015-12-11,Train,0.008488686755299568,0.01570536916139398
2015-12-14,Train,0.005593443289399147,0.02391835406282872
2015-12-15,Train,0.010053102858364582,0.008547761600402604
2015-12-16,Train,-0.017598330974578857,-0.01859977789211975
2015-12-17,Train,-0.020022816956043243,-0.02510683495803256
2015-12-18,Train,-0.019439106807112694,-0.004734628642370731
2015-12-21,Train,-0.03680865839123726,-0.02512382565380922
2015-12-22,Train,-0.06488636136054993,-0.06181782168702854
2015-12-23,Train,-0.07392331212759018,-0.07636975781465849
2015-12-24,Train,-0.07410645484924316,-0.07336348499423606
2015-12-28,Train,-0.06301470100879669,-0.06211675055181409
2015-12-29,Train,-0.09039973467588425,-0.1084864496483336
2015-12-30,Train,-0.07875998318195343,-0.0812218347391056
2015-12-31,Train,-0.07848097383975983,-0.0985160398027134
2016-01-04,Train,-0.07715174555778503,-0.07707764786672378
2016-01-05,Train,-0.06324605643749237,-0.07830937471209176
2016-01-06,Train,-0.05447428300976753,-0.06844636537864557
2016-01-07,Train,-0.0216850433498621,-0.01048923500244192
2016-01-08,Train,-0.01806444302201271,-0.01711372697565627
2016-01-11,Train,-0.015233118087053299,-0.01131026823028913
2016-01-12,Train,-0.03489048779010773,-0.04699639038702086
2016-01-13,Train,0.012989056296646595,0.0009813392799185028
2016-01-14,Train,-0.0049165054224431515,0.0005765115669231768
2016-01-15,Train,0.018007120117545128,0.03540269192649026
2016-01-19,Train,0.010927241295576096,0.01078571139538353
2016-01-20,Train,-8.035724749788642e-05,0.009032294412996356
2016-01-21,Train,0.00938810408115387,0.00793260350879521
2016-01-22,Train,-0.04892481118440628,-0.05444727839703456
2016-01-25,Train,-0.04373639449477196,-0.05487626358344511
2016-01-26,Train,-0.05804260075092316,-0.06621426786252771
2016-01-27,Train,-0.03642038255929947,-0.03867567427750207
2016-01-28,Train,-0.04637555778026581,-0.05343134262982541
2016-01-29,Train,-0.0515221543610096,-0.05867666159139373
2016-02-01,Train,-0.044567231088876724,-0.04003448097466844
2016-02-02,Train,-0.006520180031657219,0.003426318833998465
2016-02-03,Train,-0.004719884134829044,-0.003246132393930679
2016-02-04,Train,-0.0026008416898548603,-0.0001967955943005251
2016-02-05,Train,0.04884717985987663,0.05258862503338646
2016-02-08,Train,0.06312116980552673,0.05133511636800403
2016-02-09,Train,0.06623378396034241,0.06468026761495471
2016-02-10,Train,0.06311748921871185,0.07105176278540992
2016-02-11,Train,0.0679909884929657,0.0712583846292556
2016-02-12,Train,0.05272182449698448,0.04570499398451555
2016-02-16,Train,0.05466967448592186,0.05547238723313019
2016-02-17,Train,0.03609075769782066,0.03248782274199691
2016-02-18,Train,0.03812132775783539,0.04243556049206987
2016-02-19,Train,0.03137145936489105,0.03975205180271191
2016-02-22,Train,0.01889767497777939,0.01684738462756763
2016-02-23,Train,0.025305677205324173,0.02530025249555101
2016-02-24,Train,0.019146595150232315,0.0221355102439218
2016-02-25,Train,0.02002570778131485,0.01062192091008152
2016-02-26,Train,0.028388014063239098,0.02958520303166456
2016-02-29,Train,0.03303850442171097,0.04068290896532023
2016-03-01,Train,0.009814047254621983,0.007940224318188305
2016-03-02,Train,0.0127834752202034,0.01653595360220894
2016-03-03,Train,0.014125803485512733,0.01789263882222891
2016-03-04,Train,0.008275419473648071,0.0160878641723714
2016-03-07,Train,0.026972908526659012,0.02637596992004676
2016-03-08,Train,0.028508411720395088,0.0381181100579886
2016-03-09,Train,0.02180345542728901,0.02299183046294528
2016-03-10,Train,0.0230482816696167,0.02484233119764734
2016-03-11,Train,0.020927678793668747,0.005822168832937624
2016-03-14,Train,0.024168964475393295,0.02024940188607038
2016-03-15,Train,0.026641864329576492,0.02560258301841123
2016-03-16,Train,0.01871323771774769,0.01505851542679437
2016-03-17,Train,0.021648148074746132,0.02641372819897958
2016-03-18,Train,0.01770789362490177,0.02393591905636816
2016-03-21,Train,0.013720645569264889,0.0101122212508824
2016-03-22,Train,0.014009957201778889,0.02358486272276661
2016-03-23,Train,0.02026159130036831,0.01725261975384873
2016-03-24,Train,0.018193544819951057,0.01622224341893608
2016-03-28,Train,0.017943721264600754,0.01391091266248701
2016-03-29,Train,0.014793910086154938,0.006248279828492409
2016-03-30,Train,0.017342980951070786,0.01417340017471713
2016-03-31,Train,0.017821453511714935,0.01575092736969919
2016-04-01,Train,0.003737236838787794,0.002537140066585009
2016-04-04,Train,0.005521753337234259,0.01173368097944927
2016-04-05,Train,0.007319253869354725,0.01533804041575149
2016-04-06,Train,-0.005736872088164091,-0.0002710651467715541
2016-04-07,Train,0.006773610599339008,0.01439310293793228
2016-04-08,Train,-0.0020158286206424236,-0.000183455440976199
2016-04-11,Train,-0.0025629964657127857,0.003499124200292192
2016-04-12,Train,-0.004959853366017342,-0.009679528511647995
2016-04-13,Train,-0.028629552572965622,-0.030024359580761
2016-04-14,Train,-0.03901153802871704,-0.04183194614357211
2016-04-15,Train,-0.0334116593003273,-0.04446853033339437
2016-04-18,Train,-0.03976789489388466,-0.04054663310364215
2016-04-19,Train,-0.04150008782744408,-0.04360017694949836
2016-04-20,Train,-0.043887700885534286,-0.05052418988366003
2016-04-21,Train,-0.0433923602104187,-0.05088120022750975
2016-04-22,Train,-0.031930409371852875,-0.03119839806522262
2016-04-25,Train,-0.027060769498348236,-0.02844564147573403
2016-04-26,Train,-0.017688442021608353,-0.01032729505489993
2016-04-27,Train,-0.007938302122056484,-0.01134040899738076
2016-04-28,Train,-0.005231838207691908,-0.003669546425742021
2016-04-29,Train,-0.005986423697322607,-0.00208098011883151
2016-05-02,Train,-0.009352580644190311,0.0009370171755742618
2016-05-03,Train,0.002206888049840927,-0.002364513308072302
2016-05-04,Train,0.01088264025747776,0.007710590528918537
2016-05-05,Train,0.005318937823176384,0.002761387590907827
2016-05-06,Train,0.009753706865012646,0.00842962089612942
2016-05-09,Train,0.009953184984624386,0.004250137790990483
2016-05-10,Train,0.010580220259726048,0.010528251506011
2016-05-11,Train,0.029749255627393723,0.02707782283650784
2016-05-12,Train,0.03505977243185043,0.03465859089715018
2016-05-13,Train,0.041300807148218155,0.04388622989021762
2016-05-16,Train,0.030631763860583305,0.03295259926158711
2016-05-17,Train,0.04638135805726051,0.04616984226581722
2016-05-18,Train,0.04289746284484863,0.04458720190335597
2016-05-19,Train,0.03670313581824303,0.04510492935257293
2016-05-20,Train,0.03497296944260597,0.03747532467383574
2016-05-23,Train,0.036226432770490646,0.03620801662580875
2016-05-24,Train,0.011330973356962204,0.0176102127810438
2016-05-25,Train,0.010297225788235664,0.008696490261940859
2016-05-26,Train,-0.004529539030045271,-0.005658955193531434
2016-05-27,Train,-0.015698453411459923,-0.01906836036042781
2016-05-31,Train,-0.01873263344168663,-0.02093526948759283
2016-06-01,Train,-0.021458663046360016,-0.02383323325586406
2016-06-02,Train,-0.025887439027428627,-0.0229698035220508
2016-06-03,Train,-0.027743995189666748,-0.03243685057255818
2016-06-06,Train,-0.031638819724321365,-0.02987502670391717
2016-06-07,Train,-0.027873145416378975,-0.02432383642905001
2016-06-08,Train,-0.02141500636935234,-0.02835919910230711
2016-06-09,Train,-0.01930505782365799,-0.01288688417168282
2016-06-10,Train,-0.033984553068876266,-0.04268405931402397
2016-06-13,Train,-0.027163485065102577,-0.05378133503882987
2016-06-14,Train,-0.022298937663435936,-0.03304637355516093
2016-06-15,Train,-0.014551832340657711,-0.01308952512189887
2016-06-16,Train,-0.009038404561579227,-0.00462791554760289
2016-06-17,Train,0.00700362678617239,0.01493101698921251
2016-06-20,Train,0.002683520782738924,0.002426227117868773
2016-06-21,Train,0.007567307446151972,0.007441888853561007
2016-06-22,Train,0.013405025005340576,0.01286837849964861
2016-06-23,Train,0.00889065582305193,0.01406643795082752
2016-06-24,Train,0.06044960767030716,0.06366860994686063
2016-06-27,Train,0.08347425609827042,0.0906867201366155
2016-06-28,Train,0.06096206232905388,0.06471378705224695
2016-06-29,Train,0.0467207096517086,0.05333464329368232
2016-06-30,Train,0.04451525956392288,0.03961318672088066
2016-07-01,Train,0.043823182582855225,0.04126571991962313
2016-07-05,Train,0.04736426845192909,0.04384657572852491
2016-07-06,Train,0.04493487998843193,0.04746075018291518
2016-07-07,Train,0.03744502365589142,0.04198119539025003
2016-07-08,Train,0.03183240070939064,0.03037169883439739
2016-07-11,Train,0.028491640463471413,0.02461014468063794
2016-07-12,Train,0.027054565027356148,0.02062968065142678
2016-07-13,Train,0.02827341854572296,0.03021039897027178
2016-07-14,Train,0.027340305969119072,0.02679049750014362
2016-07-15,Train,0.028883198276162148,0.03067978722315301
2016-07-18,Train,0.028130847960710526,0.0293228664965115
2016-07-19,Train,0.028534885495901108,0.02523857933090623
2016-07-20,Train,0.02371366135776043,0.01674888800770047
2016-07-21,Train,0.020093627274036407,0.0220003344853823
2016-07-22,Train,0.022485744208097458,0.02754067057979981
2016-07-25,Train,0.01969684660434723,0.02630650859961481
2016-07-26,Train,0.02191775292158127,0.02750678643320814
2016-07-27,Train,0.019339170306921005,0.01780416200843904
2016-07-28,Train,0.020516779273748398,0.0186119266582836
2016-07-29,Train,0.01781853288412094,0.01709618618344044
2016-08-01,Train,0.0165680143982172,0.01605663561077963
2016-08-02,Train,0.018264764919877052,0.01818027125895694
2016-08-03,Train,0.01490675751119852,0.01664648742241281
2016-08-04,Train,0.01075540017336607,0.01400538404276519
2016-08-05,Train,0.00782221183180809,0.004110321647123438
2016-08-08,Train,0.009603792801499367,0.006000831025166242
2016-08-09,Train,0.002482247306033969,0.005473823124113153
2016-08-10,Train,9.642015356803313e-05,0.001543477113158165
2016-08-11,Train,-0.004038617014884949,-0.004354526334276021
2016-08-12,Train,-0.003253853414207697,-0.003583602217419823
2016-08-15,Train,-0.003919179085642099,-0.006457047804089067
2016-08-16,Train,-0.003984494134783745,-0.004186292015279869
2016-08-17,Train,-0.009258834645152092,-0.006993004263052605
2016-08-18,Train,-0.006081107072532177,-0.004689257800875368
2016-08-19,Train,-0.004953878931701183,-0.001193922796332458
2016-08-22,Train,-0.002768673002719879,0.00426075847039975
2016-08-23,Train,-0.0014167091576382518,0.003062271332322286
2016-08-24,Train,-0.0032987173181027174,0.003681509365930813
2016-08-25,Train,-0.009780561551451683,-0.01998114929130579
2016-08-26,Train,-0.0013370439410209656,-0.003853373462459397
2016-08-29,Train,-0.006554977037012577,-0.01410981265119826
2016-08-30,Train,-0.004600243177264929,-0.006177086786066432
2016-08-31,Train,0.0027999933809041977,0.01030571043526085
2016-09-01,Train,0.007782601751387119,0.00471135053813887
2016-09-02,Train,0.004107051994651556,-0.002903039270079621
2016-09-06,Train,-0.0020649759098887444,-0.007212545482618293
2016-09-07,Train,0.0005434820195659995,0.001950503396413339
2016-09-08,Train,0.0033256220631301403,0.01586618551305374
2016-09-09,Train,0.027232196182012558,0.03543929904636567
2016-09-12,Train,0.01609332486987114,0.008682149840440578
2016-09-13,Train,0.02456582337617874,0.02784282295933549
2016-09-14,Train,0.02149074338376522,0.02468923256876931
2016-09-15,Train,0.004591674543917179,0.001700076073442913
2016-09-16,Train,0.014728928916156292,0.01219200523500441
2016-09-19,Train,0.01248777937144041,0.01515674165921244
2016-09-20,Train,0.005879994481801987,0.01170942518446183
2016-09-21,Train,0.005359624978154898,0.005416837760330084
2016-09-22,Train,0.0005005992716178298,-0.003022864993090013
2016-09-23,Train,0.0008501224801875651,0.001183126742855256
2016-09-26,Train,0.0056166574358940125,0.0160218590547665
2016-09-27,Train,-0.003850133391097188,-0.008270070522646389
2016-09-28,Train,-0.008866186253726482,-0.01078347777763633
2016-09-29,Train,-0.00548237469047308,-0.007128278716863168
2016-09-30,Train,-0.009390410035848618,-0.01330864062338943
2016-10-03,Train,-0.008472809568047523,-0.01459302667565765
2016-10-04,Train,-0.0047556087374687195,-0.004308542066374099
2016-10-05,Train,-0.007853145711123943,-0.007913144491636936
2016-10-06,Train,-0.004287081770598888,-0.008590956317878096
2016-10-07,Train,-0.0018868896877393126,-0.002701103161365515
2016-10-10,Train,-0.004243905656039715,0.00293573620648746
2016-10-11,Train,0.0054895272478461266,0.01421039692004089
2016-10-12,Train,0.0012913127429783344,0.008175771584422842
2016-10-13,Train,0.0034500949550420046,0.007179455879407159
2016-10-14,Train,-0.0028587933629751205,-0.0003414795606604404
2016-10-17,Train,-0.0024902448058128357,0.001455214598437005
2016-10-18,Train,-0.015009669587016106,-0.01484812481704922
2016-10-19,Train,-0.01718832738697529,-0.02265590329669476
2016-10-20,Train,-0.020460451021790504,-0.03109333158764449
2016-10-21,Train,-0.028480220586061478,-0.03808717682508322
2016-10-24,Train,-0.022430960088968277,-0.02692984217547434
2016-10-25,Train,-0.021282458677887917,-0.01745114345540189
2016-10-26,Train,-0.014723654836416245,-0.006166546244939952
2016-10-27,Train,-0.011684320867061615,-0.01773588257672576
2016-10-28,Train,-0.009716191329061985,-0.01110158359780489
2016-10-31,Train,-0.010877716355025768,-0.02017266991576228
2016-11-01,Train,-0.0012149084359407425,0.000947382738552438
2016-11-02,Train,0.01896200142800808,0.01501999784988595
2016-11-03,Train,0.030427394434809685,0.03252958338623624
2016-11-04,Train,0.031255219131708145,0.03229210840010088
2016-11-07,Train,0.01498563215136528,0.01882253949400226
2016-11-08,Train,0.005690156947821379,0.01528478273587441
2016-11-09,Train,0.007620977703481913,0.006544807760984428
2016-11-10,Train,0.025819364935159683,0.0263499183737177
2016-11-11,Train,0.0204775407910347,0.02357509201721575
2016-11-14,Train,0.031202662736177444,0.03759927847210842
2016-11-15,Train,0.011053088121116161,0.01101358428714994
2016-11-16,Train,-0.004146802704781294,-0.01231718754853617
2016-11-17,Train,-0.009664282202720642,-0.01749325026000903
2016-11-18,Train,0.0009100893512368202,-0.006137071450528553
2016-11-21,Train,-0.004026835318654776,-0.0140037426125238
2016-11-22,Train,-0.006326078902930021,-0.00454163926490625
2016-11-23,Train,-0.003440417814999819,0.001266690830926231
2016-11-25,Train,-0.0014572307700291276,0.005892230052698011
2016-11-28,Train,0.0015769853489473462,0.003627776171468922
2016-11-29,Train,0.005524966865777969,0.01277952422958117
2016-11-30,Train,0.013329396024346352,0.02306382199551194
2016-12-01,Train,0.03962531313300133,0.04269507450470056
2016-12-02,Train,0.033752404153347015,0.03370787924587026
2016-12-05,Train,0.03256877511739731,0.02993137143603075
2016-12-06,Train,0.0299002043902874,0.03139977656213122
2016-12-07,Train,0.015463597141206264,0.01774246758442
2016-12-08,Train,0.016617881134152412,0.0130724724276563
2016-12-09,Train,0.007808739319443703,0.005857715048051881
2016-12-12,Train,0.007044295780360699,0.01563551298475363
2016-12-13,Train,-0.0007923998637124896,-0.004814891544602795
2016-12-14,Train,-0.0010528045240789652,-0.004159387769803069
2016-12-15,Train,-0.0006382004939951003,-0.01594682844362449
2016-12-16,Train,0.001844170386902988,-0.0005016518341071086
2016-12-19,Train,0.0015418145339936018,0.0008327596516386482
2016-12-20,Train,0.0045440951362252235,0.002654497608654882
2016-12-21,Train,0.007821972481906414,0.01220323121264744
2016-12-22,Train,0.018195386976003647,0.01839826035581349
2016-12-23,Train,0.020343931391835213,0.01996673533121918
2016-12-27,Train,0.016652559861540794,0.0174640011230025
2016-12-28,Train,0.018890516832470894,0.02385719616180615
2016-12-29,Train,0.024319512769579887,0.02881968594120732
2016-12-30,Train,0.033142127096652985,0.03637742603373684
2017-01-03,Train,0.027068398892879486,0.02927890223518803
2017-01-04,Train,0.020025623962283134,0.02321325284012277
2017-01-05,Train,0.020480051636695862,0.01969055348172621
2017-01-06,Train,0.015626678243279457,0.01164601136218502
2017-01-09,Train,0.01655036397278309,0.01512301517559078
2017-01-10,Train,0.017776237800717354,0.02308321261237256
2017-01-11,Train,0.01593877002596855,0.02139426703724845
2017-01-12,Train,0.017888035625219345,0.0249307906244598
2017-01-13,Train,0.015232582576572895,0.01347836946537506
2017-01-17,Train,0.017826398834586143,0.01449628443704798
2017-01-18,Train,0.01854344829916954,0.01942457226808125
2017-01-19,Train,0.019104331731796265,0.01902745384628979
2017-01-20,Train,0.019600749015808105,0.01971602681684215
2017-01-23,Train,0.021428044885396957,0.02010541862676951
2017-01-24,Train,0.01950245164334774,0.01699146887716352
2017-01-25,Train,0.010886485688388348,0.008530652094561608
2017-01-26,Train,0.012565773911774158,0.01115006015531006
2017-01-27,Train,0.017397167161107063,0.01255957204555957
2017-01-30,Train,0.02743295021355152,0.02627789149744264
2017-01-31,Train,0.02756906859576702,0.03178934811089351
2017-02-01,Train,0.029594339430332184,0.03077408093411083
2017-02-02,Train,0.030014002695679665,0.03135972163059364
2017-02-03,Train,0.03545510396361351,0.03286121294867539
2017-02-06,Train,0.03615365922451019,0.03671616506364295
2017-02-07,Train,0.03214605897665024,0.03333596527003468
2017-02-08,Train,0.027524052187800407,0.02774699214890064
2017-02-09,Train,0.028142273426055908,0.02599240269502223
2017-02-10,Train,0.024385251104831696,0.02386560669709681
2017-02-13,Train,0.014554006978869438,0.01498827539004011
2017-02-14,Train,0.009536533616483212,0.02264065735429011
2017-02-15,Train,0.004361518658697605,0.01152452293710393
2017-02-16,Train,0.013033225201070309,0.01369442377145802
2017-02-17,Train,0.006410369649529457,0.007087267438935507
2017-02-21,Train,0.0055761695839464664,0.0004599276350887305
2017-02-22,Train,0.0039713564328849316,0.001839122552981243
2017-02-23,Train,0.0031788423657417297,0.0063841386518253
2017-02-24,Train,0.0057998416014015675,0.008674995627711235
2017-02-27,Train,0.0012577398447319865,0.009124386275981555
2017-02-28,Train,0.007338566705584526,0.009767643223657974
2017-03-01,Train,0.004232173785567284,0.005021330263620394
2017-03-02,Train,0.006608891766518354,0.009405075233368088
2017-03-03,Train,0.005396613385528326,0.005113708953573326
2017-03-06,Train,0.004567976575344801,0.008261316196365387
2017-03-07,Train,0.0011875102063640952,-0.005363550514941751
2017-03-08,Train,0.002912593772634864,-0.0003824617535328478
2017-03-09,Train,0.003258816199377179,-0.003668570322330811
2017-03-10,Train,0.008016359061002731,-0.005784264482581403
2017-03-13,Train,0.004566640593111515,-0.005850651689765063
2017-03-14,Train,-0.0014615902910009027,0.002665900840994162
2017-03-15,Train,-0.0023674776311963797,0.001135457150295949
2017-03-16,Train,-0.0012428418267518282,0.003484635504953149
2017-03-17,Train,0.0018981143366545439,0.005239596238243438
2017-03-20,Train,0.0010228976607322693,0.003717513862681265
2017-03-21,Train,0.01934494636952877,0.02079960711056517
2017-03-22,Train,0.010603262111544609,0.009794159885112563
2017-03-23,Train,0.011557875201106071,0.0128873325246659
2017-03-24,Train,0.011728777550160885,0.01025795213812275
2017-03-27,Train,0.010602258145809174,0.00901870962700868
2017-03-28,Train,0.0015631731366738677,-0.001443348847517512
2017-03-29,Train,-0.006839726585894823,-0.01005672462045137
2017-03-30,Train,-0.008307362906634808,-0.01562623465798862
2017-03-31,Train,-0.008394584991037846,-0.00679867897021269
2017-04-03,Train,-0.007260275073349476,-0.00770978268278566
2017-04-04,Train,-0.006257547996938229,-0.00769744967138497
2017-04-05,Train,-0.00041306615457870066,0.004698000389881329
2017-04-06,Train,0.0051530529744923115,0.003938233102860567
2017-04-07,Train,0.018250351771712303,0.0165946989554373
2017-04-10,Train,0.022761216387152672,0.0235570406734209
2017-04-11,Train,0.03304334729909897,0.02655006142402749
2017-04-12,Train,0.038076695054769516,0.0368927734387976
2017-04-13,Train,0.03879899904131889,0.0428681890975946
2017-04-17,Train,0.03953670337796211,0.04350472624410839
2017-04-18,Train,0.040680643171072006,0.0468463890437989
2017-04-19,Train,0.04146284610033035,0.04182827416708812
2017-04-20,Train,0.03245370462536812,0.03356208666679406
2017-04-21,Train,0.029141316190361977,0.03756786224545472
2017-04-24,Train,0.02818172052502632,0.02742987906477357
2017-04-25,Train,0.02382216602563858,0.02360691427616457
2017-04-26,Train,0.02479475550353527,0.02564096185325426
2017-04-27,Train,0.019983358681201935,0.01871081610410918
2017-04-28,Train,0.018894795328378677,0.01919259140321716
2017-05-01,Train,0.012801144272089005,0.01341105232374562
2017-05-02,Train,0.015186096541583538,0.01593540390104509
2017-05-03,Train,0.000379689852707088,-0.006715805037260325
2017-05-04,Train,0.0068617165088653564,0.001605379680979402
2017-05-05,Train,0.003942322917282581,0.002181205950284593
2017-05-08,Train,0.004791173618286848,0.00841558105722684
2017-05-09,Train,0.00569048710167408,0.005928224566296159
2017-05-10,Train,0.008038503117859364,0.009971133986065528
2017-05-11,Train,0.017561165615916252,0.01937962300009066
2017-05-12,Train,0.016401266679167747,0.01890328284134934
2017-05-15,Train,0.0147700821980834,0.01654202504904179
2017-05-16,Train,0.010445226915180683,0.01196102440444591
2017-05-17,Train,0.03783643618226051,0.04240456164541473
2017-05-18,Train,0.03886682912707329,0.04516984157916792
2017-05-19,Train,0.036774080246686935,0.04055424032504851
2017-05-22,Train,0.024795344099402428,0.02776978856368029
2017-05-23,Train,0.03211512416601181,0.03076037658524888
2017-05-24,Train,0.017353277653455734,0.0271140977108324
2017-05-25,Train,-0.0015380915720015764,-0.007022809708386868
2017-05-26,Train,-0.015742726624011993,-0.01409152723383722
2017-05-30,Train,-0.004652592819184065,-0.006933605157285139
2017-05-31,Train,-0.009743362665176392,-0.01089952126343519
2017-06-01,Train,-0.01727340742945671,-0.01910597521888246
2017-06-02,Train,-0.029300544410943985,-0.03701388936899819
2017-06-05,Train,-0.02658546343445778,-0.02070686825333401
2017-06-06,Train,-0.019670333713293076,-0.02449950990512872
2017-06-07,Train,-0.021406004205346107,-0.01868632485006927
2017-06-08,Train,-0.01975240558385849,-0.01999031991058775
2017-06-09,Train,0.0026231331285089254,0.009001355937154898
2017-06-12,Train,-6.725368439219892e-05,0.009696230301963649
2017-06-13,Train,-0.005665611010044813,-0.01660018396211693
2017-06-14,Train,-0.005159175954759121,0.001932052039076426
2017-06-15,Train,-0.006923331879079342,-0.01106884561830501
2017-06-16,Train,-0.005689543671905994,-0.003691599923037803
2017-06-19,Train,-0.02200046367943287,-0.0304001428759676
2017-06-20,Train,-0.01352725364267826,-0.01313147117565927
2017-06-21,Train,-0.020312827080488205,-0.03161867296678056
2017-06-22,Train,-0.016353702172636986,-0.020895540193137
2017-06-23,Train,-0.015313850715756416,-0.01826679220272021
2017-06-26,Train,-0.016846340149641037,-0.01088347388937716
2017-06-27,Train,0.01370216440409422,0.01934360785740874
2017-06-28,Train,0.0027887625619769096,0.007070348551401207
2017-06-29,Train,0.03560473024845123,0.03292389635778603
2017-06-30,Train,0.03582897037267685,0.03305727311780271
2017-07-03,Train,0.05982000753283501,0.05103162364089342
2017-07-05,Train,0.048662394285202026,0.04689883665739658
2017-07-06,Train,0.05241331085562706,0.05781792700120603
2017-07-07,Train,0.04580673202872276,0.04609470351859324
2017-07-10,Train,0.040535151958465576,0.04406462172928105
2017-07-11,Train,0.0331362709403038,0.03847530188643833
2017-07-12,Train,0.02515411749482155,0.02963751428139183
2017-07-13,Train,0.01832345873117447,0.02092058947557951
2017-07-14,Train,0.016349563375115395,0.01210245764000262
2017-07-17,Train,0.014587018638849258,0.007314109770561128
2017-07-18,Train,0.005303162150084972,0.002934177523656434
2017-07-19,Train,0.001297756563872099,-0.0002083538004379326
2017-07-20,Train,-0.002499715657904744,-0.005410271132713973
2017-07-21,Train,-0.0024401459377259016,-0.003192052681416424
2017-07-24,Train,-0.003970697522163391,-0.001450623110240135
2017-07-25,Train,-0.004252465907484293,-0.0006232433635360302
2017-07-26,Train,-0.005160116590559483,-0.005177055465442004
2017-07-27,Train,-0.013217214494943619,-0.02035292996612559
2017-07-28,Train,-0.009175444953143597,-0.01209670660924955
2017-07-31,Train,-0.0021685673855245113,0.004887223131485374
2017-08-01,Train,-0.004774619359523058,0.003273901007913471
2017-08-02,Train,-0.006373725365847349,0.002292475429320984
2017-08-03,Train,-0.0067180609330534935,-0.01436639631328751
2017-08-04,Train,-0.0056064436212182045,-0.01684648988352333
2017-08-07,Train,-0.013248243369162083,-0.02428053795043295
2017-08-08,Train,-0.011718232184648514,-0.00769177901136664
2017-08-09,Train,-0.011239062994718552,-0.00992223649895696
2017-08-10,Train,0.020330604165792465,0.008792494532348316
2017-08-11,Train,0.00314195710234344,-0.0009148830206087144
2017-08-14,Train,-0.007196651306003332,-0.01056061343027948
2017-08-15,Train,-0.0073890541680157185,-0.007359560977418522
2017-08-16,Train,-2.391674934187904e-05,0.002564424177418312
2017-08-17,Train,0.03344639763236046,0.03445832487152356
2017-08-18,Train,0.029227841645479202,0.03377472503548917
2017-08-21,Train,0.016560237854719162,0.02580644672735488
2017-08-22,Train,0.01664208248257637,0.01347770932752113
2017-08-23,Train,0.0208821352571249,0.01948278598171904
2017-08-24,Train,0.020072050392627716,0.0136360608922943
2017-08-25,Train,0.0249610785394907,0.02747054915088398
2017-08-28,Train,0.023257313296198845,0.02675372137222598
2017-08-29,Train,0.01623094081878662,0.02413091500864173
2017-08-30,Train,0.007095709443092346,0.006291072938175102
2017-08-31,Train,-0.0024353782646358013,-0.0009575881844785528
2017-09-01,Train,-0.0054615577682852745,-0.003082170878371149
2017-09-05,Train,0.0038531669415533543,0.007671577798203932
2017-09-06,Train,0.0017491376493126154,0.001515890672509679
2017-09-07,Train,-0.0017771420534700155,-0.006942974485190212
2017-09-08,Train,-0.001860692398622632,0.0007627807033516731
2017-09-11,Train,-0.01568112149834633,-0.02104608328096091
2017-09-12,Train,-0.016336679458618164,-0.02085900031661314
2017-09-13,Train,-0.013787205331027508,-0.0133860912415571
2017-09-14,Train,-0.0045102727599442005,-0.007900480322703074
2017-09-15,Train,0.00043991528218612075,-0.004176370125618112
2017-09-18,Train,0.0028387513011693954,0.0002061063460521151
2017-09-19,Train,-0.001046877121552825,0.0006172588203490204
2017-09-20,Train,0.009483941830694675,0.004678311986426653
2017-09-21,Train,0.022727185860276222,0.0207669933585295
2017-09-22,Train,0.024976536631584167,0.02314298897163458
2017-09-25,Train,0.0337858684360981,0.03284315364969825
2017-09-26,Train,0.03424522280693054,0.03094229231841417
2017-09-27,Train,0.027615919709205627,0.02478185245662168
2017-09-28,Train,0.025779487565159798,0.0232670904033303
2017-09-29,Train,0.019906004890799522,0.01986936713843201
2017-10-02,Train,0.015343503095209599,0.02246190569674389
2017-10-03,Train,0.015019193291664124,0.02159156837112075
2017-10-04,Train,0.013577576726675034,0.01937959223934405
2017-10-05,Train,0.007377473637461662,0.005764212708710081
2017-10-06,Train,0.008195082657039165,0.00711095100715653
2017-10-09,Train,0.005004272796213627,0.001695030108406881
2017-10-10,Train,0.003941843286156654,0.002642272178328575
2017-10-11,Train,0.006625027861446142,-0.004120512280573752
2017-10-12,Train,0.01118201669305563,-0.005481474826922628
2017-10-13,Train,0.016770677641034126,0.01954974536110798
2017-10-16,Train,0.0154715059325099,0.0183405818985356
2017-10-17,Train,0.01533642876893282,0.02086688640934686
2017-10-18,Train,0.02005544677376747,0.02176545398279917
2017-10-19,Train,0.023825472220778465,0.02359921824297273
2017-10-20,Train,0.02208510972559452,0.03066369008622027
2017-10-23,Train,0.03506287932395935,0.04095023397876263
2017-10-24,Train,0.03652316331863403,0.03979998088398284
2017-10-25,Train,0.048607006669044495,0.04795501373839617
2017-10-26,Train,0.04925117641687393,0.04579474292378372
2017-10-27,Train,0.015894873067736626,0.01613321273469182
2017-10-30,Train,0.014254516921937466,0.01510748950039686
2017-10-31,Train,0.011647266335785389,0.007624079583588905
2017-11-01,Train,0.009047369472682476,0.003221500425460322
2017-11-02,Train,0.01343623548746109,0.01798297721785658
2017-11-03,Train,0.004512301180511713,0.004436567213585096
2017-11-06,Train,0.002501868177205324,0.0002601505082806543
2017-11-07,Train,0.006366055458784103,0.01052765184418347
2017-11-08,Train,0.006044664420187473,0.007702281174150505
2017-11-09,Train,0.0066435071639716625,0.01672192090965385
2017-11-10,Train,0.011165628209710121,0.0163327035739802
2017-11-13,Train,0.011614371091127396,0.01767726851899609
2017-11-14,Train,0.008255836553871632,0.003587522408951882
2017-11-15,Train,0.01963043212890625,0.01677696847783494
2017-11-16,Train,0.00011204495967831463,-0.0003234618554447399
2017-11-17,Train,0.0023982059210538864,-0.008054499895780332
2017-11-20,Train,-0.0006735154311172664,-0.006630723918089609
2017-11-21,Train,-0.006937537342309952,-0.01286173633440513
2017-11-22,Train,-0.008282080292701721,-0.01072643164466403
2017-11-24,Train,-0.0097607197239995,-0.009983345791846343
2017-11-27,Train,-0.0010682421270757914,-0.001856767657268388
2017-11-28,Train,-0.000643258448690176,-0.00574745461097248
2017-11-29,Train,0.011068069376051426,0.01384378574264211
2017-11-30,Train,0.009403292089700699,0.004705195069586665
2017-12-01,Train,0.017032627016305923,0.02045432255137136
2017-12-04,Train,0.033669713884592056,0.03883172297210535
2017-12-05,Train,0.031496863812208176,0.03200052004302534
2017-12-06,Train,0.027008671313524246,0.02625406370877448
2017-12-07,Train,0.0230094064027071,0.02291909285401861
2017-12-08,Train,0.012599279172718525,0.01725919988116487
2017-12-11,Train,0.0114827211946249,0.00397697498556826
2017-12-12,Train,0.00861138291656971,0.005459508198327967
2017-12-13,Train,0.007830411195755005,0.00474383106812204
2017-12-14,Train,0.007639165967702866,-0.0007698894804807344
2017-12-15,Train,0.011640769429504871,0.00532833256708698
2017-12-18,Train,0.010491895489394665,0.008761972989134614
2017-12-19,Train,0.022023864090442657,0.01655041636562737
2017-12-20,Train,0.027061674743890762,0.02786770407964601
2017-12-21,Train,0.029473891481757164,0.03173595622437042
2017-12-22,Train,0.03023640811443329,0.03297961874842437
2017-12-26,Train,0.03351560980081558,0.03616143782789405
2017-12-27,Train,0.04379691183567047,0.04311997118628952
2017-12-28,Train,0.04876374080777168,0.04951196310318973
2017-12-29,Train,0.05118698999285698,0.05303036759713353
2018-01-02,Train,0.04003719612956047,0.04605960969118406
2018-01-03,Train,0.03207049518823624,0.03618076978746387
2018-01-04,Train,0.03903922438621521,0.03761461462871574
2018-01-05,Train,0.03909825533628464,0.03829049541967744
2018-01-08,Train,0.03755609318614006,0.04281754121445314
2018-01-09,Train,0.034695595502853394,0.0359867506851248
2018-01-10,Train,0.042790886014699936,0.03804423299037274
2018-01-11,Train,0.037831977009773254,0.04678792151250133
2018-01-12,Train,0.02777194418013096,0.0341054193142738
2018-01-16,Train,0.023477276787161827,0.02853306032114911
2018-01-17,Train,0.005547550041228533,0.02177453861235845
2018-01-18,Train,0.0023440879303961992,0.0129055559952076
2018-01-19,Train,-0.0040639289654791355,-0.01040035929798189
2018-01-22,Train,-0.0456070750951767,-0.05948132459217315
2018-01-23,Train,-0.04666019603610039,-0.04247535355770327
2018-01-24,Train,-0.05586296319961548,-0.04869067614709111
2018-01-25,Train,-0.062393784523010254,-0.08850613967968413
2018-01-26,Train,-0.0690699964761734,-0.0867605874201085
2018-01-29,Train,-0.06538435816764832,-0.06602005046075088
2018-01-30,Train,-0.056625016033649445,-0.05340838571325068
2018-01-31,Train,-0.04229632019996643,-0.03966943012294044
2018-02-01,Train,-0.02401910163462162,-0.01345564226771612
2018-02-02,Train,0.0014809815911576152,0.002126274844893139
2018-02-05,Train,0.043872248381376266,0.04534529718162084
2018-02-06,Train,0.015220411121845245,0.01546429550477257
2018-02-07,Train,0.030428823083639145,0.02864987295137111
2018-02-08,Train,0.07693690806627274,0.0959270219188606
2018-02-09,Train,0.07674407213926315,0.09160786184393799
2018-02-12,Train,0.05647999048233032,0.05929375249238733
2018-02-13,Train,0.04417837783694267,0.04709126531086505
2018-02-14,Train,0.022967880591750145,0.01106468608801325
2018-02-15,Train,0.007741816807538271,0.001750202475938822
2018-02-16,Train,0.01647353172302246,0.0173981268209189
2018-02-20,Train,0.0215363297611475,0.01966241231780996
2018-02-21,Train,0.031096341088414192,0.02493620415558961
2018-02-22,Train,0.030275991186499596,0.03070386811221471
2018-02-23,Train,0.021888863295316696,0.02967238834212904
2018-02-26,Train,0.011114809662103653,0.02159629146938746
2018-02-27,Train,0.021894404664635658,0.02032214370535712
2018-02-28,Train,0.019349532201886177,0.02673276587784112
2018-03-01,Train,0.033621594309806824,0.04286237375295254
2018-03-02,Train,0.023402413353323936,0.03030302194612577
2018-03-05,Train,-0.016733255237340927,-0.004349614011646796
2018-03-06,Train,-0.0006849755882285535,-0.005280642133036473
2018-03-07,Train,-0.004166503436863422,-0.01189838746215788
2018-03-08,Train,-0.030328480526804924,-0.04156362612283837
2018-03-09,Train,-0.07802232354879379,-0.08460388568632915
2018-03-12,Train,-0.07295318692922592,-0.0556066626421845
2018-03-13,Train,-0.08002882450819016,-0.07355427400255588
2018-03-14,Train,-0.08264121413230896,-0.0840516850617089
2018-03-15,Train,-0.0755462571978569,-0.0664606423227021
2018-03-16,Train,-0.0790659636259079,-0.09069120207081272
2018-03-19,Train,-0.043598391115665436,-0.0588869613241304
2018-03-20,Train,-0.04441218450665474,-0.04718156093822667
2018-03-21,Train,-0.04495301842689514,-0.03756293039324654
2018-03-22,Train,-0.02698480896651745,-0.0378992509415601
2018-03-23,Train,0.00431476766243577,-0.004920817653950804
2018-03-26,Train,-0.009237068705260754,-0.01940381569980953
2018-03-27,Train,0.010220784693956375,0.00754335513219706
2018-03-28,Train,0.028732407838106155,0.0315421730611587
2018-03-29,Train,0.016379574313759804,0.007743647015326482
2018-04-02,Train,0.048007018864154816,0.04559199953137427
2018-04-03,Train,0.04559819772839546,0.05621271719105536
2018-04-04,Train,0.026591693982481956,0.04194313708427222
2018-04-05,Train,0.029304781928658485,0.02651733537176448
2018-04-06,Train,0.031623370945453644,0.03619994887433919
2018-04-09,Train,0.03022707626223564,0.02637420766367926
2018-04-10,Train,-0.0013170471647754312,-0.01705849442014473
2018-04-11,Train,-0.00756121426820755,-0.01016973356143458
2018-04-12,Train,-0.010684243403375149,-0.001356274037342176
2018-04-13,Train,-0.0006278404034674168,0.004461803572468614
2018-04-16,Train,-0.00372615410014987,-0.01020912422999898
2018-04-17,Train,-0.01892787776887417,-0.01998800242156329
2018-04-18,Train,-0.02190553769469261,-0.02775772079680139
2018-04-19,Train,-0.01609143242239952,-0.01885877473342223
2018-04-20,Train,0.0172237791121006,0.01583482450465579
2018-04-23,Train,0.03408627584576607,0.02687013478235745
2018-04-24,Train,0.04459965601563454,0.04802473992124101
2018-04-25,Train,0.05372212082147598,0.05817845156899604
2018-04-26,Train,0.04552725702524185,0.0471016072923427
2018-04-27,Train,0.05057946592569351,0.04546863188653005
2018-04-30,Train,0.0553453154861927,0.05474088122871268
2018-05-01,Train,0.039895959198474884,0.03126917542733132
2018-05-02,Train,0.04292662441730499,0.04424662019063397
2018-05-03,Train,0.028780950233340263,0.04035845893777901
2018-05-04,Train,0.009228911250829697,0.01570941756162925
2018-05-07,Train,0.013340248726308346,0.01299319256464493
2018-05-08,Train,0.02139846235513687,0.01270539687183359
2018-05-09,Train,0.011715717613697052,0.01024542036381137
2018-05-10,Train,-0.0035993577912449837,-0.0004126404164870312
2018-05-11,Train,0.004138980992138386,0.001534252900597055
2018-05-14,Train,-0.0016479764599353075,-0.004594985445047883
2018-05-15,Train,0.01529618538916111,0.01376063397738925
2018-05-16,Train,0.014024072326719761,0.006450536301570331
2018-05-17,Train,0.023924341425299644,0.02619856005547661
2018-05-18,Train,0.034065209329128265,0.0408455515565449
2018-05-21,Train,0.04366616904735565,0.03824229616875718
2018-05-22,Train,0.0414106622338295,0.04566540771217587
2018-05-23,Train,0.03351227566599846,0.02847869338706066
2018-05-24,Train,0.03495478630065918,0.02884104571885904
2018-05-25,Train,0.03386837616562843,0.0305797926236
2018-05-29,Train,0.03697085753083229,0.04059892620460626
2018-05-30,Train,0.02172907069325447,0.03314146721808009
2018-05-31,Train,0.02737823873758316,0.04427587731528582
2018-06-01,Train,0.021566417068243027,0.02454550248664189
2018-06-04,Train,0.014111876487731934,0.01262189850673101
2018-06-05,Train,-0.0005949577316641808,0.006634658467205456
2018-06-06,Train,-0.005166190210729837,0.007904011058934346
2018-06-07,Train,-0.0024218959733843803,0.00733826802633164
2018-06-08,Train,-0.007234546821564436,0.005044742435772909
2018-06-11,Train,-0.01096361968666315,-0.02023902847638404
2018-06-12,Train,-0.024466287344694138,-0.02138426018131256
2018-06-13,Train,-0.021641826257109642,-0.0346377621600793
2018-06-14,Train,-0.02682737074792385,-0.03609236172195429
2018-06-15,Train,-0.020830543711781502,-0.03011640840618068
2018-06-18,Train,-0.025890272110700607,-0.02096315551412009
2018-06-19,Train,-0.01754392497241497,-0.02954543720592151
2018-06-20,Train,-0.013528084382414818,-0.0244287832499559
2018-06-21,Train,0.0019130110740661621,-0.0005691542865767785
2018-06-22,Train,0.0040177712216973305,0.01066618206175018
2018-06-25,Train,0.040571220219135284,0.03472026828828745
2018-06-26,Train,0.03513789921998978,0.02528035485306979
2018-06-27,Train,0.05193638801574707,0.05732640800832467
2018-06-28,Train,0.045913003385066986,0.04918510455554936
2018-06-29,Train,0.04579940810799599,0.04386833118000544
2018-07-02,Train,0.03422490507364273,0.04322917296746609
2018-07-03,Train,0.04766273498535156,0.05345427084832521
2018-07-05,Train,0.03269738331437111,0.03533426252053284
2018-07-06,Train,0.014895733445882797,0.01924722322797634
2018-07-09,Train,0.009622525423765182,0.013375444915247
2018-07-10,Train,0.012691901996731758,0.01680575008149154
2018-07-11,Train,0.015641136094927788,0.03627711836355751
2018-07-12,Train,-0.0023893483448773623,0.003287620170611794
2018-07-13,Train,-0.011079608462750912,-0.01107959181783646
2018-07-16,Train,-0.010712121613323689,-0.0227145453275811
2018-07-17,Train,-0.0048293499276041985,-0.02119047669431007
2018-07-18,Train,-0.003192145610228181,-0.01561717152769038
2018-07-19,Train,0.0036112507805228233,0.00279282803669334
2018-07-20,Train,-0.0010412235278636217,0.006089705036252724
2018-07-23,Train,0.005914465058594942,0.008799297463451428
2018-07-24,Train,0.0066368067637085915,0.008319467413261172
2018-07-25,Train,-0.003306710859760642,-0.004375905369804811
2018-07-26,Train,0.009495718404650688,0.01033046697487072
2018-07-27,Train,0.018495827913284302,0.01632704219679826
2018-07-30,Train,0.031073663383722305,0.02975276509455504
2018-07-31,Train,0.018895801156759262,0.02833663976467315
2018-08-01,Train,0.016922855749726295,0.0119128312359964
2018-08-02,Train,0.005121758673340082,0.00161537652143795
2018-08-03,Train,0.006252526305615902,-0.001221686019914237
2018-08-06,Train,-0.0043571339920163155,-0.007949665707509879
2018-08-07,Train,-0.007624308578670025,-0.007920805375323803
2018-08-08,Train,-0.006196978501975536,-0.0052741824598036
2018-08-09,Train,-0.00044669100316241384,-0.006101921763540519
2018-08-10,Train,0.007477652747184038,0.01085747512015289
2018-08-13,Train,0.017169443890452385,0.02229363825636854
2018-08-14,Train,0.01444513164460659,0.01741528638884882
2018-08-15,Train,0.028320129960775375,0.04190152287366855
2018-08-16,Train,0.038456350564956665,0.03664773701187074
2018-08-17,Train,0.03778533637523651,0.03775154710936901
2018-08-20,Train,0.03144988790154457,0.03422375770570985
2018-08-21,Train,0.02292679250240326,0.01713238150052043
2018-08-22,Train,0.007111082784831524,0.004142273335430158
2018-08-23,Train,0.0038780467584729195,0.001714588237617498
2018-08-24,Train,0.0026890684384852648,-0.004164809977147743
2018-08-27,Train,-0.008792445063591003,-0.006618212243353239
2018-08-28,Train,-0.013493838720023632,-0.01099614740580335
2018-08-29,Train,-0.016736475750803947,-0.01183467199773691
2018-08-30,Train,-0.015097331255674362,-0.0129821260737264
2018-08-31,Train,-0.019111130386590958,-0.02844895650807611
2018-09-04,Train,-0.016110293567180634,-0.01619590888766753
2018-09-05,Train,0.0002542808069847524,-0.004088307508730016
2018-09-06,Train,0.010580715723335743,0.01600574061485016
2018-09-07,Train,0.01412754226475954,0.01435594994618428
2018-09-10,Train,0.008035017177462578,0.01194143822566796
2018-09-11,Train,0.010825126431882381,0.005570141435446097
2018-09-12,Train,0.00985028501600027,0.009256229731939847
2018-09-13,Train,0.009119940921664238,0.007044941529060766
2018-09-14,Train,0.002183709992095828,0.009783073749816351
2018-09-17,Train,0.010582945309579372,0.02663506081722278
2018-09-18,Train,0.004468837287276983,0.01591557493105422
2018-09-19,Train,0.0063424790278077126,0.01778872498241313
2018-09-20,Train,-0.010228335857391357,-0.01266780165887293
2018-09-21,Train,-0.018007803708314896,-0.01937843714157395
2018-09-24,Train,-0.026487383991479874,-0.02632006283079624
2018-09-25,Train,-0.0384489968419075,-0.02449220441938083
2018-09-26,Train,-0.0501788854598999,-0.06805235933234288
2018-09-27,Train,-0.06514811515808105,-0.08733786561706214
2018-09-28,Train,-0.062122173607349396,-0.06173629569085182
2018-10-01,Train,-0.058972135186195374,-0.07498518339356552
2018-10-02,Train,-0.05241145193576813,-0.04592193151707602
2018-10-03,Train,-0.03886556625366211,-0.04657167950650642
2018-10-04,Train,-0.03955967724323273,-0.0504441932268983
2018-10-05,Train,-0.03312896564602852,-0.03957807308125905
2018-10-08,Train,-0.03455398231744766,-0.0287070611675031
2018-10-09,Train,-0.03176703676581383,-0.03540611500011215
2018-10-10,Train,-0.02457515150308609,-0.03720957053878104
2018-10-11,Train,-0.0015348077286034822,0.008608439873445617
2018-10-12,Train,-0.041831158101558685,-0.04394219447147274
2018-10-15,Train,-0.04416433349251747,-0.05214569790505097
2018-10-16,Train,-0.053139086812734604,-0.06376257179732903
2018-10-17,Train,-0.03777667135000229,-0.04213427855377072
2018-10-18,Train,-0.012693226337432861,-0.006467231577289012
2018-10-19,Train,-0.021634479984641075,-0.0210380262383788
2018-10-22,Train,-0.0260760560631752,-0.0284629799551932
2018-10-23,Train,-0.019341738894581795,-0.01748715129326317
2018-10-24,Train,0.05095718801021576,0.06193302116831712
2018-10-25,Train,0.008041088469326496,0.01987612068162714
2018-10-26,Train,0.025267357006669044,0.02916116946813974
2018-10-29,Train,0.02761070616543293,0.01899164482421534
2018-10-30,Train,0.005192700307816267,0.003314868959905404
2018-10-31,Train,-0.026715397834777832,-0.02720533610127618
2018-11-01,Train,-0.03299408406019211,-0.02307335392906285
2018-11-02,Train,-0.030450226739048958,-0.01109933184919443
2018-11-05,Train,-0.0370500385761261,-0.04083812074509774
2018-11-06,Train,-0.053197652101516724,-0.06508459512179465
2018-11-07,Train,-0.08482968807220459,-0.0866272158289556
2018-11-08,Train,-0.07139528542757034,-0.08741258404862728
2018-11-09,Train,-0.032983288168907166,-0.05031485930412916
2018-11-12,Train,0.002952444599941373,-0.017375093836552
2018-11-13,Train,0.003057661931961775,0.01339578128904173
2018-11-14,Train,0.020380916073918343,0.01785712471390921
2018-11-15,Train,-0.0023602808360010386,0.007614961075517179
2018-11-16,Train,0.013125786557793617,0.02883583182719218
2018-11-19,Train,0.026128865778446198,0.02258425100115202
2018-11-20,Train,0.0521615669131279,0.04856745130484885
2018-11-21,Train,0.0075140418484807014,0.006297997109041109
2018-11-23,Train,0.024531234055757523,0.02424471105819848
2018-11-26,Train,-0.0008744942606426775,0.004420168355337761
2018-11-27,Train,-0.006423658225685358,0.009850713327838712
2018-11-28,Train,-0.03148583695292473,-0.02133960231090615
2018-11-29,Train,-0.03351668268442154,-0.04204574678594442
2018-11-30,Train,-0.06746593862771988,-0.07049656247049507
2018-12-03,Train,-0.08254186064004898,-0.08071724896600518
2018-12-04,Train,-0.08163565397262573,-0.06752354790598625
2018-12-06,Train,-0.0859324261546135,-0.08748280997609736
2018-12-07,Train,-0.07534445822238922,-0.08557440290463492
2018-12-10,Train,-0.09365107119083405,-0.1200098512616689
2018-12-11,Train,-0.08606778830289841,-0.06814983103043226
2018-12-12,Train,-0.08075524121522903,-0.07270523949179775
2018-12-13,Train,-0.07613950967788696,-0.07347065072309655
2018-12-14,Train,-0.05442849174141884,-0.04233925531843341
2018-12-17,Train,0.004999267868697643,-0.01619759837136192
2018-12-18,Train,-0.046132005751132965,-0.05428601782683518
2018-12-19,Train,0.004722146783024073,0.01100108044827053
2018-12-20,Train,0.04347003996372223,0.03808525384107386
2018-12-21,Train,0.08203981816768646,0.08097849396989898
2018-12-24,Train,0.1062181368470192,0.1206969151513502
2018-12-26,Train,0.06590502709150314,0.05785118507821396
2018-12-27,Train,0.047883037477731705,0.04991832236073046
2018-12-28,Train,0.04695811867713928,0.04118456561079742
2018-12-31,Train,0.04948831722140312,0.05263847183410042
2019-01-02,Train,0.047171205282211304,0.04823089479081033
2019-01-03,Train,0.08189040422439575,0.0921772586001024
2019-01-04,Train,0.04802287742495537,0.05773541905609214
2019-01-07,Train,0.0255927462130785,0.02435325569422431
2019-01-08,Train,0.016971277073025703,0.01648689539608705
2019-01-09,Train,0.02090059220790863,0.01479908914085115
2019-01-10,Train,0.023363027721643448,0.02399550562052877
2019-01-11,Train,0.01340006198734045,0.01506004189543608
2019-01-14,Train,0.018902694806456566,0.0144409053183876
2019-01-15,Train,0.025018632411956787,0.02032262405306806
2019-01-16,Train,0.029141243547201157,0.03578686381378549
2019-01-17,Train,0.028129173442721367,0.02334530313169325
2019-01-18,Train,0.02517031691968441,0.02590014389892215
2019-01-22,Train,0.0457557775080204,0.05613187724373159
2019-01-23,Train,0.04603680223226547,0.05161893734834133
2019-01-24,Train,0.03352518007159233,0.03082107152791247
2019-01-25,Train,0.029288116842508316,0.02064791878979277
2019-01-28,Train,0.041604090481996536,0.03243205975315955
2019-01-29,Train,0.04676983878016472,0.05768392426155855
2019-01-30,Train,0.03616447374224663,0.0321704615323406
2019-01-31,Train,0.019520791247487068,0.01819694036604758
2019-02-01,Train,0.024791540578007698,0.02681400761417696
2019-02-04,Train,0.019412614405155182,0.01622131787767001
2019-02-05,Train,0.009930349886417389,0.007133258664624442
2019-02-06,Train,0.0079537034034729,0.006450802352602425
2019-02-07,Train,0.021114550530910492,0.02770019485500441
2019-02-08,Train,0.02134804055094719,0.02942576403480923
2019-02-11,Train,0.028697574511170387,0.03147270334828955
2019-02-12,Train,0.016222922131419182,0.01579961939192187
2019-02-13,Train,0.015070919878780842,0.01274783933452017
2019-02-14,Train,0.01700112223625183,0.01851418144109918
2019-02-15,Train,0.018296899273991585,0.01442361109878543
2019-02-19,Train,0.009879943914711475,0.01317624964328545
2019-02-20,Train,0.01028781570494175,0.007605210790094352
2019-02-21,Train,0.00696730799973011,-0.001107111332082855
2019-02-22,Train,0.006026194430887699,-0.009948529277432061
2019-02-25,Train,0.0070485565811395645,0.006973210150330589
2019-02-26,Train,0.011186739429831505,0.01145656608017687
2019-02-27,Train,0.017660846933722496,0.01970158558151214
2019-02-28,Train,0.02322501502931118,0.02032452348773317
2019-03-01,Train,0.021740544587373734,0.02270776264537466
2019-03-04,Train,0.022168666124343872,0.02310514173606038
2019-03-05,Train,0.024694310501217842,0.02578057818002821
2019-03-06,Train,0.032072778791189194,0.03572249962811314
2019-03-07,Train,0.04934733733534813,0.06498288003491992
2019-03-08,Train,0.04332377389073372,0.04317345018812513
2019-03-11,Train,0.02668587677180767,0.01997370559435097
2019-03-12,Train,0.02358558028936386,0.01912459766441255
2019-03-13,Train,0.01142974104732275,0.005027961229692401
2019-03-14,Train,0.015252717770636082,0.00905433073361439
2019-03-15,Train,0.012599161826074123,0.007345093993624152
2019-03-18,Train,0.015018584206700325,0.02011765984468949
2019-03-19,Train,0.014149537310004234,0.02055287692297592
2019-03-20,Train,0.017407117411494255,0.02236317531878917
2019-03-21,Train,0.0061938827857375145,0.006244176720790584
2019-03-22,Train,0.028994735330343246,0.03416222102889499
2019-03-25,Train,0.03449796885251999,0.03877232417674725
2019-03-26,Train,0.031876761466264725,0.03032668295577534
2019-03-27,Train,0.03946484625339508,0.04255203813342212
2019-03-28,Train,0.04048064723610878,0.03768718138473925
2019-03-29,Train,0.031117407605051994,0.03434263633072931
2019-04-01,Train,0.0283164344727993,0.02098444004123001
2019-04-02,Train,0.02285730093717575,0.02063155672636374
2019-04-03,Train,0.02135414257645607,0.01833711578828856
2019-04-04,Train,0.02310609444975853,0.02003153089811227
2019-04-05,Train,0.02259865030646324,0.01765403683626632
2019-04-08,Train,0.02793792262673378,0.02798029784021328
2019-04-09,Train,0.02355428785085678,0.02835001684438665
2019-04-10,Train,0.02385828271508217,0.02701242504912815
2019-04-11,Train,0.025060202926397324,0.03037342676465671
2019-04-12,Train,0.02590341493487358,0.02792876494789409
2019-04-15,Train,0.020070044323801994,0.01979980987676955
2019-04-16,Train,0.011438828893005848,0.01302945134467159
2019-04-17,Train,0.00808535423129797,0.005129611248601895
2019-04-18,Train,0.008010047487914562,0.01985165287805968
2019-04-22,Train,0.001427092356607318,0.0107492778423981
2019-04-23,Train,-0.02327767200767994,-0.02138611800557977
2019-04-24,Train,-0.03145251423120499,-0.02076855359216145
2019-04-25,Train,-0.03250407055020332,-0.02997685627442814
2019-04-26,Train,-0.0331292487680912,-0.02963542657941076
2019-04-29,Train,-0.03943101689219475,-0.06512408210222043
2019-04-30,Train,-0.03753185272216797,-0.04748338249866579
2019-05-01,Train,-0.0354810394346714,-0.03091090120303197
2019-05-02,Train,-0.02564256079494953,-0.01690504451784747
2019-05-03,Train,-0.04058889299631119,-0.04222702788156252
2019-05-06,Train,-0.037055712193250656,-0.05259558473600545
2019-05-07,Train,-0.027697991579771042,-0.02367914267630988
2019-05-08,Train,-0.02776268497109413,-0.02556925171317415
2019-05-09,Train,-0.033861592411994934,-0.03528713601611744
2019-05-10,Train,-0.03291582688689232,-0.03697295317778715
2019-05-13,Train,-0.010581216774880886,-0.006103686452651136
2019-05-14,Train,-0.019399426877498627,-0.02498058421708349
2019-05-15,Train,-0.0435020811855793,-0.03451850014659574
2019-05-16,Train,-0.056076887995004654,-0.05937379636838658
2019-05-17,Train,-0.05853283777832985,-0.07058565692115404
2019-05-20,Train,-0.03255573660135269,-0.02800774310422705
2019-05-21,Train,-0.022535409778356552,-0.03090796381561534
2019-05-22,Train,-0.017011063173413277,-0.01883771727779227
2019-05-23,Train,0.0217816773802042,0.01565213624758943
2019-05-24,Train,0.022351304069161415,0.02800847626742753
2019-05-28,Train,0.03688940033316612,0.03329758420424378
2019-05-29,Train,0.03524008393287659,0.03584614896524041
2019-05-30,Train,0.04294475167989731,0.03761947013495881
2019-05-31,Train,0.054220788180828094,0.04995689907365675
2019-06-03,Train,0.07618486136198044,0.08006119660769095
2019-06-04,Train,0.059106599539518356,0.06574809764577938
2019-06-05,Train,0.05919136106967926,0.06185797333396614
2019-06-06,Train,0.05496735870838165,0.0632847556699403
2019-06-07,Train,0.03084295429289341,0.0415930972013725
2019-06-10,Train,0.02265082858502865,0.02735468158659415
2019-06-11,Train,0.015543431043624878,0.008342414559514344
2019-06-12,Train,0.02150913141667843,0.01892068124126234
2019-06-13,Train,0.019879430532455444,0.0167920720848429
2019-06-14,Train,0.029889218509197235,0.02244856612580559
2019-06-17,Train,0.023755770176649094,0.03004239059891201
2019-06-18,Train,0.021296577528119087,0.0193122191620787
2019-06-19,Train,0.013802621513605118,0.02314147729640448
2019-06-20,Train,0.005449121817946434,0.01164944070500207
2019-06-21,Train,0.005248481873422861,0.006045496873150036
2019-06-24,Train,0.014028904028236866,0.01328656436725728
2019-06-25,Train,0.029722146689891815,0.04125888273942357
2019-06-26,Train,0.033936623483896255,0.03568547888691564
2019-06-27,Train,0.03440619260072708,0.03769436342786525
2019-06-28,Train,0.037338871508836746,0.03968077640220247
2019-07-01,Train,0.012954534962773323,0.0205537329734411
2019-07-02,Train,0.009306314401328564,0.01152572235523874
2019-07-03,Train,0.009302685968577862,0.005119074984545113
2019-07-05,Train,0.005926232784986496,-0.0002094139978162657
2019-07-08,Train,0.013993742875754833,0.01486475128158626
2019-07-09,Train,0.011441423557698727,0.01641660318841942
2019-07-10,Train,0.0062612141482532024,0.01345033428920006
2019-07-11,Train,0.007230657618492842,0.004573354595086565
2019-07-12,Train,0.001728893257677555,0.009094168955392945
2019-07-15,Train,0.0018038571579381824,0.002420815016629385
2019-07-16,Train,-0.0049574775621294975,0.003261739076989789
2019-07-17,Train,-0.007825011387467384,-0.005723157451572591
2019-07-18,Train,-0.011055607348680496,-0.01179713280356576
2019-07-19,Train,-0.01790112815797329,-0.0191612402941006
2019-07-22,Train,-0.044815581291913986,-0.0612891659823076
2019-07-23,Train,-0.046941522508859634,-0.05433716468398464
2019-07-24,Train,-0.04557634890079498,-0.05585444139068829
2019-07-25,Train,-0.041001930832862854,-0.02607350473539505
2019-07-26,Train,-0.0419718436896801,-0.04506113009116286
2019-07-29,Train,-0.044784869998693466,-0.05276944441134102
2019-07-30,Train,-0.03632952645421028,-0.02781504501807386
2019-07-31,Train,-0.0397263839840889,-0.04364213150344975
2019-08-01,Train,-0.021426783874630928,-0.03996839909899719
2019-08-02,Train,-0.004010097589343786,-0.009981373445717034
2019-08-05,Train,0.03888842836022377,0.04260497499181248
2019-08-06,Train,0.019536716863512993,0.02024449866350286
2019-08-07,Train,0.013759850524365902,0.02377207534769332
2019-08-08,Train,-0.009971375577151775,-0.00127478084233279
2019-08-09,Train,-0.009792103432118893,-0.02370099221809141
2019-08-12,Train,0.0055718556977808475,0.002549504774299827
2019-08-13,Train,-0.016241615638136864,-0.02102025970962862
2019-08-14,Train,0.004633497446775436,0.01274897078729964
2019-08-15,Train,0.02139732800424099,0.02941657095269923
2019-08-16,Train,0.0054172673262655735,0.01072894942313507
2019-08-19,Train,0.00040505261858925223,-0.01475348345462302
2019-08-20,Train,0.010035493411123753,0.007273897424572295
2019-08-21,Train,0.018308158963918686,0.01669932574322597
2019-08-22,Train,0.02301003783941269,0.01898729914002328
2019-08-23,Train,0.040038175880908966,0.0500905956517439
2019-08-26,Train,0.02941587194800377,0.03149005429493368
2019-08-27,Train,0.03783940151333809,0.04337689268395506
2019-08-28,Train,0.03766349330544472,0.04397860257551933
2019-08-29,Train,0.031056657433509827,0.02458490401343028
2019-08-30,Train,0.022884754464030266,0.02245688071512753
2019-09-03,Train,0.033671826124191284,0.03743610253446317
2019-09-04,Train,0.015149585902690887,0.02224819413087986
2019-09-05,Train,0.0019690811168402433,0.005527153849936184
2019-09-06,Train,-0.0008146902546286583,-0.004123353521754747
2019-09-09,Train,-0.002152791479602456,-0.003608988088264264
2019-09-10,Train,-0.010305048897862434,-0.01400544574849749
2019-09-11,Train,-0.015499214641749859,-0.01221218590745354
2019-09-12,Train,-0.022225957363843918,-0.01992439543472946
2019-09-13,Train,-0.026407981291413307,-0.02861740261228507
2019-09-16,Train,-0.022023316472768784,-0.01497284655077158
2019-09-17,Train,-0.03205297514796257,-0.02767394424790415
2019-09-18,Train,-0.038693007081747055,-0.04399543441062925
2019-09-19,Train,-0.028526397421956062,-0.03510676800579082
2019-09-20,Train,-0.013723049312829971,-0.0104297980153818
2019-09-23,Train,-0.01214221678674221,-0.01186348822486061
2019-09-24,Train,-0.012806883081793785,-0.01356601072084773
2019-09-25,Train,-0.002756527392193675,-0.01499371883449763
2019-09-26,Train,0.005727333482354879,-0.00369633640818845
2019-09-27,Train,0.017374370247125626,0.02181469206910092
2019-09-30,Train,0.015273484401404858,0.01207562527820771
2019-10-01,Train,0.02741059474647045,0.0333742716794454
2019-10-02,Train,0.04325835406780243,0.04884536857001232
2019-10-03,Train,0.038800280541181564,0.04019990021554354
2019-10-04,Train,0.027194978669285774,0.01525345543166345
2019-10-07,Train,0.02764786407351494,0.02735865781023583
2019-10-08,Train,0.036218367516994476,0.03467807139503698
2019-10-09,Train,0.031559254974126816,0.0266517417456209
2019-10-10,Train,0.027411064133048058,0.02867290583059146
2019-10-11,Train,0.026029665023088455,0.0237036197207332
2019-10-14,Train,0.027064448222517967,0.03391078083894028
2019-10-15,Train,0.016969814896583557,0.01302185282160262
2019-10-16,Train,0.021519457921385765,0.02046214434527238
2019-10-17,Train,0.020306846126914024,0.0182381747540088
2019-10-18,Train,0.03227638080716133,0.03745627098093429
2019-10-21,Train,0.030572624877095222,0.03469676164767788
2019-10-22,Train,0.034163348376750946,0.04357571198533505
2019-10-23,Train,0.03320756554603577,0.03922585182733163
2019-10-24,Train,0.029171675443649292,0.03266524013351702
2019-10-25,Train,0.025711417198181152,0.02857287035028677
2019-10-28,Train,0.017419418320059776,0.01715847175166285
2019-10-29,Train,0.025190189480781555,0.02805549983860889
2019-10-30,Train,0.025771748274564743,0.0233513920323547
2019-10-31,Train,0.022859949618577957,0.02207220826218359
2019-11-01,Train,0.016174064949154854,0.02031482196467715
2019-11-04,Train,0.015794163569808006,0.0148425843583766
2019-11-05,Train,0.012972871772944927,0.0157833689493676
2019-11-06,Train,0.014686089009046555,0.01196435450225564
2019-11-07,Train,0.010744720697402954,0.006336398337924098
2019-11-08,Train,0.009778073988854885,0.00298169316828889
2019-11-11,Train,0.01444425992667675,0.01622210588138362
2019-11-12,Train,0.015755172818899155,0.01523274499597793
2019-11-13,Train,0.014272956177592278,0.0220744929266401
2019-11-14,Train,0.010296563617885113,0.01821979626262293
2019-11-15,Train,0.000974091759417206,0.0004435283439276905
2019-11-18,Train,-0.007173915859311819,-0.008174538839992418
2019-11-19,Train,0.0013779222499579191,-0.00462212943883189
2019-11-20,Train,0.005590819753706455,0.003363878086083627
2019-11-21,Train,0.012775445356965065,0.01636094745506922
2019-11-22,Train,0.018957626074552536,0.01109847630601069
2019-11-25,Train,0.002673212205991149,-0.001566973471285538
2019-11-26,Train,0.01002704817801714,0.001808294394622934
2019-11-27,Train,0.003311894601210952,0.002281116462911292
2019-11-29,Train,0.011582248844206333,0.01019013298729887
2019-12-02,Train,0.02927761897444725,0.03088672055399466
2019-12-03,Train,0.03258688747882843,0.03962065231340994
2019-12-04,Train,0.03652597963809967,0.03517270480457024
2019-12-05,Train,0.03441057726740837,0.03958979789383132
2019-12-06,Train,0.035299673676490784,0.03273174006764479
2019-12-09,Train,0.036693498492240906,0.03792811268967111
2019-12-10,Train,0.0405799075961113,0.03933302850677145
2019-12-11,Train,0.032577499747276306,0.04297979189298085
2019-12-12,Train,0.02915087901055813,0.03438093212132931
2019-12-13,Train,0.02557826228439808,0.02422898891504488
2019-12-16,Train,0.022930139675736427,0.0159602249233104
2019-12-17,Train,0.028235772624611855,0.03233203253352523
2019-12-18,Train,0.02238745056092739,0.02209491556475829
2019-12-19,Train,0.019187668338418007,0.02228965633423918
2019-12-20,Train,0.021081656217575073,0.01804351208864929
2019-12-23,Train,0.024719130247831345,0.02521125725622753
2019-12-24,Train,0.030130727216601372,0.03336168075361368
2019-12-26,Train,0.02751258574426174,0.02170353868451813
2019-12-27,Train,0.03077656216919422,0.03436166994484302
2019-12-30,Train,0.03896012529730797,0.03708588128833612
2019-12-31,Train,0.03356003761291504,0.03555805247585164
2020-01-02,Train,0.02793191559612751,0.0283123381453767
2020-01-03,Train,0.03829718753695488,0.04295458269511632
2020-01-06,Train,0.032700058072805405,0.03581370063155931
2020-01-07,Train,0.03588438406586647,0.03869529246567116
2020-01-08,Train,0.02295679971575737,0.03426204306021252
2020-01-09,Train,0.016251197084784508,0.01694137340525304
2020-01-10,Train,0.00561443530023098,-0.001510720062859794
2020-01-13,Train,0.009407269768416882,0.002262955451034054
2020-01-14,Train,0.0065875425934791565,0.007860758420327185
2020-01-15,Train,0.011405842378735542,0.01103696214188843
2020-01-16,Train,-0.009112038649618626,-0.01444120691338202
2020-01-17,Train,0.0011289296671748161,-0.00447667641750038
2020-01-21,Train,0.018697543069720268,0.01876568642204224
2020-01-22,Train,0.01928863488137722,0.01943094741766793
2020-01-23,Train,0.01882741041481495,0.02493435235241082
2020-01-24,Train,0.022719915956258774,0.02918724781801707
2020-01-27,Train,0.05932220444083214,0.06359465717118984
2020-01-28,Train,0.05657584220170975,0.04768569746723395
2020-01-29,Train,0.05762725695967674,0.05617423403368349
2020-01-30,Train,0.04700811952352524,0.05107814378001452
2020-01-31,Train,0.0623035803437233,0.07107313436287255
2020-02-03,Train,0.043730951845645905,0.0555355273565834
2020-02-04,Train,0.023969192057847977,0.04180768653361389
2020-02-05,Train,0.017076710239052773,0.0287441833472335
2020-02-06,Train,-0.016047153621912003,0.0003475469403804166
2020-02-07,Train,-0.02509571611881256,-0.0340750334318608
2020-02-10,Train,-0.06574296206235886,-0.07156100364771689
2020-02-11,Train,-0.06929758191108704,-0.0669367662902095
2020-02-12,Train,-0.09880571067333221,-0.1222094350991483
2020-02-13,Train,-0.10444483160972595,-0.1204000428344344
2020-02-14,Train,-0.09449558705091476,-0.07765087482141775
2020-02-18,Train,-0.09943436831235886,-0.1075704019920348
2020-02-19,Train,-0.09891168773174286,-0.07916277679574568
2020-02-20,Train,-0.10119590908288956,-0.09877333061580695
2020-02-21,Train,-0.08001556247472763,-0.09662569847210001
2020-02-24,Train,-0.10597650706768036,-0.1256605634496897
2020-02-25,Train,-0.07939083129167557,-0.05228209482341828
2020-02-26,Train,-0.0997144803404808,-0.09820766318562613
2020-02-27,Train,-0.10191019624471664,-0.1377163594120068
2020-02-28,Train,-0.08817657828330994,-0.06540333583222568
2020-03-02,Train,-0.1839567869901657,-0.2177247736616462
2020-03-03,Train,-0.15543830394744873,-0.1305136380346813
2020-03-04,Train,-0.20111648738384247,-0.1907249330234121
2020-03-05,Train,-0.17355038225650787,-0.1603572629284328
2020-03-06,Train,-0.16064220666885376,-0.1794058578872908
2020-03-09,Train,-0.11556318402290344,-0.1193883336050281
2020-03-10,Train,-0.09170956909656525,-0.1001910581896547
2020-03-11,Train,-0.06431447714567184,-0.06618173388052995
2020-03-12,Train,0.08682696521282196,0.08222414826324154
2020-03-13,Train,-0.028703829273581505,-0.03660181667969564
2020-03-16,Train,0.11488088965415955,0.1343177189868272
2020-03-17,Train,0.041198067367076874,0.04534970096911817
2020-03-18,Train,0.041277699172496796,0.03233290632918306
2020-03-19,Train,0.04960230365395546,0.04699983492405724
2020-03-20,Train,0.09495119750499725,0.07422377501733046
2020-03-23,Train,0.12556754052639008,0.1526457115383599
2020-03-24,Train,0.06936513632535934,0.06936725460276882
2020-03-25,Train,0.11693629622459412,0.1002194402995913
2020-03-26,Train,0.056133296340703964,0.04669102135928394
2020-03-27,Train,0.0950872004032135,0.09568265210760263
2020-03-30,Train,0.10166579484939575,0.1032077068170256
2020-03-31,Train,0.10616064816713333,0.09994747578428487
2020-04-01,Train,0.15259267389774323,0.1697109475933281
2020-04-02,Train,0.15375865995883942,0.1574108899735536
2020-04-03,Train,0.15966999530792236,0.1601680272566233
2020-04-06,Train,0.06531747430562973,0.04280335833156079
2020-04-07,Train,0.06901734322309494,0.07418537564669214
2020-04-08,Train,0.05609302222728729,0.04960859841899556
2020-04-09,Train,0.0627913624048233,0.06462210339588204
2020-04-13,Train,0.05404065176844597,0.06171501184373041
2020-04-14,Train,0.011035281233489513,-0.001699238220119081
2020-04-15,Train,0.03168848156929016,0.04569549567350695
2020-04-16,Train,0.02189374342560768,0.02654163499230666
2020-04-17,Train,0.0006324670393951237,-0.01184443249798273
2020-04-20,Train,0.0220743790268898,0.01165740182148656
2020-04-21,Train,0.0511791855096817,0.06232614725219299
2020-04-22,Train,0.037202827632427216,0.03806227773064474
2020-04-23,Train,0.05478130280971527,0.05367662370523729
2020-04-24,Train,0.04338732734322548,0.0515338779516632
2020-04-27,Train,0.04318759962916374,0.05246797961908234
2020-04-28,Train,0.05122385174036026,0.05021274287086297
2020-04-29,Train,0.022522082552313805,0.001552494693564554
2020-04-30,Train,0.018562693148851395,0.01333880645058305
2020-05-01,Train,0.05826141685247421,0.04949703162264529
2020-05-04,Train,0.05071096122264862,0.05673260563992399
2020-05-05,Train,0.03922659158706665,0.04226774232037633
2020-05-06,Train,0.045964520424604416,0.05657533967876005
2020-05-07,Train,0.02749229036271572,0.03178247029207015
2020-05-08,Train,0.02043905295431614,0.02134662918584396
2020-05-11,Train,0.0118930134922266,0.009564941224706303
2020-05-12,Train,0.04020509123802185,0.03678191224808436
2020-05-13,Train,0.04530997574329376,0.04855479772538707
2020-05-14,Train,0.045176997780799866,0.05197673301232753
2020-05-15,Train,0.04791584238409996,0.04832710655106887
2020-05-18,Train,0.043897561728954315,0.0360551047403892
2020-05-19,Train,0.05077267438173294,0.04333069648509102
2020-05-20,Train,0.03265092894434929,0.01573101430161161
2020-05-21,Train,0.04635671526193619,0.04727577906697045
2020-05-22,Train,0.04760595038533211,0.05177218148590534
2020-05-26,Train,0.05222173407673836,0.06225991173432499
2020-05-27,Train,0.04640243947505951,0.06917368708581906
2020-05-28,Train,0.027043916285037994,0.01752249525215421
2020-05-29,Train,0.02145765721797943,0.01079878413554125
2020-06-01,Train,0.02609771117568016,0.02003760783699127
2020-06-02,Train,0.01956893317401409,0.03064126414755153
2020-06-03,Train,0.019876183941960335,0.02927877225189013
2020-06-04,Train,0.035957738757133484,0.03935667807532162
2020-06-05,Train,0.02024885267019272,0.01898286539034966
2020-06-08,Train,0.026336099952459335,0.02148624456980097
2020-06-09,Train,0.018100881949067116,0.02277021461834616
2020-06-10,Train,0.007657366804778576,-0.01019411296560779
2020-06-11,Train,0.05327145382761955,0.05132037555581426
2020-06-12,Train,0.028487449511885643,0.01839917012061609
2020-06-15,Train,0.023044167086482048,0.01713087471367802
2020-06-16,Train,0.018461130559444427,0.01955939831426345
2020-06-17,Train,0.027861401438713074,0.02819969835674585
2020-06-18,Train,0.031325362622737885,0.03238088955967267
2020-06-19,Train,0.053279977291822433,0.05793485439333357
2020-06-22,Train,0.04257698729634285,0.04000153861823552
2020-06-23,Train,0.04150059074163437,0.04480788482790454
2020-06-24,Train,0.06804013252258301,0.07578673609245401
2020-06-25,Train,0.06096935272216797,0.07291794712196653
2020-06-26,Train,0.06982126832008362,0.07626345529566114
2020-06-29,Train,0.07041291892528534,0.07218744458760984
2020-06-30,Train,0.05970777943730354,0.05371561981064055
2020-07-01,Train,0.030980274081230164,0.03445243097437256
2020-07-02,Train,0.0356384702026844,0.02866890406572686
2020-07-06,Train,0.018777048215270042,0.03247023358187695
2020-07-07,Train,0.0316324345767498,0.02879862464554139
2020-07-08,Train,0.0111995879560709,0.01900074090142057
2020-07-09,Train,-0.007136042695492506,-0.01590503862479298
2020-07-10,Train,-0.01614264026284218,-0.03185969475022976
2020-07-13,Train,0.009207232855260372,0.006111187901469695
2020-07-14,Train,-0.007885999977588654,-0.01367284105448274
2020-07-15,Train,-0.007909047417342663,-0.004331180181095906
2020-07-16,Train,0.007669472135603428,0.007757061606596505
2020-07-17,Train,0.021839624270796776,0.02455475594585144
2020-07-20,Train,0.011771840043365955,0.009745880933399897
2020-07-21,Train,0.026265829801559448,0.02416668516216847
2020-07-22,Train,0.025065334513783455,0.02310042383414501
2020-07-23,Train,0.05051830783486366,0.06445488257575405
2020-07-24,Train,0.053501423448324203,0.06225545396032328
2020-07-27,Train,0.039876680821180344,0.03917423740076398
2020-07-28,Train,0.04222678020596504,0.03263114739487705
2020-07-29,Train,0.044101521372795105,0.04654115890675237
2020-07-30,Train,0.04262663051486015,0.04346496339480099
2020-07-31,Train,0.04066026583313942,0.02396627003422847
2020-08-03,Train,0.027024883776903152,0.02205064345436591
2020-08-04,Train,0.01850605197250843,0.02807158887795813
2020-08-05,Train,0.014694700948894024,0.01863131724028766
2020-08-06,Train,0.014920705929398537,0.0192614977614074
2020-08-07,Train,0.032084014266729355,0.03830991951125107
2020-08-10,Train,0.042294297367334366,0.04927678385750944
2020-08-11,Train,0.07444000989198685,0.07794405037845764
2020-08-12,Train,0.0650932639837265,0.07393514009618896
2020-08-13,Train,0.07233303785324097,0.06815170308978136
2020-08-14,Train,0.07520537823438644,0.07484566006428017
2020-08-17,Train,0.07390905171632767,0.07104459188670509
2020-08-18,Train,0.07028856873512268,0.07896539954181359
2020-08-19,Train,0.07796250283718109,0.09655922880390655
2020-08-20,Train,0.04758884012699127,0.02672100590161341
2020-08-21,Train,-0.0023401982616633177,0.00606659624898076
2020-08-24,Train,-0.03494437038898468,-0.04823182470216225
2020-08-25,Train,-0.03306090086698532,-0.02791569606685551
2020-08-26,Train,-0.04808356985449791,-0.06720097167904693
2020-08-27,Train,-0.06948919594287872,-0.07077813588705861
2020-08-28,Train,-0.07480132579803467,-0.05937850883557594
2020-08-31,Train,-0.07584232836961746,-0.05364896589209478
2020-09-01,Train,-0.08587750047445297,-0.08438926027945892
2020-09-02,Train,-0.09018512070178986,-0.1071475802452212
2020-09-03,Train,-0.05849163234233856,-0.07146587899935986
2020-09-04,Train,-0.05196242034435272,-0.05666823318840053
2020-09-08,Train,0.003389178542420268,0.009372100999782695
2020-09-09,Train,-0.05372155085206032,-0.04937383395573613
2020-09-10,Train,-0.012689932249486446,-0.02551950423334193
2020-09-11,Train,0.002989370608702302,0.004104216311562991
2020-09-14,Train,-0.005146549083292484,0.007413899250513722
2020-09-15,Train,-0.00230155186727643,-0.01114450433158021
2020-09-16,Train,0.014789488166570663,0.0117621760264579
2020-09-17,Train,0.033256884664297104,0.04413285125977584
2020-09-18,Train,0.03821698576211929,0.02787875211725921
2020-09-21,Train,0.03980423882603645,0.04728792730996312
2020-09-22,Train,0.02151842787861824,0.009835556986658167
2020-09-23,Train,0.05648656189441681,0.05966084777082248
2020-09-24,Train,0.06229403614997864,0.0603639478858824
2020-09-25,Train,0.055434878915548325,0.05210632649763247
2020-09-28,Train,0.04020374268293381,0.06251798632433836
2020-09-29,Train,0.057588715106248856,0.0672947127565573
2020-09-30,Train,0.042441226541996,0.05118054062817401
2020-10-01,Train,0.03252803161740303,0.02781224483087907
2020-10-02,Train,0.04139752313494682,0.0517662948248836
2020-10-05,Train,0.014007866382598877,0.01299251885807884
2020-10-06,Train,0.029509643092751503,0.03361680432072833
2020-10-07,Train,0.013103409670293331,0.01525431840826297
2020-10-08,Train,0.018678205087780952,0.009843249982675939
2020-10-09,Train,-0.01159919984638691,-0.003395055299827088
2020-10-12,Train,-0.03790094703435898,-0.04773706453287108
2020-10-13,Train,-0.040367912501096725,-0.04026886389368955
2020-10-14,Train,-0.0615982823073864,-0.0699170823832509
2020-10-15,Train,-0.04746012017130852,-0.0472595352176105
2020-10-16,Train,-0.05456104874610901,-0.06630620857263503
2020-10-19,Train,-0.04308658465743065,-0.04869618534558307
2020-10-20,Train,-0.023547664284706116,-0.03431668942707189
2020-10-21,Train,0.0057457503862679005,0.00957106582686329
2020-10-22,Train,0.025357350707054138,0.03592801124569234
2020-10-23,Train,0.02968832477927208,0.03466318555768488
2020-10-26,Train,0.030802052468061447,0.02895138546670384
2020-10-27,Train,0.017142027616500854,0.002688777173206036
2020-10-28,Train,0.06224479153752327,0.06670591275235638
2020-10-29,Train,0.03937382996082306,0.04345301426074788
2020-10-30,Train,0.07660558074712753,0.07999846834342272
2020-11-02,Train,0.08087099343538284,0.08600637186387483
2020-11-03,Train,0.06242655962705612,0.06415436194704038
2020-11-04,Train,0.008472966030240059,0.01115325937962663
2020-11-05,Train,-0.007504752837121487,-0.006827710403239595
2020-11-06,Train,-0.00600023427978158,-0.01435789918560393
2020-11-09,Train,0.014026222750544548,0.006237285884432842
2020-11-10,Train,0.0358264222741127,0.03898802931849499
2020-11-11,Train,0.027519728988409042,0.02250134177916974
2020-11-12,Train,0.033462733030319214,0.03678923749543794
2020-11-13,Train,0.02468295395374298,0.02986973725699915
2020-11-16,Train,0.038663968443870544,0.0349931064832365
2020-11-17,Train,0.03464984521269798,0.03962095844641111
2020-11-18,Train,0.046809934079647064,0.0488435908559397
2020-11-19,Train,0.03507199138402939,0.04494145944120209
2020-11-20,Train,0.049754198640584946,0.05809626983096039
2020-11-23,Train,0.04632376506924629,0.06164121696179925
2020-11-24,Train,0.03389633074402809,0.02322816011660245
2020-11-25,Train,0.02493291161954403,0.02106112548968664
2020-11-27,Train,0.02124463953077793,0.009497997542345482
2020-11-30,Train,0.018069416284561157,0.01475206428064202
2020-12-01,Train,0.012765712104737759,0.01262115994757318
2020-12-02,Train,0.014681195840239525,0.01688334632142419
2020-12-03,Train,0.01432531513273716,0.02208492588294431
2020-12-04,Train,0.009578384459018707,0.014859939474267
2020-12-07,Train,0.004764355719089508,0.005435356965775018
2020-12-08,Train,0.004300251603126526,0.004768241525702654
2020-12-09,Train,0.022116970270872116,0.02286686370935187
2020-12-10,Train,0.0248037651181221,0.02327121777266661
2020-12-11,Train,0.0348656103014946,0.03587870251210679
2020-12-14,Train,0.02965211682021618,0.0293381879340342
2020-12-15,Train,0.013919026590883732,0.01848414370085494
2020-12-16,Train,0.02115979604423046,0.0154054601553415
2020-12-17,Train,-5.871576286153868e-05,-0.005434091451467005
2020-12-18,Train,0.005140677094459534,0.005805288676842713
2020-12-21,Train,0.006651496980339289,-0.004467191579788365
2020-12-22,Train,0.01341075636446476,0.01685175960787433
2020-12-23,Train,0.019850559532642365,0.03513947483230684
2020-12-24,Train,0.016647962853312492,0.0156997541913364
2020-12-28,Train,0.005358597729355097,0.003965782208645852
2020-12-29,Train,0.010813531465828419,0.00984156816826176
2020-12-30,Train,0.006541883107274771,0.0044093838943986
2020-12-31,Train,-0.001758745638653636,-0.005992238609455192
2021-01-04,Train,0.028236063197255135,0.02295433758868604
2021-01-05,Train,0.026904422789812088,0.03819022709400532
2021-01-06,Train,0.03958370164036751,0.06119521455333388
2021-01-07,Train,0.028936706483364105,0.03314496817977264
2021-01-08,Train,0.02536311373114586,0.02846123125414013
2021-01-11,Train,0.03245331346988678,0.04506705141214895
2021-01-12,Train,0.03004727140069008,0.01755217575293355
2021-01-13,Train,0.023597264662384987,0.01670674166731767
2021-01-14,Train,0.022014258429408073,0.0006680179767801775
2021-01-15,Train,0.031901128590106964,0.03386143965942745
2021-01-19,Train,0.02823895588517189,0.03561830815471612
2021-01-20,Train,0.018747709691524506,0.008061327354927927
2021-01-21,Train,0.010530833154916763,0.01188872734699031
2021-01-22,Train,0.015529254451394081,0.01825324712288223
2021-01-25,Train,0.010593469254672527,0.01667124276892129
2021-01-26,Train,0.008627008646726608,0.01497310777128802
2021-01-27,Train,0.033339809626340866,0.04169930072201589
2021-01-28,Train,0.03165140002965927,0.04126720697683561
2021-01-29,Train,0.05866649001836777,0.06958931465645124
2021-02-01,Train,0.029050607234239578,0.04069224790888537
2021-02-02,Train,0.020925309509038925,0.01907348675445064
2021-02-03,Train,0.01628693751990795,0.01865922007102494
2021-02-04,Train,0.000704221602063626,0.002361914978084023
2021-02-05,Train,-0.01651100441813469,-0.02691931224191846
2021-02-08,Train,-0.03836728259921074,-0.03627308613526847
2021-02-09,Train,-0.03537815809249878,-0.02812510751747543
2021-02-10,Train,-0.05106097832322121,-0.05986480368966007
2021-02-11,Train,-0.054300520569086075,-0.06109143626082758
2021-02-12,Train,-0.04836497828364372,-0.0382226642964939
2021-02-16,Train,-0.05017588287591934,-0.05108188058635876
2021-02-17,Train,-0.06299740076065063,-0.07417719149810398
2021-02-18,Train,-0.06519395858049393,-0.08533099230915175
2021-02-19,Train,-0.06473436206579208,-0.06748836045960938
2021-02-22,Train,-0.05001356452703476,-0.06978042373662585
2021-02-23,Train,-0.037966758012771606,-0.03020412355612745
2021-02-24,Train,-0.038947876542806625,-0.04087865918118405
2021-02-25,Train,0.017420297488570213,0.01665448389313129
2021-02-26,Train,0.008748196996748447,0.004201874148754392
2021-03-01,Train,-0.004928461741656065,-0.01471000284154222
2021-03-02,Train,-0.0035683871246874332,0.006846710796388988
2021-03-03,Train,0.02649674005806446,0.04120840368568168
2021-03-04,Train,0.036584436893463135,0.0261098397962658
2021-03-05,Train,0.021726230159401894,0.0144486914554931
2021-03-08,Train,0.06289784610271454,0.06224572500563164
2021-03-09,Train,0.01321175042539835,0.01748087500106443
2021-03-10,Train,0.0173648614436388,0.003184477029161803
2021-03-11,Train,-0.011660543270409107,-0.02109804361833456
2021-03-12,Train,0.00017135377856902778,0.001711813096903603
2021-03-15,Train,-0.00841225404292345,-0.009158432497359925
2021-03-16,Train,-0.007036341819912195,-0.01952704320372711
2021-03-17,Train,-0.0003063662152271718,-0.00860512291454918
2021-03-18,Train,0.0455365814268589,0.04015510330782801
2021-03-19,Train,0.04685923084616661,0.0571947764792653
2021-03-22,Train,0.03875732421875,0.03832278501624287
2021-03-23,Train,0.052938543260097504,0.04539434411787191
2021-03-24,Train,0.07338833808898926,0.0744220085884082
2021-03-25,Train,0.07585462182760239,0.08280602541095994
2021-03-26,Train,0.06527191400527954,0.06541143489789358
2021-03-29,Train,0.07126878947019577,0.07815517759866242
2021-03-30,Train,0.06878680735826492,0.07059685010288708
2021-03-31,Train,0.05751800164580345,0.07044145058376716
2021-04-01,Train,0.0497480072081089,0.05373263717489807
2021-04-05,Train,0.017882592976093292,0.02365206880702408
2021-04-06,Train,0.01964712142944336,0.01689739500069654
2021-04-07,Train,0.01984860748052597,0.02312892328770455
2021-04-08,Train,0.007660863921046257,0.0003581999509831846
2021-04-09,Train,0.00965375266969204,0.006852446312923144
2021-04-12,Train,-0.000443710625404492,0.01473250143242355
2021-04-13,Train,-0.00033766793785616755,-0.001321233702193392
2021-04-14,Train,0.0013336514821276069,0.007399453692653157
2021-04-15,Train,-0.011081946082413197,-0.004068921256587088
2021-04-16,Train,-0.009558138437569141,-0.0117540990510917
2021-04-19,Train,-0.006890678778290749,-0.00793792021555384
2021-04-20,Train,-0.020342208445072174,-0.01863793866239916
2021-04-21,Train,-0.028921110555529594,-0.03023964604683183
2021-04-22,Train,-0.02558065392076969,-0.01100836010449535
2021-04-23,Train,-0.02916680835187435,-0.01537917922984977
2021-04-26,Train,-0.04041435196995735,-0.04645375081334346
2021-04-27,Train,-0.04192500561475754,-0.04362780127641808
2021-04-28,Train,-0.04169727489352226,-0.06522119572732299
2021-04-29,Train,-0.03832721710205078,-0.0613720675089513
2021-04-30,Train,-0.03026062808930874,-0.03432047078640887
2021-05-03,Train,-0.022763289511203766,-0.03503970580252447
2021-05-04,Train,-0.014861823059618473,-0.0239898621079554
2021-05-05,Train,-0.013800671324133873,-0.01957269083457036
2021-05-06,Train,-0.014771969057619572,-0.008084290411786155
2021-05-07,Train,-0.013456045649945736,-0.02151406995446836
2021-05-10,Train,0.018003936856985092,0.0207207754102674
2021-05-11,Train,0.01804984174668789,0.02354678220650031
2021-05-12,Train,0.041547052562236786,0.05440370298035835
2021-05-13,Train,0.03556763008236885,0.04239997714096333
2021-05-14,Train,0.020101940259337425,0.02310112959633659
2021-05-17,Train,0.029312971979379654,0.0259239960764861
2021-05-18,Train,0.03559218719601631,0.03491403375762014
2021-05-19,Train,0.028473500162363052,0.02297034547329213
2021-05-20,Train,0.02502957545220852,0.02058820608734901
2021-05-21,Train,0.028337625786662102,0.02932630822146387
2021-05-24,Train,0.015007992275059223,0.01278157010369596
2021-05-25,Train,0.02286253310739994,0.01162265400186113
2021-05-26,Train,0.01724892668426037,0.01861551231498848
2021-05-27,Train,0.029217854142189026,0.02511411087759852
2021-05-28,Train,0.02692098170518875,0.03168333878926566
2021-06-01,Train,0.026311300694942474,0.02836368677863232
2021-06-02,Train,0.029032740741968155,0.02261075514235422
2021-06-03,Train,0.04239320755004883,0.04648483738754727
2021-06-04,Train,0.022487211972475052,0.02094755259667203
2021-06-07,Train,0.02668074518442154,0.0230540080431858
2021-06-08,Train,0.03033597767353058,0.03210000369734267
2021-06-09,Train,0.03215115889906883,0.03235955947924429
2021-06-10,Train,0.02731487900018692,0.02802999375301995
2021-06-11,Train,0.023319991305470467,0.0240886222481056
2021-06-14,Train,0.02881084568798542,0.02670454102541742
2021-06-15,Train,0.029388809576630592,0.03719388799605117
2021-06-16,Train,0.0382561981678009,0.03935363340032083
2021-06-17,Train,0.03498207405209541,0.02672731535358341
2021-06-18,Train,0.035809554159641266,0.04672681766764941
2021-06-21,Train,0.040219247341156006,0.04596938600076506
2021-06-22,Train,0.032022930681705475,0.03849585580130754
2021-06-23,Train,0.03487188741564751,0.03171909785774907
2021-06-24,Train,0.02652226947247982,0.03178140173094302
2021-06-25,Train,0.02778770588338375,0.03708585328664782
2021-06-28,Train,0.02215999737381935,0.02462475526016461
2021-06-29,Train,0.014674191363155842,0.02276125330888656
2021-06-30,Train,0.01260354369878769,0.01718250843252278
2021-07-01,Train,0.013957148417830467,0.008545558611014359
2021-07-02,Train,0.00701697263866663,-0.01106959920407868
2021-07-06,Train,0.0035101519897580147,-0.003886820530817237
2021-07-07,Train,0.008870028890669346,0.001689944122269749
2021-07-08,Train,0.01876687817275524,0.01443828456109242
2021-07-09,Train,0.017700746655464172,0.01991635203155218
2021-07-12,Train,0.01171459536999464,0.01674845919581358
2021-07-13,Train,0.008906125091016293,0.005545994077525318
2021-07-14,Train,0.012395944446325302,0.007601782555346714
2021-07-15,Train,0.01837877370417118,0.01653173791822748
2021-07-16,Train,0.0207660011947155,0.01949105453506483
2021-07-19,Train,0.02286539226770401,0.02799783545220569
2021-07-20,Train,0.020153846591711044,0.02235287723366941
2021-07-21,Train,0.016468552872538567,0.01598627840006039
2021-07-22,Train,0.015713181346654892,0.01571644739346612
2021-07-23,Train,0.001475952798500657,-0.0004074535825331349
2021-07-26,Train,-0.0030030137859284878,0.0006513630174878049
2021-07-27,Train,0.00459606247022748,0.006613077163090342
2021-07-28,Train,-0.001862294739112258,0.001038747223465863
2021-07-29,Train,-0.0026565820444375277,0.002865061562683513
2021-07-30,Train,0.009161386638879776,0.01165756895690095
2021-08-02,Train,0.008349220268428326,0.01201317830359261
2021-08-03,Train,0.001177983358502388,-0.002944267003227252
2021-08-04,Train,-0.0026660303119570017,-0.01396527721989127
2021-08-05,Train,-0.008353006094694138,-0.01544626765831114
2021-08-06,Train,-0.0012738429941236973,-0.0008693840979574485
2021-08-09,Train,0.0007230989867821336,0.01220405138155911
2021-08-10,Train,0.020076105371117592,0.02052665700160206
2021-08-11,Train,0.024325266480445862,0.02345647726256628
2021-08-12,Train,0.020763114094734192,0.01330507622419685
2021-08-13,Train,0.022785738110542297,0.01957594782637773
2021-08-16,Train,0.027779392898082733,0.03057075842440371
2021-08-17,Train,0.03788692504167557,0.03888114399568576
2021-08-18,Train,0.04317961633205414,0.05071642293298195
2021-08-19,Train,0.03575555235147476,0.04516980664737535
2021-08-20,Train,0.03589720278978348,0.03763629816551783
2021-08-23,Train,0.02375798672437668,0.02379223027046362
2021-08-24,Train,0.02042977325618267,0.01712210846412221
2021-08-25,Train,0.0062455241568386555,0.01246001488749782
2021-08-26,Train,0.007366026286035776,0.01119698931262025
2021-08-27,Train,-0.0025678579695522785,0.0007711361045485976
2021-08-30,Train,-0.013733411207795143,-0.01314889778465467
2021-08-31,Train,-0.010126614943146706,-0.00500072207663782
2021-09-01,Train,-0.008345957845449448,-0.005964551720432754
2021-09-02,Train,-0.017697086557745934,-0.01727131290650497
2021-09-03,Train,-0.03372129425406456,-0.04159130647735321
2021-09-07,Train,-0.03397877514362335,-0.04176805649398052
2021-09-08,Train,-0.02600574679672718,-0.02943954905986412
2021-09-09,Train,-0.026191482320427895,-0.01710277548553929
2021-09-10,Train,-0.018215995281934738,-0.008656655241314426
2021-09-13,Train,-0.02033190429210663,-0.01589025770499342
2021-09-14,Train,-0.041077762842178345,-0.04101160328288
2021-09-15,Train,-0.04589113965630531,-0.04964948980226092
2021-09-16,Train,-0.044471655040979385,-0.05379188029616833
2021-09-17,Train,-0.03422592207789421,-0.03651390842571067
2021-09-20,Train,-0.02783006802201271,-0.03576706768726834
2021-09-21,Train,-0.024164415895938873,-0.02395190266246805
2021-09-22,Train,-0.025846559554338455,-0.02678787158125429
2021-09-23,Train,-0.03039095737040043,-0.02683792554768283
2021-09-24,Train,-0.03722405061125755,-0.0325984607395059
2021-09-27,Train,-0.026010947301983833,-0.03229375255291667
2021-09-28,Train,-0.0015593748539686203,-0.007586018578350839
2021-09-29,Train,0.006670932751148939,0.002004011420478236
2021-09-30,Train,0.025181856006383896,0.02422062139540082
2021-10-01,Train,0.023755738511681557,0.02432120035470819
2021-10-04,Train,0.05053974315524101,0.05680335504695422
2021-10-05,Train,0.042692121118307114,0.05061837845075434
2021-10-06,Train,0.03879568353295326,0.04256678896493504
2021-10-07,Train,0.04114777594804764,0.03939716159703699
2021-10-08,Train,0.04508029296994209,0.03582900185567772
2021-10-11,Train,0.06201435625553131,0.05452154699820944
2021-10-12,Train,0.06149641051888466,0.06154443514369778
2021-10-13,Train,0.06197638437151909,0.05555555555555558
2021-10-14,Train,0.05161196365952492,0.04797751439769082
2021-10-15,Train,0.048249732702970505,0.04653868595580968
2021-10-18,Train,0.04088042676448822,0.0396618784955689
2021-10-19,Train,0.033019039779901505,0.03616796688980561
2021-10-20,Train,0.04666410759091377,0.04853587166308104
2021-10-21,Train,0.04545403644442558,0.05553055588069067
2021-10-22,Train,0.05340252071619034,0.06549050949018342
2021-10-25,Train,0.04949725419282913,0.05326384587867738
2021-10-26,Train,0.03781256452202797,0.0427305666165767
2021-10-27,Train,0.03221486136317253,0.02502634148848681
2021-10-28,Train,0.02215006574988365,0.01657903049541787
2021-10-29,Train,0.019715314731001854,0.02224761643407724
2021-11-01,Train,0.020948603749275208,0.01853236148856907
2021-11-02,Train,0.01910649612545967,0.02151401078881343
2021-11-03,Train,0.01273202896118164,0.01131800267034633
2021-11-04,Train,0.005498322192579508,0.008864443695635549
2021-11-05,Train,0.00604121433570981,0.01352228812926715
2021-11-08,Train,0.005430151242762804,0.003115083761192183
2021-11-09,Train,0.009822756052017212,0.005463937119524198
2021-11-10,Train,0.018777290359139442,0.02374778508404929
2021-11-11,Train,0.009082331322133541,0.001561780575181304
2021-11-12,Train,0.006593589670956135,0.01264248816835001
2021-11-15,Train,-0.008491003885865211,-0.002001921027517728
2021-11-16,Train,-0.01888738013803959,-0.02591721091675669
2021-11-17,Train,-0.02089424431324005,-0.01941503690844038
2021-11-18,Train,-0.03199593350291252,-0.0463472187111077
2021-11-19,Train,-0.031341854482889175,-0.04403569013435926
2021-11-22,Train,-0.013412559404969215,-0.00368144569407125
2021-11-23,Train,-0.0013987916754558682,0.005358695547856396
2021-11-24,Train,-0.010948318056762218,-0.01261410035137001
2021-11-26,Train,0.01478393841534853,0.01740796867610972
2021-11-29,Train,-0.015326714143157005,-0.01858938835196533
2021-11-30,Train,-0.00804691668599844,-0.0142704662349995
2021-12-01,Train,0.011178414337337017,0.02565094234611998
2021-12-02,Train,-0.0014518960379064083,-0.007873630569579237
2021-12-03,Train,0.01030899677425623,0.004645939385095499
2021-12-06,Train,0.0018977825529873371,-0.01426724389296818
2021-12-07,Train,-0.010319758206605911,-0.02166753489715056
2021-12-08,Train,-0.015447348356246948,-0.01416374302947365
2021-12-09,Train,0.0026284914929419756,0.008102004806326502
2021-12-10,Train,0.006069636438041925,0.01374337601188524
2021-12-13,Train,0.024301841855049133,0.02383616823831747
2021-12-14,Train,0.029193265363574028,0.03438942598182559
2021-12-15,Train,0.011776715517044067,0.00831134217857632
2021-12-16,Train,0.024969829246401787,0.02846140489570304
2022-01-03,Test,0.012538394890725613,-0.07749951566031643
2022-01-04,Test,0.009560526348650455,-0.07564252059938437
2022-01-05,Test,0.018363000825047493,-0.05873170476036571
2022-01-06,Test,0.013945295475423336,-0.08418829096710023
2022-01-07,Test,0.019099539145827293,-0.06992049329442351
2022-01-10,Test,0.02849532850086689,-0.09207861237222859
2022-01-11,Test,0.01720399409532547,-0.1069151397463328
2022-01-12,Test,0.017189927399158478,-0.1194010565928328
2022-01-13,Test,0.02181125618517399,-0.06847433039871875
2022-01-14,Test,0.023476285859942436,-0.04463046113736979
2022-01-18,Test,0.032178912311792374,-0.01357441356092337
2022-01-19,Test,0.052830956876277924,0.005484553557606908
2022-01-20,Test,0.04261353984475136,-0.02258656806414594
2022-01-21,Test,0.0819096490740776,0.01797039233514086
2022-01-24,Test,0.06747128069400787,0.005179782488178741
2022-01-25,Test,0.07361792773008347,0.04059578209930104
2022-01-26,Test,0.07422224432229996,0.06431205035572995
2022-01-27,Test,0.06476731598377228,0.05080617491107997
2022-01-28,Test,0.06793269515037537,-0.01347353723378875
2022-01-31,Test,0.046558018773794174,-0.04285910503174817
2022-02-01,Test,0.03024471178650856,-0.02568938611592086
2022-02-02,Test,0.02944481186568737,-0.03378648543895157
2022-02-03,Test,0.035375356674194336,-0.02291041115996495
2022-02-04,Test,0.026571132242679596,-0.04608809684064952
2022-02-07,Test,0.05062321946024895,-0.04801063857212828
2022-02-08,Test,0.048079028725624084,-0.08270211097480518
2022-02-09,Test,0.0274161659181118,-0.07155133194957253
2022-02-10,Test,0.05075828731060028,-0.03532071512096091
2022-02-11,Test,0.07222213596105576,-0.0007491781462976022
2022-02-14,Test,0.0694262832403183,-0.01726668441860191
2022-02-15,Test,0.05488291755318642,-0.02501896369288314
2022-02-16,Test,0.05115918070077896,-0.03870351210138856
2022-02-17,Test,0.05853363871574402,-0.02359248552921778
2022-02-18,Test,0.07544221729040146,-0.04875413293299735
2022-02-22,Test,0.07943698763847351,-0.04356951329209025
2022-02-23,Test,0.0759083703160286,0.01690843476291248
2022-02-24,Test,0.057122666388750076,-0.0270786263477425
2022-02-25,Test,0.04589393362402916,-0.06180407726577597
2022-02-28,Test,0.05255899205803871,-0.08255471560836902
2022-03-01,Test,0.05315449461340904,-0.03906409183102255
2022-03-02,Test,0.004248659126460552,-0.01987210953351315
2022-03-03,Test,0.016060374677181244,0.006369405170280062
2022-03-04,Test,0.03809407353401184,0.04206938320470943
2022-03-07,Test,0.0788709819316864,0.07763344935637462
2022-03-08,Test,0.08873367309570312,0.1039430484525885
2022-03-09,Test,0.046680793166160583,0.05027014785160766
2022-03-10,Test,0.048781488090753555,0.08567031673261893
2022-03-11,Test,0.06658466905355453,0.1077374009389893
2022-03-14,Test,0.0965101346373558,0.1469025623465645
2022-03-15,Test,0.07884133607149124,0.1311595591816435
2022-03-16,Test,0.031436458230018616,0.07866122601533809
2022-03-17,Test,0.02312525175511837,0.05254908249687018
2022-03-18,Test,0.009848332032561302,0.02947456871313037
2022-03-21,Test,0.009628326632082462,0.05490174233863443
2022-03-22,Test,-0.015465191565454006,0.01159797945859853
2022-03-23,Test,-0.0021216676104813814,0.004064529028044106
2022-03-24,Test,-0.026968833059072495,-0.01543163599932151
2022-03-25,Test,-0.011064622551202774,-0.02838461676300352
2022-03-28,Test,-0.03451681137084961,-0.06582441909680647
2022-03-29,Test,-0.04659868776798248,-0.08550874222261762
2022-03-30,Test,-0.028501421213150024,-0.05649838034617738
2022-03-31,Test,-0.012318367138504982,-0.06650304876945234
2022-04-01,Test,-0.03855554759502411,-0.06400443076262907
2022-04-04,Test,-0.04662054404616356,-0.06238824475743032
2022-04-05,Test,-0.03884200379252434,-0.05508173445650866
2022-04-06,Test,-0.02145840786397457,-0.0540961765862471
2022-04-07,Test,-0.012975639663636684,-0.08105058376825114
2022-04-08,Test,0.011103908531367779,-0.05605043009114541
2022-04-11,Test,0.014586088247597218,-0.0696705652246622
2022-04-12,Test,0.021983802318572998,-0.06684342797303411
2022-04-13,Test,0.024559305980801582,-0.05295220445992788
2022-04-14,Test,0.04086662083864212,-0.07440236746364226
2022-04-18,Test,0.023382939398288727,-0.05967105999408551
2022-04-19,Test,-0.008735951967537403,-0.07924681357220464
2022-04-20,Test,-0.008761665783822536,-0.03402592433490037
2022-04-21,Test,0.014369623735547066,-0.06329491031813805
2022-04-22,Test,0.04932830482721329,-0.04963120528398657
2022-04-25,Test,0.044527869671583176,-0.09839794282736414
2022-04-26,Test,0.04703310877084732,-0.05164912696674495
2022-04-27,Test,0.04619394242763519,-0.07867158940351415
2022-04-28,Test,0.03995801880955696,-0.1123746677593115
2022-04-29,Test,0.06369833648204803,-0.03610533937300475
2022-05-02,Test,0.03892810642719269,-0.06292391312992685
2022-05-03,Test,0.019566519185900688,-0.03967754095062226
2022-05-04,Test,0.019408708438277245,-0.1166868651179551
2022-05-05,Test,0.03543786332011223,-0.07482432405026962
2022-05-06,Test,0.07107950001955032,-0.06651578762883992
2022-05-09,Test,0.09124547243118286,-0.01235060738865346
2022-05-10,Test,0.08863875269889832,-0.04495284975481229
2022-05-11,Test,0.09531910717487335,-0.001987344365212085
2022-05-12,Test,0.09066752344369888,0.02809545886059528
2022-05-13,Test,0.09649962186813354,0.023713332464117
2022-05-16,Test,0.0909358412027359,0.03297143900748534
2022-05-17,Test,0.044186584651470184,-0.000555290917719109
2022-05-18,Test,0.07913333177566528,0.0798241020302144
2022-05-19,Test,0.08583885431289673,0.05739355758488518
2022-05-20,Test,0.08466716855764389,0.06422339273696842
2022-05-23,Test,0.07501979917287827,0.05584702029884725
2022-05-24,Test,0.07161568850278854,0.07102083660919556
2022-05-25,Test,0.06749807298183441,0.02794748286045023
2022-05-26,Test,0.06697108596563339,-0.03504490263237448
2022-05-27,Test,0.037621527910232544,-0.1089938588681997
2022-05-31,Test,0.04416907578706741,-0.1050019308594904
2022-06-01,Test,0.07345635443925858,-0.07581703335631129
2022-06-02,Test,0.04188425838947296,-0.1367453068473609
2022-06-03,Test,0.04569188132882118,-0.1029066247858936
2022-06-06,Test,0.03967130184173584,-0.08508565374836652
2022-06-07,Test,0.04002414643764496,-0.09423300787289912
2022-06-08,Test,0.049140434712171555,-0.0740801178642696
2022-06-09,Test,0.05298689007759094,-0.01599869286095579
2022-06-10,Test,0.08452855050563812,0.01249832403722073
2022-06-13,Test,0.08329160511493683,0.0295196426226656
2022-06-14,Test,0.08355416357517242,0.02859622350091295
2022-06-15,Test,0.08891177922487259,-0.008910852625342747
2022-06-16,Test,0.0950135663151741,0.03957400661291
2022-06-17,Test,0.08899065107107162,0.04466849504757331
2022-06-21,Test,0.07048822939395905,0.02746549590686809
2022-06-22,Test,0.05135121941566467,0.05098513155655726
2022-06-23,Test,0.04879823327064514,0.03686150526598286
2022-06-24,Test,0.04445720091462135,-0.01890627298322523
2022-06-27,Test,0.0392211377620697,-0.02123447328926786
2022-06-28,Test,0.04675930365920067,0.00744157892351982
2022-06-29,Test,0.0448148287832737,0.01011284622344411
2022-06-30,Test,0.06659591943025589,0.0413514927514218
2022-07-01,Test,0.04649928957223892,0.02576822347091934
2022-07-05,Test,0.03977776691317558,0.0395176912307158
2022-07-06,Test,0.03869618847966194,0.0492728933095703
2022-07-07,Test,0.03149661421775818,0.04203672599720365
2022-07-08,Test,0.003369145095348358,0.02248174705820771
2022-07-11,Test,0.0073965671472251415,0.03885268522265717
2022-07-12,Test,0.03681569546461105,0.02840275698778361
2022-07-13,Test,0.028121421113610268,0.07407668165320347
2022-07-14,Test,0.037235699594020844,0.08071993249022769
2022-07-15,Test,0.02201925404369831,0.08082364317174529
2022-07-18,Test,0.04930654913187027,0.08939183021006203
2022-07-19,Test,0.008762985467910767,0.05373784591108421
2022-07-20,Test,0.003971565514802933,0.06553811817029076
2022-07-21,Test,-0.0034178413916379213,0.05537116514836637
2022-07-22,Test,-0.011028731241822243,0.06543266467305497
2022-07-25,Test,-0.0031433370895683765,0.06807207909304447
2022-07-26,Test,-0.002856900217011571,0.07714777943328555
2022-07-27,Test,-0.02715681679546833,0.06231868345012459
2022-07-28,Test,-0.02317761816084385,0.04606045358808353
2022-07-29,Test,-0.02330348640680313,0.04732778671708493
2022-08-01,Test,-0.022449973970651627,0.05642785283996821
2022-08-02,Test,-0.023478586226701736,0.05710563094146437
2022-08-03,Test,-0.0256469938904047,0.01734329131247603
2022-08-04,Test,-0.025098519399762154,0.01504317193165461
2022-08-05,Test,-0.02538369596004486,0.003449837922494092
2022-08-08,Test,-0.014997654594480991,-0.01979983871006108
2022-08-09,Test,-0.004137052223086357,-0.009398197915183926
2022-08-10,Test,-0.014517273753881454,-0.03350407497176522
2022-08-11,Test,-0.014327768236398697,-0.01079980296536931
2022-08-12,Test,-0.019139910116791725,-0.06946339534943868
2022-08-15,Test,-0.0151242446154356,-0.08602051914518527
2022-08-16,Test,-0.009766672737896442,-0.0940773139534894
2022-08-17,Test,-0.008935854770243168,-0.08895248588809324
2022-08-18,Test,-0.005108275450766087,-0.09074345539839446
2022-08-19,Test,0.0036135874688625336,-0.08576464467616352
2022-08-22,Test,-0.00028487350209616125,-0.06778851810532394
2022-08-23,Test,0.0003618866903707385,-0.04816938742059818
2022-08-24,Test,0.003541732206940651,-0.04599860418001966
2022-08-25,Test,0.0008951926720328629,-0.04207995133636977
2022-08-26,Test,-0.0027658953331410885,0.01073376192676068
2022-08-29,Test,0.00016978010535240173,-0.03518278416029341
2022-08-30,Test,0.017011217772960663,-0.01657693979301944
2022-08-31,Test,0.02379424124956131,-0.02729970665312187
2022-09-01,Test,0.026069367304444313,-0.0336672905068619
2022-09-02,Test,0.02781396545469761,-0.01395814428071751
2022-09-06,Test,0.030863868072628975,-0.01474143315676424
2022-09-07,Test,0.020647678524255753,-0.05154364517908117
2022-09-08,Test,0.02347765862941742,-0.06804865711785568
2022-09-09,Test,0.014346270821988583,-0.102836259561898
2022-09-12,Test,0.013051110319793224,-0.1170431751952992
2022-09-13,Test,0.020937349647283554,-0.06544092755145958
2022-09-14,Test,0.012207617051899433,-0.05435258725209946
2022-09-15,Test,0.03727518394589424,-0.06605980962944369
2022-09-16,Test,0.051253966987133026,-0.0762477429840267
2022-09-19,Test,0.04376903548836708,-0.06019580741619646
2022-09-20,Test,0.047461166977882385,-0.02285874641492724
2022-09-21,Test,0.046015359461307526,-0.005571965671706369
2022-09-22,Test,0.059792496263980865,-0.00110685739453309
2022-09-23,Test,0.07352869212627411,-0.02326595562739198
2022-09-26,Test,0.08058016002178192,-0.0290118875851505
2022-09-27,Test,0.06993039697408676,-0.04273539243960611
2022-09-28,Test,0.08480917662382126,-0.06172750813958328
2022-09-29,Test,0.09073717147111893,-0.01121855242486058
2022-09-30,Test,0.10310821980237961,-0.02439579171222717
2022-10-03,Test,0.0831734910607338,-0.0152816608578058
2022-10-04,Test,0.05719167739152908,-0.03774853334337136
2022-10-05,Test,0.0543641522526741,-0.0407476427558201
2022-10-06,Test,0.08628001809120178,-0.03806843023413098
2022-10-07,Test,0.09363362193107605,0.02348571973568681
2022-10-10,Test,0.09462422132492065,0.04519353019563166
2022-10-11,Test,0.09888184815645218,0.08167456310210519
2022-10-12,Test,0.10973680019378662,0.05813595066158395
2022-10-13,Test,0.10775913298130035,0.01506579749506565
2022-10-14,Test,0.11211053282022476,0.0785457227635813
2022-10-17,Test,0.07419634610414505,0.03192873921900152
2022-10-18,Test,0.07271303981542587,0.01337105576224973
2022-10-19,Test,0.08343630284070969,-0.01778253440885547
2022-10-20,Test,0.08675187826156616,-0.03203149487718349
2022-10-21,Test,0.08317065238952637,-0.03899506291604737
2022-10-24,Test,0.08709421008825302,-0.03900167137024957
2022-10-25,Test,0.06439175456762314,-0.05161670367410343
2022-10-26,Test,0.06484882533550262,-0.05256714185793454
2022-10-27,Test,0.07261503487825394,0.03620773650312636
2022-10-28,Test,0.061440374702215195,0.02396696609458226
2022-10-31,Test,0.06489692628383636,0.0269472563606008
2022-11-01,Test,0.06508368998765945,0.05190661937852448
2022-11-02,Test,0.0870196670293808,0.0743752270037843
2022-11-03,Test,0.09937786310911179,0.09336254073462436
2022-11-04,Test,0.080106720328331,0.07609194198938929
2022-11-07,Test,0.06960993260145187,0.0534400332831948
2022-11-08,Test,0.060983847826719284,0.06088151347436965
2022-11-09,Test,0.08429397642612457,0.09684034365304628
2022-11-10,Test,0.03555212914943695,0.01474805809985624
2022-11-11,Test,0.03280467540025711,-0.01823169938806934
2022-11-14,Test,0.03237871825695038,-0.01706136167157291
2022-11-15,Test,0.019098054617643356,0.01371840942040747
2022-11-16,Test,0.05092522129416466,0.02900784300895798
2022-11-17,Test,0.04384194687008858,0.02717597802297189
2022-11-18,Test,0.03291885554790497,0.009901015559657056
2022-11-21,Test,0.06247515603899956,-0.0007450493516706347
2022-11-22,Test,0.045386165380477905,-0.01895440879999066
2022-11-23,Test,0.03191808611154556,-0.01720795337811898
2022-11-25,Test,0.03998517245054245,-0.0170082415113284
2022-11-28,Test,0.04777874797582626,0.01015172864042024
2022-11-29,Test,0.047857291996479034,0.02879846869351432
2022-11-30,Test,0.011828065849840641,-0.02335006793011829
2022-12-01,Test,0.013493690639734268,-0.05729942292768642
2022-12-02,Test,0.012904579751193523,-0.06255337055737376
2022-12-05,Test,0.021766183897852898,-0.06219584806482237
2022-12-06,Test,0.03147688880562782,-0.0430984963310217
2022-12-07,Test,0.026755070313811302,-0.0252378947102756
2022-12-08,Test,0.020775150507688522,-0.060207842065919
2022-12-09,Test,0.02689097449183464,-0.05204943535881801
2022-12-12,Test,0.032397959381341934,-0.07703621063947674
2022-12-13,Test,0.023879533633589745,-0.09890867277553916
2022-12-14,Test,0.02499757520854473,-0.07004993417380667
2022-12-15,Test,0.049670834094285965,-0.0383185211016438
2022-12-16,Test,0.049489475786685944,-0.03562439020482
2022-12-19,Test,0.046416234225034714,-0.01486565251390171
2022-12-20,Test,0.042496319860219955,-0.02953187549272351
2022-12-21,Test,0.04200495406985283,-0.01700502543968407
2022-12-22,Test,0.04277579486370087,0.01417003539105433
2022-12-23,Test,0.06362838298082352,0.02045931149162206
2022-12-27,Test,0.05638357624411583,0.05300099374909473
2022-12-28,Test,0.06631443649530411,0.0728565215100816
2022-12-29,Test,0.06453965604305267,0.0545338486944813
2022-12-30,Test,0.06545338779687881,0.05730813367726162
