Date,Type,Prediction,Actual
2009-01-02,Train,-0.04142478108406067,-0.05188529083869675
2009-01-05,Train,-0.055315859615802765,-0.09864607763167066
2009-01-06,Train,-0.05827970430254936,-0.06958188032187862
2009-01-07,Train,-0.039040278643369675,-0.05519054782197275
2009-01-08,Train,-0.052633270621299744,-0.0604681598345741
2009-01-09,Train,-0.0345287062227726,-0.03192547702745385
2009-01-12,Train,-0.0016846404178068042,-0.006775093490449247
2009-01-13,Train,0.008872348815202713,0.02776836016786999
2009-01-14,Train,0.028133714571595192,0.03318200456817677
2009-01-15,Train,0.028253305703401566,-0.001374601890136606
2009-01-16,Train,0.03448789194226265,-0.000339912605571091
2009-01-20,Train,0.03764476254582405,0.06831193910236721
2009-01-21,Train,0.025268761441111565,0.02607204935943508
2009-01-22,Train,0.0568978413939476,0.06293461236223208
2009-01-23,Train,0.054784003645181656,0.08546717139468041
2009-01-26,Train,0.035046085715293884,0.08210234763095636
2009-01-27,Train,0.018843093886971474,0.03478855622033761
2009-01-28,Train,-0.010742670856416225,-0.004942326742831127
2009-01-29,Train,-0.004325879272073507,0.03346855218632894
2009-01-30,Train,0.035396892577409744,0.04714387007608201
2009-02-02,Train,-0.013931524008512497,-0.00646040581582441
2009-02-03,Train,-0.030272623524069786,-0.02109143121575496
2009-02-04,Train,-0.030558113008737564,-0.03744563482442376
2009-02-05,Train,-0.05487428605556488,-0.05561003835661293
2009-02-06,Train,-0.0548953115940094,-0.1118903453930418
2009-02-09,Train,-0.05538931488990784,-0.08634918455093621
2009-02-10,Train,-0.03822017088532448,-0.05767963056027647
2009-02-11,Train,-0.046239983290433884,-0.07980131743471974
2009-02-12,Train,-0.06622926145792007,-0.09944386779609327
2009-02-13,Train,-0.06356047093868256,-0.1245481721169326
2009-02-17,Train,-0.03221665322780609,-0.08898010045239146
2009-02-18,Train,-0.029495293274521828,-0.06532147272103306
2009-02-19,Train,-0.011798991821706295,-0.07919418597224959
2009-02-20,Train,-0.015238078311085701,-0.08901979658692294
2009-02-23,Train,0.00478143896907568,-0.07609478796801239
2009-02-24,Train,-0.004676075652241707,-0.05038223517528551
2009-02-25,Train,-0.01382892020046711,-0.02938090759372924
2009-02-26,Train,0.03485972061753273,0.03166603568821436
2009-02-27,Train,0.03235037624835968,0.04395201795471126
2009-03-02,Train,0.07658687978982925,0.06081084370680911
2009-03-03,Train,0.08045441657304764,0.1018031179202135
2009-03-04,Train,0.07007113099098206,0.08671792337539164
2009-03-05,Train,0.08053988218307495,0.1195775197632902
2009-03-06,Train,0.08028587698936462,0.1095057472114636
2009-03-09,Train,0.10297691076993942,0.2004661963207142
2009-03-10,Train,0.09002549201250076,0.1097694843898553
2009-03-11,Train,0.07736852020025253,0.09801799327403571
2009-03-12,Train,0.06643056124448776,0.0955702742876432
2009-03-13,Train,0.07128778845071793,0.07237299722584956
2009-03-16,Train,0.07078640908002853,0.0636942400029048
2009-03-17,Train,0.0711437240242958,0.03375382794726822
2009-03-18,Train,0.06994792073965073,0.03602692482619041
2009-03-19,Train,0.07017935067415237,0.07008085924255636
2009-03-20,Train,0.07126940041780472,0.1086359882039836
2009-03-23,Train,0.06218591704964638,0.04433659728629347
2009-03-24,Train,0.061123646795749664,0.03593802028782545
2009-03-25,Train,0.05962229147553444,0.04857241493065279
2009-03-26,Train,0.05574239045381546,0.04871056309231192
2009-03-27,Train,0.058763451874256134,0.06716416986765394
2009-03-30,Train,0.061851657927036285,0.08083839839310625
2009-03-31,Train,0.060478370636701584,0.06860164419492909
2009-04-01,Train,0.05888643115758896,0.08027303165281263
2009-04-02,Train,0.03861655294895172,0.04880356212968917
2009-04-03,Train,0.019854741171002388,-0.003400210226973899
2009-04-06,Train,0.021168695762753487,0.01301512745545264
2009-04-07,Train,0.03514738008379936,0.04360282736813392
2009-04-08,Train,0.016496973112225533,0.03630672362166742
2009-04-09,Train,0.01382207777351141,0.02276867125889526
2009-04-13,Train,0.011832738295197487,0.02553968282687968
2009-04-14,Train,0.01603582315146923,0.03047084680286938
2009-04-15,Train,0.03430396318435669,0.04753077247851456
2009-04-16,Train,0.01298568956553936,0.03128751649563832
2009-04-17,Train,0.01196092925965786,0.03182220098746935
2009-04-20,Train,0.028213417157530785,0.08715872866937713
2009-04-21,Train,0.042020950466394424,0.0712756784624331
2009-04-22,Train,0.03824809938669205,0.06831344316031429
2009-04-23,Train,0.016660496592521667,0.03322254466456243
2009-04-24,Train,0.011969175189733505,0.01602852293081547
2009-04-27,Train,0.007240304257720709,0.01838123155348437
2009-04-28,Train,0.027244262397289276,0.0134408831867443
2009-04-29,Train,0.010578200221061707,-0.02710660595670511
2009-04-30,Train,0.007137661334127188,-0.02596264356304312
2009-05-01,Train,0.00843140110373497,-0.02909514201562302
2009-05-04,Train,-0.005021378397941589,-0.02310977392938973
2009-05-05,Train,0.007043164689093828,-0.01770413831469031
2009-05-06,Train,0.0012168226530775428,-0.02141022055767983
2009-05-07,Train,0.000722420634701848,-0.01636941168022199
2009-05-08,Train,0.007513988297432661,-0.02015771650413245
2009-05-11,Train,0.016673734411597252,0.01280938750951455
2009-05-12,Train,0.023044107481837273,0.01827288318032205
2009-05-13,Train,0.054921090602874756,0.05844943302300898
2009-05-14,Train,0.055608827620744705,0.05959873359817247
2009-05-15,Train,0.06016644835472107,0.09050046612012586
2009-05-18,Train,0.0505613312125206,0.06425224417047115
2009-05-19,Train,0.04303094372153282,0.05610465754554839
2009-05-20,Train,0.04671664908528328,0.07176204745536974
2009-05-21,Train,0.05456218123435974,0.0930162588851835
2009-05-22,Train,0.057127296924591064,0.09332132283779804
2009-05-26,Train,0.01747177541255951,0.06208680053377247
2009-05-27,Train,0.042209796607494354,0.0657018960315554
2009-05-28,Train,0.03284010291099548,0.05350497542385435
2009-05-29,Train,0.01562422327697277,0.03589599828780687
2009-06-01,Train,0.002522485563531518,-0.01346517922473278
2009-06-02,Train,0.008969479240477085,-0.0244236943795082
2009-06-03,Train,0.0007563200779259205,-0.01211126945306507
2009-06-04,Train,-0.00955722201615572,-0.02504088028340479
2009-06-05,Train,-0.010314485989511013,-0.01685695901202033
2009-06-08,Train,-0.0076447343453764915,-0.04335959687167756
2009-06-09,Train,-0.009172825142741203,-0.05277403850273499
2009-06-10,Train,-0.010702583938837051,-0.03340574558476239
2009-06-11,Train,-0.004575458355247974,-0.01439431786229417
2009-06-12,Train,-0.0051726168021559715,-0.00763990674861037
2009-06-15,Train,0.02451571449637413,0.01532031235887477
2009-06-16,Train,0.028516210615634918,0.02334745003846361
2009-06-17,Train,0.02419290877878666,0.01421014613830196
2009-06-18,Train,0.028566770255565643,-0.006141854343312936
2009-06-19,Train,0.013861771672964096,-0.02074115053000136
2009-06-22,Train,0.03570892661809921,-0.01567853543470799
2009-06-23,Train,0.039643749594688416,-0.00828574044363839
2009-06-24,Train,0.014943670481443405,-0.02304017115224977
2009-06-25,Train,-0.0012206340907141566,-0.03775152141139382
2009-06-26,Train,0.00019845594943035394,-0.02144621397316204
2009-06-29,Train,0.008807324804365635,-0.02002742186437911
2009-06-30,Train,0.022512685507535934,0.0148432403786638
2009-07-01,Train,0.026282720267772675,0.0263736001162016
2009-07-02,Train,0.03887051343917847,0.05505626357244697
2009-07-06,Train,0.046061672270298004,0.07088388399743639
2009-07-07,Train,0.06563403457403183,0.1057052318248948
2009-07-08,Train,0.07062303274869919,0.1091904642896628
2009-07-09,Train,0.07097611576318741,0.1317226907120954
2009-07-10,Train,0.07629651576280594,0.11827036897694
2009-07-13,Train,0.06819918006658554,0.1056476062212042
2009-07-14,Train,0.06542912125587463,0.09406496348057569
2009-07-15,Train,0.04217420518398285,0.06554718590636677
2009-07-16,Train,0.03319621458649635,0.05915415011691194
2009-07-17,Train,0.03347531333565712,0.05031947072803944
2009-07-20,Train,0.028111927211284637,0.05590724812635184
2009-07-21,Train,0.027725452557206154,0.04871662114940878
2009-07-22,Train,0.027983983978629112,0.03194804005808649
2009-07-23,Train,0.01041811890900135,0.0007624547689339956
2009-07-24,Train,0.012089959345757961,0.02125484884176321
2009-07-27,Train,0.007378118112683296,0.006353240398838
2009-07-28,Train,0.0034125479869544506,0.004605846521109402
2009-07-29,Train,0.004233419429510832,0.01347226174990257
2009-07-30,Train,-0.00518775824457407,0.01314128030765915
2009-07-31,Train,0.007783496752381325,0.004562745290106029
2009-08-03,Train,0.0023801696952432394,-0.03896107236815904
2009-08-04,Train,0.001721241045743227,-0.02522482800041081
2009-08-05,Train,0.0026767137460410595,-0.0108230634314167
2009-08-06,Train,0.006811104714870453,0.009649498301452342
2009-08-07,Train,0.0055395858362317085,0.01028083842605287
2009-08-10,Train,0.012328766286373138,0.01641418057891308
2009-08-11,Train,0.01503000594675541,0.02827306820700382
2009-08-12,Train,0.014791538007557392,0.0107850593603076
2009-08-13,Train,0.01942981407046318,0.007732635872065519
2009-08-14,Train,0.017532944679260254,0.02043899916130565
2009-08-17,Train,0.03333989903330803,0.04028064593294078
2009-08-18,Train,0.022661875933408737,0.006405329434255869
2009-08-19,Train,0.01880805194377899,-0.001272245242524006
2009-08-20,Train,0.006352389696985483,-0.00628772662358501
2009-08-21,Train,0.005355901550501585,0.001737396208329134
2009-08-24,Train,0.01180505845695734,0.01217395474451677
2009-08-25,Train,0.0040613748133182526,0.01783505671917318
2009-08-26,Train,0.007804354652762413,0.02928040514925456
2009-08-27,Train,0.008866467513144016,0.0277227447916637
2009-08-28,Train,0.009483546949923038,0.03066275273431462
2009-08-31,Train,0.015749085694551468,0.04446671616974274
2009-09-01,Train,0.043559812009334564,0.0799388871494422
2009-09-02,Train,0.04572069272398949,0.08050955025253792
2009-09-03,Train,0.043017223477363586,0.07415845177545632
2009-09-04,Train,0.03202633559703827,0.05475716181990919
2009-09-08,Train,0.022706393152475357,0.04688266491706217
2009-09-09,Train,0.011333083733916283,0.03309809212219994
2009-09-10,Train,0.009755250066518784,0.0142237261113547
2009-09-11,Train,0.010260377079248428,0.004335267417901134
2009-09-14,Train,0.009678959846496582,0.01751438428242236
2009-09-15,Train,0.016368083655834198,0.009806262471783178
2009-09-16,Train,0.005940879229456186,-0.004007500619596094
2009-09-17,Train,0.002127951243892312,-0.03324687225855172
2009-09-18,Train,0.0015244873939082026,-0.03675771934667282
2009-09-21,Train,-0.0016888281097635627,-0.03194739535121294
2009-09-22,Train,-0.0007900978089310229,-0.01664719516455615
2009-09-23,Train,-0.0005266893422231078,-0.009187264608695234
2009-09-24,Train,0.004458333365619183,0.00404093142086448
2009-09-25,Train,0.026810133829712868,0.01870500635554162
2009-09-28,Train,0.008113052695989609,0.003772691534727146
2009-09-29,Train,0.010953313671052456,0.008526778776478006
2009-09-30,Train,0.011777625419199467,0.02153845792691378
2009-10-01,Train,0.04466729983687401,0.05024393593392729
2009-10-02,Train,0.04777776077389717,0.04647743790455916
2009-10-05,Train,0.03790096566081047,0.04853191080883978
2009-10-06,Train,0.02789013274013996,0.03051985302591276
2009-10-07,Train,0.03415858373045921,0.02567755542307815
2009-10-08,Train,0.021617097780108452,0.02533143116255343
2009-10-09,Train,0.010068424977362156,0.01530135435224356
2009-10-12,Train,0.0031882331240922213,0.009866149557281823
2009-10-13,Train,-0.007651322055608034,-0.005636488213858093
2009-10-14,Train,-0.01315354835242033,-0.04101020537584177
2009-10-15,Train,-0.010748949833214283,-0.02252673455103027
2009-10-16,Train,-0.011864443309605122,-0.04254323858711739
2009-10-19,Train,-0.010508512146770954,-0.04813696043573534
2009-10-20,Train,-0.01292467676103115,-0.04534944108773065
2009-10-21,Train,-0.013743315823376179,-0.04195636495600097
2009-10-22,Train,-0.006740506272763014,-0.0221658478118163
2009-10-23,Train,0.004146393854171038,-0.01228849016620948
2009-10-26,Train,0.007203614804893732,0.01209575768234661
2009-10-27,Train,0.015398240648210049,0.0302314306727427
2009-10-28,Train,0.043183330446481705,0.06064271981744018
2009-10-29,Train,0.03227866813540459,0.03706346798849092
2009-10-30,Train,0.04720301181077957,0.07446287366292337
2009-11-02,Train,0.04752543568611145,0.08096275054412527
2009-11-03,Train,0.04754733666777611,0.08095007970091883
2009-11-04,Train,0.04085306078195572,0.07307032444400297
2009-11-05,Train,0.02685829997062683,0.03093273720166767
2009-11-06,Train,0.01966860704123974,0.01971831414731584
2009-11-09,Train,0.012665376998484135,0.01447945512338578
2009-11-10,Train,0.008790063671767712,0.008482410720821232
2009-11-11,Train,0.0026349001564085484,0.006378104090311254
2009-11-12,Train,-0.0039049091283231974,-0.003207404340242692
2009-11-13,Train,-0.006630667019635439,-0.01022487992284271
2009-11-16,Train,-0.009394420310854912,-0.01012147485843318
2009-11-17,Train,-0.01118563860654831,-0.01188338110828424
2009-11-18,Train,-0.005701626185327768,-0.01037202029986706
2009-11-19,Train,0.013393825851380825,0.01053593875584768
2009-11-20,Train,0.015962528064846992,0.01081954962158194
2009-11-23,Train,0.007382931653410196,-0.01132759417566409
2009-11-24,Train,0.010619020089507103,0.002045922917796705
2009-11-25,Train,0.006670039612799883,0.002716136963690996
2009-11-27,Train,0.016541635617613792,0.01424966146861895
2009-11-30,Train,0.018471382558345795,0.02272722296966112
2009-12-01,Train,0.019907673820853233,0.006589432551408425
2009-12-02,Train,0.009021956473588943,0.006580461028716567
2009-12-03,Train,0.022659650072455406,-0.001594889400721389
2009-12-04,Train,0.018969208002090454,0.007706259311402119
2009-12-07,Train,0.020037291571497917,0.02391253110246661
2009-12-08,Train,0.02951359748840332,0.03643446780077286
2009-12-09,Train,0.015173833817243576,0.03357530582482093
2009-12-10,Train,0.014500614255666733,0.03792325810629649
2009-12-11,Train,0.01612902246415615,0.04736007482442495
2009-12-14,Train,0.010102381929755211,0.03322109018141428
2009-12-15,Train,0.0104523291811347,0.04221216623228208
2009-12-16,Train,0.013508344069123268,0.03133452142748783
2009-12-17,Train,0.0209407526999712,0.05933360320009751
2009-12-18,Train,0.01823098585009575,0.04408455071599793
2009-12-21,Train,0.012638927437365055,0.02624555892358327
2009-12-22,Train,0.00700091989710927,0.02078263621982135
2009-12-23,Train,0.006827117875218391,0.02172953981405956
2009-12-24,Train,0.005668458063155413,0.00826448612219255
2009-12-28,Train,-0.0013329351786524057,-0.0095197410165615
2009-12-29,Train,0.0001250228233402595,0.006951981388453765
2009-12-30,Train,0.0022371832747012377,0.004765025545335755
2009-12-31,Train,0.0019856656435877085,0.002185758997182319
2010-01-04,Train,-0.004974821116775274,0.003662257439646099
2010-01-05,Train,-0.014013657346367836,-0.01077121972689987
2010-01-06,Train,-0.010471823625266552,-0.01408751018162058
2010-01-07,Train,-0.017363885417580605,-0.04353472820549431
2010-01-08,Train,-0.02001829817891121,-0.04812025564946021
2010-01-11,Train,-0.02069983445107937,-0.04335638718222234
2010-01-12,Train,-0.008880535140633583,-0.0235910451104212
2010-01-13,Train,-0.02127174846827984,-0.06040991001593865
2010-01-14,Train,-0.02246273122727871,-0.07760289979491586
2010-01-15,Train,-0.012603980489075184,-0.05648855482622872
2010-01-19,Train,-0.031464800238609314,-0.06310364063275664
2010-01-20,Train,-0.015180787071585655,-0.04420729225267517
2010-01-21,Train,-0.008608365431427956,-0.06309084723425229
2010-01-22,Train,0.012539399787783623,-0.02672102149576738
2010-01-25,Train,0.014816567301750183,-0.03701203235200656
2010-01-26,Train,0.012164168059825897,-0.02795936654863895
2010-01-27,Train,0.005010546185076237,-0.03758389880316648
2010-01-28,Train,0.02184307761490345,0.002755429023811429
2010-01-29,Train,0.02156040258705616,0.02266878675512896
2010-02-01,Train,0.022400546818971634,0.02450303778128871
2010-02-02,Train,0.020476587116718292,0.0210767041646005
2010-02-03,Train,0.018981581553816795,0.0218728434227109
2010-02-04,Train,0.023560309782624245,0.05185365918713303
2010-02-05,Train,0.019586607813835144,0.0409493288733267
2010-02-08,Train,0.020329806953668594,0.03491918777608949
2010-02-09,Train,0.021676376461982727,0.03479471071127338
2010-02-10,Train,0.020845333114266396,0.03672705717213187
2010-02-11,Train,0.01849341206252575,0.02495993126381713
2010-02-12,Train,0.019114920869469643,0.03770570359156022
2010-02-16,Train,0.016080044209957123,0.02775269744372255
2010-02-17,Train,0.01934281922876835,0.02310968782475631
2010-02-18,Train,0.01934281922876835,0.0200669243366467
2010-02-19,Train,0.03846085071563721,0.03591337786961724
2010-02-22,Train,0.03859685733914375,0.04000887424399902
2010-02-23,Train,0.03826579824090004,0.05955618381346883
2010-02-24,Train,0.03511689230799675,0.05738618075696045
2010-02-25,Train,0.03995784744620323,0.06165919493462924
2010-02-26,Train,0.04054306820034981,0.05808763150841201
2010-03-01,Train,0.03478018939495087,0.04029953396176844
2010-03-02,Train,0.0390082523226738,0.0436882922458468
2010-03-03,Train,0.03949451819062233,0.04539473166866403
2010-03-04,Train,0.03914732113480568,0.0454645208973703
2010-03-05,Train,0.01696641556918621,0.02260988550404308
2010-03-08,Train,0.015892064198851585,0.02987318775230463
2010-03-09,Train,0.016557395458221436,0.03120322838010781
2010-03-10,Train,0.015527070499956608,0.01801997714254666
2010-03-11,Train,0.015615848824381828,0.01267164325562309
2010-03-12,Train,0.015039305202662945,0.01351350045186761
2010-03-15,Train,0.016006911173462868,0.02095677029200438
2010-03-16,Train,0.017292717471718788,0.01787964782818241
2010-03-17,Train,0.01768162101507187,0.01027903707338518
2010-03-18,Train,0.01768162101507187,0.006899393763835526
2010-03-19,Train,0.019494878128170967,0.02358388907770048
2010-03-22,Train,0.013090668246150017,0.01732057309619384
2010-03-23,Train,0.011410119943320751,0.007875669805497143
2010-03-24,Train,0.000987935927696526,0.01499377788087286
2010-03-25,Train,0.003125031478703022,0.02252342021216713
2010-03-26,Train,0.0005992943188175559,0.02229166030883789
2010-03-29,Train,0.00077860988676548,0.0226000448462238
2010-03-30,Train,-0.00016510472050867975,0.03141145850249449
2010-03-31,Train,0.0001986817514989525,0.04090534109104627
2010-04-01,Train,0.001098731765523553,0.02844682176547764
2010-04-05,Train,0.0001284455938730389,0.01830897713378987
2010-04-06,Train,0.0014540540287271142,0.02051282051282044
2010-04-07,Train,0.002651374088600278,0.02878876579132061
2010-04-08,Train,0.00255420058965683,0.03221172837008424
2010-04-09,Train,-0.000628816313110292,0.03038959240390504
2010-04-12,Train,-0.001041267765685916,0.02730793073001037
2010-04-13,Train,-0.003895919770002365,0.0004055242880662835
2010-04-14,Train,-0.0022473831195384264,-0.01081949343174249
2010-04-15,Train,-0.005856700241565704,0.001994783003998357
2010-04-16,Train,-0.012581510469317436,-0.005854978961786217
2010-04-19,Train,-0.02207561768591404,0.008686874852035897
2010-04-20,Train,-0.02207561768591404,-0.02653265718239639
2010-04-21,Train,-0.029055975377559662,-0.03697778371497085
2010-04-22,Train,-0.030814791098237038,-0.07433912892819594
2010-04-23,Train,-0.03165869414806366,-0.1011480713390667
2010-04-26,Train,-0.029741857200860977,-0.05237054944732289
2010-04-27,Train,-0.027873871847987175,-0.03283337914217244
2010-04-28,Train,-0.027821030467748642,-0.01519141211720032
2010-04-29,Train,-0.03707849979400635,-0.04738206430031899
2010-04-30,Train,-0.019001197069883347,-0.04691310508832103
2010-05-03,Train,-0.031031927093863487,-0.05707988096738825
2010-05-04,Train,-0.02102203480899334,-0.04129671665077927
2010-05-05,Train,-0.019204579293727875,-0.04400163799204093
2010-05-06,Train,-0.013039818033576012,-0.04767020045632198
2010-05-07,Train,-0.003410390578210354,-0.0125522945769555
2010-05-10,Train,-0.03064306452870369,-0.06510363367279637
2010-05-11,Train,-0.026807347312569618,-0.06328584200566734
2010-05-12,Train,-0.035203903913497925,-0.09090905524571491
2010-05-13,Train,-0.033776942640542984,-0.04137930209772478
2010-05-14,Train,-0.03317832201719284,-0.02834011980409057
2010-05-17,Train,-0.03546720743179321,-0.04035687026302615
2010-05-18,Train,-0.02229401096701622,-0.003876810337985592
2010-05-19,Train,-0.00859908014535904,0.01367775151182005
2010-05-20,Train,-8.77893908182159e-05,0.01668549501526129
2010-05-21,Train,-0.007531192619353533,-0.01271185755763926
2010-05-24,Train,0.003480503335595131,-0.01052398616903172
2010-05-25,Train,0.005091169849038124,-0.01968682445403536
2010-05-26,Train,0.015414492227137089,0.01968323341329525
2010-05-27,Train,-0.0030291550792753696,-0.008066251155449122
2010-05-28,Train,-0.0006314890924841166,-0.002412210511733237
2010-06-01,Train,-0.005095188971608877,0.03386451458526429
2010-06-02,Train,-0.009183836169540882,0.01405408704603039
2010-06-03,Train,-0.011130722239613533,0.007710443798248923
2010-06-04,Train,0.002360937185585499,0.04235972146703326
2010-06-07,Train,0.01970750093460083,0.05263153359531558
2010-06-08,Train,0.01900794915854931,0.04639065660705333
2010-06-09,Train,0.025122106075286865,0.05088999447208398
2010-06-10,Train,0.005193426739424467,0.006212531200195048
2010-06-11,Train,0.0031215320341289043,-0.005054934994205063
2010-06-14,Train,0.0012052678503096104,-0.008353507454257003
2010-06-15,Train,-0.025753861293196678,-0.07150503571082656
2010-06-16,Train,-0.03152455389499664,-0.08933906833871319
2010-06-17,Train,-0.030932461842894554,-0.09479275572356616
2010-06-18,Train,-0.029809920117259026,-0.09638295275099729
2010-06-21,Train,-0.03164681792259216,-0.08583691268190419
2010-06-22,Train,-0.021425511687994003,-0.04930801278616515
2010-06-23,Train,-0.02053515985608101,-0.04017369174313112
2010-06-24,Train,0.0015016943216323853,-0.01609701360084725
2010-06-25,Train,0.004644141066819429,-0.01148664573681257
2010-06-28,Train,0.008914709091186523,0.004876994407591262
2010-06-29,Train,0.03142404556274414,0.05049579191472398
2010-06-30,Train,0.03808770328760147,0.06766563923198743
2010-07-01,Train,0.03653702884912491,0.04108945747194759
2010-07-02,Train,0.03158571571111679,0.05297857158768293
2010-07-06,Train,0.03560478240251541,0.06244131320868518
2010-07-07,Train,0.029954733327031136,0.01546861508957509
2010-07-08,Train,0.029799707233905792,0.03552035447340129
2010-07-09,Train,0.01811744086444378,0.03227257902010505
2010-07-12,Train,0.028461307287216187,0.03776533244042413
2010-07-13,Train,0.014657874591648579,0.02404580396782352
2010-07-14,Train,0.012915515340864658,0.0107550010755002
2010-07-15,Train,0.012514368630945683,0.002412294167377871
2010-07-16,Train,0.016534006223082542,0.03315293675336917
2010-07-19,Train,0.020529303699731827,0.04360458173108084
2010-07-20,Train,0.0031197627540677786,0.02673448837920622
2010-07-21,Train,0.00998284388333559,0.05152328110456672
2010-07-22,Train,-0.000999176176264882,0.02315930440658787
2010-07-23,Train,0.0001386751828249544,0.01519750167980005
2010-07-26,Train,2.4800981918815523e-05,0.01378129249077142
2010-07-27,Train,-0.0058479574508965015,0.005385609863449936
2010-07-28,Train,0.0009780129184946418,-0.01411504282194487
2010-07-29,Train,0.0023066475987434387,-0.01465758438776488
2010-07-30,Train,-0.0050417459569871426,-0.02379393407360608
2010-08-02,Train,-0.008466926403343678,-0.04006854521646586
2010-08-03,Train,-0.007727848831564188,-0.0236712343430775
2010-08-04,Train,-0.009167572483420372,-0.02961225884777774
2010-08-05,Train,-0.009194079786539078,-0.04206707545752741
2010-08-06,Train,-0.011961680836975574,-0.03934987636089293
2010-08-09,Train,-0.0070957918651402,-0.05522519515076485
2010-08-10,Train,-0.007251534145325422,-0.06470959420512556
2010-08-11,Train,0.00580667844042182,-0.02929519353202137
2010-08-12,Train,0.01198313757777214,-0.03330372934079762
2010-08-13,Train,0.01610175147652626,-0.01453491744490354
2010-08-16,Train,0.010949298739433289,-0.02656246979853882
2010-08-17,Train,-0.0003622055519372225,-0.04209830047119123
2010-08-18,Train,0.008794527500867844,-0.01734359887507042
2010-08-19,Train,0.02737506292760372,0.008916578371364059
2010-08-20,Train,0.02710478939116001,0.02426536502713939
2010-08-23,Train,0.03717406839132309,0.02742808528009677
2010-08-24,Train,0.042493730783462524,0.0595646823191891
2010-08-25,Train,0.03975294530391693,0.05355118281584037
2010-08-26,Train,0.04598569869995117,0.07028014456247944
2010-08-27,Train,0.044356442987918854,0.07215793798948567
2010-08-30,Train,0.04774709790945053,0.08805320107416836
2010-08-31,Train,0.05288901925086975,0.09871148195813162
2010-09-01,Train,0.040555261075496674,0.07104558588971033
2010-09-02,Train,0.041173532605171204,0.06031823813910187
2010-09-03,Train,0.028830042108893394,0.06129110220379408
2010-09-07,Train,0.03116459771990776,0.06827131028004141
2010-09-08,Train,0.028472715988755226,0.05275672706397794
2010-09-09,Train,0.02673260122537613,0.04824462306798272
2010-09-10,Train,0.024268105626106262,0.065665267671422
2010-09-13,Train,0.018955770879983902,0.04529099237351186
2010-09-14,Train,0.021017011255025864,0.04046360670335147
2010-09-15,Train,0.020377572625875473,0.03225132807387099
2010-09-16,Train,0.02304324135184288,0.02357115353536265
2010-09-17,Train,0.022599391639232635,0.0212543573117665
2010-09-20,Train,0.01734829507768154,-0.007167771363788211
2010-09-21,Train,0.020409883931279182,0.01720606632197397
2010-09-22,Train,0.014122476801276207,0.01109059212893726
2010-09-23,Train,0.01645483449101448,0.01520447311089002
2010-09-24,Train,0.011581940576434135,0.001812326880073156
2010-09-27,Train,0.015931857749819756,0.007693886876112721
2010-09-28,Train,0.011658582836389542,0.01498889395334535
2010-09-29,Train,0.011979429982602596,0.02495434204483549
2010-09-30,Train,0.025154124945402145,0.0275116870290808
2010-10-01,Train,0.02639109082520008,0.05060198820378181
2010-10-04,Train,0.02815300039947033,0.05816831108604692
2010-10-05,Train,0.02324756607413292,0.02335883711188846
2010-10-06,Train,0.025506583973765373,0.03981310385329362
2010-10-07,Train,0.022215120494365692,0.03804899967458097
2010-10-08,Train,0.019706793129444122,0.03798993748037049
2010-10-11,Train,0.020061133429408073,0.04259591947731356
2010-10-12,Train,0.018180783838033676,0.03831566844061629
2010-10-13,Train,0.019181102514266968,0.03305617881657552
2010-10-14,Train,0.015387390740215778,0.0372868134944353
2010-10-15,Train,0.018951835110783577,0.01340063321453622
2010-10-18,Train,0.01607576385140419,0.01793376213109066
2010-10-19,Train,0.021184008568525314,0.03856747532944738
2010-10-20,Train,0.020811622962355614,0.03574920648854762
2010-10-21,Train,0.01867852546274662,0.04640275318648812
2010-10-22,Train,0.012441849336028099,0.03931058875465054
2010-10-25,Train,0.009506428614258766,0.03565238602002019
2010-10-26,Train,0.006620835978537798,0.02729198571896974
2010-10-27,Train,-0.0005161749431863427,0.02931601138634909
2010-10-28,Train,-0.0005161749431863427,0.02065013091413936
2010-10-29,Train,-0.0018913823878392577,0.006324224117045363
2010-11-01,Train,-0.004215063061565161,0.001723480476522932
2010-11-02,Train,-0.004765185993164778,-0.02519890199162178
2010-11-03,Train,-0.005607207305729389,-0.0267823834662877
2010-11-04,Train,-0.007748515345156193,-0.02310411600660389
2010-11-05,Train,-0.00745798833668232,-0.02235880359944808
2010-11-08,Train,-0.004989189095795155,-0.01544476749406698
2010-11-09,Train,-0.006364341825246811,-0.02581854159807762
2010-11-10,Train,-0.003349109785631299,-0.01116906692450192
2010-11-11,Train,-0.006359150633215904,-0.0114275121421068
2010-11-12,Train,0.0036668083630502224,0.004189701537524293
2010-11-15,Train,0.00551799638196826,-0.004205720033023219
2010-11-16,Train,0.013906986452639103,0.0338191999604962
2010-11-17,Train,0.009452045895159245,0.04127909168802568
2010-11-18,Train,0.020435187965631485,0.02746516533143772
2010-11-19,Train,0.019832642748951912,0.02630069032423554
2010-11-22,Train,0.01763809286057949,0.01833304145720138
2010-11-23,Train,0.021936867386102676,0.03860192333418166
2010-11-24,Train,0.018205778673291206,0.01901359481436704
2010-11-26,Train,0.019690977409482002,0.03259429990113016
2010-11-29,Train,0.01737222634255886,0.02977431648878848
2010-11-30,Train,0.018750617280602455,0.04434634990447872
2010-12-01,Train,0.015557607635855675,0.01823653404300041
2010-12-02,Train,0.01590059883892536,0.01581988267374146
2010-12-03,Train,0.01032261736690998,0.01206611358394105
2010-12-06,Train,0.015177170746028423,0.01318482672773214
2010-12-07,Train,0.01504588034003973,0.01874532853583943
2010-12-08,Train,0.013864841312170029,0.01479288479981444
2010-12-09,Train,0.006509586703032255,0.01126917787391069
2010-12-10,Train,0.0020483327098190784,0.005138534972876085
2010-12-13,Train,0.003642518073320389,0.006813976741867789
2010-12-14,Train,0.009725355543196201,0.00716910622627287
2010-12-15,Train,0.01338045485317707,0.009231905491297487
2010-12-16,Train,0.007859330624341965,-0.002198657796925074
2010-12-17,Train,0.012863172218203545,0.01449011204868489
2010-12-20,Train,0.01271116640418768,0.01301317937319957
2010-12-21,Train,0.013351988978683949,0.0154855583579887
2010-12-22,Train,0.016200728714466095,0.01895038412151751
2010-12-23,Train,0.017431851476430893,0.0206429890166131
2010-12-27,Train,0.017023654654622078,0.02391822826989443
2010-12-28,Train,0.019235825166106224,0.02725446731975878
2010-12-29,Train,0.019485829398036003,0.03230517299119184
2010-12-30,Train,0.018389031291007996,0.0351262712953242
2010-12-31,Train,0.019555382430553436,0.04663975318081737
2011-01-03,Train,0.011341813951730728,0.03344781103213723
2011-01-04,Train,0.012175390496850014,0.02243527869548534
2011-01-05,Train,0.008672385476529598,0.006637942603932467
2011-01-06,Train,0.00689355144277215,-0.004291807432547645
2011-01-07,Train,0.00708288699388504,0.01038127514127596
2011-01-10,Train,0.004347197711467743,0.008024196389968763
2011-01-11,Train,0.005250424146652222,0.011930234783885
2011-01-12,Train,0.001763440784998238,0.01096179131596609
2011-01-13,Train,0.005100371781736612,-0.01502301628332259
2011-01-14,Train,0.0011862757382914424,-0.01754385964912286
2011-01-18,Train,0.005019420757889748,-0.001924433356284228
2011-01-19,Train,0.005394355393946171,0.007963206092822972
2011-01-20,Train,0.010131202638149261,0.01693104175023286
2011-01-21,Train,0.013177542015910149,0.03053162273027921
2011-01-24,Train,0.012481000274419785,0.02125776344944308
2011-01-25,Train,0.006463316734880209,0.02653458398002573
2011-01-26,Train,0.015248138457536697,0.01935594648388705
2011-01-27,Train,0.012221774086356163,0.01469045379686462
2011-01-28,Train,0.008248024620115757,0.04862729421734202
2011-01-31,Train,0.006247278302907944,0.04607146126883377
2011-02-01,Train,-0.0014490786707028747,0.02541631520298981
2011-02-02,Train,0.006118101067841053,0.03370790053551764
2011-02-03,Train,0.004905283451080322,0.03154572719486648
2011-02-04,Train,0.0001789491216186434,0.02352733441950483
2011-02-07,Train,-0.005529311019927263,-0.01075460069682244
2011-02-08,Train,-0.011027668602764606,-0.02533168080179771
2011-02-09,Train,-0.010274745523929596,-0.01847056256149582
2011-02-10,Train,-0.012980948202311993,-0.006377092881171387
2011-02-11,Train,-0.013987612910568714,-0.01146471910831126
2011-02-14,Train,-0.01699291542172432,-0.02970299802115028
2011-02-15,Train,-0.017466401681303978,-0.02324787368122327
2011-02-16,Train,-0.01898839697241783,-0.01036006452591409
2011-02-17,Train,-0.01556271594017744,-0.01512061468602699
2011-02-18,Train,-0.014588779769837856,-0.02622170828419357
2011-02-22,Train,-0.007038176525384188,0.006838495493533436
2011-02-23,Train,-0.008153298869729042,0.008309713482924419
2011-02-24,Train,-0.007161078974604607,-0.01266270159997229
2011-02-25,Train,-0.012307931669056416,-0.02012141919703836
2011-02-28,Train,-0.012672697193920612,-0.02561882517758285
2011-03-01,Train,-0.010236929170787334,-0.02375085275328992
2011-03-02,Train,-0.007503576576709747,-0.05232757955386336
2011-03-03,Train,-0.018215427175164223,-0.06212457359612822
2011-03-04,Train,-0.017987197265028954,-0.06072106923652365
2011-03-07,Train,-0.013883145526051521,-0.02955059743470112
2011-03-08,Train,-0.015673410147428513,-0.0351793226659991
2011-03-09,Train,-0.011354940943419933,-0.02314570792702542
2011-03-10,Train,0.00399682205170393,0.009975086914487452
2011-03-11,Train,0.0050371321849524975,0.006195759669352485
2011-03-14,Train,0.0010090743890032172,0.004263596728834473
2011-03-15,Train,0.007529485505074263,0.02865381338067063
2011-03-16,Train,0.0307219997048378,0.05909504816380973
2011-03-17,Train,0.0307219997048378,0.05086914367203521
2011-03-18,Train,0.02936607040464878,0.05528004186148539
2011-03-21,Train,0.022026464343070984,0.03189190013988608
2011-03-22,Train,0.026315316557884216,0.03104688372982078
2011-03-23,Train,0.017938943579792976,0.02782263978698496
2011-03-24,Train,0.007764114066958427,0.009171083787772316
2011-03-25,Train,0.009494158439338207,0.001935267594234125
2011-03-28,Train,0.011045879684388638,0.004068628112558148
2011-03-29,Train,0.009517493657767773,-0.01243873294313103
2011-03-30,Train,0.007871451787650585,-0.008718396047135424
2011-03-31,Train,0.005356856621801853,-0.01184050673101766
2011-04-01,Train,0.005150462035089731,-0.01409672070135193
2011-04-04,Train,0.0049147456884384155,-0.01781037977319233
2011-04-05,Train,0.008390584029257298,-0.009103649640886169
2011-04-06,Train,0.005127655807882547,0.01082785128809327
2011-04-07,Train,0.003943643067032099,0.01957355658845272
2011-04-08,Train,0.001798375858925283,0.027041279980623
2011-04-11,Train,0.00024106133787427098,0.03629318946807492
2011-04-12,Train,0.00989795196801424,0.05055884943801736
2011-04-13,Train,0.006561398506164551,0.04010558760229399
2011-04-14,Train,0.008610407821834087,0.04105730098774774
2011-04-15,Train,0.015762707218527794,0.04095321504562355
2011-04-18,Train,0.00923237670212984,0.04337775336371519
2011-04-19,Train,0.006299255415797234,0.03533568999855086
2011-04-20,Train,-0.00017491374455858022,0.006910810362821262
2011-04-21,Train,-0.0029537619557231665,0.002228335066424725
2011-04-25,Train,-0.005393930245190859,0.003419335655717948
2011-04-26,Train,-0.002966324333101511,0.006290359296233117
2011-04-27,Train,-0.008825249038636684,-0.007767694861328445
2011-04-28,Train,-0.009071603417396545,-0.0003382455166985876
2011-04-29,Train,-0.008917039260268211,-0.01134058840347563
2011-05-02,Train,-0.011998049914836884,-0.02662370124342184
2011-05-03,Train,-0.011574927717447281,-0.01925365956481251
2011-05-04,Train,-0.011279288679361343,-0.009556272579786085
2011-05-05,Train,-0.01705610752105713,-0.001201092935662285
2011-05-06,Train,-0.017533110454678535,-0.01197196422653046
2011-05-09,Train,-0.014613121747970581,-0.03015846820889467
2011-05-10,Train,-0.015933869406580925,-0.04426421680473758
2011-05-11,Train,-0.014313502237200737,-0.03352616511705941
2011-05-12,Train,-0.01672486402094364,-0.03332771443683813
2011-05-13,Train,-0.012469345703721046,-0.01677794118809173
2011-05-16,Train,-0.002828261349350214,0.01672472228140687
2011-05-17,Train,-0.01177501492202282,-0.008165413646449515
2011-05-18,Train,-0.01543518342077732,-0.01430051374848684
2011-05-19,Train,-0.015709422528743744,-0.03195328362146821
2011-05-20,Train,-0.015225965529680252,-0.03254286053692734
2011-05-23,Train,-0.007945947349071503,-0.01985237684063168
2011-05-24,Train,-0.00876664835959673,-0.02085911811103902
2011-05-25,Train,-0.009198236279189587,-0.02289134030820394
2011-05-26,Train,-0.009652157314121723,-0.04375218807672765
2011-05-27,Train,-0.012152428738772869,-0.04858089675607924
2011-05-31,Train,-0.01797456666827202,-0.05174777974947453
2011-06-01,Train,-0.012762563303112984,-0.04904535346955363
2011-06-02,Train,-0.013604314997792244,-0.05471066777673628
2011-06-03,Train,-0.009394544176757336,-0.04543030395589875
2011-06-06,Train,0.00041048743878491223,-0.03256395982643912
2011-06-07,Train,0.002583474153652787,-0.01003766560496966
2011-06-08,Train,0.0024089065846055746,-0.0101100842167261
2011-06-09,Train,0.0035404134541749954,-0.002703217180422546
2011-06-10,Train,0.01511753536760807,-0.004758388075356779
2011-06-13,Train,0.016490964218974113,0.01116399372557697
2011-06-14,Train,0.01362250279635191,0.0131911734771144
2011-06-15,Train,0.031000439077615738,0.03702336134900164
2011-06-16,Train,0.031701553612947464,0.05491858922793869
2011-06-17,Train,0.0328381322324276,0.07659414132293607
2011-06-20,Train,0.03283083066344261,0.076382487357598
2011-06-21,Train,0.026296356692910194,0.05721527926132874
2011-06-22,Train,0.03019244410097599,0.07951845066663621
2011-06-23,Train,0.021843701601028442,0.06667868840864877
2011-06-24,Train,0.030808819457888603,0.06583298907760571
2011-06-27,Train,0.023329302668571472,0.04108598113599404
2011-06-28,Train,0.021794337779283524,0.03014087098104601
2011-06-29,Train,0.015627210959792137,0.0140319880325559
2011-06-30,Train,0.008342443034052849,0.01402277384327921
2011-07-01,Train,0.00667015602812171,-0.006389206231388056
2011-07-05,Train,-0.006996374577283859,0.0111683454065441
2011-07-06,Train,-0.008143960498273373,0.003596490609141689
2011-07-07,Train,-0.013339752331376076,-0.003378897666538205
2011-07-08,Train,-0.014568373560905457,0.00965610209404466
2011-07-11,Train,0.0023059009108692408,0.02622499105889187
2011-07-12,Train,0.002828907920047641,0.03668290322599899
2011-07-13,Train,0.0036489039193838835,0.005713328266002682
2011-07-14,Train,0.002348855137825012,0.01926779595692873
2011-07-15,Train,-0.011898457072675228,0.002592939150136919
2011-07-18,Train,-0.003873248817399144,0.003302026828048144
2011-07-19,Train,-0.05043856054544449,-0.04384023930760095
2011-07-20,Train,-0.04460056871175766,-0.03054602640681936
2011-07-21,Train,-0.04834583401679993,-0.08170882136592539
2011-07-22,Train,-0.0544617623090744,-0.09681202669110467
2011-07-25,Train,-0.05326118320226669,-0.1494619949237846
2011-07-26,Train,-0.05632811039686203,-0.110682578745541
2011-07-27,Train,-0.05460779368877411,-0.1244620334523141
2011-07-28,Train,-0.05761907249689102,-0.08747207892614728
2011-07-29,Train,-0.054230205714702606,-0.07637931560647904
2011-08-01,Train,-0.040077805519104004,-0.05837517683365323
2011-08-02,Train,-0.015859907492995262,-0.04211833859258074
2011-08-03,Train,-0.03492799401283264,-0.05685617785876163
2011-08-04,Train,-0.0015350329922512174,-0.05944244996950776
2011-08-05,Train,-0.0025556799955666065,-0.07059266064459946
2011-08-08,Train,0.026072457432746887,-0.007511386973099166
2011-08-09,Train,0.020826904103159904,-0.0141429382852033
2011-08-10,Train,0.03418960049748421,0.03598108522210608
2011-08-11,Train,0.008887766860425472,-0.02391707494465101
2011-08-12,Train,0.0063910591416060925,-0.008213526772737567
2011-08-15,Train,0.0025107315741479397,0.004598969779120887
2011-08-16,Train,0.008045665919780731,0.01985157077055888
2011-08-17,Train,0.007709939032793045,0.02762223761960625
2011-08-18,Train,0.03667912259697914,0.07085378913237306
2011-08-19,Train,0.03732319921255112,0.06496102497098
2011-08-22,Train,0.03246420994400978,0.06134239966571076
2011-08-23,Train,0.024375196546316147,0.04514155825279276
2011-08-24,Train,0.022185640409588814,0.03226420207340275
2011-08-25,Train,0.029563749209046364,0.02604666074528716
2011-08-26,Train,0.022209741175174713,0.01373987441295998
2011-08-29,Train,-0.004295069258660078,-0.0005493275766634831
2011-08-30,Train,-0.00646653538569808,0.007094767709438399
2011-08-31,Train,-0.0074642435647547245,0.02034142578914033
2011-09-01,Train,-0.0027059444691985846,0.03720672155794014
2011-09-02,Train,0.023187775164842606,0.06250003579858632
2011-09-06,Train,0.0217706561088562,0.05760930084596216
2011-09-07,Train,-0.0031387952622026205,0.01354322267080743
2011-09-08,Train,-0.0023451189044862986,-0.01489239874394832
2011-09-09,Train,0.022871846333146095,0.01823996267650863
2011-09-12,Train,0.008567115291953087,0.01708128775565765
2011-09-13,Train,0.00016644825518596917,0.01410766979176414
2011-09-14,Train,-0.014682747423648834,-0.01499280747658605
2011-09-15,Train,-0.015194980427622795,-0.04093982243799754
2011-09-16,Train,-0.026171661913394928,-0.07245093590856966
2011-09-19,Train,-0.025464266538619995,-0.09662605832409932
2011-09-20,Train,-0.02498161792755127,-0.07398867882334048
2011-09-21,Train,-0.015979496762156487,-0.03340560225961231
2011-09-22,Train,0.010327724739909172,0.01586409938546218
2011-09-23,Train,0.008655218407511711,-0.001477411427522335
2011-09-26,Train,0.010264314711093903,0.02117560922346184
2011-09-27,Train,0.010487878695130348,0.01752486445246504
2011-09-28,Train,0.026162857189774513,0.03796075080071559
2011-09-29,Train,0.03759399428963661,0.06013358944951608
2011-09-30,Train,0.06589898467063904,0.1084015706755677
2011-10-03,Train,0.06954003125429153,0.1200625628261403
2011-10-04,Train,0.05757623538374901,0.1111324622413303
2011-10-05,Train,0.045809097588062286,0.06239492301052807
2011-10-06,Train,0.01994583196938038,0.0396839947694565
2011-10-07,Train,0.029467377811670303,0.05973736934467766
2011-10-10,Train,0.00048827737919054925,0.04558461055342766
2011-10-11,Train,0.007860743440687656,0.01811080368058682
2011-10-12,Train,0.00048223070916719735,0.01183749119620425
2011-10-13,Train,0.00029014606843702495,0.03028710739822205
2011-10-14,Train,-0.006771306972950697,0.01306287929781247
2011-10-17,Train,-0.008128196001052856,0.01169696225420913
2011-10-18,Train,-0.011306729167699814,-0.02672879818752216
2011-10-19,Train,-0.0008225975325331092,0.0008791847722808832
2011-10-20,Train,0.010488737374544144,0.02668312983675003
2011-10-21,Train,-0.0055332425981760025,0.008726003606586596
2011-10-24,Train,-0.00827319547533989,-0.004787187313369912
2011-10-25,Train,0.008603271096944809,0.02685735806468847
2011-10-26,Train,0.016315052285790443,-0.008032112463695618
2011-10-27,Train,-0.012250799685716629,-0.03517416734912049
2011-10-28,Train,-0.01758596859872341,-0.01849338612121976
2011-10-31,Train,-0.008336056023836136,-0.00793786157750731
2011-11-01,Train,0.003014135407283902,0.02994334660749787
2011-11-02,Train,-0.00890946201980114,0.004392129445576654
2011-11-03,Train,-0.03389996290206909,-0.03907051123379135
2011-11-04,Train,-0.03172324597835541,-0.04152245229862905
2011-11-07,Train,-0.021520085632801056,-0.06648340478873282
2011-11-08,Train,-0.021650169044733047,-0.07404892206621572
2011-11-09,Train,-0.026787154376506805,-0.06196092893281613
2011-11-10,Train,-0.03831861913204193,-0.06868611826394855
2011-11-11,Train,-0.028958003968000412,-0.05410539906614098
2011-11-14,Train,-0.023251429200172424,-0.05409637362241426
2011-11-15,Train,-0.027776967734098434,-0.02993293732143421
2011-11-16,Train,-0.01628299616277218,-0.006821749206566974
2011-11-17,Train,0.0022423393093049526,0.01415004612073378
2011-11-18,Train,0.006213661283254623,0.03321299822940205
2011-11-21,Train,0.021239085122942924,0.05042329169622395
2011-11-22,Train,0.025251707062125206,0.04695527057587312
2011-11-23,Train,0.044624872505664825,0.05310561020337379
2011-11-25,Train,0.05075589194893837,0.07829045586280658
2011-11-28,Train,0.032266754657030106,0.03033625384467387
2011-11-29,Train,0.032851967960596085,0.02537692582406192
2011-11-30,Train,-0.014040322043001652,-0.02660046136257554
2011-12-01,Train,-0.02392725832760334,-0.0359280934252838
2011-12-02,Train,-0.024185609072446823,-0.03108439340753999
2011-12-05,Train,-0.026764268055558205,-0.05101331058732406
2011-12-06,Train,-0.018515128642320633,-0.02014718796405579
2011-12-07,Train,-0.011111710220575333,-0.03416259110697062
2011-12-08,Train,-0.00034249716554768384,-0.009265867207068568
2011-12-09,Train,-0.004021874163299799,-0.01648541948724236
2011-12-12,Train,0.0020953533239662647,-0.002483139180492366
2011-12-13,Train,0.005223994608968496,-0.003048747741437152
2011-12-14,Train,0.01948833465576172,0.02004012208143346
2011-12-15,Train,0.025534704327583313,0.01991231492812817
2011-12-16,Train,0.028055578470230103,0.03718557952663271
2011-12-19,Train,0.0275559239089489,0.05191457493864671
2011-12-20,Train,0.02387431263923645,0.03003755222615845
2011-12-21,Train,0.03599759563803673,0.04861237535374863
2011-12-22,Train,0.039124708622694016,0.03633094448201968
2011-12-23,Train,0.0388130284845829,0.03495005386014971
2011-12-27,Train,0.03351561725139618,0.03413936898370395
2011-12-28,Train,0.037213634699583054,0.05036875749909853
2011-12-29,Train,0.0364733524620533,0.03911410182277653
2011-12-30,Train,0.037748973816633224,0.05158511837655011
2012-01-03,Train,0.024445844814181328,0.04551845488808848
2012-01-04,Train,0.0247335284948349,0.04760240199085275
2012-01-05,Train,0.03135281428694725,0.03749348766755589
2012-01-06,Train,0.024732721969485283,0.03425012100330305
2012-01-09,Train,0.0246666818857193,0.03575149967854463
2012-01-10,Train,0.031413134187459946,0.04117848642226751
2012-01-11,Train,0.034171801060438156,0.03541955602984204
2012-01-12,Train,0.02726869471371174,0.03442373963420198
2012-01-13,Train,0.026080109179019928,0.03901685193978466
2012-01-17,Train,0.025151900947093964,0.03099982495665832
2012-01-18,Train,0.027223309502005577,0.02571858692434148
2012-01-19,Train,0.025189168751239777,0.02255259706575474
2012-01-20,Train,0.025512730702757835,0.03814620648878919
2012-01-23,Train,0.026079285889863968,0.03696268691473992
2012-01-24,Train,0.025381866842508316,0.04105229139429101
2012-01-25,Train,0.02374141663312912,0.03359256609374883
2012-01-26,Train,0.02062384784221649,0.04466952129161017
2012-01-27,Train,0.01939745433628559,0.03427151726043109
2012-01-30,Train,0.019376667216420174,0.04301072690333352
2012-01-31,Train,0.022684171795845032,0.04427557176975228
2012-02-01,Train,0.022735362872481346,0.02867912138432871
2012-02-02,Train,0.01954365335404873,0.03953605652407965
2012-02-03,Train,0.014883170835673809,0.02224014641552174
2012-02-06,Train,0.01650235243141651,0.02596775177986399
2012-02-07,Train,0.015556903555989265,0.01915336562451286
2012-02-08,Train,0.018834933638572693,0.02049315742485081
2012-02-09,Train,0.01824731007218361,0.01669049816574963
2012-02-10,Train,0.020283440127968788,0.02529216904402842
2012-02-13,Train,0.019764497876167297,0.02616967059710573
2012-02-14,Train,0.019440798088908195,0.01898441061568534
2012-02-15,Train,0.017719032242894173,0.03425199451174632
2012-02-16,Train,0.017302030697464943,0.01948768910343701
2012-02-17,Train,0.01987096667289734,0.0121393132486487
2012-02-21,Train,0.019741283729672432,-0.0006288463314498838
2012-02-22,Train,0.019567638635635376,0.01168663719734697
2012-02-23,Train,0.01616602949798107,0.01584559609251479
2012-02-24,Train,0.012618361972272396,0.01657282010266758
2012-02-27,Train,0.013703422620892525,0.01561280175415325
2012-02-28,Train,0.013111378997564316,0.02411136416646564
2012-02-29,Train,0.015111660584807396,0.03229303032758191
2012-03-01,Train,0.01686650514602661,0.02711032325740836
2012-03-02,Train,0.017243308946490288,0.02543539119198379
2012-03-05,Train,0.022366199642419815,0.04345796025156567
2012-03-06,Train,0.02795560657978058,0.05568665931290795
2012-03-07,Train,0.02515113726258278,0.04776780057147811
2012-03-08,Train,0.024020671844482422,0.03444020628468869
2012-03-09,Train,0.01755470037460327,0.02952946627911879
2012-03-12,Train,0.021515341475605965,0.04704069815583289
2012-03-13,Train,0.018344109877943993,0.02942947306631538
2012-03-14,Train,0.010686470195651054,0.02180786019286107
2012-03-15,Train,0.010939635336399078,0.01499700053124298
2012-03-16,Train,0.012072935700416565,0.01548416206660708
2012-03-19,Train,0.010835743509232998,0.01880880991805367
2012-03-20,Train,0.004945200402289629,0.01668905880488514
2012-03-21,Train,0.004216122440993786,0.002681768441747279
2012-03-22,Train,0.0036835218779742718,0.01104804160468786
2012-03-23,Train,0.0010534791508689523,0.004033412507009393
2012-03-26,Train,-0.007963486947119236,-0.02907067008060882
2012-03-27,Train,-0.013710727915167809,-0.02580269989522865
2012-03-28,Train,-0.019016211852431297,-0.01074482382545061
2012-03-29,Train,-0.013214770704507828,-0.02201533476730178
2012-03-30,Train,-0.009879548102617264,-0.03108817185258406
2012-04-02,Train,-0.018986700102686882,-0.0215384794242216
2012-04-03,Train,-0.013422675430774689,-0.02374326054341902
2012-04-04,Train,-0.013517672196030617,-0.02139676636119614
2012-04-05,Train,-0.012534288689494133,-0.03012405314168365
2012-04-09,Train,-0.014888163655996323,-0.03169167210880164
2012-04-10,Train,-0.0036728251725435257,-0.02117033047981887
2012-04-11,Train,-0.006217983551323414,0.0
2012-04-12,Train,-0.013822847977280617,-0.005505174105373767
2012-04-13,Train,-0.007899424992501736,0.01586335373371184
2012-04-16,Train,-0.0031121326610445976,0.02001535903850749
2012-04-17,Train,-0.009697804227471352,0.001347768327798482
2012-04-18,Train,-0.009724597446620464,0.006755696503810693
2012-04-19,Train,-0.012187155894935131,0.007439991789075728
2012-04-20,Train,-0.01104113832116127,-0.01492087929933161
2012-04-23,Train,-0.005507203750312328,-0.004917020372170899
2012-04-24,Train,-0.005283666308969259,-0.003244348879594017
2012-04-25,Train,-0.018508801236748695,-0.03205413621127806
2012-04-26,Train,-0.01418313942849636,-0.03964682887006876
2012-04-27,Train,-0.018473081290721893,-0.0455085909549463
2012-04-30,Train,-0.021541928872466087,-0.04763331640832891
2012-05-01,Train,-0.022413024678826332,-0.05234041679288193
2012-05-02,Train,-0.02375193126499653,-0.06143750494898115
2012-05-03,Train,-0.022452952340245247,-0.07143930629656758
2012-05-04,Train,-0.005434859078377485,-0.06012358204689006
2012-05-07,Train,-0.01004340872168541,-0.03474372669049808
2012-05-08,Train,-0.005652430932968855,-0.03223803664876579
2012-05-09,Train,-0.0021650753915309906,-0.02736315811386469
2012-05-10,Train,-0.007070526015013456,-0.03178066424579895
2012-05-11,Train,-0.003155123209580779,-0.03287629480084941
2012-05-14,Train,-0.002514098770916462,-0.01132433469593663
2012-05-15,Train,-0.0029743581544607878,-0.01641150573393491
2012-05-16,Train,-0.003669651923701167,-0.01398152641593065
2012-05-17,Train,0.005957434885203838,-0.0194773697622368
2012-05-18,Train,0.015323095954954624,0.0009866396520112897
2012-05-21,Train,0.007217786740511656,-0.02223643300226452
2012-05-22,Train,0.0016968579730018973,0.001281259333988372
2012-05-23,Train,0.004303610883653164,-0.004635564404753323
2012-05-24,Train,0.009358483366668224,0.01158483327962689
2012-05-25,Train,0.009536439552903175,-0.004188792054317991
2012-05-29,Train,0.005359758622944355,-0.004772498156978111
2012-05-30,Train,0.007454185746610165,-0.003208739885513845
2012-05-31,Train,0.011292653158307076,0.004834019181792382
2012-06-01,Train,0.019094355404376984,0.04270819131884518
2012-06-04,Train,0.018070511519908905,0.04452115897361009
2012-06-05,Train,0.016132138669490814,0.05104710383522515
2012-06-06,Train,0.01306464895606041,0.02831094761362674
2012-06-07,Train,0.01442105881869793,0.006744791486394508
2012-06-08,Train,0.013278006576001644,0.007634794820918778
2012-06-11,Train,0.016035597771406174,0.005177150747686099
2012-06-12,Train,0.013514983467757702,-0.0006394008096108905
2012-06-13,Train,0.016860056668519974,0.01239337589773237
2012-06-14,Train,0.014217895455658436,-0.002565744801893866
2012-06-15,Train,0.0127309774979949,0.01857440788166453
2012-06-18,Train,0.012551496736705303,0.01211067349624262
2012-06-19,Train,0.01199659425765276,0.01011833044044197
2012-06-20,Train,0.01245866809040308,0.0099548822606077
2012-06-21,Train,0.015818072482943535,0.02281072182483346
2012-06-22,Train,0.013197827152907848,0.0102604821078951
2012-06-25,Train,0.013358257710933685,0.01995811753503873
2012-06-26,Train,0.01198570616543293,0.00799744076038178
2012-06-27,Train,0.00932635460048914,-0.00747219728619164
2012-06-28,Train,0.015338722616434097,0.01897106576691332
2012-06-29,Train,0.00906224176287651,-0.01496263784873919
2012-07-02,Train,0.01085478812456131,-0.01274280830253616
2012-07-03,Train,0.0058549391105771065,-0.007705347583648825
2012-07-05,Train,0.008612404577434063,0.002618176007181727
2012-07-06,Train,0.00794434268027544,0.001871414723136455
2012-07-09,Train,0.007869742810726166,-0.008437514305114746
2012-07-10,Train,0.009099369868636131,-0.006469936157846745
2012-07-11,Train,0.017834732308983803,-0.007616622322274114
2012-07-12,Train,0.022983243688941002,0.0150568416164345
2012-07-13,Train,0.014662476256489754,0.02350901945971051
2012-07-16,Train,0.01993894763290882,0.02563289418241177
2012-07-17,Train,0.01955913007259369,0.01999062327819234
2012-07-18,Train,0.013741930015385151,0.00341669859898297
2012-07-19,Train,0.011679607443511486,-0.01105992684453505
2012-07-20,Train,0.013197660446166992,0.02117062041682582
2012-07-23,Train,0.023060942068696022,0.04160099949157403
2012-07-24,Train,0.02595822885632515,0.05860868003596087
2012-07-25,Train,0.0270370040088892,0.06523827584469566
2012-07-26,Train,0.018804119899868965,0.05444217801940932
2012-07-27,Train,0.01028377003967762,0.03067670386177657
2012-07-30,Train,0.012302601709961891,0.03394009501079731
2012-07-31,Train,0.011179325170814991,0.03472222058697838
2012-08-01,Train,0.014870132319629192,0.0403962325599081
2012-08-02,Train,0.015457426197826862,0.05653929085023668
2012-08-03,Train,0.012296558357775211,0.04146343420687959
2012-08-06,Train,0.01159668993204832,0.0350983320481093
2012-08-07,Train,0.01262330450117588,0.02250562589135985
2012-08-08,Train,0.012022830545902252,0.02716898054596095
2012-08-09,Train,0.012047729454934597,0.01571390386940008
2012-08-10,Train,0.010620447807013988,0.02138797924202196
2012-08-13,Train,0.004876584280282259,0.02059094228491376
2012-08-14,Train,0.006810859311372042,0.02013420451418901
2012-08-15,Train,0.003270914079621434,0.01755430353685195
2012-08-16,Train,0.008071857504546642,-0.004557447425651229
2012-08-17,Train,0.005865450017154217,-0.00234186231600586
2012-08-20,Train,0.00914315227419138,-0.004823178016459928
2012-08-21,Train,0.007968061603605747,-0.001907628465175226
2012-08-22,Train,0.00721019646152854,0.0160747986148686
2012-08-23,Train,0.01049892883747816,0.0229850817071362
2012-08-24,Train,0.002665469190105796,0.003660858056060645
2012-08-27,Train,0.002836209489032626,0.0004385786349072607
2012-08-28,Train,0.004696975462138653,0.003362510561524479
2012-08-30,Train,0.005627671722322702,0.03647912057452007
2012-08-31,Train,0.005040834657847881,0.03007622230370988
2012-09-04,Train,0.005590905901044607,0.03201645502164108
2012-09-05,Train,0.0015709127765148878,0.03498978242091844
2012-09-06,Train,0.00015538249863311648,0.01150586891705818
2012-09-07,Train,0.000503043585922569,0.01037017452885491
2012-09-10,Train,0.0020285204518586397,0.01750797975216156
2012-09-11,Train,-8.844381227390841e-07,0.004822473032047192
2012-09-12,Train,-0.0017610102659091353,-0.006265486265255027
2012-09-13,Train,-0.0029456946067512035,-0.006037926734996368
2012-09-14,Train,-0.0030250726267695427,-0.02294101743161181
2012-09-17,Train,-0.010085073299705982,-0.0247827643705858
2012-09-18,Train,-0.011230222880840302,-0.02276929771675129
2012-09-19,Train,-0.013050664216279984,-0.01832387624385412
2012-09-20,Train,-0.013249584473669529,-0.01393435705131552
2012-09-21,Train,-0.01627904362976551,-0.01667851950813848
2012-09-24,Train,-0.014167570509016514,-0.01993116478672208
2012-09-25,Train,-0.008117754943668842,-0.02181500804825642
2012-09-26,Train,-0.01204140018671751,-0.0187683113867041
2012-09-27,Train,-0.008566961623728275,-0.03514608514068918
2012-09-28,Train,-0.011693515814840794,-0.02756306545223886
2012-10-01,Train,-0.011043613776564598,-0.01898646164131701
2012-10-02,Train,-0.011119389906525612,-0.008009253488112211
2012-10-03,Train,-0.01800706796348095,-0.01490375879323314
2012-10-04,Train,-0.019025035202503204,-0.02970436343069949
2012-10-05,Train,-0.01582936756312847,-0.04783999552279106
2012-10-08,Train,-0.01615552231669426,-0.03408927407565165
2012-10-09,Train,-0.016746962442994118,-0.02780259719282296
2012-10-10,Train,-0.014453427866101265,-0.0262999784069432
2012-10-11,Train,-0.01607659086585045,-0.02323482901567087
2012-10-12,Train,-0.016986332833766937,-0.01994603816688123
2012-10-15,Train,-0.014415408484637737,-0.03305048803365163
2012-10-16,Train,-0.017480725422501564,-0.03302994582032504
2012-10-17,Train,-0.01791989989578724,-0.04274388342895108
2012-10-18,Train,-0.014667720533907413,-0.02511520907137155
2012-10-19,Train,0.0021931598894298077,0.0006090273346754937
2012-10-22,Train,-0.0036933254450559616,-0.02802178988470738
2012-10-23,Train,-0.002706303261220455,-0.03410306718230904
2012-10-24,Train,-0.002196531742811203,-0.02655008071983267
2012-10-25,Train,-0.014778238721191883,-0.02670358188110233
2012-10-26,Train,-0.013314140029251575,-0.03626624310975768
2012-10-31,Train,-0.010132846422493458,-0.041724332518983
2012-11-01,Train,-0.01355485524982214,-0.05829670270485021
2012-11-02,Train,-0.005458202213048935,-0.04403865294647769
2012-11-05,Train,-0.014843202196061611,-0.02774389843228731
2012-11-06,Train,-0.009634065441787243,-0.0292148805231266
2012-11-07,Train,0.003949435893446207,-0.00374003226769104
2012-11-08,Train,0.026051471009850502,0.02754910833867097
2012-11-09,Train,0.02230743132531643,0.02758946857292077
2012-11-12,Train,0.020886965095996857,0.02428257584342597
2012-11-13,Train,0.02411392144858837,0.04033021783569057
2012-11-14,Train,0.02793312631547451,0.05896532591052761
2012-11-15,Train,0.03309596702456474,0.06077711343949299
2012-11-16,Train,0.03096364252269268,0.05409308143105163
2012-11-19,Train,0.018232306465506554,0.02900593461161383
2012-11-20,Train,0.01733059622347355,0.01724141539141866
2012-11-21,Train,0.007967479526996613,0.02174252124218912
2012-11-23,Train,0.005400785710662603,0.0004622307949393445
2012-11-26,Train,0.0012514349073171616,-0.0009204903085737737
2012-11-27,Train,0.009515172801911831,0.01554806266110131
2012-11-28,Train,0.005666949320584536,0.004731459155547624
2012-11-29,Train,-0.00023474768386222422,-0.009103414810771149
2012-11-30,Train,0.00021687168919015676,-0.01686930940532694
2012-12-03,Train,0.0038938408251851797,-0.001827244107404979
2012-12-04,Train,0.0044617424719035625,0.01401806851808041
2012-12-05,Train,0.006869303993880749,0.02095532478237705
2012-12-06,Train,0.0012016227701678872,0.01439072942127906
2012-12-07,Train,0.006362042855471373,0.004158272628945081
2012-12-10,Train,0.006266804877668619,-0.000767860099029849
2012-12-11,Train,0.0030956980772316456,-0.02228287393515771
2012-12-12,Train,0.0007635812507942319,-0.02172262289838178
2012-12-13,Train,0.00707582850009203,-0.02342671622249282
2012-12-14,Train,0.012347518466413021,0.006801589046317558
2012-12-17,Train,0.006142870988696814,0.02517153042970199
2012-12-18,Train,0.0028780782595276833,0.004507819813771796
2012-12-19,Train,0.0023150702472776175,0.005583988911240789
2012-12-20,Train,0.0023978061508387327,0.005885894613263165
2012-12-21,Train,0.004780902061611414,0.02024539504000411
2012-12-24,Train,0.015033085830509663,0.02612566399592908
2012-12-26,Train,0.017928583547472954,0.04139532044876448
2012-12-27,Train,0.017573785036802292,0.0444099463134684
2012-12-28,Train,0.023361757397651672,0.04985889567323132
2012-12-31,Train,0.007441754452884197,0.02303086232544382
2013-01-02,Train,0.0059872642159461975,-0.004464217797425452
2013-01-03,Train,0.008340982720255852,0.005534820568848131
2013-01-04,Train,0.006956226192414761,0.00660366891105757
2013-01-07,Train,0.003389413468539715,0.00795196949982202
2013-01-08,Train,0.005868265870958567,0.01608538407729676
2013-01-09,Train,0.009022638201713562,-0.001647341418107628
2013-01-10,Train,0.006169529631733894,-0.002530864576142045
2013-01-11,Train,0.003612683853134513,-0.001635453566129264
2013-01-14,Train,0.004603491630405188,0.002986926230157172
2013-01-15,Train,0.005999574903398752,0.005853210351564719
2013-01-16,Train,0.009302961640059948,-0.0004484122363624943
2013-01-17,Train,0.004767016042023897,0.006545707132042278
2013-01-18,Train,0.0037615455221384764,-0.008796724922844334
2013-01-22,Train,0.008528911508619785,0.004167888925646457
2013-01-23,Train,0.0046811033971607685,-0.005178258515822542
2013-01-24,Train,0.005882567260414362,0.009600950412371745
2013-01-25,Train,0.007685172837227583,0.01477608751894821
2013-01-28,Train,0.007568556349724531,0.01280715697407886
2013-01-29,Train,0.00630542216822505,0.00848718975198337
2013-01-30,Train,0.005036551970988512,0.01417494218473681
2013-01-31,Train,0.00623665563762188,0.01615065286826778
2013-02-01,Train,0.006575712468475103,0.001330126116162456
2013-02-04,Train,0.008979203179478645,0.02647404359152117
2013-02-05,Train,0.005415353458374739,-0.004002322068346276
2013-02-06,Train,0.0028944003861397505,-0.01145146739335778
2013-02-07,Train,0.0024200764019042253,-0.002377468868557386
2013-02-08,Train,0.00521300733089447,-0.02470952137021643
2013-02-11,Train,0.004055276978760958,-0.02132046069829885
2013-02-12,Train,0.004580981098115444,-0.00723468874764055
2013-02-13,Train,0.004404247272759676,-0.0127998047808926
2013-02-14,Train,0.006860552821308374,-0.00838851685686448
2013-02-15,Train,0.007200678810477257,-0.001033205827663752
2013-02-19,Train,0.0062043676152825356,0.006447867162666876
2013-02-20,Train,0.010636149905622005,0.0196457753662882
2013-02-21,Train,0.014184472151100636,0.03339854340203718
2013-02-22,Train,0.013001934625208378,0.02427758814768888
2013-02-25,Train,0.01611802540719509,0.04011466988456625
2013-02-26,Train,0.01331233885139227,0.03245197928692667
2013-02-27,Train,0.013016938231885433,0.02067221049686263
2013-02-28,Train,0.012693376280367374,0.02622954062971039
2013-03-01,Train,0.009816314093768597,0.01677062821125563
2013-03-04,Train,0.010871677659451962,0.01004728578767122
2013-03-05,Train,0.008178831078112125,-0.006552081337254712
2013-03-06,Train,0.010421901009976864,0.002919237220931681
2013-03-07,Train,0.0028499625623226166,-0.01106423219126773
2013-03-08,Train,0.002208990976214409,-0.002617424952192859
2013-03-11,Train,0.002377611119300127,-0.009134476898100874
2013-03-12,Train,0.0023667248897254467,-0.0001455491276600718
2013-03-13,Train,0.0071621607057750225,0.002477135438488931
2013-03-14,Train,0.006939389277249575,0.001597452938956634
2013-03-15,Train,0.00558192003518343,-0.0001459952695750388
2013-03-18,Train,0.006389881018549204,0.009947341999771986
2013-03-19,Train,0.008209863677620888,0.002638140060379879
2013-03-20,Train,0.005403405986726284,-0.00407508052725547
2013-03-21,Train,0.009373301640152931,-0.001030468048134003
2013-03-22,Train,0.004445099271833897,-0.005394301457093187
2013-03-25,Train,0.009375927969813347,0.004975182696880687
2013-03-26,Train,0.005712615791708231,0.01906560291149506
2013-03-27,Train,0.005902462173253298,0.0172964354538836
2013-03-28,Train,0.004987956024706364,0.01406410328454455
2013-04-01,Train,0.005534330848604441,0.0008758767677918833
2013-04-02,Train,0.003971141297370195,0.006228277802341031
2013-04-03,Train,0.005580824799835682,-0.004385368158136504
2013-04-04,Train,0.009573583491146564,-0.0184130079002085
2013-04-05,Train,0.008024848997592926,0.003389267985122624
2013-04-08,Train,0.01069869939237833,0.008355316397315349
2013-04-09,Train,0.003906862810254097,0.01121136633146436
2013-04-10,Train,-0.0019430597312748432,-0.008568958910118774
2013-04-11,Train,-0.0009598330361768603,-0.002857507563173045
2013-04-12,Train,-0.0022878050804138184,-0.005290287870550303
2013-04-15,Train,0.010796944610774517,0.02406653419829485
2013-04-16,Train,0.006889438722282648,0.01799337812056168
2013-04-17,Train,0.021347183734178543,0.0334752423853355
2013-04-18,Train,0.04049858823418617,0.0611880411253567
2013-04-19,Train,0.02954856865108013,0.05918646828372331
2013-04-22,Train,0.027618592604994774,0.05247856610417223
2013-04-23,Train,0.028401900082826614,0.04190070251951283
2013-04-24,Train,0.03030426986515522,0.04739269666243096
2013-04-25,Train,0.027728412300348282,0.04040693018814401
2013-04-26,Train,0.029105493798851967,0.05002160948970791
2013-04-29,Train,0.027372727170586586,0.04173195190688683
2013-04-30,Train,0.024624260142445564,0.03959269476855698
2013-05-01,Train,0.02513676881790161,0.04659751112001342
2013-05-02,Train,0.02247263491153717,0.0324073737114694
2013-05-03,Train,0.005830192938446999,0.03022740186014627
2013-05-06,Train,0.008773330599069595,0.02472376903041251
2013-05-07,Train,0.010032887570559978,0.02639574373416465
2013-05-08,Train,0.0046442728489637375,0.01251552294825586
2013-05-09,Train,0.013494336046278477,0.01156860392273384
2013-05-10,Train,0.004089604131877422,0.004928139566215961
2013-05-13,Train,0.002777969464659691,0.01025430689443163
2013-05-14,Train,0.0007862370694056153,0.000272092945788005
2013-05-15,Train,-0.001366316108033061,0.003529281155053354
2013-05-16,Train,0.00030208719545044005,-0.00462014342723327
2013-05-17,Train,-0.0016699128318578005,-0.01238231171671633
2013-05-20,Train,-0.002126694656908512,-0.0160399299399685
2013-05-21,Train,-0.004562921356409788,-0.02989085352969167
2013-05-22,Train,-0.002749302890151739,-0.01657159977163636
2013-05-23,Train,0.00020350987324491143,-0.0008168490277273843
2013-05-24,Train,0.000729490362573415,0.0001361463879219205
2013-05-28,Train,0.002278453204780817,-0.01624031612064547
2013-05-29,Train,0.0010963890235871077,-0.02298072369277626
2013-05-30,Train,0.0020447196438908577,-0.01582575631158767
2013-05-31,Train,0.0038847955875098705,-0.01324233748400172
2013-06-03,Train,0.0017766543896868825,-0.005450993614826594
2013-06-04,Train,0.008847923949360847,0.007945230562393046
2013-06-05,Train,0.010023051872849464,0.009854254745313762
2013-06-06,Train,0.010593371465802193,-0.01892268947110909
2013-06-07,Train,-0.0012922295136377215,-0.04033245822441256
2013-06-10,Train,-0.005343499593436718,-0.050258715663827
2013-06-11,Train,0.007333587855100632,-0.03370483553926984
2013-06-12,Train,0.014035053551197052,-0.0136394676179713
2013-06-13,Train,0.004856796935200691,-0.02185272018420437
2013-06-14,Train,0.004665029235184193,-0.01397346642623021
2013-06-17,Train,0.0069940658286213875,-0.0174020856953041
2013-06-18,Train,0.0013440866023302078,-0.02500684862049807
2013-06-19,Train,-0.005909223575145006,-0.0100330309991854
2013-06-20,Train,0.02380443550646305,0.02182180879059215
2013-06-21,Train,0.022235317155718803,0.03152067600573294
2013-06-24,Train,0.027813009917736053,0.04818575676467307
2013-06-25,Train,0.028935818001627922,0.0465547319463635
2013-06-26,Train,0.02621382847428322,0.05785238204070531
2013-06-27,Train,0.028600232675671577,0.0580301389499629
2013-06-28,Train,0.027355171740055084,0.05893089343992997
2013-07-01,Train,0.026196960359811783,0.05103895842751283
2013-07-02,Train,0.027158144861459732,0.05324783675179634
2013-07-03,Train,0.025800425559282303,0.04636962409952372
2013-07-05,Train,0.021186761558055878,0.02769350311556384
2013-07-08,Train,0.021740172058343887,0.02973153458152966
2013-07-09,Train,0.017704224213957787,0.01600774192039878
2013-07-10,Train,0.01656988076865673,0.01346752598285672
2013-07-11,Train,0.009999935515224934,0.0
2013-07-12,Train,0.010903735645115376,0.0009296107833633993
2013-07-15,Train,0.005804718472063541,-0.003180043194483173
2013-07-16,Train,0.003921276889741421,0.003449575392880488
2013-07-17,Train,0.0023156548850238323,0.002779236252751449
2013-07-18,Train,0.00497116893529892,0.01552339294558891
2013-07-19,Train,0.007621145341545343,0.03190782946323178
2013-07-22,Train,0.007054230198264122,0.02954149387241611
2013-07-23,Train,0.01095792930573225,0.0309721970939878
2013-07-24,Train,0.008954775519669056,0.02577178750262155
2013-07-25,Train,0.003969126846641302,0.02440978793194049
2013-07-26,Train,0.009429309517145157,0.014859958556102
2013-07-29,Train,0.009386325255036354,0.01914123019747271
2013-07-30,Train,0.009458380751311779,0.01943674830209896
2013-07-31,Train,0.009458380751311779,0.01372576166825668
2013-08-01,Train,-3.53843679476995e-05,-0.01345699982984871
2013-08-02,Train,0.0007987043354660273,-0.01935816344210683
2013-08-05,Train,0.005454177036881447,-0.02168265699470984
2013-08-06,Train,0.0020221048034727573,-0.01149421736520406
2013-08-07,Train,-0.00661475071683526,-0.01308558000471616
2013-08-08,Train,-0.003051523584872484,-0.0083333250549108
2013-08-09,Train,-0.007980097085237503,0.002353252846161169
2013-08-12,Train,-0.0007117114728316665,0.0005217284007128509
2013-08-13,Train,-2.277001112815924e-05,-0.02542151910846713
2013-08-14,Train,0.0013542777160182595,-0.01796637543654722
2013-08-15,Train,0.012765212915837765,0.005959434982273359
2013-08-16,Train,0.013522684574127197,-0.0001325137226501072
2013-08-19,Train,0.017075970768928528,0.007299310721906815
2013-08-20,Train,0.016498172655701637,0.01360992039037345
2013-08-21,Train,0.017449701204895973,0.01882787328852009
2013-08-22,Train,0.018341880291700363,0.01011024955411721
2013-08-23,Train,0.01386074349284172,0.01512982509212102
2013-08-26,Train,0.01208511833101511,0.01955416527053022
2013-08-27,Train,0.020160764455795288,0.03886076913313863
2013-08-28,Train,0.019842099398374557,0.03420392178995724
2013-08-29,Train,0.017476115375757217,0.02764610978714943
2013-08-30,Train,0.016711369156837463,0.03153567265035484
2013-09-03,Train,0.017592640593647957,0.03254283492815158
2013-09-04,Train,0.012675132602453232,0.03389386657739357
2013-09-05,Train,0.010765776969492435,0.03461743608644219
2013-09-06,Train,0.009294203482568264,0.02677755817524874
2013-09-09,Train,0.004927110858261585,0.01284851569412382
2013-09-10,Train,0.000984756276011467,0.007927410226822529
2013-09-11,Train,0.002385010477155447,0.006405329434255869
2013-09-12,Train,0.003131245728582144,0.01486983721252977
2013-09-13,Train,0.007966091856360435,0.01293879282371657
2013-09-16,Train,0.007595790550112724,0.01323055619120228
2013-09-17,Train,0.008827938698232174,0.01671554820317889
2013-09-18,Train,0.0024599870666861534,0.004287025315238058
2013-09-19,Train,0.004257106687873602,-0.009811305399960668
2013-09-20,Train,0.005263074301183224,0.005190576948951087
2013-09-23,Train,0.0034873231779783964,-0.001141747623931932
2013-09-24,Train,0.009981266222894192,-0.02042370383045344
2013-09-25,Train,0.012510144151747227,-0.0201119431105089
2013-09-26,Train,0.01146890502423048,-0.007073355709807383
2013-09-27,Train,0.012994606979191303,0.002023569782811707
2013-09-30,Train,0.013657351024448872,0.0115365579842226
2013-10-01,Train,0.00849320087581873,-0.002510001850855925
2013-10-02,Train,0.010347661562263966,0.009165043484674396
2013-10-03,Train,0.02077745832502842,0.02693083186373157
2013-10-04,Train,0.016374453902244568,0.03463476003969213
2013-10-07,Train,0.021333254873752594,0.04559314280775495
2013-10-08,Train,0.027596525847911835,0.06772851132948277
2013-10-09,Train,0.025541681796312332,0.06456213788747456
2013-10-10,Train,0.0238620787858963,0.04706776389154443
2013-10-11,Train,0.02253822423517704,0.04632081299317714
2013-10-14,Train,0.016289640218019485,0.03922793855750983
2013-10-15,Train,0.022237883880734444,0.04504270320149462
2013-10-16,Train,0.01764620468020439,0.03234643185316943
2013-10-17,Train,0.010395104996860027,0.02412177963846251
2013-10-18,Train,0.0043274215422570705,0.00803403555028459
2013-10-21,Train,0.006054786499589682,0.007287725747320062
2013-10-22,Train,0.003900815499946475,0.006913277330768519
2013-10-23,Train,0.01430500764399767,0.01281272838144187
2013-10-24,Train,0.006807480473071337,-0.01056973809977557
2013-10-25,Train,-0.00015977484872564673,-0.004342588705974593
2013-10-28,Train,-0.0001320150913670659,-0.006150440401564539
2013-10-29,Train,-0.0010650065960362554,-0.006260494321584598
2013-10-30,Train,0.003677748842164874,0.006748584429250526
2013-10-31,Train,0.003218910424038768,0.01219956667546129
2013-11-01,Train,0.00588140869513154,0.01388723052509699
2013-11-04,Train,0.0030513405799865723,0.00253224507053984
2013-11-05,Train,0.005002343095839024,-0.001445376078529681
2013-11-06,Train,0.0028154312167316675,-0.003614494599491702
2013-11-07,Train,0.014965144917368889,0.02578583510765475
2013-11-08,Train,0.008016920648515224,0.01756720295806802
2013-11-11,Train,0.009049465879797935,0.02159930469843285
2013-11-12,Train,0.00899507850408554,0.02532101180892354
2013-11-13,Train,0.005491739138960838,0.02011013031798425
2013-11-14,Train,0.0014672386460006237,0.02303102905597454
2013-11-15,Train,0.0032025363761931658,0.01810391006473999
2013-11-18,Train,0.006145919673144817,0.02730339534671167
2013-11-19,Train,0.006871156394481659,0.03124241604606137
2013-11-20,Train,0.00742651941254735,0.0324062926731794
2013-11-21,Train,0.002304445020854473,0.02944696022879056
2013-11-22,Train,0.003923594020307064,0.02809859114628677
2013-11-25,Train,0.005821241531521082,0.02494356115006213
2013-11-26,Train,0.0045814127661287785,0.006498913737535306
2013-11-27,Train,0.001989104552194476,-0.003050952035979382
2013-11-29,Train,0.0016294424422085285,-0.01026484134321837
2013-12-02,Train,0.004743114113807678,-0.001871825641387215
2013-12-03,Train,0.0053116194903850555,-0.003044164911396807
2013-12-04,Train,0.0053116194903850555,0.007603246486386661
2013-12-05,Train,0.004743114113807678,0.006090469538403642
2013-12-06,Train,0.0055694179609417915,0.005813953488372103
2013-12-09,Train,0.008177824318408966,0.01227568276455693
2013-12-10,Train,0.004205815959721804,0.01344299478974875
2013-12-11,Train,0.010668196715414524,0.0300539745177506
2013-12-12,Train,0.011838075704872608,0.03013179833074675
2013-12-13,Train,0.01229518000036478,0.02993519105721654
2013-12-16,Train,0.009551222436130047,0.03094232769680372
2013-12-17,Train,0.010009326972067356,0.0248971823746027
2013-12-18,Train,0.0018370074685662985,0.005804504336461402
2013-12-19,Train,0.0006683045066893101,0.00488938488340751
2013-12-20,Train,-0.00413111224770546,0.00716766181019679
2013-12-23,Train,-0.005350341089069843,-0.001144103641754879
2013-12-24,Train,-0.007729869335889816,-0.004917099144443382
2013-12-26,Train,-0.006703902035951614,-0.005014757496288991
2013-12-27,Train,-0.00039695430314168334,-0.01725313716583154
2013-12-30,Train,0.0027607569936662912,0.002975193249186159
2013-12-31,Train,0.0018726849230006337,0.00466125132306594
2014-01-02,Train,0.0006845311145298183,0.01271915495644471
2014-01-03,Train,0.0010067865950986743,0.01431207147397195
2014-01-06,Train,0.0028563812375068665,0.0258341446341237
2014-01-07,Train,0.000427190272603184,0.01905413200621098
2014-01-08,Train,0.0019978038035333157,0.01340059364398272
2014-01-09,Train,0.0017479622038081288,-0.003217637210966129
2014-01-10,Train,0.0015671547735109925,-0.01603667212988391
2014-01-13,Train,0.00455029122531414,-0.001860291339790265
2014-01-14,Train,-0.0037527193780988455,-0.03103252907417275
2014-01-15,Train,-0.006892569363117218,-0.02116105792080403
2014-01-16,Train,-0.006633726879954338,-0.02387418732658941
2014-01-17,Train,-0.002317208331078291,-0.04085112027869342
2014-01-21,Train,-0.006765617989003658,-0.04110671105816721
2014-01-22,Train,-0.009800625964999199,-0.04606889382886992
2014-01-23,Train,-0.003855442861095071,-0.03062846531475438
2014-01-24,Train,0.0016496937023475766,0.006456135598110091
2014-01-27,Train,0.007270784117281437,0.02211876009462577
2014-01-28,Train,0.005475248210132122,0.03436231368747178
2014-01-29,Train,0.016955960541963577,0.04756859650312673
2014-01-30,Train,0.011023538187146187,0.03618493934587241
2014-01-31,Train,0.013288866728544235,0.04103397534804309
2014-02-03,Train,0.030619587749242783,0.07070825744142017
2014-02-04,Train,0.03128863871097565,0.05558819205910437
2014-02-05,Train,0.0313977375626564,0.06328964996854203
2014-02-06,Train,0.02303118072450161,0.04850185175384025
2014-02-07,Train,0.013431500643491745,0.03562428982399601
2014-02-10,Train,0.013091372326016426,0.0285876357584669
2014-02-11,Train,0.010927855968475342,0.01610360648684095
2014-02-12,Train,0.010962225496768951,0.01652243678244503
2014-02-13,Train,0.008506731130182743,0.007921444898243424
2014-02-14,Train,0.007031374145299196,-0.001558839699968839
2014-02-18,Train,0.007453445810824633,0.006204959097991791
2014-02-19,Train,0.006996581330895424,0.01595448342068595
2014-02-20,Train,0.0065096719190478325,0.01032759881908341
2014-02-21,Train,0.0065096719190478325,0.006671838897865046
2014-02-24,Train,0.004831809550523758,0.002212110830009939
2014-02-25,Train,0.005758261773735285,-0.0009965268555370832
2014-02-26,Train,0.0051936199888587,0.003657255783918734
2014-02-27,Train,0.00015571375843137503,-0.01282622325072258
2014-02-28,Train,0.002947005908936262,-0.01848570109189696
2014-03-03,Train,0.0017779472982510924,-0.002453454055933224
2014-03-04,Train,0.0005732893478125334,-0.003083347503849532
2014-03-05,Train,-0.0026488672010600567,-0.01120136910183944
2014-03-06,Train,-0.0012403522850945592,-0.007584110968860136
2014-03-07,Train,-0.0035512596368789673,-0.01690046172459203
2014-03-10,Train,-0.001411031698808074,-0.02637677269119665
2014-03-11,Train,-0.0038523273542523384,-0.01895365840540753
2014-03-12,Train,-0.004685691092163324,-0.03522520867944745
2014-03-13,Train,-0.006018889136612415,-0.02688173788859238
2014-03-14,Train,-0.0023817545734345913,-0.01826993516004005
2014-03-17,Train,-0.005162372719496489,-0.01989937216349846
2014-03-18,Train,-0.00836025457829237,-0.01458079876972329
2014-03-19,Train,-0.01000132691115141,-0.006663688005556501
2014-03-20,Train,-0.009076575748622417,-0.0172776336557271
2014-03-21,Train,-0.00649459520354867,-0.02955053093728055
2014-03-24,Train,-0.00840834341943264,-0.03026522480163751
2014-03-25,Train,-0.00861405860632658,-0.02451706864722325
2014-03-26,Train,-0.004629360977560282,0.005150474237106462
2014-03-27,Train,0.00389719451777637,-0.02048801606317785
2014-03-28,Train,0.0034755500964820385,-0.03377372014172353
2014-03-31,Train,0.003505463246256113,-0.03307860826334719
2014-04-01,Train,-0.011866261251270771,-0.04663149955618495
2014-04-02,Train,-0.011167170479893684,-0.03644903898975349
2014-04-03,Train,-0.014561309479176998,-0.02851353897186237
2014-04-04,Train,0.019758157432079315,0.005441629921995039
2014-04-07,Train,0.019084425643086433,0.02314430925667144
2014-04-08,Train,0.011122730560600758,0.004864556592012681
2014-04-09,Train,0.008566252887248993,-0.00261903162984356
2014-04-10,Train,0.025216391310095787,0.01280850748330664
2014-04-11,Train,0.03672460466623306,0.02805850188117964
2014-04-14,Train,0.03344527631998062,0.02819402045167418
2014-04-15,Train,0.02722463198006153,0.02751318346769027
2014-04-16,Train,0.0213608555495739,0.01705733598860104
2014-04-17,Train,0.02199121192097664,0.01496520836656079
2014-04-21,Train,0.02049851417541504,0.0127821356190827
2014-04-22,Train,0.01804046332836151,-0.008225765231855808
2014-04-23,Train,0.02677983231842518,-0.002305262479393111
2014-04-24,Train,0.025886742398142815,-0.01267259992425485
2014-04-25,Train,0.029466230422258377,0.00707739404887775
2014-04-28,Train,0.029766980558633804,0.02035390437590379
2014-04-29,Train,0.028644120320677757,0.01296463063263054
2014-04-30,Train,0.027137422934174538,0.005034928990494736
2014-05-01,Train,0.0245050135999918,-0.005818620962372623
2014-05-02,Train,0.02640051767230034,0.002514587107953714
2014-05-05,Train,0.02550959214568138,0.004206967133833617
2014-05-06,Train,0.02779409848153591,0.01370812665445631
2014-05-07,Train,0.027819212526082993,0.02634009754625399
2014-05-08,Train,0.029617272317409515,0.03179925871012945
2014-05-09,Train,0.026341285556554794,0.0354838029190343
2014-05-12,Train,0.025749187916517258,0.03139517780431689
2014-05-13,Train,0.02560596540570259,0.02752293895093194
2014-05-14,Train,0.028978975489735603,0.0395081538012243
2014-05-15,Train,0.03207337111234665,0.04785400732330825
2014-05-16,Train,0.02930070459842682,0.04001826670696951
2014-05-19,Train,0.028193017467856407,0.03238225339938672
2014-05-20,Train,0.027454089373350143,0.03999996185302734
2014-05-21,Train,0.027809828519821167,0.03883391174978335
2014-05-22,Train,0.029485058039426804,0.04023306290295747
2014-05-23,Train,0.013530322350561619,0.03193149570855036
2014-05-27,Train,0.012119300663471222,0.02098905123197126
2014-05-28,Train,0.012406861409544945,0.02391973258097901
2014-05-29,Train,0.011908660642802715,0.008214676614795247
2014-05-30,Train,0.013662516139447689,0.01106124371082529
2014-06-02,Train,0.01352324802428484,0.01293576287420573
2014-06-03,Train,0.015224919654428959,0.01392845622741579
2014-06-04,Train,0.014854378066956997,0.01584358206755443
2014-06-05,Train,0.014505188912153244,0.006717983968268948
2014-06-06,Train,0.012316112406551838,-0.0005387098892718489
2014-06-09,Train,0.0120150251314044,0.0004312767172760523
2014-06-10,Train,0.0120150251314044,-0.00226032402959464
2014-06-11,Train,0.012310459278523922,0.004306185041524246
2014-06-12,Train,0.011799165047705173,0.01401404935758088
2014-06-13,Train,0.011706695891916752,0.01548960474331484
2014-06-16,Train,0.013484764844179153,0.01634201419149939
2014-06-17,Train,0.013435219414532185,0.02693353786218178
2014-06-18,Train,0.010703501291573048,0.02291058648435995
2014-06-19,Train,0.010589503683149815,0.03002898693535005
2014-06-20,Train,0.010311891324818134,0.0284575521674364
2014-06-23,Train,0.00280066579580307,0.01584223737686297
2014-06-24,Train,0.010398786514997482,0.02437974337250859
2014-06-25,Train,0.0043205637484788895,0.01468541894240682
2014-06-26,Train,0.0009648353443481028,0.02067709857400457
2014-06-27,Train,0.0041096825152635574,0.02229329427083337
2014-06-30,Train,0.0028509292751550674,0.01703757226842328
2014-07-01,Train,0.0007504113600589335,0.01000628737953213
2014-07-02,Train,0.005316444672644138,-0.005047273766988325
2014-07-03,Train,0.006621178239583969,0.004388775462208283
2014-07-07,Train,0.006482061930000782,0.006183799551880087
2014-07-08,Train,0.004837065935134888,0.02493102504628353
2014-07-09,Train,0.0020166581962257624,0.02390484724459219
2014-07-10,Train,0.004592025652527809,0.02598773493875695
2014-07-11,Train,0.005176047794520855,0.01542984436338912
2014-07-14,Train,0.00514843687415123,0.00970367634298519
2014-07-15,Train,0.005246652290225029,0.01141237894996494
2014-07-16,Train,0.0032049529254436493,0.01136723301932596
2014-07-17,Train,0.010229337960481644,0.004227371431764437
2014-07-18,Train,0.000675300310831517,-0.01508535722225912
2014-07-21,Train,0.0010423832572996616,-0.007083336512247684
2014-07-22,Train,-0.0013380460441112518,-0.0209088527036454
2014-07-23,Train,-0.002177812857553363,-0.02787212403890071
2014-07-24,Train,-0.0007976071792654693,-0.02985998191789552
2014-07-25,Train,0.00026469456497579813,-0.019020016317157
2014-07-28,Train,0.0036272211000323296,-0.01353722852162165
2014-07-29,Train,0.0035568741150200367,-0.01221532426309402
2014-07-30,Train,0.0032528205774724483,-0.005671303698903118
2014-07-31,Train,0.011287161149084568,0.02010107061236943
2014-08-01,Train,0.014834844507277012,0.02883704879830784
2014-08-04,Train,0.014188189059495926,0.02968948636293756
2014-08-05,Train,0.017551753669977188,0.04345069002508439
2014-08-06,Train,0.01823272369801998,0.0442234495729048
2014-08-07,Train,0.019506240263581276,0.04967098540163728
2014-08-08,Train,0.017391439527273178,0.04373025773605721
2014-08-11,Train,0.014123203232884407,0.04127385794252669
2014-08-12,Train,0.01431768387556076,0.04275835159659991
2014-08-13,Train,0.01228703185915947,0.03204393164068842
2014-08-14,Train,0.008497821167111397,0.02558550860544218
2014-08-15,Train,0.007914691232144833,0.02443528969335396
2014-08-18,Train,0.0027855015359818935,0.01956187609879012
2014-08-19,Train,-0.0012747586006298661,0.00790280073767824
2014-08-20,Train,-0.0010334375547245145,0.006990906410747844
2014-08-21,Train,-0.00036685692612081766,0.01001008946911375
2014-08-22,Train,0.002528865123167634,0.01039877584616189
2014-08-25,Train,0.0022985113319009542,-0.00150906965368458
2014-08-26,Train,0.002036481397226453,0.005728640148987107
2014-08-27,Train,-0.0015643059741705656,0.004722681235499016
2014-08-28,Train,-0.008552966639399529,0.000704151415808596
2014-08-29,Train,-0.005367913283407688,-0.01262780268235386
2014-09-02,Train,-0.00571123231202364,-0.006895197796647268
2014-09-03,Train,-0.003247183747589588,0.0005025675580638822
2014-09-04,Train,-0.004835156723856926,0.008954617115543906
2014-09-05,Train,-0.006217701360583305,0.0009010308122445743
2014-09-08,Train,-0.006262405775487423,-0.01029175420116013
2014-09-09,Train,-0.0030935651157051325,-0.004735528672071831
2014-09-10,Train,-0.0031369258649647236,-0.002298424679074818
2014-09-11,Train,-0.002932731295004487,-0.0225022507057705
2014-09-12,Train,-0.00067151989787817,-0.00703663604759952
2014-09-15,Train,0.0005485761212185025,0.001319578636238772
2014-09-16,Train,-0.0003546486550476402,-0.005936771525422158
2014-09-17,Train,-0.004869705997407436,-0.02330955212778318
2014-09-18,Train,-0.006210562773048878,-0.03061427734538458
2014-09-19,Train,-0.006312750279903412,-0.01810367200655583
2014-09-22,Train,-0.0008490401087328792,-0.01100458287432438
2014-09-23,Train,-0.001204478438012302,-0.02237294099800946
2014-09-24,Train,-0.0015241199871525168,-0.01392227003839452
2014-09-25,Train,-0.0030633078422397375,-0.00900345071261932
2014-09-26,Train,-0.006380205973982811,-0.04393598290669587
2014-09-29,Train,-0.007988033816218376,-0.05767868579214963
2014-09-30,Train,-0.0061734747141599655,-0.05891284179459355
2014-10-01,Train,-0.001994872698560357,-0.04978907914282371
2014-10-02,Train,0.0014804990496486425,-0.05575556239060853
2014-10-03,Train,-0.0027449496556073427,-0.05266372889248727
2014-10-06,Train,-0.001864336314611137,-0.03644344352990192
2014-10-07,Train,0.003203298430889845,0.003106586442019887
2014-10-08,Train,-0.0003322029369883239,-0.02112741763469694
2014-10-09,Train,0.016507724300026894,0.009911202544118813
2014-10-10,Train,0.037986449897289276,0.04426090848281361
2014-10-13,Train,0.04290047287940979,0.06163945152072081
2014-10-14,Train,0.04473975673317909,0.07755188759605058
2014-10-15,Train,0.04517557844519615,0.08054557313832089
2014-10-16,Train,0.04584101587533951,0.08966113569508494
2014-10-17,Train,0.043115533888339996,0.09032259705246126
2014-10-20,Train,0.03628847375512123,0.07744461919548895
2014-10-21,Train,0.02275317907333374,0.04635075602832028
2014-10-22,Train,0.025113696232438087,0.05188336471410282
2014-10-23,Train,0.018551364541053772,0.03956248986562616
2014-10-24,Train,0.018211236223578453,0.03021695036043126
2014-10-27,Train,0.01708834245800972,0.03313402130076804
2014-10-28,Train,0.015169237740337849,0.02096225262251861
2014-10-29,Train,0.015769677236676216,0.02655046178438392
2014-10-30,Train,0.016916779801249504,0.02879429093654284
2014-10-31,Train,0.014097634702920914,0.0179487146690005
2014-11-03,Train,0.011703367345035076,0.01189780481982705
2014-11-04,Train,0.012375207617878914,0.02288871034781037
2014-11-05,Train,0.013382865116000175,0.01815129020456374
2014-11-06,Train,0.011195752769708633,0.01947089861345952
2014-11-07,Train,0.01076253317296505,0.02234256207237184
2014-11-10,Train,0.010296106338500977,0.02667714049751635
2014-11-11,Train,0.008231439627707005,0.02502930767644806
2014-11-12,Train,0.006583852227777243,0.02986528973195623
2014-11-13,Train,0.004029784817248583,0.03022352346194479
2014-11-14,Train,0.0030794069170951843,0.0154039558136696
2014-11-17,Train,0.008060327731072903,0.02254396669192249
2014-11-18,Train,0.0049264756962656975,0.01678238675393473
2014-11-19,Train,0.01099895779043436,0.02092824029909646
2014-11-20,Train,0.008676646277308464,0.0164946379345543
2014-11-21,Train,0.002818131586536765,0.007316785277171389
2014-11-24,Train,0.0007876309682615101,0.002674806825378129
2014-11-25,Train,0.0003335263463668525,-0.01459365540576529
2014-11-26,Train,-0.0092692282050848,-0.0163001672292189
2014-11-28,Train,-0.009951275773346424,-0.03150649844335451
2014-12-01,Train,-0.007445270195603371,-0.03053140943404031
2014-12-02,Train,-0.0061357831582427025,-0.0498907139838467
2014-12-03,Train,-0.005356872454285622,-0.03433878941437774
2014-12-04,Train,-0.005755661055445671,-0.01062923713948905
2014-12-05,Train,-0.002078891033306718,-0.01005881178801582
2014-12-08,Train,-0.005123427137732506,-0.0004778306764378071
2014-12-09,Train,-0.0023622382432222366,-0.007145579330620988
2014-12-10,Train,0.0041945697739720345,0.00958286241951134
2014-12-11,Train,0.0013816028367727995,0.01194602916486653
2014-12-12,Train,0.014022252522408962,0.02288885279080399
2014-12-15,Train,0.015825292095541954,0.02667059411666384
2014-12-16,Train,0.016555029898881912,0.03270650663405505
2014-12-17,Train,0.008288156241178513,0.01119842195946519
2014-12-18,Train,-0.00014076138904783875,-0.02705035678488454
2014-12-19,Train,-0.0005424646660685539,-0.04074003079402677
2014-12-22,Train,-0.006170300766825676,-0.03078983710389416
2014-12-23,Train,-0.005998269189149141,-0.008732329341805345
2014-12-24,Train,-0.004368373658508062,-0.0161073850049851
2014-12-26,Train,-0.00830105785280466,-0.03322541730151141
2014-12-29,Train,-0.007046035956591368,-0.03332698640141385
2014-12-30,Train,-0.005207342561334372,-0.03220859490204031
2014-12-31,Train,-0.0011100992560386658,-0.03486681330867891
2015-01-02,Train,0.005460795480757952,-0.02059454727319188
2015-01-05,Train,0.021754253655672073,0.001873237117564708
2015-01-06,Train,0.02295178547501564,0.02068551714936473
2015-01-07,Train,0.019019586965441704,0.02634173394699668
2015-01-08,Train,0.01027195155620575,0.009293311288593564
2015-01-09,Train,0.010422414168715477,0.01481189439080421
2015-01-12,Train,0.013094024732708931,-0.001083216219063043
2015-01-13,Train,0.013094024732708931,-0.005910150649734769
2015-01-14,Train,0.027300037443637848,0.009211572044465433
2015-01-15,Train,0.025205397978425026,0.01455089740129734
2015-01-16,Train,0.021638693287968636,0.01150568999822088
2015-01-20,Train,0.007964379154145718,0.01318634424004372
2015-01-21,Train,0.008017200976610184,0.007147085973133294
2015-01-22,Train,0.0034430394880473614,-0.002595372933140272
2015-01-23,Train,0.0038648650515824556,-0.01083833550411772
2015-01-26,Train,0.0031705645378679037,-0.01286725893743212
2015-01-27,Train,0.0254764873534441,0.02917980099795847
2015-01-28,Train,0.02481725811958313,0.03824812406248479
2015-01-29,Train,0.02334492653608322,0.0403376252328167
2015-01-30,Train,0.023558763787150383,0.05746790579304983
2015-02-02,Train,0.027039198204874992,0.04932338315082907
2015-02-03,Train,0.014286857098340988,0.04079258561561239
2015-02-04,Train,0.026265237480401993,0.04685524998670587
2015-02-05,Train,0.014706088230013847,0.04481497137763868
2015-02-06,Train,0.028208764269948006,0.05226412812175063
2015-02-09,Train,0.028837287798523903,0.056420187258585
2015-02-10,Train,0.023636380210518837,0.03764368053387046
2015-02-11,Train,0.02324528992176056,0.0391295907796021
2015-02-12,Train,0.006184524390846491,0.02264152382904627
2015-02-13,Train,-0.0004342437023296952,0.02310348430175946
2015-02-17,Train,-0.0013524258974939585,0.01738155848257694
2015-02-18,Train,-0.0018902814481407404,0.01203801084404899
2015-02-19,Train,-0.0029397113248705864,0.008821589067741664
2015-02-20,Train,-0.0006609854754060507,-0.009224240994555988
2015-02-23,Train,-0.0029066181741654873,-0.007371871057041623
2015-02-24,Train,-0.005580646451562643,-0.02651931209837222
2015-02-25,Train,-0.004351612646132708,-0.02972400227339478
2015-02-26,Train,-0.006161238066852093,-0.0282879709713022
2015-02-27,Train,-0.004942721221596003,-0.02822882975013385
2015-03-02,Train,-0.009324468672275543,-0.02450174046874953
2015-03-03,Train,-0.008015015162527561,-0.01837053320054949
2015-03-04,Train,0.00015851081116124988,-0.0048870336026825
2015-03-05,Train,-0.0019684263970702887,-0.005154616731773531
2015-03-06,Train,-0.0006136827869340777,0.0104272886975294
2015-03-09,Train,0.0012113600969314575,0.005569982058315937
2015-03-10,Train,0.006782324053347111,0.02090426654327238
2015-03-11,Train,0.005060764495283365,0.003329830388057564
2015-03-12,Train,0.0019464067881926894,-0.006616300164890121
2015-03-13,Train,0.005501988343894482,0.001708755567053633
2015-03-16,Train,-0.00376040767878294,0.0002812222075878612
2015-03-17,Train,-0.00036563180037774146,-0.0118836365661229
2015-03-18,Train,-0.015526971779763699,-0.02659372837177609
2015-03-19,Train,-0.009436780586838722,-0.02738711171655583
2015-03-20,Train,-0.002257225103676319,-0.02349576569653211
2015-03-23,Train,-0.0019067565444856882,-0.02326437084717625
2015-03-24,Train,0.0009268440189771354,-0.01195219968386751
2015-03-25,Train,0.008404538035392761,0.01754218177680111
2015-03-26,Train,0.011131630279123783,0.02521409671125174
2015-03-27,Train,0.011477082036435604,0.0185747420036142
2015-03-30,Train,0.004587425850331783,0.004122503496418517
2015-03-31,Train,0.01636110059916973,0.02121210128917261
2015-04-01,Train,0.017819812521338463,0.02513088351218529
2015-04-02,Train,0.02098076604306698,0.008466508432215303
2015-04-06,Train,0.01756594330072403,0.0152858564434224
2015-04-07,Train,0.015962772071361542,0.02136100606471958
2015-04-08,Train,0.015428799204528332,0.01884848225557634
2015-04-09,Train,0.008587094955146313,0.01630789339124217
2015-04-10,Train,0.012562575750052929,0.02589327995849033
2015-04-13,Train,0.008453674614429474,0.02586526509554243
2015-04-14,Train,0.006442782934755087,0.02677990851560619
2015-04-15,Train,0.005462755914777517,0.01400224580404519
2015-04-16,Train,0.00492089381441474,-0.0005572029587512795
2015-04-17,Train,0.0096253277733922,0.0286765480074298
2015-04-20,Train,0.004649723414331675,0.01514874447888159
2015-04-21,Train,0.0036695306189358234,-0.005645017806157226
2015-04-22,Train,-0.003978774882853031,-0.01785552152932246
2015-04-23,Train,-0.002385692438110709,-0.01567943446499653
2015-04-24,Train,-0.00604992127045989,-0.01673600921656249
2015-04-27,Train,-0.00604992127045989,-0.01804829906229577
2015-04-28,Train,-0.0016174546908587217,-0.0205380054291836
2015-04-29,Train,-0.0005025116261094809,-0.01234566523053571
2015-04-30,Train,0.007694961503148079,0.01811766819100979
2015-05-01,Train,0.007924467325210571,0.004860144561805502
2015-05-04,Train,0.007924467325210571,0.007598591743588567
2015-05-05,Train,0.025107886642217636,0.02317362088305575
2015-05-06,Train,0.02739524655044079,0.03092496560838209
2015-05-07,Train,0.02360871247947216,0.03008852727382427
2015-05-08,Train,0.0037870840169489384,0.01637683999737183
2015-05-11,Train,0.005434374790638685,0.008589640103543239
2015-05-12,Train,0.019277742132544518,0.02950454946364878
2015-05-13,Train,0.015521022491157055,0.02509258411548765
2015-05-14,Train,-0.0010341012384742498,0.004289114919232784
2015-05-15,Train,-0.0010341012384742498,0.007665598867078849
2015-05-18,Train,-0.0017142085125669837,9.087894287063136e-05
2015-05-19,Train,-0.0014266473008319736,0.00418409199797698
2015-05-20,Train,-0.0016132754972204566,-0.004090578755552188
2015-05-21,Train,-0.0016354856779798865,-0.01157531884700513
2015-05-22,Train,-0.0008297011372633278,-0.02063907625692663
2015-05-26,Train,0.002244866918772459,-0.01089738869292955
2015-05-27,Train,-0.0010178691009059548,-0.01324802841413175
2015-05-28,Train,-0.0006610809359699488,-0.009574542203590553
2015-05-29,Train,-3.7553414586000144e-05,-0.01181283976108938
2015-06-01,Train,-0.002462028991430998,-0.02001448216917467
2015-06-02,Train,0.003657033434137702,-0.01153808164429504
2015-06-03,Train,0.004850441124290228,-0.01177538979882242
2015-06-04,Train,0.00752553204074502,0.01031402800285908
2015-06-05,Train,0.00942168291658163,0.005397953535383193
2015-06-08,Train,0.013808483257889748,0.02319987475917928
2015-06-09,Train,0.012236757203936577,0.02573834574866996
2015-06-10,Train,0.007374310865998268,0.006667306340090384
2015-06-11,Train,0.009465510956943035,0.003191960503881042
2015-06-12,Train,0.002718209056183696,0.004781578327047509
2015-06-15,Train,0.001498469733633101,-0.01404673002427292
2015-06-16,Train,-0.002148998901247978,-0.01590076570228227
2015-06-17,Train,-0.002122460165992379,-0.01081576830136877
2015-06-18,Train,-0.014461793936789036,-0.02475386604688612
2015-06-19,Train,-0.028714429587125778,-0.01992904225652903
2015-06-22,Train,-0.02888472191989422,-0.02466120869737221
2015-06-23,Train,-0.023499559611082077,-0.04242264228538339
2015-06-24,Train,-0.028327498584985733,-0.0380149010615255
2015-06-25,Train,-0.014613078907132149,-0.02136362249200996
2015-06-26,Train,-0.015930119901895523,0.002470982710312652
2015-06-29,Train,0.012551759369671345,0.03346142668601826
2015-06-30,Train,0.027171574532985687,0.03091433238094754
2015-07-01,Train,0.017502840608358383,0.0372498548986977
2015-07-02,Train,0.025981539860367775,0.05224640619816401
2015-07-06,Train,0.02773912437260151,0.05831018186295234
2015-07-07,Train,0.02731357142329216,0.0550153040126784
2015-07-08,Train,0.028719404712319374,0.06155157539918954
2015-07-09,Train,0.025835245847702026,0.05819106139752273
2015-07-10,Train,0.020609771832823753,0.03204827588797388
2015-07-13,Train,-0.0035757783334702253,0.005842608949236494
2015-07-14,Train,-0.005450374446809292,0.007890396338942507
2015-07-15,Train,-0.0018966858042404056,0.01059979912532216
2015-07-16,Train,-0.005091768689453602,0.001250664522021161
2015-07-17,Train,-0.013300121761858463,-0.01443788575157634
2015-07-20,Train,-0.01311627309769392,-0.02088089851479835
2015-07-21,Train,-0.009927612729370594,-0.02212276526595514
2015-07-22,Train,-0.017158957198262215,-0.003285408786702027
2015-07-23,Train,-0.017438918352127075,-0.01559714837432014
2015-07-24,Train,-0.01906903088092804,-0.00711071940933794
2015-07-27,Train,-0.013432776555418968,0.01261571415681995
2015-07-28,Train,-0.023439493030309677,-0.008908466554821914
2015-07-29,Train,-0.01596655137836933,-0.009233584764793745
2015-07-30,Train,-0.02370147965848446,-0.01552467402513857
2015-07-31,Train,-0.015111526474356651,-0.01286283922524334
2015-08-03,Train,-0.014425158500671387,-0.001523281104566787
2015-08-04,Train,-0.005639024544507265,-0.004758046343486422
2015-08-05,Train,-0.011719982139766216,-0.01888643872233431
2015-08-06,Train,-0.010219993069767952,-0.03051150031961258
2015-08-07,Train,-0.020352521911263466,-0.07170697314641195
2015-08-10,Train,-0.0278126522898674,-0.1175047113579919
2015-08-11,Train,-0.02908608503639698,-0.1094062385921017
2015-08-12,Train,-0.029003571718931198,-0.06777052199846789
2015-08-13,Train,-0.028075996786355972,-0.04259558731404645
2015-08-14,Train,-0.027515940368175507,-0.04424938281713475
2015-08-17,Train,-0.029965274035930634,-0.0638966411835441
2015-08-18,Train,-0.02874704636633396,-0.08848996486184157
2015-08-19,Train,-0.028296425938606262,-0.05656947137847779
2015-08-20,Train,0.012087768875062466,-0.03446023887100924
2015-08-21,Train,0.02884976752102375,-0.002343729103450043
2015-08-24,Train,0.027649998664855957,0.06682918842411789
2015-08-25,Train,0.02755509875714779,0.05882357516443371
2015-08-26,Train,0.02638096548616886,0.01902357670285149
2015-08-27,Train,0.022013584151864052,-0.0006626249075033508
2015-08-28,Train,0.021602272987365723,-0.003503150321533255
2015-08-31,Train,0.025857264176011086,0.02089924605693927
2015-09-01,Train,0.03717999905347824,0.05977232165979385
2015-09-02,Train,0.01587643474340439,0.03108754263814473
2015-09-03,Train,0.015379901975393295,0.01895733722839044
2015-09-04,Train,0.017955798655748367,0.03445572158267218
2015-09-08,Train,0.0032867572735995054,-0.008948994984893432
2015-09-09,Train,0.005514833144843578,0.003081067715614116
2015-09-10,Train,-0.002149438951164484,-0.011334363617721
2015-09-11,Train,-0.00500903744250536,-0.02510184269716187
2015-09-14,Train,-0.004169228486716747,-0.04997626732760541
2015-09-15,Train,-0.01643097959458828,-0.06592165258606675
2015-09-16,Train,-0.014588729478418827,-0.04977116802621739
2015-09-17,Train,-0.015461046248674393,-0.04583213066924807
2015-09-18,Train,-0.01388277392834425,-0.01271947183008071
2015-09-21,Train,-0.0028399531729519367,-0.001703257992581308
2015-09-22,Train,0.021142689511179924,0.008645547925753672
2015-09-23,Train,0.013470242731273174,0.01391818913413978
2015-09-24,Train,0.027119548991322517,0.0216762999407436
2015-09-25,Train,0.03912217542529106,0.03507579357342849
2015-09-28,Train,0.04323050007224083,0.06800683265362606
2015-09-29,Train,0.046641506254673004,0.06665323385999966
2015-09-30,Train,0.04493808373808861,0.04097875473079049
2015-10-01,Train,0.039956141263246536,0.05331634595146495
2015-10-02,Train,0.02661815471947193,0.03951543626514264
2015-10-05,Train,0.008167978376150131,0.03071088022530355
2015-10-06,Train,0.011329117231070995,0.03028571719215023
2015-10-07,Train,0.011521481908857822,0.01789263882222891
2015-10-08,Train,0.030710112303495407,0.03451198422812474
2015-10-09,Train,0.028843820095062256,0.05866892022545134
2015-10-12,Train,0.02964588813483715,0.05674686306433596
2015-10-13,Train,0.028795825317502022,0.06578702598790409
2015-10-14,Train,0.037924449890851974,0.07637115372967052
2015-10-15,Train,0.028202908113598824,0.05730471137618065
2015-10-16,Train,0.030758777633309364,0.04818718971626512
2015-10-19,Train,0.020605668425559998,0.05398200167279765
2015-10-20,Train,0.027126548811793327,0.06313553163049779
2015-10-21,Train,0.030419671908020973,0.0697544664635521
2015-10-22,Train,0.021341318264603615,0.0455746973085851
2015-10-23,Train,-0.0005138011183589697,0.01782232805449757
2015-10-26,Train,-0.00017705862410366535,0.00638016154575527
2015-10-27,Train,0.002374112606048584,0.001768632339969267
2015-10-28,Train,0.0002758902555797249,-0.007717920358941588
2015-10-29,Train,0.00020761348423548043,-0.01581162579293027
2015-10-30,Train,0.0021321370732039213,-0.0307950713560099
2015-11-02,Train,-0.007319485303014517,-0.02783354353388012
2015-11-03,Train,-0.006542973220348358,-0.03060607083800815
2015-11-04,Train,-0.010677546262741089,-0.01208484985408165
2015-11-05,Train,-0.009737960994243622,-0.008717635846754668
2015-11-06,Train,-0.004251688718795776,-0.00270056238453964
2015-11-09,Train,0.005567425396293402,0.005106998614186953
2015-11-10,Train,0.0021716190967708826,0.006797354173362358
2015-11-11,Train,-7.176905637606978e-05,0.008927012035346404
2015-11-12,Train,0.008400664664804935,0.02026059107923306
2015-11-13,Train,0.010197206400334835,0.03805535728822518
2015-11-16,Train,0.010802187025547028,0.03356673446981318
2015-11-17,Train,0.010414655320346355,0.02654945861681246
2015-11-18,Train,-0.002426794031634927,-0.009856509233998167
2015-11-19,Train,0.0011799734784290195,0.01257585363371128
2015-11-20,Train,-0.012085292488336563,0.001222915666869273
2015-11-23,Train,-0.009727628901600838,0.004204955945009248
2015-11-24,Train,-0.007953315041959286,-0.01017100947891203
2015-11-25,Train,-0.005888927727937698,-0.006570302146075457
2015-11-27,Train,-0.0067932275123894215,-0.03079342768126736
2015-11-30,Train,-0.003679760731756687,-0.02096123013518592
2015-12-01,Train,-0.011140434071421623,-0.02474822866346738
2015-12-02,Train,-0.006043301895260811,-0.004106540881090082
2015-12-03,Train,0.001144267967902124,-0.001688760446170723
2015-12-04,Train,-0.014304550364613533,-0.04611774871236574
2015-12-07,Train,-0.007985539734363556,-0.03114639338054526
2015-12-08,Train,-0.008861444890499115,-0.02486258869762048
2015-12-09,Train,-0.004755726549774408,-0.002480279748522607
2015-12-10,Train,-0.007288224995136261,-0.007142902796200001
2015-12-11,Train,-0.00736880162730813,0.01570536916139398
2015-12-14,Train,-0.003890368854627013,0.02391835406282872
2015-12-15,Train,-0.008105347864329815,0.008547761600402604
2015-12-16,Train,-0.019657202064990997,-0.01859977789211975
2015-12-17,Train,-0.02048117108643055,-0.02510683495803256
2015-12-18,Train,-0.017888139933347702,-0.004734628642370731
2015-12-21,Train,-0.029160013422369957,-0.02512382565380922
2015-12-22,Train,-0.032983288168907166,-0.06181782168702854
2015-12-23,Train,-0.03512631729245186,-0.07636975781465849
2015-12-24,Train,-0.03339061513543129,-0.07336348499423606
2015-12-28,Train,-0.03341490030288696,-0.06211675055181409
2015-12-29,Train,-0.035096004605293274,-0.1084864496483336
2015-12-30,Train,-0.03448738902807236,-0.0812218347391056
2015-12-31,Train,-0.03280692547559738,-0.0985160398027134
2016-01-04,Train,-0.02496538870036602,-0.07707764786672378
2016-01-05,Train,-0.025989042595028877,-0.07830937471209176
2016-01-06,Train,-0.013325626961886883,-0.06844636537864557
2016-01-07,Train,-0.012847603298723698,-0.01048923500244192
2016-01-08,Train,-0.010965910740196705,-0.01711372697565627
2016-01-11,Train,-0.011294922791421413,-0.01131026823028913
2016-01-12,Train,-0.010211028158664703,-0.04699639038702086
2016-01-13,Train,0.005928006488829851,0.0009813392799185028
2016-01-14,Train,0.005143900401890278,0.0005765115669231768
2016-01-15,Train,0.009592484682798386,0.03540269192649026
2016-01-19,Train,0.009524441324174404,0.01078571139538353
2016-01-20,Train,0.010153447277843952,0.009032294412996356
2016-01-21,Train,0.01125294528901577,0.00793260350879521
2016-01-22,Train,-0.010658944956958294,-0.05444727839703456
2016-01-25,Train,-0.010351733304560184,-0.05487626358344511
2016-01-26,Train,-0.013003254309296608,-0.06621426786252771
2016-01-27,Train,-0.004709469620138407,-0.03867567427750207
2016-01-28,Train,-0.017952118068933487,-0.05343134262982541
2016-01-29,Train,-0.020817607641220093,-0.05867666159139373
2016-02-01,Train,-0.02055264450609684,-0.04003448097466844
2016-02-02,Train,-0.003381728194653988,0.003426318833998465
2016-02-03,Train,-0.002896929858252406,-0.003246132393930679
2016-02-04,Train,0.006795738823711872,-0.0001967955943005251
2016-02-05,Train,0.0359213687479496,0.05258862503338646
2016-02-08,Train,0.049970176070928574,0.05133511636800403
2016-02-09,Train,0.05100330710411072,0.06468026761495471
2016-02-10,Train,0.044082775712013245,0.07105176278540992
2016-02-11,Train,0.051280099898576736,0.0712583846292556
2016-02-12,Train,0.05128001421689987,0.04570499398451555
2016-02-16,Train,0.0362384170293808,0.05547238723313019
2016-02-17,Train,0.017514672130346298,0.03248782274199691
2016-02-18,Train,0.023237233981490135,0.04243556049206987
2016-02-19,Train,0.020885806530714035,0.03975205180271191
2016-02-22,Train,0.019551362842321396,0.01684738462756763
2016-02-23,Train,0.017933541908860207,0.02530025249555101
2016-02-24,Train,0.015125642530620098,0.0221355102439218
2016-02-25,Train,0.01695350930094719,0.01062192091008152
2016-02-26,Train,0.018274642527103424,0.02958520303166456
2016-02-29,Train,0.02859022282063961,0.04068290896532023
2016-03-01,Train,0.014723937958478928,0.007940224318188305
2016-03-02,Train,0.01919085718691349,0.01653595360220894
2016-03-03,Train,0.017719505354762077,0.01789263882222891
2016-03-04,Train,0.016891460865736008,0.0160878641723714
2016-03-07,Train,0.027432413771748543,0.02637596992004676
2016-03-08,Train,0.02618403173983097,0.0381181100579886
2016-03-09,Train,0.026944581419229507,0.02299183046294528
2016-03-10,Train,0.026408910751342773,0.02484233119764734
2016-03-11,Train,0.02797887474298477,0.005822168832937624
2016-03-14,Train,0.02793697454035282,0.02024940188607038
2016-03-15,Train,0.02793697454035282,0.02560258301841123
2016-03-16,Train,0.01955396495759487,0.01505851542679437
2016-03-17,Train,0.01771235093474388,0.02641372819897958
2016-03-18,Train,0.012430133298039436,0.02393591905636816
2016-03-21,Train,0.012862209230661392,0.0101122212508824
2016-03-22,Train,0.013546624220907688,0.02358486272276661
2016-03-23,Train,0.011951591819524765,0.01725261975384873
2016-03-24,Train,0.015169684775173664,0.01622224341893608
2016-03-28,Train,0.012500463984906673,0.01391091266248701
2016-03-29,Train,0.01520028430968523,0.006248279828492409
2016-03-30,Train,0.01111188530921936,0.01417340017471713
2016-03-31,Train,0.010166730731725693,0.01575092736969919
2016-04-01,Train,-0.0074759600684046745,0.002537140066585009
2016-04-04,Train,-0.009121734648942947,0.01173368097944927
2016-04-05,Train,-0.006267303600907326,0.01533804041575149
2016-04-06,Train,-0.010910366661846638,-0.0002710651467715541
2016-04-07,Train,-0.013553044758737087,0.01439310293793228
2016-04-08,Train,-0.017305854707956314,-0.000183455440976199
2016-04-11,Train,-0.01582176797091961,0.003499124200292192
2016-04-12,Train,-0.015498359687626362,-0.009679528511647995
2016-04-13,Train,-0.01499431487172842,-0.030024359580761
2016-04-14,Train,-0.016127878800034523,-0.04183194614357211
2016-04-15,Train,-0.010114382021129131,-0.04446853033339437
2016-04-18,Train,-0.015432817861437798,-0.04054663310364215
2016-04-19,Train,-0.021517543122172356,-0.04360017694949836
2016-04-20,Train,-0.0167012270539999,-0.05052418988366003
2016-04-21,Train,-0.013913234695792198,-0.05088120022750975
2016-04-22,Train,-0.020302699878811836,-0.03119839806522262
2016-04-25,Train,-0.006917092017829418,-0.02844564147573403
2016-04-26,Train,-0.006860075518488884,-0.01032729505489993
2016-04-27,Train,0.001655976171605289,-0.01134040899738076
2016-04-28,Train,0.007204147055745125,-0.003669546425742021
2016-04-29,Train,0.006143020000308752,-0.00208098011883151
2016-05-02,Train,0.0006967377848923206,0.0009370171755742618
2016-05-03,Train,0.010742772370576859,-0.002364513308072302
2016-05-04,Train,0.012826832011342049,0.007710590528918537
2016-05-05,Train,0.013150393962860107,0.002761387590907827
2016-05-06,Train,0.014544162899255753,0.00842962089612942
2016-05-09,Train,0.011923600919544697,0.004250137790990483
2016-05-10,Train,0.008976718410849571,0.010528251506011
2016-05-11,Train,0.015172502025961876,0.02707782283650784
2016-05-12,Train,0.014488834887742996,0.03465859089715018
2016-05-13,Train,0.018522795289754868,0.04388622989021762
2016-05-16,Train,0.014491192065179348,0.03295259926158711
2016-05-17,Train,0.01997833512723446,0.04616984226581722
2016-05-18,Train,0.017512191087007523,0.04458720190335597
2016-05-19,Train,0.021975969895720482,0.04510492935257293
2016-05-20,Train,0.017170121893286705,0.03747532467383574
2016-05-23,Train,0.02077404223382473,0.03620801662580875
2016-05-24,Train,0.009896286763250828,0.0176102127810438
2016-05-25,Train,0.009190943092107773,0.008696490261940859
2016-05-26,Train,0.008151989430189133,-0.005658955193531434
2016-05-27,Train,0.007006351836025715,-0.01906836036042781
2016-05-31,Train,0.00314932968467474,-0.02093526948759283
2016-06-01,Train,-0.005592643283307552,-0.02383323325586406
2016-06-02,Train,-0.005604196339845657,-0.0229698035220508
2016-06-03,Train,-0.004109159577637911,-0.03243685057255818
2016-06-06,Train,-0.004488201811909676,-0.02987502670391717
2016-06-07,Train,-0.0036867375019937754,-0.02432383642905001
2016-06-08,Train,-0.0020432586316019297,-0.02835919910230711
2016-06-09,Train,-0.0022700438275933266,-0.01288688417168282
2016-06-10,Train,0.003112544072791934,-0.04268405931402397
2016-06-13,Train,0.008099728263914585,-0.05378133503882987
2016-06-14,Train,0.007541850209236145,-0.03304637355516093
2016-06-15,Train,0.009185644797980785,-0.01308952512189887
2016-06-16,Train,0.006098064128309488,-0.00462791554760289
2016-06-17,Train,0.013352091424167156,0.01493101698921251
2016-06-20,Train,0.0104542700573802,0.002426227117868773
2016-06-21,Train,0.006089012138545513,0.007441888853561007
2016-06-22,Train,0.010468756780028343,0.01286837849964861
2016-06-23,Train,0.008530986495316029,0.01406643795082752
2016-06-24,Train,0.03620995953679085,0.06366860994686063
2016-06-27,Train,0.042394284158945084,0.0906867201366155
2016-06-28,Train,0.0339452289044857,0.06471378705224695
2016-06-29,Train,0.026791349053382874,0.05333464329368232
2016-06-30,Train,0.024408362805843353,0.03961318672088066
2016-07-01,Train,0.024557137861847878,0.04126571991962313
2016-07-05,Train,0.02491188794374466,0.04384657572852491
2016-07-06,Train,0.023815302178263664,0.04746075018291518
2016-07-07,Train,0.018547238782048225,0.04198119539025003
2016-07-08,Train,0.015511678531765938,0.03037169883439739
2016-07-11,Train,0.016810618340969086,0.02461014468063794
2016-07-12,Train,0.017699306830763817,0.02062968065142678
2016-07-13,Train,0.01623407006263733,0.03021039897027178
2016-07-14,Train,0.01717480830848217,0.02679049750014362
2016-07-15,Train,0.01675139181315899,0.03067978722315301
2016-07-18,Train,0.016724132001399994,0.0293228664965115
2016-07-19,Train,0.016799042001366615,0.02523857933090623
2016-07-20,Train,0.015972543507814407,0.01674888800770047
2016-07-21,Train,0.015565061010420322,0.0220003344853823
2016-07-22,Train,0.014432466588914394,0.02754067057979981
2016-07-25,Train,0.014291886240243912,0.02630650859961481
2016-07-26,Train,0.0129116615280509,0.02750678643320814
2016-07-27,Train,0.012085743248462677,0.01780416200843904
2016-07-28,Train,0.012085743248462677,0.0186119266582836
2016-07-29,Train,0.010972689837217331,0.01709618618344044
2016-08-01,Train,0.010497281327843666,0.01605663561077963
2016-08-02,Train,0.012085743248462677,0.01818027125895694
2016-08-03,Train,0.008594864048063755,0.01664648742241281
2016-08-04,Train,0.008226409554481506,0.01400538404276519
2016-08-05,Train,0.007998548448085785,0.004110321647123438
2016-08-08,Train,0.006424587685614824,0.006000831025166242
2016-08-09,Train,0.004766092635691166,0.005473823124113153
2016-08-10,Train,0.005114484578371048,0.001543477113158165
2016-08-11,Train,0.004777675028890371,-0.004354526334276021
2016-08-12,Train,0.004933979362249374,-0.003583602217419823
2016-08-15,Train,0.004102698527276516,-0.006457047804089067
2016-08-16,Train,0.004541478585451841,-0.004186292015279869
2016-08-17,Train,0.00423282478004694,-0.006993004263052605
2016-08-18,Train,0.004174148663878441,-0.004689257800875368
2016-08-19,Train,0.003422016045078635,-0.001193922796332458
2016-08-22,Train,0.0029509037267416716,0.00426075847039975
2016-08-23,Train,0.0012131045805290341,0.003062271332322286
2016-08-24,Train,0.0005658651934936643,0.003681509365930813
2016-08-25,Train,-0.002407050458714366,-0.01998114929130579
2016-08-26,Train,-0.001284041441977024,-0.003853373462459397
2016-08-29,Train,-0.0030924805905669928,-0.01410981265119826
2016-08-30,Train,-0.0011578870471566916,-0.006177086786066432
2016-08-31,Train,-0.00010378958540968597,0.01030571043526085
2016-09-01,Train,0.001822222606278956,0.00471135053813887
2016-09-02,Train,0.0010967554990202188,-0.002903039270079621
2016-09-06,Train,-0.0030291166622191668,-0.007212545482618293
2016-09-07,Train,-0.0030291166622191668,0.001950503396413339
2016-09-08,Train,-0.00550192641094327,0.01586618551305374
2016-09-09,Train,0.005106410477310419,0.03543929904636567
2016-09-12,Train,0.004890182986855507,0.008682149840440578
2016-09-13,Train,0.007482738699764013,0.02784282295933549
2016-09-14,Train,0.004362407140433788,0.02468923256876931
2016-09-15,Train,0.0029108745511621237,0.001700076073442913
2016-09-16,Train,0.0028620141092687845,0.01219200523500441
2016-09-19,Train,0.004670784808695316,0.01515674165921244
2016-09-20,Train,0.0031226612627506256,0.01170942518446183
2016-09-21,Train,-0.001422448200173676,0.005416837760330084
2016-09-22,Train,-0.0017213961109519005,-0.003022864993090013
2016-09-23,Train,-0.004569432698190212,0.001183126742855256
2016-09-26,Train,-0.0014541230630129576,0.0160218590547665
2016-09-27,Train,-0.0030220437329262495,-0.008270070522646389
2016-09-28,Train,-0.004589795134961605,-0.01078347777763633
2016-09-29,Train,0.0005073352949693799,-0.007128278716863168
2016-09-30,Train,-0.002596429316326976,-0.01330864062338943
2016-10-03,Train,-0.005407020449638367,-0.01459302667565765
2016-10-04,Train,-0.004827134311199188,-0.004308542066374099
2016-10-05,Train,-0.00729003269225359,-0.007913144491636936
2016-10-06,Train,-0.005859005264937878,-0.008590956317878096
2016-10-07,Train,-0.007091229315847158,-0.002701103161365515
2016-10-10,Train,-0.005495608784258366,0.00293573620648746
2016-10-11,Train,-0.0018516589188948274,0.01421039692004089
2016-10-12,Train,-0.001446539186872542,0.008175771584422842
2016-10-13,Train,-0.00282478635199368,0.007179455879407159
2016-10-14,Train,-0.00044355762656778097,-0.0003414795606604404
2016-10-17,Train,0.00047969460138119757,0.001455214598437005
2016-10-18,Train,-0.0006211506552062929,-0.01484812481704922
2016-10-19,Train,-0.00010315873078070581,-0.02265590329669476
2016-10-20,Train,0.0023679472506046295,-0.03109333158764449
2016-10-21,Train,-0.0026191796641796827,-0.03808717682508322
2016-10-24,Train,-0.0026862439699470997,-0.02692984217547434
2016-10-25,Train,-0.002721607219427824,-0.01745114345540189
2016-10-26,Train,-0.0023897336795926094,-0.006166546244939952
2016-10-27,Train,0.0006489947554655373,-0.01773588257672576
2016-10-28,Train,0.0012620054185390472,-0.01110158359780489
2016-10-31,Train,-0.0022861340548843145,-0.02017266991576228
2016-11-01,Train,0.004555290564894676,0.000947382738552438
2016-11-02,Train,0.016705770045518875,0.01501999784988595
2016-11-03,Train,0.01772068813443184,0.03252958338623624
2016-11-04,Train,0.018050426617264748,0.03229210840010088
2016-11-07,Train,0.010381852276623249,0.01882253949400226
2016-11-08,Train,0.0017501252004876733,0.01528478273587441
2016-11-09,Train,0.006167350336909294,0.006544807760984428
2016-11-10,Train,0.015194789506494999,0.0263499183737177
2016-11-11,Train,0.013881401158869267,0.02357509201721575
2016-11-14,Train,0.01573227345943451,0.03759927847210842
2016-11-15,Train,0.007788986433297396,0.01101358428714994
2016-11-16,Train,0.005963427014648914,-0.01231718754853617
2016-11-17,Train,-0.0008591764490120113,-0.01749325026000903
2016-11-18,Train,-0.0008948310860432684,-0.006137071450528553
2016-11-21,Train,-0.0008756648167036474,-0.0140037426125238
2016-11-22,Train,-0.0017221333691850305,-0.00454163926490625
2016-11-23,Train,-0.0009481587330810726,0.001266690830926231
2016-11-25,Train,0.0002061301638605073,0.005892230052698011
2016-11-28,Train,0.0017520118271932006,0.003627776171468922
2016-11-29,Train,0.0034062617924064398,0.01277952422958117
2016-11-30,Train,0.0072941104881465435,0.02306382199551194
2016-12-01,Train,0.018713098019361496,0.04269507450470056
2016-12-02,Train,0.02016708441078663,0.03370787924587026
2016-12-05,Train,0.011560412123799324,0.02993137143603075
2016-12-06,Train,0.009117940440773964,0.03139977656213122
2016-12-07,Train,0.004983322694897652,0.01774246758442
2016-12-08,Train,0.004122832790017128,0.0130724724276563
2016-12-09,Train,0.0029479556251317263,0.005857715048051881
2016-12-12,Train,0.008166135288774967,0.01563551298475363
2016-12-13,Train,0.005002765916287899,-0.004814891544602795
2016-12-14,Train,0.007489342242479324,-0.004159387769803069
2016-12-15,Train,0.007994469255208969,-0.01594682844362449
2016-12-16,Train,0.006280244328081608,-0.0005016518341071086
2016-12-19,Train,0.005528788082301617,0.0008327596516386482
2016-12-20,Train,0.006559689994901419,0.002654497608654882
2016-12-21,Train,0.007417457643896341,0.01220323121264744
2016-12-22,Train,0.011261462233960629,0.01839826035581349
2016-12-23,Train,0.009448667988181114,0.01996673533121918
2016-12-27,Train,0.008801604621112347,0.0174640011230025
2016-12-28,Train,0.010318244807422161,0.02385719616180615
2016-12-29,Train,0.010881805792450905,0.02881968594120732
2016-12-30,Train,0.015389833599328995,0.03637742603373684
2017-01-03,Train,0.011989917606115341,0.02927890223518803
2017-01-04,Train,0.010539389215409756,0.02321325284012277
2017-01-05,Train,0.009174270555377007,0.01969055348172621
2017-01-06,Train,0.007454923819750547,0.01164601136218502
2017-01-09,Train,0.009915693663060665,0.01512301517559078
2017-01-10,Train,0.005699325352907181,0.02308321261237256
2017-01-11,Train,0.010629316791892052,0.02139426703724845
2017-01-12,Train,0.01052419189363718,0.0249307906244598
2017-01-13,Train,0.010651222430169582,0.01347836946537506
2017-01-17,Train,0.007546783424913883,0.01449628443704798
2017-01-18,Train,0.010242803953588009,0.01942457226808125
2017-01-19,Train,0.01405538059771061,0.01902745384628979
2017-01-20,Train,0.012616618536412716,0.01971602681684215
2017-01-23,Train,0.014245827682316303,0.02010541862676951
2017-01-24,Train,0.013417218811810017,0.01699146887716352
2017-01-25,Train,0.008960344828665257,0.008530652094561608
2017-01-26,Train,0.00838527549058199,0.01115006015531006
2017-01-27,Train,0.013173717074096203,0.01255957204555957
2017-01-30,Train,0.021912822499871254,0.02627789149744264
2017-01-31,Train,0.022451462224125862,0.03178934811089351
2017-02-01,Train,0.021912822499871254,0.03077408093411083
2017-02-02,Train,0.022281639277935028,0.03135972163059364
2017-02-03,Train,0.02925877831876278,0.03286121294867539
2017-02-06,Train,0.027394365519285202,0.03671616506364295
2017-02-07,Train,0.022896884009242058,0.03333596527003468
2017-02-08,Train,0.021438295021653175,0.02774699214890064
2017-02-09,Train,0.020752262324094772,0.02599240269502223
2017-02-10,Train,0.017997322604060173,0.02386560669709681
2017-02-13,Train,0.008652172051370144,0.01498827539004011
2017-02-14,Train,0.009316031821072102,0.02264065735429011
2017-02-15,Train,0.009486814960837364,0.01152452293710393
2017-02-16,Train,0.009059709496796131,0.01369442377145802
2017-02-17,Train,0.0022835733834654093,0.007087267438935507
2017-02-21,Train,0.000881608750205487,0.0004599276350887305
2017-02-22,Train,-0.000357732962584123,0.001839122552981243
2017-02-23,Train,0.0001309634535573423,0.0063841386518253
2017-02-24,Train,0.0008414604235440493,0.008674995627711235
2017-02-27,Train,0.0021867048926651478,0.009124386275981555
2017-02-28,Train,0.0029385676607489586,0.009767643223657974
2017-03-01,Train,-0.001101843430660665,0.005021330263620394
2017-03-02,Train,0.008435036987066269,0.009405075233368088
2017-03-03,Train,0.006512274034321308,0.005113708953573326
2017-03-06,Train,0.005186054389923811,0.008261316196365387
2017-03-07,Train,0.0013845316134393215,-0.005363550514941751
2017-03-08,Train,0.002220138907432556,-0.0003824617535328478
2017-03-09,Train,0.00544888898730278,-0.003668570322330811
2017-03-10,Train,0.009079079143702984,-0.005784264482581403
2017-03-13,Train,0.00463150953873992,-0.005850651689765063
2017-03-14,Train,0.0022012952249497175,0.002665900840994162
2017-03-15,Train,-0.0024494891986250877,0.001135457150295949
2017-03-16,Train,-0.003603262361139059,0.003484635504953149
2017-03-17,Train,0.0036160671152174473,0.005239596238243438
2017-03-20,Train,0.004039938095957041,0.003717513862681265
2017-03-21,Train,0.020625900477170944,0.02079960711056517
2017-03-22,Train,0.0133180757984519,0.009794159885112563
2017-03-23,Train,0.016220180317759514,0.0128873325246659
2017-03-24,Train,0.013497554697096348,0.01025795213812275
2017-03-27,Train,0.011297239921987057,0.00901870962700868
2017-03-28,Train,0.0057662357576191425,-0.001443348847517512
2017-03-29,Train,0.008777343668043613,-0.01005672462045137
2017-03-30,Train,0.0035913544707000256,-0.01562623465798862
2017-03-31,Train,0.005910989362746477,-0.00679867897021269
2017-04-03,Train,0.006219370756298304,-0.00770978268278566
2017-04-04,Train,0.006606890354305506,-0.00769744967138497
2017-04-05,Train,0.008463620208203793,0.004698000389881329
2017-04-06,Train,0.01962481439113617,0.003938233102860567
2017-04-07,Train,0.019245712086558342,0.0165946989554373
2017-04-10,Train,0.018042411655187607,0.0235570406734209
2017-04-11,Train,0.02301619201898575,0.02655006142402749
2017-04-12,Train,0.02620820328593254,0.0368927734387976
2017-04-13,Train,0.02713855169713497,0.0428681890975946
2017-04-17,Train,0.026327122002840042,0.04350472624410839
2017-04-18,Train,0.026144571602344513,0.0468463890437989
2017-04-19,Train,0.02646702341735363,0.04182827416708812
2017-04-20,Train,0.020273461937904358,0.03356208666679406
2017-04-21,Train,0.016776595264673233,0.03756786224545472
2017-04-24,Train,0.012916906736791134,0.02742987906477357
2017-04-25,Train,0.009013847447931767,0.02360691427616457
2017-04-26,Train,0.01006928738206625,0.02564096185325426
2017-04-27,Train,0.012736831791698933,0.01871081610410918
2017-04-28,Train,0.013009660877287388,0.01919259140321716
2017-05-01,Train,0.010742300190031528,0.01341105232374562
2017-05-02,Train,0.011563080362975597,0.01593540390104509
2017-05-03,Train,0.006179106421768665,-0.006715805037260325
2017-05-04,Train,0.01157782506197691,0.001605379680979402
2017-05-05,Train,0.005471907556056976,0.002181205950284593
2017-05-08,Train,0.00423925556242466,0.00841558105722684
2017-05-09,Train,0.003346947254613042,0.005928224566296159
2017-05-10,Train,0.0035154682118445635,0.009971133986065528
2017-05-11,Train,0.012085785157978535,0.01937962300009066
2017-05-12,Train,0.006220826413482428,0.01890328284134934
2017-05-15,Train,0.00519369775429368,0.01654202504904179
2017-05-16,Train,-0.00036982548772357404,0.01196102440444591
2017-05-17,Train,0.019372034817934036,0.04240456164541473
2017-05-18,Train,0.012919549830257893,0.04516984157916792
2017-05-19,Train,0.013128259219229221,0.04055424032504851
2017-05-22,Train,0.006559410598129034,0.02776978856368029
2017-05-23,Train,0.00941688846796751,0.03076037658524888
2017-05-24,Train,0.005958405788987875,0.0271140977108324
2017-05-25,Train,-0.004540036898106337,-0.007022809708386868
2017-05-26,Train,-0.005858894903212786,-0.01409152723383722
2017-05-30,Train,-0.002698333002626896,-0.006933605157285139
2017-05-31,Train,-0.001938213943503797,-0.01089952126343519
2017-06-01,Train,-0.0032882103696465492,-0.01910597521888246
2017-06-02,Train,-0.009433080442249775,-0.03701388936899819
2017-06-05,Train,-0.009258118458092213,-0.02070686825333401
2017-06-06,Train,-0.008071478456258774,-0.02449950990512872
2017-06-07,Train,-0.0074362135492265224,-0.01868632485006927
2017-06-08,Train,-0.0067457580007612705,-0.01999031991058775
2017-06-09,Train,0.008207864128053188,0.009001355937154898
2017-06-12,Train,0.011169557459652424,0.009696230301963649
2017-06-13,Train,0.010054812766611576,-0.01660018396211693
2017-06-14,Train,0.013250843621790409,0.001932052039076426
2017-06-15,Train,0.013250843621790409,-0.01106884561830501
2017-06-16,Train,0.01460313145071268,-0.003691599923037803
2017-06-19,Train,0.010040986351668835,-0.0304001428759676
2017-06-20,Train,0.010172736831009388,-0.01313147117565927
2017-06-21,Train,0.004635018762201071,-0.03161867296678056
2017-06-22,Train,0.0061018685810267925,-0.020895540193137
2017-06-23,Train,-0.0029943224508315325,-0.01826679220272021
2017-06-26,Train,-0.001398184453137219,-0.01088347388937716
2017-06-27,Train,0.017310744151473045,0.01934360785740874
2017-06-28,Train,0.005875533912330866,0.007070348551401207
2017-06-29,Train,0.02403077855706215,0.03292389635778603
2017-06-30,Train,0.021998995915055275,0.03305727311780271
2017-07-03,Train,0.04114228114485741,0.05103162364089342
2017-07-05,Train,0.03284957632422447,0.04689883665739658
2017-07-06,Train,0.04012172296643257,0.05781792700120603
2017-07-07,Train,0.02719966322183609,0.04609470351859324
2017-07-10,Train,0.024079427123069763,0.04406462172928105
2017-07-11,Train,0.020712686702609062,0.03847530188643833
2017-07-12,Train,0.010024987161159515,0.02963751428139183
2017-07-13,Train,0.012178188189864159,0.02092058947557951
2017-07-14,Train,0.008119916543364525,0.01210245764000262
2017-07-17,Train,0.00888865813612938,0.007314109770561128
2017-07-18,Train,0.00428682379424572,0.002934177523656434
2017-07-19,Train,0.0033111823722720146,-0.0002083538004379326
2017-07-20,Train,0.0014355825260281563,-0.005410271132713973
2017-07-21,Train,0.0014355825260281563,-0.003192052681416424
2017-07-24,Train,-0.0020165727473795414,-0.001450623110240135
2017-07-25,Train,-0.0020165727473795414,-0.0006232433635360302
2017-07-26,Train,-0.0018633371219038963,-0.005177055465442004
2017-07-27,Train,-0.0016110215801745653,-0.02035292996612559
2017-07-28,Train,0.001590803381986916,-0.01209670660924955
2017-07-31,Train,0.003403039649128914,0.004887223131485374
2017-08-01,Train,0.003377679269760847,0.003273901007913471
2017-08-02,Train,0.0029679415747523308,0.002292475429320984
2017-08-03,Train,0.012455178424715996,-0.01436639631328751
2017-08-04,Train,0.011121132411062717,-0.01684648988352333
2017-08-07,Train,0.002296600490808487,-0.02428053795043295
2017-08-08,Train,0.004296102561056614,-0.00769177901136664
2017-08-09,Train,0.005615685135126114,-0.00992223649895696
2017-08-10,Train,0.016622787341475487,0.008792494532348316
2017-08-11,Train,0.009151407517492771,-0.0009148830206087144
2017-08-14,Train,-4.3411295337136835e-05,-0.01056061343027948
2017-08-15,Train,-0.0012810814660042524,-0.007359560977418522
2017-08-16,Train,0.002609502524137497,0.002564424177418312
2017-08-17,Train,0.02837039902806282,0.03445832487152356
2017-08-18,Train,0.027079494670033455,0.03377472503548917
2017-08-21,Train,0.01683526299893856,0.02580644672735488
2017-08-22,Train,0.011343156918883324,0.01347770932752113
2017-08-23,Train,0.018023544922471046,0.01948278598171904
2017-08-24,Train,0.01151435449719429,0.0136360608922943
2017-08-25,Train,0.011927258223295212,0.02747054915088398
2017-08-28,Train,0.01405487023293972,0.02675372137222598
2017-08-29,Train,0.014196349307894707,0.02413091500864173
2017-08-30,Train,0.006821576971560717,0.006291072938175102
2017-08-31,Train,0.0002584101748652756,-0.0009575881844785528
2017-09-01,Train,-0.004357668571174145,-0.003082170878371149
2017-09-05,Train,-0.004470083862543106,0.007671577798203932
2017-09-06,Train,-0.0018512383103370667,0.001515890672509679
2017-09-07,Train,-0.0003327540180180222,-0.006942974485190212
2017-09-08,Train,0.005343191791325808,0.0007627807033516731
2017-09-11,Train,-0.0028040241450071335,-0.02104608328096091
2017-09-12,Train,-0.00019678894022945315,-0.02085900031661314
2017-09-13,Train,0.00028228017617948353,-0.0133860912415571
2017-09-14,Train,0.005350301042199135,-0.007900480322703074
2017-09-15,Train,0.005385692697018385,-0.004176370125618112
2017-09-18,Train,0.008963814936578274,0.0002061063460521151
2017-09-19,Train,0.00839789304882288,0.0006172588203490204
2017-09-20,Train,0.01347257848829031,0.004678311986426653
2017-09-21,Train,0.015311897732317448,0.0207669933585295
2017-09-22,Train,0.01415915135294199,0.02314298897163458
2017-09-25,Train,0.021375278010964394,0.03284315364969825
2017-09-26,Train,0.0216076597571373,0.03094229231841417
2017-09-27,Train,0.01627523824572563,0.02478185245662168
2017-09-28,Train,0.016052864491939545,0.0232670904033303
2017-09-29,Train,0.012804802507162094,0.01986936713843201
2017-10-02,Train,0.0104614133015275,0.02246190569674389
2017-10-03,Train,0.009211795404553413,0.02159156837112075
2017-10-04,Train,0.010619264096021652,0.01937959223934405
2017-10-05,Train,0.00956546701490879,0.005764212708710081
2017-10-06,Train,0.00964816752821207,0.00711095100715653
2017-10-09,Train,0.010926715098321438,0.001695030108406881
2017-10-10,Train,0.01071352418512106,0.002642272178328575
2017-10-11,Train,0.010882302187383175,-0.004120512280573752
2017-10-12,Train,0.01039733737707138,-0.005481474826922628
2017-10-13,Train,0.011744747869670391,0.01954974536110798
2017-10-16,Train,0.010780703276395798,0.0183405818985356
2017-10-17,Train,0.010523715987801552,0.02086688640934686
2017-10-18,Train,0.010764832608401775,0.02176545398279917
2017-10-19,Train,0.013201563619077206,0.02359921824297273
2017-10-20,Train,0.012281453236937523,0.03066369008622027
2017-10-23,Train,0.01621464267373085,0.04095023397876263
2017-10-24,Train,0.015367737039923668,0.03979998088398284
2017-10-25,Train,0.018314333632588387,0.04795501373839617
2017-10-26,Train,0.018314333632588387,0.04579474292378372
2017-10-27,Train,0.009718596935272217,0.01613321273469182
2017-10-30,Train,0.009718596935272217,0.01510748950039686
2017-10-31,Train,0.009718596935272217,0.007624079583588905
2017-11-01,Train,0.010515551082789898,0.003221500425460322
2017-11-02,Train,0.007516332436352968,0.01798297721785658
2017-11-03,Train,0.00477182911708951,0.004436567213585096
2017-11-06,Train,0.0010685481829568744,0.0002601505082806543
2017-11-07,Train,0.0013730922946706414,0.01052765184418347
2017-11-08,Train,0.0019207708537578583,0.007702281174150505
2017-11-09,Train,0.0017060363898053765,0.01672192090965385
2017-11-10,Train,0.00782995019108057,0.0163327035739802
2017-11-13,Train,0.008677015081048012,0.01767726851899609
2017-11-14,Train,0.013632120564579964,0.003587522408951882
2017-11-15,Train,0.020818635821342468,0.01677696847783494
2017-11-16,Train,0.007608375046402216,-0.0003234618554447399
2017-11-17,Train,0.012355958111584187,-0.008054499895780332
2017-11-20,Train,0.009930935688316822,-0.006630723918089609
2017-11-21,Train,-0.0007653585635125637,-0.01286173633440513
2017-11-22,Train,-0.0007653585635125637,-0.01072643164466403
2017-11-24,Train,-0.0007653585635125637,-0.009983345791846343
2017-11-27,Train,0.004685238469392061,-0.001856767657268388
2017-11-28,Train,0.005004009697586298,-0.00574745461097248
2017-11-29,Train,0.016175488010048866,0.01384378574264211
2017-11-30,Train,0.008805119432508945,0.004705195069586665
2017-12-01,Train,0.014315944164991379,0.02045432255137136
2017-12-04,Train,0.022814705967903137,0.03883172297210535
2017-12-05,Train,0.022448236122727394,0.03200052004302534
2017-12-06,Train,0.02025480940937996,0.02625406370877448
2017-12-07,Train,0.020331744104623795,0.02291909285401861
2017-12-08,Train,0.01594819501042366,0.01725919988116487
2017-12-11,Train,0.017028406262397766,0.00397697498556826
2017-12-12,Train,0.01608763076364994,0.005459508198327967
2017-12-13,Train,0.015092969872057438,0.00474383106812204
2017-12-14,Train,0.016289185732603073,-0.0007698894804807344
2017-12-15,Train,0.013716832734644413,0.00532833256708698
2017-12-18,Train,0.01319250650703907,0.008761972989134614
2017-12-19,Train,0.014868898317217827,0.01655041636562737
2017-12-20,Train,0.015918642282485962,0.02786770407964601
2017-12-21,Train,0.015878481790423393,0.03173595622437042
2017-12-22,Train,0.01574268564581871,0.03297961874842437
2017-12-26,Train,0.021955886855721474,0.03616143782789405
2017-12-27,Train,0.02407294698059559,0.04311997118628952
2017-12-28,Train,0.024216914549469948,0.04951196310318973
2017-12-29,Train,0.025205954909324646,0.05303036759713353
2018-01-02,Train,0.016688745468854904,0.04605960969118406
2018-01-03,Train,0.01228400506079197,0.03618076978746387
2018-01-04,Train,0.01228400506079197,0.03761461462871574
2018-01-05,Train,0.008266445249319077,0.03829049541967744
2018-01-08,Train,0.006200219504535198,0.04281754121445314
2018-01-09,Train,0.005834868177771568,0.0359867506851248
2018-01-10,Train,0.010088546201586723,0.03804423299037274
2018-01-11,Train,0.007077408954501152,0.04678792151250133
2018-01-12,Train,-0.0007387528312392533,0.0341054193142738
2018-01-16,Train,-0.0010972365271300077,0.02853306032114911
2018-01-17,Train,-0.006318088620901108,0.02177453861235845
2018-01-18,Train,-0.001495465636253357,0.0129055559952076
2018-01-19,Train,-0.0016184106934815645,-0.01040035929798189
2018-01-22,Train,-0.019039032980799675,-0.05948132459217315
2018-01-23,Train,-0.021376874297857285,-0.04247535355770327
2018-01-24,Train,-0.025420717895030975,-0.04869067614709111
2018-01-25,Train,-0.025352444499731064,-0.08850613967968413
2018-01-26,Train,-0.027769284322857857,-0.0867605874201085
2018-01-29,Train,-0.027769284322857857,-0.06602005046075088
2018-01-30,Train,-0.02948349341750145,-0.05340838571325068
2018-01-31,Train,-0.022052371874451637,-0.03966943012294044
2018-02-01,Train,-0.01633988879621029,-0.01345564226771612
2018-02-02,Train,0.0008003508555702865,0.002126274844893139
2018-02-05,Train,0.031173691153526306,0.04534529718162084
2018-02-06,Train,0.01858978345990181,0.01546429550477257
2018-02-07,Train,0.02321314811706543,0.02864987295137111
2018-02-08,Train,0.034450192004442215,0.0959270219188606
2018-02-09,Train,0.03084738366305828,0.09160786184393799
2018-02-12,Train,0.02704368345439434,0.05929375249238733
2018-02-13,Train,0.019489243626594543,0.04709126531086505
2018-02-14,Train,0.010820484720170498,0.01106468608801325
2018-02-15,Train,-0.0037671267054975033,0.001750202475938822
2018-02-16,Train,-0.0015068191569298506,0.0173981268209189
2018-02-20,Train,-0.0006589940749108791,0.01966241231780996
2018-02-21,Train,0.0024780724197626114,0.02493620415558961
2018-02-22,Train,0.0018254874739795923,0.03070386811221471
2018-02-23,Train,-0.001819276250898838,0.02967238834212904
2018-02-26,Train,-0.008306651376187801,0.02159629146938746
2018-02-27,Train,-0.0005302124191075563,0.02032214370535712
2018-02-28,Train,-0.007606313098222017,0.02673276587784112
2018-03-01,Train,0.006278400309383869,0.04286237375295254
2018-03-02,Train,-0.00034080175100825727,0.03030302194612577
2018-03-05,Train,-0.021426979452371597,-0.004349614011646796
2018-03-06,Train,-0.01419445313513279,-0.005280642133036473
2018-03-07,Train,-0.012308984063565731,-0.01189838746215788
2018-03-08,Train,-0.024194197729229927,-0.04156362612283837
2018-03-09,Train,-0.04068877547979355,-0.08460388568632915
2018-03-12,Train,-0.03777731955051422,-0.0556066626421845
2018-03-13,Train,-0.03916625678539276,-0.07355427400255588
2018-03-14,Train,-0.041902560740709305,-0.0840516850617089
2018-03-15,Train,-0.035391293466091156,-0.0664606423227021
2018-03-16,Train,-0.0331256277859211,-0.09069120207081272
2018-03-19,Train,-0.012528601102530956,-0.0588869613241304
2018-03-20,Train,-0.007017213385552168,-0.04718156093822667
2018-03-21,Train,0.0025193907786160707,-0.03756293039324654
2018-03-22,Train,0.011944899335503578,-0.0378992509415601
2018-03-23,Train,0.01928127184510231,-0.004920817653950804
2018-03-26,Train,0.008965316228568554,-0.01940381569980953
2018-03-27,Train,0.027573898434638977,0.00754335513219706
2018-03-28,Train,0.03143830597400665,0.0315421730611587
2018-03-29,Train,0.028081580996513367,0.007743647015326482
2018-04-02,Train,0.03364649787545204,0.04559199953137427
2018-04-03,Train,0.02625606395304203,0.05621271719105536
2018-04-04,Train,0.011707971803843975,0.04194313708427222
2018-04-05,Train,0.024861125275492668,0.02651733537176448
2018-04-06,Train,0.022744283080101013,0.03619994887433919
2018-04-09,Train,0.011400994844734669,0.02637420766367926
2018-04-10,Train,0.014089681208133698,-0.01705849442014473
2018-04-11,Train,0.00042483487050049007,-0.01016973356143458
2018-04-12,Train,-0.005541952792555094,-0.001356274037342176
2018-04-13,Train,-0.0036711639259010553,0.004461803572468614
2018-04-16,Train,-0.005093008279800415,-0.01020912422999898
2018-04-17,Train,-0.007905358448624611,-0.01998800242156329
2018-04-18,Train,-0.01060100644826889,-0.02775772079680139
2018-04-19,Train,-0.005535710137337446,-0.01885877473342223
2018-04-20,Train,0.0024511029478162527,0.01583482450465579
2018-04-23,Train,0.013613887131214142,0.02687013478235745
2018-04-24,Train,0.02681477554142475,0.04802473992124101
2018-04-25,Train,0.0330367386341095,0.05817845156899604
2018-04-26,Train,0.01989886909723282,0.0471016072923427
2018-04-27,Train,0.024482594802975655,0.04546863188653005
2018-04-30,Train,0.038981467485427856,0.05474088122871268
2018-05-01,Train,0.033717505633831024,0.03126917542733132
2018-05-02,Train,0.035184476524591446,0.04424662019063397
2018-05-03,Train,0.021554240956902504,0.04035845893777901
2018-05-04,Train,-0.0022295110393315554,0.01570941756162925
2018-05-07,Train,0.001361332950182259,0.01299319256464493
2018-05-08,Train,0.011869261041283607,0.01270539687183359
2018-05-09,Train,0.004215391818434,0.01024542036381137
2018-05-10,Train,0.002523719100281596,-0.0004126404164870312
2018-05-11,Train,0.0021341319661587477,0.001534252900597055
2018-05-14,Train,0.0037920360919088125,-0.004594985445047883
2018-05-15,Train,0.005637453868985176,0.01376063397738925
2018-05-16,Train,0.00583477271720767,0.006450536301570331
2018-05-17,Train,0.01038587000221014,0.02619856005547661
2018-05-18,Train,0.025655725970864296,0.0408455515565449
2018-05-21,Train,0.027021126821637154,0.03824229616875718
2018-05-22,Train,0.029289813712239265,0.04566540771217587
2018-05-23,Train,0.02540912665426731,0.02847869338706066
2018-05-24,Train,0.018478386104106903,0.02884104571885904
2018-05-25,Train,0.026075229048728943,0.0305797926236
2018-05-29,Train,0.02788013033568859,0.04059892620460626
2018-05-30,Train,0.008100905455648899,0.03314146721808009
2018-05-31,Train,0.012632712721824646,0.04427587731528582
2018-06-01,Train,0.007027249317616224,0.02454550248664189
2018-06-04,Train,0.004680647514760494,0.01262189850673101
2018-06-05,Train,-0.002205526689067483,0.006634658467205456
2018-06-06,Train,-0.0006371685885824263,0.007904011058934346
2018-06-07,Train,-0.005389135330915451,0.00733826802633164
2018-06-08,Train,-0.005894136615097523,0.005044742435772909
2018-06-11,Train,-0.006264719646424055,-0.02023902847638404
2018-06-12,Train,-0.008035004138946533,-0.02138426018131256
2018-06-13,Train,-0.006366266869008541,-0.0346377621600793
2018-06-14,Train,-0.007884537801146507,-0.03609236172195429
2018-06-15,Train,-0.0028333705849945545,-0.03011640840618068
2018-06-18,Train,-0.007888575084507465,-0.02096315551412009
2018-06-19,Train,-0.0068857790902256966,-0.02954543720592151
2018-06-20,Train,-0.006335737649351358,-0.0244287832499559
2018-06-21,Train,0.004672035574913025,-0.0005691542865767785
2018-06-22,Train,0.011228193528950214,0.01066618206175018
2018-06-25,Train,0.01905684731900692,0.03472026828828745
2018-06-26,Train,0.017342584207654,0.02528035485306979
2018-06-27,Train,0.03145837038755417,0.05732640800832467
2018-06-28,Train,0.03276359662413597,0.04918510455554936
2018-06-29,Train,0.029297776520252228,0.04386833118000544
2018-07-02,Train,0.018296826630830765,0.04322917296746609
2018-07-03,Train,0.03244104981422424,0.05345427084832521
2018-07-05,Train,0.014460367150604725,0.03533426252053284
2018-07-06,Train,0.0016677712555974722,0.01924722322797634
2018-07-09,Train,0.001821005018427968,0.013375444915247
2018-07-10,Train,0.006298522464931011,0.01680575008149154
2018-07-11,Train,0.006854199804365635,0.03627711836355751
2018-07-12,Train,-0.003488183254376054,0.003287620170611794
2018-07-13,Train,-0.007575324270874262,-0.01107959181783646
2018-07-16,Train,0.001523651648312807,-0.0227145453275811
2018-07-17,Train,0.0031452637631446123,-0.02119047669431007
2018-07-18,Train,0.0061809588223695755,-0.01561717152769038
2018-07-19,Train,0.007992010563611984,0.00279282803669334
2018-07-20,Train,0.006625676527619362,0.006089705036252724
2018-07-23,Train,0.014499112032353878,0.008799297463451428
2018-07-24,Train,0.013564988039433956,0.008319467413261172
2018-07-25,Train,0.006444018334150314,-0.004375905369804811
2018-07-26,Train,0.010944150388240814,0.01033046697487072
2018-07-27,Train,0.010373915545642376,0.01632704219679826
2018-07-30,Train,0.014764254912734032,0.02975276509455504
2018-07-31,Train,0.01089293509721756,0.02833663976467315
2018-08-01,Train,0.010788947343826294,0.0119128312359964
2018-08-02,Train,0.004236462526023388,0.00161537652143795
2018-08-03,Train,0.006338491570204496,-0.001221686019914237
2018-08-06,Train,0.0040127974934875965,-0.007949665707509879
2018-08-07,Train,0.002314142882823944,-0.007920805375323803
2018-08-08,Train,0.002314142882823944,-0.0052741824598036
2018-08-09,Train,0.0027015828527510166,-0.006101921763540519
2018-08-10,Train,0.0022386647760868073,0.01085747512015289
2018-08-13,Train,0.009960103780031204,0.02229363825636854
2018-08-14,Train,0.0057920049875974655,0.01741528638884882
2018-08-15,Train,0.014256974682211876,0.04190152287366855
2018-08-16,Train,0.017540786415338516,0.03664773701187074
2018-08-17,Train,0.013468134216964245,0.03775154710936901
2018-08-20,Train,0.013570756651461124,0.03422375770570985
2018-08-21,Train,0.014644253067672253,0.01713238150052043
2018-08-22,Train,0.007327306549996138,0.004142273335430158
2018-08-23,Train,0.010330711491405964,0.001714588237617498
2018-08-24,Train,0.00443665124475956,-0.004164809977147743
2018-08-27,Train,-0.0034662107937037945,-0.006618212243353239
2018-08-28,Train,-0.002658335492014885,-0.01099614740580335
2018-08-29,Train,-0.006363412830978632,-0.01183467199773691
2018-08-30,Train,-0.005235971417278051,-0.0129821260737264
2018-08-31,Train,-0.006363412830978632,-0.02844895650807611
2018-09-04,Train,-0.006232121959328651,-0.01619590888766753
2018-09-05,Train,-0.009968885220587254,-0.004088307508730016
2018-09-06,Train,-0.00026431638980284333,0.01600574061485016
2018-09-07,Train,0.0016279934206977487,0.01435594994618428
2018-09-10,Train,0.00684332987293601,0.01194143822566796
2018-09-11,Train,-0.0021241253707557917,0.005570141435446097
2018-09-12,Train,0.0004333601682446897,0.009256229731939847
2018-09-13,Train,-0.0032689638901501894,0.007044941529060766
2018-09-14,Train,-0.0035850084386765957,0.009783073749816351
2018-09-17,Train,-0.007823039777576923,0.02663506081722278
2018-09-18,Train,-0.016348250210285187,0.01591557493105422
2018-09-19,Train,-0.008219297975301743,0.01778872498241313
2018-09-20,Train,-0.018691103905439377,-0.01266780165887293
2018-09-21,Train,-0.024693956598639488,-0.01937843714157395
2018-09-24,Train,-0.022180428728461266,-0.02632006283079624
2018-09-25,Train,-0.024275274947285652,-0.02449220441938083
2018-09-26,Train,-0.021997999399900436,-0.06805235933234288
2018-09-27,Train,-0.031851574778556824,-0.08733786561706214
2018-09-28,Train,-0.026799947023391724,-0.06173629569085182
2018-10-01,Train,-0.02188132330775261,-0.07498518339356552
2018-10-02,Train,-0.014149606227874756,-0.04592193151707602
2018-10-03,Train,-0.008965574204921722,-0.04657167950650642
2018-10-04,Train,-0.01314092893153429,-0.0504441932268983
2018-10-05,Train,-0.006584192160516977,-0.03957807308125905
2018-10-08,Train,-0.007980789989233017,-0.0287070611675031
2018-10-09,Train,-0.004363195970654488,-0.03540611500011215
2018-10-10,Train,0.022376971319317818,-0.03720957053878104
2018-10-11,Train,0.022464865818619728,0.008608439873445617
2018-10-12,Train,0.013186722993850708,-0.04394219447147274
2018-10-15,Train,0.004940202459692955,-0.05214569790505097
2018-10-16,Train,-0.017190665006637573,-0.06376257179732903
2018-10-17,Train,-0.01630644127726555,-0.04213427855377072
2018-10-18,Train,-0.012830233201384544,-0.006467231577289012
2018-10-19,Train,-0.017633887007832527,-0.0210380262383788
2018-10-22,Train,-0.015051152557134628,-0.0284629799551932
2018-10-23,Train,-0.010800166055560112,-0.01748715129326317
2018-10-24,Train,0.022088179364800453,0.06193302116831712
2018-10-25,Train,0.001303175464272499,0.01987612068162714
2018-10-26,Train,0.008253371343016624,0.02916116946813974
2018-10-29,Train,0.0025295543018728495,0.01899164482421534
2018-10-30,Train,0.005470972042530775,0.003314868959905404
2018-10-31,Train,-0.015958039090037346,-0.02720533610127618
2018-11-01,Train,-0.026581263169646263,-0.02307335392906285
2018-11-02,Train,-0.028739824891090393,-0.01109933184919443
2018-11-05,Train,-0.019261814653873444,-0.04083812074509774
2018-11-06,Train,-0.0286795012652874,-0.06508459512179465
2018-11-07,Train,-0.04375167191028595,-0.0866272158289556
2018-11-08,Train,-0.04250970110297203,-0.08741258404862728
2018-11-09,Train,-0.020778648555278778,-0.05031485930412916
2018-11-12,Train,-0.002247506519779563,-0.017375093836552
2018-11-13,Train,-0.0036826578434556723,0.01339578128904173
2018-11-14,Train,0.009302505291998386,0.01785712471390921
2018-11-15,Train,-0.0002812132879626006,0.007614961075517179
2018-11-16,Train,0.0029593566432595253,0.02883583182719218
2018-11-19,Train,0.007226557936519384,0.02258425100115202
2018-11-20,Train,0.017300037667155266,0.04856745130484885
2018-11-21,Train,0.009636769071221352,0.006297997109041109
2018-11-23,Train,0.0074516101740300655,0.02424471105819848
2018-11-26,Train,-0.011980314739048481,0.004420168355337761
2018-11-27,Train,-0.008584972470998764,0.009850713327838712
2018-11-28,Train,-0.032639700919389725,-0.02133960231090615
2018-11-29,Train,-0.03735737502574921,-0.04204574678594442
2018-11-30,Train,-0.044878821820020676,-0.07049656247049507
2018-12-03,Train,-0.045837026089429855,-0.08071724896600518
2018-12-04,Train,-0.04929698258638382,-0.06752354790598625
2018-12-06,Train,-0.049779634922742844,-0.08748280997609736
2018-12-07,Train,-0.03235697001218796,-0.08557440290463492
2018-12-10,Train,-0.04278784617781639,-0.1200098512616689
2018-12-11,Train,-0.04360482469201088,-0.06814983103043226
2018-12-12,Train,-0.04202677309513092,-0.07270523949179775
2018-12-13,Train,-0.03324039280414581,-0.07347065072309655
2018-12-14,Train,-0.026600569486618042,-0.04233925531843341
2019-01-02,Test,0.0010501217329874635,0.04823089479081033
2019-01-03,Test,0.012569530867040157,0.0921772586001024
2019-01-04,Test,-0.007575520779937506,0.05773541905609214
2019-01-07,Test,-0.0069260080344974995,0.02435325569422431
2019-01-08,Test,-0.015417571179568768,0.01648689539608705
2019-01-09,Test,-0.013314074836671352,0.01479908914085115
2019-01-10,Test,-0.013811994343996048,0.02399550562052877
2019-01-11,Test,-0.017548684030771255,0.01506004189543608
2019-01-14,Test,-0.01070699468255043,0.0144409053183876
2019-01-15,Test,-0.011706119403243065,0.02032262405306806
2019-01-16,Test,-0.005789606366306543,0.03578686381378549
2019-01-17,Test,-0.0076464018784463406,0.02334530313169325
2019-01-18,Test,-0.006912314798682928,0.02590014389892215
2019-01-22,Test,-0.004076797515153885,0.05613187724373159
2019-01-23,Test,-0.001907789264805615,0.05161893734834133
2019-01-24,Test,-0.00516417995095253,0.03082107152791247
2019-01-25,Test,-0.0010765328770503402,0.02064791878979277
2019-01-28,Test,0.0037376852706074715,0.03243205975315955
2019-01-29,Test,0.0059349690563976765,0.05768392426155855
2019-01-30,Test,-0.002862434135749936,0.0321704615323406
2019-01-31,Test,-0.006894138175994158,0.01819694036604758
2019-02-01,Test,-0.006955883000046015,0.02681400761417696
2019-02-04,Test,-0.007471031975001097,0.01622131787767001
2019-02-05,Test,-0.0068682278506457806,0.007133258664624442
2019-02-06,Test,-0.009889552369713783,0.006450802352602425
2019-02-07,Test,-0.001403060625307262,0.02770019485500441
2019-02-08,Test,0.009815138764679432,0.02942576403480923
2019-02-11,Test,0.01182315219193697,0.03147270334828955
2019-02-12,Test,0.009092270396649837,0.01579961939192187
2019-02-13,Test,0.009784243069589138,0.01274783933452017
2019-02-14,Test,0.01211744174361229,0.01851418144109918
2019-02-15,Test,0.014623829163610935,0.01442361109878543
2019-02-19,Test,0.009820344857871532,0.01317624964328545
2019-02-20,Test,0.01537261065095663,0.007605210790094352
2019-02-21,Test,0.014121843501925468,-0.001107111332082855
2019-02-22,Test,0.013467477634549141,-0.009948529277432061
2019-02-25,Test,0.013467477634549141,0.006973210150330589
2019-02-26,Test,0.01519683189690113,0.01145656608017687
2019-02-27,Test,0.016012025997042656,0.01970158558151214
2019-02-28,Test,0.01786145009100437,0.02032452348773317
2019-03-01,Test,0.010940139181911945,0.02270776264537466
2019-03-04,Test,0.012665467336773872,0.02310514173606038
2019-03-05,Test,0.012456091120839119,0.02578057818002821
2019-03-06,Test,0.016148751601576805,0.03572249962811314
2019-03-07,Test,0.016528556123375893,0.06498288003491992
2019-03-08,Test,0.014057575725018978,0.04317345018812513
2019-03-11,Test,0.010529311373829842,0.01997370559435097
2019-03-12,Test,0.009983791038393974,0.01912459766441255
2019-03-13,Test,0.008361129090189934,0.005027961229692401
2019-03-14,Test,0.008150819689035416,0.00905433073361439
2019-03-15,Test,0.00644189165905118,0.007345093993624152
2019-03-18,Test,0.006889992859214544,0.02011765984468949
2019-03-19,Test,0.004125438630580902,0.02055287692297592
2019-03-20,Test,0.004278911277651787,0.02236317531878917
2019-03-21,Test,0.004057520534843206,0.006244176720790584
2019-03-22,Test,0.0002726626698859036,0.03416222102889499
2019-03-25,Test,0.0013066534884274006,0.03877232417674725
2019-03-26,Test,0.0015325595159083605,0.03032668295577534
2019-03-27,Test,0.0084965405985713,0.04255203813342212
2019-03-28,Test,0.009151970967650414,0.03768718138473925
2019-03-29,Test,0.008519870229065418,0.03434263633072931
2019-04-01,Test,0.0035787259694188833,0.02098444004123001
2019-04-02,Test,0.0011534782825037837,0.02063155672636374
2019-04-03,Test,0.002287854440510273,0.01833711578828856
2019-04-04,Test,0.004809076432138681,0.02003153089811227
2019-04-05,Test,0.004368697293102741,0.01765403683626632
2019-04-08,Test,0.0052673607133328915,0.02798029784021328
2019-04-09,Test,0.005069285165518522,0.02835001684438665
2019-04-10,Test,0.006196714472025633,0.02701242504912815
2019-04-11,Test,0.005862971302121878,0.03037342676465671
2019-04-12,Test,0.008430244401097298,0.02792876494789409
2019-04-15,Test,0.005442422349005938,0.01979980987676955
2019-04-16,Test,0.004907318390905857,0.01302945134467159
2019-04-17,Test,0.0007713803206570446,0.005129611248601895
2019-04-18,Test,0.004043601918965578,0.01985165287805968
2019-04-22,Test,-0.00225870031863451,0.0107492778423981
2019-04-23,Test,-0.002064943080767989,-0.02138611800557977
2019-04-24,Test,0.005203164182603359,-0.02076855359216145
2019-04-25,Test,0.005748155526816845,-0.02997685627442814
2019-04-26,Test,0.009064636193215847,-0.02963542657941076
2019-04-29,Test,0.009736130945384502,-0.06512408210222043
2019-04-30,Test,0.010242108255624771,-0.04748338249866579
2019-05-01,Test,0.014503678306937218,-0.03091090120303197
2019-05-02,Test,0.021462788805365562,-0.01690504451784747
2019-05-03,Test,0.010093562304973602,-0.04222702788156252
2019-05-06,Test,0.008175850845873356,-0.05259558473600545
2019-05-07,Test,0.01334238238632679,-0.02367914267630988
2019-05-08,Test,0.013671612367033958,-0.02556925171317415
2019-05-09,Test,0.015654316172003746,-0.03528713601611744
2019-05-10,Test,0.015015208162367344,-0.03697295317778715
2019-05-13,Test,0.024820033460855484,-0.006103686452651136
2019-05-14,Test,0.022913629189133644,-0.02498058421708349
2019-05-15,Test,0.01595439575612545,-0.03451850014659574
2019-05-16,Test,0.011950627900660038,-0.05937379636838658
2019-05-17,Test,0.015807555988430977,-0.07058565692115404
2019-05-20,Test,0.01820705272257328,-0.02800774310422705
2019-05-21,Test,0.012740110047161579,-0.03090796381561534
2019-05-22,Test,0.009408991783857346,-0.01883771727779227
2019-05-23,Test,0.013714052736759186,0.01565213624758943
2019-05-24,Test,0.014506759122014046,0.02800847626742753
2019-05-28,Test,0.014871484600007534,0.03329758420424378
2019-05-29,Test,0.0203724168241024,0.03584614896524041
2019-05-30,Test,0.025894753634929657,0.03761947013495881
2019-05-31,Test,0.030518926680088043,0.04995689907365675
2019-06-03,Test,0.038599252700805664,0.08006119660769095
2019-06-04,Test,0.0253756120800972,0.06574809764577938
2019-06-05,Test,0.027559297159314156,0.06185797333396614
2019-06-06,Test,0.019704429432749748,0.0632847556699403
2019-06-07,Test,0.005811619572341442,0.0415930972013725
2019-06-10,Test,0.0032287752255797386,0.02735468158659415
2019-06-11,Test,0.00038173203938640654,0.008342414559514344
2019-06-12,Test,0.005461748223751783,0.01892068124126234
2019-06-13,Test,0.004948014859110117,0.0167920720848429
2019-06-14,Test,0.004304411821067333,0.02244856612580559
2019-06-17,Test,0.0009203284862451255,0.03004239059891201
2019-06-18,Test,0.00031842556199990213,0.0193122191620787
2019-06-19,Test,0.005521523300558329,0.02314147729640448
2019-06-20,Test,-0.000459175615105778,0.01164944070500207
2019-06-21,Test,0.002517205197364092,0.006045496873150036
2019-06-24,Test,0.004240413196384907,0.01328656436725728
2019-06-25,Test,0.009201884269714355,0.04125888273942357
2019-06-26,Test,0.011288037523627281,0.03568547888691564
2019-06-27,Test,0.01648113690316677,0.03769436342786525
2019-06-28,Test,0.01559169590473175,0.03968077640220247
2019-07-01,Test,0.012795714661478996,0.0205537329734411
2019-07-02,Test,-0.001734178396873176,0.01152572235523874
2019-07-03,Test,-0.006530359387397766,0.005119074984545113
2019-07-05,Test,-0.0034765335731208324,-0.0002094139978162657
2019-07-08,Test,-0.0018794629722833633,0.01486475128158626
2019-07-09,Test,-0.0029884912073612213,0.01641660318841942
2019-07-10,Test,-0.0074400389567017555,0.01345033428920006
2019-07-11,Test,-0.005457123275846243,0.004573354595086565
2019-07-12,Test,-0.008527579717338085,0.009094168955392945
2019-07-15,Test,-0.008172714151442051,0.002420815016629385
2019-07-16,Test,-0.003711256431415677,0.003261739076989789
2019-07-17,Test,-0.0006305838469415903,-0.005723157451572591
2019-07-18,Test,-0.0008420514059253037,-0.01179713280356576
2019-07-19,Test,0.005152007564902306,-0.0191612402941006
2019-07-22,Test,0.003599837888032198,-0.0612891659823076
2019-07-23,Test,0.00141077337320894,-0.05433716468398464
2019-07-24,Test,-0.0029648039489984512,-0.05585444139068829
2019-07-25,Test,-0.000965775630902499,-0.02607350473539505
2019-07-26,Test,-0.004464798141270876,-0.04506113009116286
2019-07-29,Test,-0.00470142113044858,-0.05276944441134102
2019-07-30,Test,-0.007300194352865219,-0.02781504501807386
2019-07-31,Test,0.008691424503922462,-0.04364213150344975
2019-08-01,Test,0.01639879308640957,-0.03996839909899719
2019-08-02,Test,0.01741686463356018,-0.009981373445717034
2019-08-05,Test,0.022755097597837448,0.04260497499181248
2019-08-06,Test,0.018714122474193573,0.02024449866350286
2019-08-07,Test,0.018331127241253853,0.02377207534769332
2019-08-08,Test,0.0063201324082911015,-0.00127478084233279
2019-08-09,Test,0.014645885676145554,-0.02370099221809141
2019-08-12,Test,0.01199292205274105,0.002549504774299827
2019-08-13,Test,-0.0055401138961315155,-0.02102025970962862
2019-08-14,Test,-0.003945920616388321,0.01274897078729964
2019-08-15,Test,-0.001977167557924986,0.02941657095269923
2019-08-16,Test,-0.006976145785301924,0.01072894942313507
2019-08-19,Test,-0.005511678289622068,-0.01475348345462302
2019-08-20,Test,-0.0016959636704996228,0.007273897424572295
2019-08-21,Test,0.0006707400898449123,0.01669932574322597
2019-08-22,Test,0.007328759413212538,0.01898729914002328
2019-08-23,Test,0.01570144109427929,0.0500905956517439
2019-08-26,Test,0.00036330168950371444,0.03149005429493368
2019-08-27,Test,0.011749586090445518,0.04337689268395506
2019-08-28,Test,0.01557961292564869,0.04397860257551933
2019-08-29,Test,0.01108741108328104,0.02458490401343028
2019-08-30,Test,0.020638635382056236,0.02245688071512753
2019-09-03,Test,0.024230966344475746,0.03743610253446317
2019-09-04,Test,0.014508876018226147,0.02224819413087986
2019-09-05,Test,0.010755456052720547,0.005527153849936184
2019-09-06,Test,0.01003924198448658,-0.004123353521754747
2019-09-09,Test,0.011263199150562286,-0.003608988088264264
2019-09-10,Test,0.012253696098923683,-0.01400544574849749
2019-09-11,Test,0.010232590138912201,-0.01221218590745354
2019-09-12,Test,0.005769571289420128,-0.01992439543472946
2019-09-13,Test,0.008116091601550579,-0.02861740261228507
2019-09-16,Test,0.012726720422506332,-0.01497284655077158
2019-09-17,Test,0.013150258921086788,-0.02767394424790415
2019-09-18,Test,0.011949514038860798,-0.04399543441062925
2019-09-19,Test,0.010000032372772694,-0.03510676800579082
2019-09-20,Test,0.020021267235279083,-0.0104297980153818
2019-09-23,Test,0.020366251468658447,-0.01186348822486061
2019-09-24,Test,0.02043575793504715,-0.01356601072084773
2019-09-25,Test,0.020026426762342453,-0.01499371883449763
2019-09-26,Test,0.02358894795179367,-0.00369633640818845
2019-09-27,Test,0.025420939549803734,0.02181469206910092
2019-09-30,Test,0.01947035826742649,0.01207562527820771
2019-10-01,Test,0.022224364802241325,0.0333742716794454
2019-10-02,Test,0.029445428401231766,0.04884536857001232
2019-10-03,Test,0.026772435754537582,0.04019990021554354
2019-10-04,Test,0.022513464093208313,0.01525345543166345
2019-10-07,Test,0.02376495487987995,0.02735865781023583
2019-10-08,Test,0.026993295177817345,0.03467807139503698
2019-10-09,Test,0.022896720096468925,0.0266517417456209
2019-10-10,Test,0.01920543797314167,0.02867290583059146
2019-10-11,Test,0.00943138636648655,0.0237036197207332
2019-10-14,Test,0.010007643140852451,0.03391078083894028
2019-10-15,Test,0.0039650630205869675,0.01302185282160262
2019-10-16,Test,0.006723505910485983,0.02046214434527238
2019-10-17,Test,0.005483927670866251,0.0182381747540088
2019-10-18,Test,0.006227847188711166,0.03745627098093429
2019-10-21,Test,0.0056642815470695496,0.03469676164767788
2019-10-22,Test,0.010683602653443813,0.04357571198533505
2019-10-23,Test,0.004378679674118757,0.03922585182733163
2019-10-24,Test,0.004040634259581566,0.03266524013351702
2019-10-25,Test,0.005053536035120487,0.02857287035028677
2019-10-28,Test,0.004810946527868509,0.01715847175166285
2019-10-29,Test,0.007143743801862001,0.02805549983860889
2019-10-30,Test,0.010930251330137253,0.0233513920323547
2019-10-31,Test,0.010744905099272728,0.02207220826218359
2019-11-01,Test,0.00921060424298048,0.02031482196467715
2019-11-04,Test,-0.01505886111408472,0.0148425843583766
2019-11-05,Test,-0.012410713359713554,0.0157833689493676
2019-11-06,Test,-0.011186894960701466,0.01196435450225564
2019-11-07,Test,-0.009828578680753708,0.006336398337924098
2019-11-08,Test,-0.010357892140746117,0.00298169316828889
2019-11-11,Test,-0.010357892140746117,0.01622210588138362
2019-11-12,Test,-0.010869095101952553,0.01523274499597793
2019-11-13,Test,-0.006946898065507412,0.0220744929266401
2019-11-14,Test,-0.0056248316541314125,0.01821979626262293
2019-11-15,Test,-0.010549317114055157,0.0004435283439276905
2019-11-18,Test,-0.010543708689510822,-0.008174538839992418
2019-11-19,Test,-0.011942017823457718,-0.00462212943883189
2019-11-20,Test,-0.005664618220180273,0.003363878086083627
2019-11-21,Test,-0.00547309685498476,0.01636094745506922
2019-11-22,Test,-0.0016590397572144866,0.01109847630601069
2019-11-25,Test,-0.011545855551958084,-0.001566973471285538
2019-11-26,Test,-0.010249827057123184,0.001808294394622934
2019-11-27,Test,-0.01231431495398283,0.002281116462911292
2019-11-29,Test,-0.012020742520689964,0.01019013298729887
2019-12-02,Test,-0.009781391359865665,0.03088672055399466
2019-12-03,Test,0.007456680294126272,0.03962065231340994
2019-12-04,Test,-0.003920658025890589,0.03517270480457024
2019-12-05,Test,-0.007183791138231754,0.03958979789383132
2019-12-06,Test,-0.007528805173933506,0.03273174006764479
2019-12-09,Test,0.006853961385786533,0.03792811268967111
2019-12-10,Test,-0.0006665251567028463,0.03933302850677145
2019-12-11,Test,-0.0038867408875375986,0.04297979189298085
2019-12-12,Test,-0.01200835034251213,0.03438093212132931
2019-12-13,Test,-0.019670983776450157,0.02422898891504488
2019-12-16,Test,-0.020155897364020348,0.0159602249233104
2019-12-17,Test,-0.005573105998337269,0.03233203253352523
2019-12-18,Test,-0.015658775344491005,0.02209491556475829
2019-12-19,Test,-0.029662664979696274,0.02228965633423918
2019-12-20,Test,-0.029596958309412003,0.01804351208864929
2019-12-23,Test,-0.025349879637360573,0.02521125725622753
2019-12-24,Test,-0.02954019047319889,0.03336168075361368
2019-12-26,Test,-0.03186126425862312,0.02170353868451813
2019-12-27,Test,-0.03153863549232483,0.03436166994484302
2019-12-30,Test,-0.034199059009552,0.03708588128833612
2019-12-31,Test,-0.025370972231030464,0.03555805247585164
