Date,Type,Prediction,Actual
2009-01-02,Train,-0.058753810822963715,-0.05188529083869675
2009-01-05,Train,-0.08477801829576492,-0.09864607763167066
2009-01-06,Train,-0.07317551970481873,-0.06958188032187862
2009-01-07,Train,-0.06129789352416992,-0.05519054782197275
2009-01-08,Train,-0.06685520708560944,-0.0604681598345741
2009-01-09,Train,-0.026550592854619026,-0.03192547702745385
2009-01-12,Train,0.0016715691890567541,-0.006775093490449247
2009-01-13,Train,0.01444161031395197,0.02776836016786999
2009-01-14,Train,0.02762751653790474,0.03318200456817677
2009-01-15,Train,0.009715508669614792,-0.001374601890136606
2009-01-16,Train,0.006824424024671316,-0.000339912605571091
2009-01-20,Train,0.05062009021639824,0.06831193910236721
2009-01-21,Train,0.03328244015574455,0.02607204935943508
2009-01-22,Train,0.06430117785930634,0.06293461236223208
2009-01-23,Train,0.08204688131809235,0.08546717139468041
2009-01-26,Train,0.07501779496669769,0.08210234763095636
2009-01-27,Train,0.03216037526726723,0.03478855622033761
2009-01-28,Train,0.0011181607842445374,-0.004942326742831127
2009-01-29,Train,0.018916483968496323,0.03346855218632894
2009-01-30,Train,0.05193623900413513,0.04714387007608201
2009-02-02,Train,-0.003345642937347293,-0.00646040581582441
2009-02-03,Train,-0.024584917351603508,-0.02109143121575496
2009-02-04,Train,-0.03298993036150932,-0.03744563482442376
2009-02-05,Train,-0.0634845420718193,-0.05561003835661293
2009-02-06,Train,-0.08786729723215103,-0.1118903453930418
2009-02-09,Train,-0.09542407095432281,-0.08634918455093621
2009-02-10,Train,-0.07190162688493729,-0.05767963056027647
2009-02-11,Train,-0.07749100029468536,-0.07980131743471974
2009-02-12,Train,-0.10085771977901459,-0.09944386779609327
2009-02-13,Train,-0.11210011690855026,-0.1245481721169326
2009-02-17,Train,-0.0828167125582695,-0.08898010045239146
2009-02-18,Train,-0.07568956911563873,-0.06532147272103306
2009-02-19,Train,-0.08338017761707306,-0.07919418597224959
2009-02-20,Train,-0.07359696179628372,-0.08901979658692294
2009-02-23,Train,-0.04892854019999504,-0.07609478796801239
2009-02-24,Train,-0.039232347160577774,-0.05038223517528551
2009-02-25,Train,-0.043069884181022644,-0.02938090759372924
2009-02-26,Train,0.024607188999652863,0.03166603568821436
2009-02-27,Train,0.03109818510711193,0.04395201795471126
2009-03-02,Train,0.08104269206523895,0.06081084370680911
2009-03-03,Train,0.1030900701880455,0.1018031179202135
2009-03-04,Train,0.08237791061401367,0.08671792337539164
2009-03-05,Train,0.11611605435609818,0.1195775197632902
2009-03-06,Train,0.10941610485315323,0.1095057472114636
2009-03-09,Train,0.16675053536891937,0.2004661963207142
2009-03-10,Train,0.11379876732826233,0.1097694843898553
2009-03-11,Train,0.09862306714057922,0.09801799327403571
2009-03-12,Train,0.08111279457807541,0.0955702742876432
2009-03-13,Train,0.0790533497929573,0.07237299722584956
2009-03-16,Train,0.07302901148796082,0.0636942400029048
2009-03-17,Train,0.041456542909145355,0.03375382794726822
2009-03-18,Train,0.04494035616517067,0.03602692482619041
2009-03-19,Train,0.06407859176397324,0.07008085924255636
2009-03-20,Train,0.08988568931818008,0.1086359882039836
2009-03-23,Train,0.04554444178938866,0.04433659728629347
2009-03-24,Train,0.05105898156762123,0.03593802028782545
2009-03-25,Train,0.04804564639925957,0.04857241493065279
2009-03-26,Train,0.04897881671786308,0.04871056309231192
2009-03-27,Train,0.06175713613629341,0.06716416986765394
2009-03-30,Train,0.08178636431694031,0.08083839839310625
2009-03-31,Train,0.07166771590709686,0.06860164419492909
2009-04-01,Train,0.07783182710409164,0.08027303165281263
2009-04-02,Train,0.045402463525533676,0.04880356212968917
2009-04-03,Train,0.011123956181108952,-0.003400210226973899
2009-04-06,Train,0.012112917378544807,0.01301512745545264
2009-04-07,Train,0.04310526326298714,0.04360282736813392
2009-04-08,Train,0.029977208003401756,0.03630672362166742
2009-04-09,Train,0.022167054936289787,0.02276867125889526
2009-04-13,Train,0.021853065118193626,0.02553968282687968
2009-04-14,Train,0.03138014301657677,0.03047084680286938
2009-04-15,Train,0.05197569355368614,0.04753077247851456
2009-04-16,Train,0.03589414060115814,0.03128751649563832
2009-04-17,Train,0.027926743030548096,0.03182220098746935
2009-04-20,Train,0.06533446162939072,0.08715872866937713
2009-04-21,Train,0.07785037904977798,0.0712756784624331
2009-04-22,Train,0.07689909636974335,0.06831344316031429
2009-04-23,Train,0.03230985254049301,0.03322254466456243
2009-04-24,Train,0.013039772398769855,0.01602852293081547
2009-04-27,Train,0.01206617709249258,0.01838123155348437
2009-04-28,Train,0.014503378421068192,0.0134408831867443
2009-04-29,Train,-0.021333716809749603,-0.02710660595670511
2009-04-30,Train,-0.026677008718252182,-0.02596264356304312
2009-05-01,Train,-0.01890798658132553,-0.02909514201562302
2009-05-04,Train,-0.030688321217894554,-0.02310977392938973
2009-05-05,Train,-0.018165936693549156,-0.01770413831469031
2009-05-06,Train,-0.01935913972556591,-0.02141022055767983
2009-05-07,Train,-0.017149465158581734,-0.01636941168022199
2009-05-08,Train,-0.0033745011314749718,-0.02015771650413245
2009-05-11,Train,0.006603107787668705,0.01280938750951455
2009-05-12,Train,0.01645495928823948,0.01827288318032205
2009-05-13,Train,0.06155528873205185,0.05844943302300898
2009-05-14,Train,0.06395558267831802,0.05959873359817247
2009-05-15,Train,0.0813816711306572,0.09050046612012586
2009-05-18,Train,0.06667893379926682,0.06425224417047115
2009-05-19,Train,0.056865040212869644,0.05610465754554839
2009-05-20,Train,0.0644778236746788,0.07176204745536974
2009-05-21,Train,0.0969562828540802,0.0930162588851835
2009-05-22,Train,0.08548582345247269,0.09332132283779804
2009-05-26,Train,0.04532990604639053,0.06208680053377247
2009-05-27,Train,0.06410879641771317,0.0657018960315554
2009-05-28,Train,0.04918106645345688,0.05350497542385435
2009-05-29,Train,0.0339805893599987,0.03589599828780687
2009-06-01,Train,-0.009701056405901909,-0.01346517922473278
2009-06-02,Train,-0.012887154705822468,-0.0244236943795082
2009-06-03,Train,-0.011064586229622364,-0.01211126945306507
2009-06-04,Train,-0.026214808225631714,-0.02504088028340479
2009-06-05,Train,-0.029605509713292122,-0.01685695901202033
2009-06-08,Train,-0.032465968281030655,-0.04335959687167756
2009-06-09,Train,-0.04225398972630501,-0.05277403850273499
2009-06-10,Train,-0.02696627378463745,-0.03340574558476239
2009-06-11,Train,-0.021870099008083344,-0.01439431786229417
2009-06-12,Train,-0.01753046363592148,-0.00763990674861037
2009-06-15,Train,0.00528112193569541,0.01532031235887477
2009-06-16,Train,0.025590630248188972,0.02334745003846361
2009-06-17,Train,0.0077522555366158485,0.01421014613830196
2009-06-18,Train,-0.006606923416256905,-0.006141854343312936
2009-06-19,Train,-0.018217189237475395,-0.02074115053000136
2009-06-22,Train,0.0008165582548826933,-0.01567853543470799
2009-06-23,Train,-0.0019247356103733182,-0.00828574044363839
2009-06-24,Train,-0.015602730214595795,-0.02304017115224977
2009-06-25,Train,-0.03409125283360481,-0.03775152141139382
2009-06-26,Train,-0.019965583458542824,-0.02144621397316204
2009-06-29,Train,-0.011739480309188366,-0.02002742186437911
2009-06-30,Train,0.021846240386366844,0.0148432403786638
2009-07-01,Train,0.024962831288576126,0.0263736001162016
2009-07-02,Train,0.04221460595726967,0.05505626357244697
2009-07-06,Train,0.06324392557144165,0.07088388399743639
2009-07-07,Train,0.09946149587631226,0.1057052318248948
2009-07-08,Train,0.11096934974193573,0.1091904642896628
2009-07-09,Train,0.12217007577419281,0.1317226907120954
2009-07-10,Train,0.1206497848033905,0.11827036897694
2009-07-13,Train,0.10804396122694016,0.1056476062212042
2009-07-14,Train,0.09916406869888306,0.09406496348057569
2009-07-15,Train,0.05840058997273445,0.06554718590636677
2009-07-16,Train,0.054607026278972626,0.05915415011691194
2009-07-17,Train,0.056725915521383286,0.05031947072803944
2009-07-20,Train,0.05304009094834328,0.05590724812635184
2009-07-21,Train,0.042806707322597504,0.04871662114940878
2009-07-22,Train,0.037539687007665634,0.03194804005808649
2009-07-23,Train,0.01040986180305481,0.0007624547689339956
2009-07-24,Train,0.019475337117910385,0.02125484884176321
2009-07-27,Train,0.008370875380933285,0.006353240398838
2009-07-28,Train,0.0034684310667216778,0.004605846521109402
2009-07-29,Train,0.011241481639444828,0.01347226174990257
2009-07-30,Train,-0.000976544979494065,0.01314128030765915
2009-07-31,Train,0.00019426837388891727,0.004562745290106029
2009-08-03,Train,-0.02325921691954136,-0.03896107236815904
2009-08-04,Train,-0.026517992839217186,-0.02522482800041081
2009-08-05,Train,-0.009435474872589111,-0.0108230634314167
2009-08-06,Train,0.008133931085467339,0.009649498301452342
2009-08-07,Train,0.006213365122675896,0.01028083842605287
2009-08-10,Train,0.01862945966422558,0.01641418057891308
2009-08-11,Train,0.024017445743083954,0.02827306820700382
2009-08-12,Train,0.01607276126742363,0.0107850593603076
2009-08-13,Train,0.009073120541870594,0.007732635872065519
2009-08-14,Train,0.02009440027177334,0.02043899916130565
2009-08-17,Train,0.03383048251271248,0.04028064593294078
2009-08-18,Train,0.011703918687999249,0.006405329434255869
2009-08-19,Train,0.006854805629700422,-0.001272245242524006
2009-08-20,Train,-0.00032988772727549076,-0.00628772662358501
2009-08-21,Train,-0.00014811931760050356,0.001737396208329134
2009-08-24,Train,0.010698440484702587,0.01217395474451677
2009-08-25,Train,0.015021025203168392,0.01783505671917318
2009-08-26,Train,0.024264024570584297,0.02928040514925456
2009-08-27,Train,0.022863484919071198,0.0277227447916637
2009-08-28,Train,0.025692399591207504,0.03066275273431462
2009-08-31,Train,0.03540393337607384,0.04446671616974274
2009-09-01,Train,0.07541815936565399,0.0799388871494422
2009-09-02,Train,0.08440300077199936,0.08050955025253792
2009-09-03,Train,0.07981745153665543,0.07415845177545632
2009-09-04,Train,0.059432502835989,0.05475716181990919
2009-09-08,Train,0.04616944491863251,0.04688266491706217
2009-09-09,Train,0.03692824766039848,0.03309809212219994
2009-09-10,Train,0.017336392775177956,0.0142237261113547
2009-09-11,Train,0.01201291661709547,0.004335267417901134
2009-09-14,Train,0.00746198371052742,0.01751438428242236
2009-09-15,Train,0.010431715287268162,0.009806262471783178
2009-09-16,Train,-0.006802358664572239,-0.004007500619596094
2009-09-17,Train,-0.023754892870783806,-0.03324687225855172
2009-09-18,Train,-0.02576076053082943,-0.03675771934667282
2009-09-21,Train,-0.027450010180473328,-0.03194739535121294
2009-09-22,Train,-0.02217155136168003,-0.01664719516455615
2009-09-23,Train,-0.01911618560552597,-0.009187264608695234
2009-09-24,Train,0.008968747220933437,0.00404093142086448
2009-09-25,Train,0.024679550901055336,0.01870500635554162
2009-09-28,Train,0.0033442361745983362,0.003772691534727146
2009-09-29,Train,0.00799319427460432,0.008526778776478006
2009-09-30,Train,0.01630759984254837,0.02153845792691378
2009-10-01,Train,0.04787564277648926,0.05024393593392729
2009-10-02,Train,0.051426928490400314,0.04647743790455916
2009-10-05,Train,0.04328450560569763,0.04853191080883978
2009-10-06,Train,0.02599494159221649,0.03051985302591276
2009-10-07,Train,0.03197481110692024,0.02567755542307815
2009-10-08,Train,0.02579396590590477,0.02533143116255343
2009-10-09,Train,0.015308735892176628,0.01530135435224356
2009-10-12,Train,0.001807968132197857,0.009866149557281823
2009-10-13,Train,-0.01518293283879757,-0.005636488213858093
2009-10-14,Train,-0.03354904428124428,-0.04101020537584177
2009-10-15,Train,-0.03078678995370865,-0.02252673455103027
2009-10-16,Train,-0.034100282937288284,-0.04254323858711739
2009-10-19,Train,-0.04109925031661987,-0.04813696043573534
2009-10-20,Train,-0.04791072756052017,-0.04534944108773065
2009-10-21,Train,-0.03322490677237511,-0.04195636495600097
2009-10-22,Train,-0.02715626358985901,-0.0221658478118163
2009-10-23,Train,-0.011297507211565971,-0.01228849016620948
2009-10-26,Train,0.013357235118746758,0.01209575768234661
2009-10-27,Train,0.028559910133481026,0.0302314306727427
2009-10-28,Train,0.05863485112786293,0.06064271981744018
2009-10-29,Train,0.04166612774133682,0.03706346798849092
2009-10-30,Train,0.0769757404923439,0.07446287366292337
2009-11-02,Train,0.07861919701099396,0.08096275054412527
2009-11-03,Train,0.08053506910800934,0.08095007970091883
2009-11-04,Train,0.06427159160375595,0.07307032444400297
2009-11-05,Train,0.03519420698285103,0.03093273720166767
2009-11-06,Train,0.021640092134475708,0.01971831414731584
2009-11-09,Train,0.014006491750478745,0.01447945512338578
2009-11-10,Train,0.008837532252073288,0.008482410720821232
2009-11-11,Train,0.010650300420820713,0.006378104090311254
2009-11-12,Train,-0.0007757057901471853,-0.003207404340242692
2009-11-13,Train,-0.013499843887984753,-0.01022487992284271
2009-11-16,Train,-0.014797539450228214,-0.01012147485843318
2009-11-17,Train,-0.01292280200868845,-0.01188338110828424
2009-11-18,Train,-0.011252807453274727,-0.01037202029986706
2009-11-19,Train,0.008396132849156857,0.01053593875584768
2009-11-20,Train,0.012431059964001179,0.01081954962158194
2009-11-23,Train,-0.0077819256111979485,-0.01132759417566409
2009-11-24,Train,0.0005281268386170268,0.002045922917796705
2009-11-25,Train,-0.0011619278229773045,0.002716136963690996
2009-11-27,Train,0.01450099516659975,0.01424966146861895
2009-11-30,Train,0.010424953885376453,0.02272722296966112
2009-12-01,Train,0.014358380809426308,0.006589432551408425
2009-12-02,Train,0.003766074776649475,0.006580461028716567
2009-12-03,Train,0.008373750373721123,-0.001594889400721389
2009-12-04,Train,0.012140583246946335,0.007706259311402119
2009-12-07,Train,0.028117742389440536,0.02391253110246661
2009-12-08,Train,0.039790078997612,0.03643446780077286
2009-12-09,Train,0.026662683114409447,0.03357530582482093
2009-12-10,Train,0.036314599215984344,0.03792325810629649
2009-12-11,Train,0.04518870636820793,0.04736007482442495
2009-12-14,Train,0.03148510307073593,0.03322109018141428
2009-12-15,Train,0.03673331066966057,0.04221216623228208
2009-12-16,Train,0.036044780164957047,0.03133452142748783
2009-12-17,Train,0.04893938824534416,0.05933360320009751
2009-12-18,Train,0.04531977325677872,0.04408455071599793
2009-12-21,Train,0.03452496975660324,0.02624555892358327
2009-12-22,Train,0.017521362751722336,0.02078263621982135
2009-12-23,Train,0.0116776367649436,0.02172953981405956
2009-12-24,Train,0.007668517995625734,0.00826448612219255
2009-12-28,Train,-0.0011372278677299619,-0.0095197410165615
2009-12-29,Train,0.0057547506876289845,0.006951981388453765
2009-12-30,Train,0.003682790556922555,0.004765025545335755
2009-12-31,Train,0.002837896114215255,0.002185758997182319
2010-01-04,Train,-0.0013016561279073358,0.003662257439646099
2010-01-05,Train,-0.01370797399431467,-0.01077121972689987
2010-01-06,Train,-0.017149420455098152,-0.01408751018162058
2010-01-07,Train,-0.039486419409513474,-0.04353472820549431
2010-01-08,Train,-0.040081631392240524,-0.04812025564946021
2010-01-11,Train,-0.04354412481188774,-0.04335638718222234
2010-01-12,Train,-0.041298821568489075,-0.0235910451104212
2010-01-13,Train,-0.06474808603525162,-0.06040991001593865
2010-01-14,Train,-0.0646127387881279,-0.07760289979491586
2010-01-15,Train,-0.0475274994969368,-0.05648855482622872
2010-01-19,Train,-0.06160607188940048,-0.06310364063275664
2010-01-20,Train,-0.05720853433012962,-0.04420729225267517
2010-01-21,Train,-0.05718487128615379,-0.06309084723425229
2010-01-22,Train,-0.025583265349268913,-0.02672102149576738
2010-01-25,Train,-0.02476975880563259,-0.03701203235200656
2010-01-26,Train,-0.027932768687605858,-0.02795936654863895
2010-01-27,Train,-0.027374470606446266,-0.03758389880316648
2010-01-28,Train,0.006229550577700138,0.002755429023811429
2010-01-29,Train,0.020681457594037056,0.02266878675512896
2010-02-01,Train,0.02323342300951481,0.02450303778128871
2010-02-02,Train,0.01684682071208954,0.0210767041646005
2010-02-03,Train,0.02255544438958168,0.0218728434227109
2010-02-04,Train,0.04063674062490463,0.05185365918713303
2010-02-05,Train,0.03426376357674599,0.0409493288733267
2010-02-08,Train,0.04349660128355026,0.03491918777608949
2010-02-09,Train,0.03924369439482689,0.03479471071127338
2010-02-10,Train,0.03436608612537384,0.03672705717213187
2010-02-11,Train,0.027950987219810486,0.02495993126381713
2010-02-12,Train,0.034801971167325974,0.03770570359156022
2010-02-16,Train,0.028000256046652794,0.02775269744372255
2010-02-17,Train,0.02435022033751011,0.02310968782475631
2010-02-18,Train,0.020985286682844162,0.0200669243366467
2010-02-19,Train,0.04092542454600334,0.03591337786961724
2010-02-22,Train,0.038445472717285156,0.04000887424399902
2010-02-23,Train,0.05689278617501259,0.05955618381346883
2010-02-24,Train,0.05727274343371391,0.05738618075696045
2010-02-25,Train,0.058148693293333054,0.06165919493462924
2010-02-26,Train,0.05768679454922676,0.05808763150841201
2010-03-01,Train,0.04356379806995392,0.04029953396176844
2010-03-02,Train,0.04147839918732643,0.0436882922458468
2010-03-03,Train,0.04528786987066269,0.04539473166866403
2010-03-04,Train,0.041648782789707184,0.0454645208973703
2010-03-05,Train,0.021643737331032753,0.02260988550404308
2010-03-08,Train,0.023712551221251488,0.02987318775230463
2010-03-09,Train,0.02457434870302677,0.03120322838010781
2010-03-10,Train,0.021405545994639397,0.01801997714254666
2010-03-11,Train,0.019256075844168663,0.01267164325562309
2010-03-12,Train,0.014740422368049622,0.01351350045186761
2010-03-15,Train,0.016537083312869072,0.02095677029200438
2010-03-16,Train,0.015940727666020393,0.01787964782818241
2010-03-17,Train,0.015028842724859715,0.01027903707338518
2010-03-18,Train,0.011754307895898819,0.006899393763835526
2010-03-19,Train,0.02254212647676468,0.02358388907770048
2010-03-22,Train,0.021918630227446556,0.01732057309619384
2010-03-23,Train,0.015675026923418045,0.007875669805497143
2010-03-24,Train,0.01399130281060934,0.01499377788087286
2010-03-25,Train,0.025332365185022354,0.02252342021216713
2010-03-26,Train,0.024484822526574135,0.02229166030883789
2010-03-29,Train,0.024623315781354904,0.0226000448462238
2010-03-30,Train,0.023275606334209442,0.03141145850249449
2010-03-31,Train,0.03018903359770775,0.04090534109104627
2010-04-01,Train,0.028107600286602974,0.02844682176547764
2010-04-05,Train,0.023734983056783676,0.01830897713378987
2010-04-06,Train,0.01841052807867527,0.02051282051282044
2010-04-07,Train,0.023141928017139435,0.02878876579132061
2010-04-08,Train,0.02493170090019703,0.03221172837008424
2010-04-09,Train,0.027845202013850212,0.03038959240390504
2010-04-12,Train,0.022404830902814865,0.02730793073001037
2010-04-13,Train,0.005495034623891115,0.0004055242880662835
2010-04-14,Train,-0.0014705099165439606,-0.01081949343174249
2010-04-15,Train,-0.00580787705257535,0.001994783003998357
2010-04-16,Train,-0.006200575269758701,-0.005854978961786217
2010-04-19,Train,-0.014534027315676212,0.008686874852035897
2010-04-20,Train,-0.024743586778640747,-0.02653265718239639
2010-04-21,Train,-0.038440920412540436,-0.03697778371497085
2010-04-22,Train,-0.0636449083685875,-0.07433912892819594
2010-04-23,Train,-0.07294122874736786,-0.1011480713390667
2010-04-26,Train,-0.05752180144190788,-0.05237054944732289
2010-04-27,Train,-0.03246423229575157,-0.03283337914217244
2010-04-28,Train,-0.028493300080299377,-0.01519141211720032
2010-04-29,Train,-0.04807990416884422,-0.04738206430031899
2010-04-30,Train,-0.03847630321979523,-0.04691310508832103
2010-05-03,Train,-0.055771030485630035,-0.05707988096738825
2010-05-04,Train,-0.045690760016441345,-0.04129671665077927
2010-05-05,Train,-0.04405922070145607,-0.04400163799204093
2010-05-06,Train,-0.042123716324567795,-0.04767020045632198
2010-05-07,Train,-0.015255533158779144,-0.0125522945769555
2010-05-10,Train,-0.06570951640605927,-0.06510363367279637
2010-05-11,Train,-0.06311624497175217,-0.06328584200566734
2010-05-12,Train,-0.0765037015080452,-0.09090905524571491
2010-05-13,Train,-0.053897880017757416,-0.04137930209772478
2010-05-14,Train,-0.04089381918311119,-0.02834011980409057
2010-05-17,Train,-0.032512735575437546,-0.04035687026302615
2010-05-18,Train,-0.003499880200251937,-0.003876810337985592
2010-05-19,Train,0.010062575340270996,0.01367775151182005
2010-05-20,Train,0.005318282172083855,0.01668549501526129
2010-05-21,Train,-0.004614864010363817,-0.01271185755763926
2010-05-24,Train,-0.008374851197004318,-0.01052398616903172
2010-05-25,Train,-0.010821531526744366,-0.01968682445403536
2010-05-26,Train,0.01279985997825861,0.01968323341329525
2010-05-27,Train,0.0008143503800965846,-0.008066251155449122
2010-05-28,Train,0.005645282566547394,-0.002412210511733237
2010-06-01,Train,0.018091527745127678,0.03386451458526429
2010-06-02,Train,0.00921669416129589,0.01405408704603039
2010-06-03,Train,0.009402078576385975,0.007710443798248923
2010-06-04,Train,0.03742662072181702,0.04235972146703326
2010-06-07,Train,0.048484668135643005,0.05263153359531558
2010-06-08,Train,0.05392362177371979,0.04639065660705333
2010-06-09,Train,0.054988157004117966,0.05088999447208398
2010-06-10,Train,0.010263601318001747,0.006212531200195048
2010-06-11,Train,-0.006910374388098717,-0.005054934994205063
2010-06-14,Train,-0.013992378488183022,-0.008353507454257003
2010-06-15,Train,-0.0688922107219696,-0.07150503571082656
2010-06-16,Train,-0.0850214958190918,-0.08933906833871319
2010-06-17,Train,-0.09058050811290741,-0.09479275572356616
2010-06-18,Train,-0.09020259231328964,-0.09638295275099729
2010-06-21,Train,-0.0867486372590065,-0.08583691268190419
2010-06-22,Train,-0.05256203934550285,-0.04930801278616515
2010-06-23,Train,-0.042608872056007385,-0.04017369174313112
2010-06-24,Train,-0.013001048006117344,-0.01609701360084725
2010-06-25,Train,-0.0029868194833397865,-0.01148664573681257
2010-06-28,Train,-0.002253022277727723,0.004876994407591262
2010-06-29,Train,0.05033870041370392,0.05049579191472398
2010-06-30,Train,0.06075398996472359,0.06766563923198743
2010-07-01,Train,0.05051891878247261,0.04108945747194759
2010-07-02,Train,0.049691829830408096,0.05297857158768293
2010-07-06,Train,0.05636059492826462,0.06244131320868518
2010-07-07,Train,0.03128688409924507,0.01546861508957509
2010-07-08,Train,0.03440551832318306,0.03552035447340129
2010-07-09,Train,0.027373848482966423,0.03227257902010505
2010-07-12,Train,0.035961002111434937,0.03776533244042413
2010-07-13,Train,0.016799328848719597,0.02404580396782352
2010-07-14,Train,0.019688447937369347,0.0107550010755002
2010-07-15,Train,0.012493754737079144,0.002412294167377871
2010-07-16,Train,0.04123133793473244,0.03315293675336917
2010-07-19,Train,0.033546850085258484,0.04360458173108084
2010-07-20,Train,0.02317245490849018,0.02673448837920622
2010-07-21,Train,0.038537733256816864,0.05152328110456672
2010-07-22,Train,0.01635780557990074,0.02315930440658787
2010-07-23,Train,0.016391823068261147,0.01519750167980005
2010-07-26,Train,0.013205932453274727,0.01378129249077142
2010-07-27,Train,0.0011647013016045094,0.005385609863449936
2010-07-28,Train,-0.014392857439815998,-0.01411504282194487
2010-07-29,Train,-0.009578189812600613,-0.01465758438776488
2010-07-30,Train,-0.02451922744512558,-0.02379393407360608
2010-08-02,Train,-0.034655120223760605,-0.04006854521646586
2010-08-03,Train,-0.028541969135403633,-0.0236712343430775
2010-08-04,Train,-0.031223196536302567,-0.02961225884777774
2010-08-05,Train,-0.03953017294406891,-0.04206707545752741
2010-08-06,Train,-0.04226716235280037,-0.03934987636089293
2010-08-09,Train,-0.05010836943984032,-0.05522519515076485
2010-08-10,Train,-0.05136053264141083,-0.06470959420512556
2010-08-11,Train,-0.027236182242631912,-0.02929519353202137
2010-08-12,Train,-0.024638839066028595,-0.03330372934079762
2010-08-13,Train,-0.014823850244283676,-0.01453491744490354
2010-08-16,Train,-0.025606520473957062,-0.02656246979853882
2010-08-17,Train,-0.029325880110263824,-0.04209830047119123
2010-08-18,Train,-0.019590534269809723,-0.01734359887507042
2010-08-19,Train,0.006743910722434521,0.008916578371364059
2010-08-20,Train,0.0166845191270113,0.02426536502713939
2010-08-23,Train,0.023320220410823822,0.02742808528009677
2010-08-24,Train,0.05203714221715927,0.0595646823191891
2010-08-25,Train,0.06175168976187706,0.05355118281584037
2010-08-26,Train,0.07530214637517929,0.07028014456247944
2010-08-27,Train,0.07239718735218048,0.07215793798948567
2010-08-30,Train,0.09468240290880203,0.08805320107416836
2010-08-31,Train,0.08908887952566147,0.09871148195813162
2010-09-01,Train,0.06826846301555634,0.07104558588971033
2010-09-02,Train,0.0648903101682663,0.06031823813910187
2010-09-03,Train,0.056104063987731934,0.06129110220379408
2010-09-07,Train,0.06348082423210144,0.06827131028004141
2010-09-08,Train,0.053984008729457855,0.05275672706397794
2010-09-09,Train,0.05498046800494194,0.04824462306798272
2010-09-10,Train,0.05009646713733673,0.065665267671422
2010-09-13,Train,0.038390323519706726,0.04529099237351186
2010-09-14,Train,0.03888258337974548,0.04046360670335147
2010-09-15,Train,0.028509367257356644,0.03225132807387099
2010-09-16,Train,0.024386130273342133,0.02357115353536265
2010-09-17,Train,0.022203819826245308,0.0212543573117665
2010-09-20,Train,0.00761899258941412,-0.007167771363788211
2010-09-21,Train,0.014189553447067738,0.01720606632197397
2010-09-22,Train,0.01300865225493908,0.01109059212893726
2010-09-23,Train,0.017621446400880814,0.01520447311089002
2010-09-24,Train,0.00855027511715889,0.001812326880073156
2010-09-27,Train,0.009375100024044514,0.007693886876112721
2010-09-28,Train,0.010531511157751083,0.01498889395334535
2010-09-29,Train,0.021417472511529922,0.02495434204483549
2010-09-30,Train,0.032141827046871185,0.0275116870290808
2010-10-01,Train,0.04330836236476898,0.05060198820378181
2010-10-04,Train,0.04766763746738434,0.05816831108604692
2010-10-05,Train,0.02589239925146103,0.02335883711188846
2010-10-06,Train,0.040230195969343185,0.03981310385329362
2010-10-07,Train,0.03564063087105751,0.03804899967458097
2010-10-08,Train,0.042050570249557495,0.03798993748037049
2010-10-11,Train,0.040594495832920074,0.04259591947731356
2010-10-12,Train,0.03417025879025459,0.03831566844061629
2010-10-13,Train,0.033686187118291855,0.03305617881657552
2010-10-14,Train,0.03699393942952156,0.0372868134944353
2010-10-15,Train,0.021566206589341164,0.01340063321453622
2010-10-18,Train,0.02302713505923748,0.01793376213109066
2010-10-19,Train,0.03631497547030449,0.03856747532944738
2010-10-20,Train,0.03452157974243164,0.03574920648854762
2010-10-21,Train,0.04325137659907341,0.04640275318648812
2010-10-22,Train,0.038422342389822006,0.03931058875465054
2010-10-25,Train,0.026644235476851463,0.03565238602002019
2010-10-26,Train,0.027457665652036667,0.02729198571896974
2010-10-27,Train,0.022715246304869652,0.02931601138634909
2010-10-28,Train,0.018370328471064568,0.02065013091413936
2010-10-29,Train,0.004343543201684952,0.006324224117045363
2010-11-01,Train,-0.0030660347547382116,0.001723480476522932
2010-11-02,Train,-0.01937089115381241,-0.02519890199162178
2010-11-03,Train,-0.018735043704509735,-0.0267823834662877
2010-11-04,Train,-0.02112894132733345,-0.02310411600660389
2010-11-05,Train,-0.019655995070934296,-0.02235880359944808
2010-11-08,Train,-0.018459701910614967,-0.01544476749406698
2010-11-09,Train,-0.021586740389466286,-0.02581854159807762
2010-11-10,Train,-0.019937405362725258,-0.01116906692450192
2010-11-11,Train,-0.010618378408253193,-0.0114275121421068
2010-11-12,Train,0.010437531396746635,0.004189701537524293
2010-11-15,Train,0.0045189936645329,-0.004205720033023219
2010-11-16,Train,0.027916809543967247,0.0338191999604962
2010-11-17,Train,0.030887996777892113,0.04127909168802568
2010-11-18,Train,0.02573416382074356,0.02746516533143772
2010-11-19,Train,0.031127188354730606,0.02630069032423554
2010-11-22,Train,0.02392345480620861,0.01833304145720138
2010-11-23,Train,0.040186718106269836,0.03860192333418166
2010-11-24,Train,0.023170026019215584,0.01901359481436704
2010-11-26,Train,0.025818882510066032,0.03259429990113016
2010-11-29,Train,0.0265997052192688,0.02977431648878848
2010-11-30,Train,0.03734230995178223,0.04434634990447872
2010-12-01,Train,0.024254627525806427,0.01823653404300041
2010-12-02,Train,0.01729130931198597,0.01581988267374146
2010-12-03,Train,0.013928547501564026,0.01206611358394105
2010-12-06,Train,0.01734245754778385,0.01318482672773214
2010-12-07,Train,0.01669781096279621,0.01874532853583943
2010-12-08,Train,0.010128641501069069,0.01479288479981444
2010-12-09,Train,0.009581501595675945,0.01126917787391069
2010-12-10,Train,0.007681792601943016,0.005138534972876085
2010-12-13,Train,0.006453836336731911,0.006813976741867789
2010-12-14,Train,0.006778262555599213,0.00716910622627287
2010-12-15,Train,0.008858499117195606,0.009231905491297487
2010-12-16,Train,0.004974595736712217,-0.002198657796925074
2010-12-17,Train,0.010920905508100986,0.01449011204868489
2010-12-20,Train,0.012348263524472713,0.01301317937319957
2010-12-21,Train,0.021744629368185997,0.0154855583579887
2010-12-22,Train,0.021559320390224457,0.01895038412151751
2010-12-23,Train,0.024968363344669342,0.0206429890166131
2010-12-27,Train,0.025332732126116753,0.02391822826989443
2010-12-28,Train,0.029154831543564796,0.02725446731975878
2010-12-29,Train,0.026601852849125862,0.03230517299119184
2010-12-30,Train,0.03215910494327545,0.0351262712953242
2010-12-31,Train,0.03587274253368378,0.04663975318081737
2011-01-03,Train,0.02788834273815155,0.03344781103213723
2011-01-04,Train,0.02304377779364586,0.02243527869548534
2011-01-05,Train,0.012713728472590446,0.006637942603932467
2011-01-06,Train,0.005731578450649977,-0.004291807432547645
2011-01-07,Train,0.0040097483433783054,0.01038127514127596
2011-01-10,Train,0.004902207758277655,0.008024196389968763
2011-01-11,Train,0.0033945052418857813,0.011930234783885
2011-01-12,Train,0.0016483834479004145,0.01096179131596609
2011-01-13,Train,-0.00433132192119956,-0.01502301628332259
2011-01-14,Train,-0.006028639618307352,-0.01754385964912286
2011-01-18,Train,-0.0005499963881447911,-0.001924433356284228
2011-01-19,Train,0.009805351495742798,0.007963206092822972
2011-01-20,Train,0.016533635556697845,0.01693104175023286
2011-01-21,Train,0.026420239359140396,0.03053162273027921
2011-01-24,Train,0.02152695506811142,0.02125776344944308
2011-01-25,Train,0.016330305486917496,0.02653458398002573
2011-01-26,Train,0.02115224301815033,0.01935594648388705
2011-01-27,Train,0.017928672954440117,0.01469045379686462
2011-01-28,Train,0.03943610563874245,0.04862729421734202
2011-01-31,Train,0.034639738500118256,0.04607146126883377
2011-02-01,Train,0.015812307596206665,0.02541631520298981
2011-02-02,Train,0.028943011537194252,0.03370790053551764
2011-02-03,Train,0.027041947469115257,0.03154572719486648
2011-02-04,Train,0.013889506459236145,0.02352733441950483
2011-02-07,Train,-0.0006942182662896812,-0.01075460069682244
2011-02-08,Train,-0.015207833610475063,-0.02533168080179771
2011-02-09,Train,-0.015549319796264172,-0.01847056256149582
2011-02-10,Train,-0.01234061922878027,-0.006377092881171387
2011-02-11,Train,-0.015393038280308247,-0.01146471910831126
2011-02-14,Train,-0.01993575319647789,-0.02970299802115028
2011-02-15,Train,-0.021337127313017845,-0.02324787368122327
2011-02-16,Train,-0.021299580112099648,-0.01036006452591409
2011-02-17,Train,-0.018989654257893562,-0.01512061468602699
2011-02-18,Train,-0.019094152376055717,-0.02622170828419357
2011-02-22,Train,0.0005270000547170639,0.006838495493533436
2011-02-23,Train,-0.003293893299996853,0.008309713482924419
2011-02-24,Train,-0.01120763085782528,-0.01266270159997229
2011-02-25,Train,-0.013052599504590034,-0.02012141919703836
2011-02-28,Train,-0.017399976029992104,-0.02561882517758285
2011-03-01,Train,-0.028715258464217186,-0.02375085275328992
2011-03-02,Train,-0.035785235464572906,-0.05232757955386336
2011-03-03,Train,-0.05465419963002205,-0.06212457359612822
2011-03-04,Train,-0.054060377180576324,-0.06072106923652365
2011-03-07,Train,-0.032261867076158524,-0.02955059743470112
2011-03-08,Train,-0.03293895348906517,-0.0351793226659991
2011-03-09,Train,-0.02134915627539158,-0.02314570792702542
2011-03-10,Train,0.01017236802726984,0.009975086914487452
2011-03-11,Train,0.005627849604934454,0.006195759669352485
2011-03-14,Train,0.005393394269049168,0.004263596728834473
2011-03-15,Train,0.02238110825419426,0.02865381338067063
2011-03-16,Train,0.050166282802820206,0.05909504816380973
2011-03-17,Train,0.05282796919345856,0.05086914367203521
2011-03-18,Train,0.051407795399427414,0.05528004186148539
2011-03-21,Train,0.0334864966571331,0.03189190013988608
2011-03-22,Train,0.030695900321006775,0.03104688372982078
2011-03-23,Train,0.026767706498503685,0.02782263978698496
2011-03-24,Train,0.0004251581849530339,0.009171083787772316
2011-03-25,Train,0.00015589839313179255,0.001935267594234125
2011-03-28,Train,0.006629880052059889,0.004068628112558148
2011-03-29,Train,-0.007639070972800255,-0.01243873294313103
2011-03-30,Train,-0.007503368426114321,-0.008718396047135424
2011-03-31,Train,-0.013578245416283607,-0.01184050673101766
2011-04-01,Train,-0.015921108424663544,-0.01409672070135193
2011-04-04,Train,-0.011968296021223068,-0.01781037977319233
2011-04-05,Train,0.005473240278661251,-0.009103649640886169
2011-04-06,Train,0.005569601897150278,0.01082785128809327
2011-04-07,Train,0.01870734617114067,0.01957355658845272
2011-04-08,Train,0.027987170964479446,0.027041279980623
2011-04-11,Train,0.03003644570708275,0.03629318946807492
2011-04-12,Train,0.043105386197566986,0.05055884943801736
2011-04-13,Train,0.033998649567365646,0.04010558760229399
2011-04-14,Train,0.039059583097696304,0.04105730098774774
2011-04-15,Train,0.04463595524430275,0.04095321504562355
2011-04-18,Train,0.042548615485429764,0.04337775336371519
2011-04-19,Train,0.038048017770051956,0.03533568999855086
2011-04-20,Train,0.01078114379197359,0.006910810362821262
2011-04-21,Train,0.005109095945954323,0.002228335066424725
2011-04-25,Train,0.004144110716879368,0.003419335655717948
2011-04-26,Train,0.0005629884544759989,0.006290359296233117
2011-04-27,Train,-0.0074884844943881035,-0.007767694861328445
2011-04-28,Train,-0.008407186716794968,-0.0003382455166985876
2011-04-29,Train,-0.01331917941570282,-0.01134058840347563
2011-05-02,Train,-0.01841447502374649,-0.02662370124342184
2011-05-03,Train,-0.00849617924541235,-0.01925365956481251
2011-05-04,Train,-0.014339872635900974,-0.009556272579786085
2011-05-05,Train,-0.012142746709287167,-0.001201092935662285
2011-05-06,Train,-0.015887677669525146,-0.01197196422653046
2011-05-09,Train,-0.027347281575202942,-0.03015846820889467
2011-05-10,Train,-0.03299827128648758,-0.04426421680473758
2011-05-11,Train,-0.03283991292119026,-0.03352616511705941
2011-05-12,Train,-0.03372691944241524,-0.03332771443683813
2011-05-13,Train,-0.018558280542492867,-0.01677794118809173
2011-05-16,Train,0.005866182968020439,0.01672472228140687
2011-05-17,Train,-0.009952682070434093,-0.008165413646449515
2011-05-18,Train,-0.023070374503731728,-0.01430051374848684
2011-05-19,Train,-0.026202375069260597,-0.03195328362146821
2011-05-20,Train,-0.024220481514930725,-0.03254286053692734
2011-05-23,Train,-0.020319558680057526,-0.01985237684063168
2011-05-24,Train,-0.020652376115322113,-0.02085911811103902
2011-05-25,Train,-0.028809599578380585,-0.02289134030820394
2011-05-26,Train,-0.03800356015563011,-0.04375218807672765
2011-05-27,Train,-0.0410899892449379,-0.04858089675607924
2011-05-31,Train,-0.04367027059197426,-0.05174777974947453
2011-06-01,Train,-0.043547116219997406,-0.04904535346955363
2011-06-02,Train,-0.0435962900519371,-0.05471066777673628
2011-06-03,Train,-0.03705833852291107,-0.04543030395589875
2011-06-06,Train,-0.02394763194024563,-0.03256395982643912
2011-06-07,Train,-0.01620684564113617,-0.01003766560496966
2011-06-08,Train,-0.009367509745061398,-0.0101100842167261
2011-06-09,Train,-0.003408272285014391,-0.002703217180422546
2011-06-10,Train,0.001083330949768424,-0.004758388075356779
2011-06-13,Train,0.010708842426538467,0.01116399372557697
2011-06-14,Train,0.007217475213110447,0.0131911734771144
2011-06-15,Train,0.04351559653878212,0.03702336134900164
2011-06-16,Train,0.05426931381225586,0.05491858922793869
2011-06-17,Train,0.07178378850221634,0.07659414132293607
2011-06-20,Train,0.07260674983263016,0.076382487357598
2011-06-21,Train,0.067482590675354,0.05721527926132874
2011-06-22,Train,0.06628212332725525,0.07951845066663621
2011-06-23,Train,0.05191802233457565,0.06667868840864877
2011-06-24,Train,0.06892009824514389,0.06583298907760571
2011-06-27,Train,0.0437452457845211,0.04108598113599404
2011-06-28,Train,0.03225863352417946,0.03014087098104601
2011-06-29,Train,0.020708058029413223,0.0140319880325559
2011-06-30,Train,0.01348086167126894,0.01402277384327921
2011-07-01,Train,0.003228401066735387,-0.006389206231388056
2011-07-05,Train,0.0026425097603350878,0.0111683454065441
2011-07-06,Train,0.0007321549928747118,0.003596490609141689
2011-07-07,Train,-0.007783983834087849,-0.003378897666538205
2011-07-08,Train,0.0032736712601035833,0.00965610209404466
2011-07-11,Train,0.019843291491270065,0.02622499105889187
2011-07-12,Train,0.022416453808546066,0.03668290322599899
2011-07-13,Train,0.016368702054023743,0.005713328266002682
2011-07-14,Train,0.023478815332055092,0.01926779595692873
2011-07-15,Train,-0.003672816790640354,0.002592939150136919
2011-07-18,Train,-0.00024743168614804745,0.003302026828048144
2011-07-19,Train,-0.051446333527565,-0.04384023930760095
2011-07-20,Train,-0.038982491940259933,-0.03054602640681936
2011-07-21,Train,-0.0772518441081047,-0.08170882136592539
2011-07-22,Train,-0.10389521718025208,-0.09681202669110467
2011-07-25,Train,-0.11847062408924103,-0.1494619949237846
2011-07-26,Train,-0.12060453742742538,-0.110682578745541
2011-07-27,Train,-0.10573187470436096,-0.1244620334523141
2011-07-28,Train,-0.09765569120645523,-0.08747207892614728
2011-07-29,Train,-0.06974611431360245,-0.07637931560647904
2011-08-01,Train,-0.06032472103834152,-0.05837517683365323
2011-08-02,Train,-0.04764896631240845,-0.04211833859258074
2011-08-03,Train,-0.05645058676600456,-0.05685617785876163
2011-08-04,Train,-0.05819776654243469,-0.05944244996950776
2011-08-05,Train,-0.05738535150885582,-0.07059266064459946
2011-08-08,Train,0.001348089543171227,-0.007511386973099166
2011-08-09,Train,-0.02031579799950123,-0.0141429382852033
2011-08-10,Train,0.032302528619766235,0.03598108522210608
2011-08-11,Train,-0.011623997241258621,-0.02391707494465101
2011-08-12,Train,-0.005006431136280298,-0.008213526772737567
2011-08-15,Train,0.0030885180458426476,0.004598969779120887
2011-08-16,Train,0.013413792476058006,0.01985157077055888
2011-08-17,Train,0.024322019889950752,0.02762223761960625
2011-08-18,Train,0.06633613258600235,0.07085378913237306
2011-08-19,Train,0.06880175322294235,0.06496102497098
2011-08-22,Train,0.06254082918167114,0.06134239966571076
2011-08-23,Train,0.04212827980518341,0.04514155825279276
2011-08-24,Train,0.02870706096291542,0.03226420207340275
2011-08-25,Train,0.027314580976963043,0.02604666074528716
2011-08-26,Train,0.018467243760824203,0.01373987441295998
2011-08-29,Train,0.0050243353471159935,-0.0005493275766634831
2011-08-30,Train,0.010254825465381145,0.007094767709438399
2011-08-31,Train,0.013241294771432877,0.02034142578914033
2011-09-01,Train,0.027303187176585197,0.03720672155794014
2011-09-02,Train,0.057759542018175125,0.06250003579858632
2011-09-06,Train,0.05581676959991455,0.05760930084596216
2011-09-07,Train,0.009417051449418068,0.01354322267080743
2011-09-08,Train,-0.0049162632785737514,-0.01489239874394832
2011-09-09,Train,0.019102364778518677,0.01823996267650863
2011-09-12,Train,0.009768950752913952,0.01708128775565765
2011-09-13,Train,0.017751198261976242,0.01410766979176414
2011-09-14,Train,-0.021863138303160667,-0.01499280747658605
2011-09-15,Train,-0.041996490210294724,-0.04093982243799754
2011-09-16,Train,-0.0712643414735794,-0.07245093590856966
2011-09-19,Train,-0.07244348526000977,-0.09662605832409932
2011-09-20,Train,-0.07196597754955292,-0.07398867882334048
2011-09-21,Train,-0.030025934800505638,-0.03340560225961231
2011-09-22,Train,0.01607692800462246,0.01586409938546218
2011-09-23,Train,0.0022936195600777864,-0.001477411427522335
2011-09-26,Train,0.006829531863331795,0.02117560922346184
2011-09-27,Train,0.01743714138865471,0.01752486445246504
2011-09-28,Train,0.0349091999232769,0.03796075080071559
2011-09-29,Train,0.06318804621696472,0.06013358944951608
2011-09-30,Train,0.10340714454650879,0.1084015706755677
2011-10-03,Train,0.1172986552119255,0.1200625628261403
2011-10-04,Train,0.1108165830373764,0.1111324622413303
2011-10-05,Train,0.07512875646352768,0.06239492301052807
2011-10-06,Train,0.04210560396313667,0.0396839947694565
2011-10-07,Train,0.055355507880449295,0.05973736934467766
2011-10-10,Train,0.027489904314279556,0.04558461055342766
2011-10-11,Train,0.022608304396271706,0.01811080368058682
2011-10-12,Train,0.020434262230992317,0.01183749119620425
2011-10-13,Train,0.0218234620988369,0.03028710739822205
2011-10-14,Train,0.006437563803046942,0.01306287929781247
2011-10-17,Train,0.004925518296658993,0.01169696225420913
2011-10-18,Train,-0.01750512421131134,-0.02672879818752216
2011-10-19,Train,-0.0017677878495305777,0.0008791847722808832
2011-10-20,Train,0.017061281949281693,0.02668312983675003
2011-10-21,Train,0.005373225547373295,0.008726003606586596
2011-10-24,Train,-0.006970130372792482,-0.004787187313369912
2011-10-25,Train,0.021652279421687126,0.02685735806468847
2011-10-26,Train,0.0055181062780320644,-0.008032112463695618
2011-10-27,Train,-0.02388027124106884,-0.03517416734912049
2011-10-28,Train,-0.02469804137945175,-0.01849338612121976
2011-10-31,Train,-0.006806147284805775,-0.00793786157750731
2011-11-01,Train,0.01602698117494583,0.02994334660749787
2011-11-02,Train,-0.002741610398516059,0.004392129445576654
2011-11-03,Train,-0.04621945694088936,-0.03907051123379135
2011-11-04,Train,-0.04839945584535599,-0.04152245229862905
2011-11-07,Train,-0.052012111991643906,-0.06648340478873282
2011-11-08,Train,-0.06757202744483948,-0.07404892206621572
2011-11-09,Train,-0.0477459691464901,-0.06196092893281613
2011-11-10,Train,-0.06327709555625916,-0.06868611826394855
2011-11-11,Train,-0.05818917974829674,-0.05410539906614098
2011-11-14,Train,-0.04473017156124115,-0.05409637362241426
2011-11-15,Train,-0.040922120213508606,-0.02993293732143421
2011-11-16,Train,-0.012529763393104076,-0.006821749206566974
2011-11-17,Train,0.01508158165961504,0.01415004612073378
2011-11-18,Train,0.026595301926136017,0.03321299822940205
2011-11-21,Train,0.045089539140462875,0.05042329169622395
2011-11-22,Train,0.04767961800098419,0.04695527057587312
2011-11-23,Train,0.05622539296746254,0.05310561020337379
2011-11-25,Train,0.07587286084890366,0.07829045586280658
2011-11-28,Train,0.02908841148018837,0.03033625384467387
2011-11-29,Train,0.030632948502898216,0.02537692582406192
2011-11-30,Train,-0.021705882623791695,-0.02660046136257554
2011-12-01,Train,-0.035693150013685226,-0.0359280934252838
2011-12-02,Train,-0.032673418521881104,-0.03108439340753999
2011-12-05,Train,-0.04202081263065338,-0.05101331058732406
2011-12-06,Train,-0.026527874171733856,-0.02014718796405579
2011-12-07,Train,-0.02878972329199314,-0.03416259110697062
2011-12-08,Train,-0.014373614452779293,-0.009265867207068568
2011-12-09,Train,-0.014738011173903942,-0.01648541948724236
2011-12-12,Train,0.0014049428282305598,-0.002483139180492366
2011-12-13,Train,-0.005163855850696564,-0.003048747741437152
2011-12-14,Train,0.02686176635324955,0.02004012208143346
2011-12-15,Train,0.022583309561014175,0.01991231492812817
2011-12-16,Train,0.04040832072496414,0.03718557952663271
2011-12-19,Train,0.04206124693155289,0.05191457493864671
2011-12-20,Train,0.033963289111852646,0.03003755222615845
2011-12-21,Train,0.047482460737228394,0.04861237535374863
2011-12-22,Train,0.043035462498664856,0.03633094448201968
2011-12-23,Train,0.03891933336853981,0.03495005386014971
2011-12-27,Train,0.0367007739841938,0.03413936898370395
2011-12-28,Train,0.047715891152620316,0.05036875749909853
2011-12-29,Train,0.04860737919807434,0.03911410182277653
2011-12-30,Train,0.04553323984146118,0.05158511837655011
2012-01-03,Train,0.04002116993069649,0.04551845488808848
2012-01-04,Train,0.039533283561468124,0.04760240199085275
2012-01-05,Train,0.03949296474456787,0.03749348766755589
2012-01-06,Train,0.03679286688566208,0.03425012100330305
2012-01-09,Train,0.038128748536109924,0.03575149967854463
2012-01-10,Train,0.038676150143146515,0.04117848642226751
2012-01-11,Train,0.039649467915296555,0.03541955602984204
2012-01-12,Train,0.035368356853723526,0.03442373963420198
2012-01-13,Train,0.03378129005432129,0.03901685193978466
2012-01-17,Train,0.03371462970972061,0.03099982495665832
2012-01-18,Train,0.02782820165157318,0.02571858692434148
2012-01-19,Train,0.026126034557819366,0.02255259706575474
2012-01-20,Train,0.03696787729859352,0.03814620648878919
2012-01-23,Train,0.03946635499596596,0.03696268691473992
2012-01-24,Train,0.040403276681900024,0.04105229139429101
2012-01-25,Train,0.035459570586681366,0.03359256609374883
2012-01-26,Train,0.04182146489620209,0.04466952129161017
2012-01-27,Train,0.03951725363731384,0.03427151726043109
2012-01-30,Train,0.04109392315149307,0.04301072690333352
2012-01-31,Train,0.03952411934733391,0.04427557176975228
2012-02-01,Train,0.031065234914422035,0.02867912138432871
2012-02-02,Train,0.032656826078891754,0.03953605652407965
2012-02-03,Train,0.023487210273742676,0.02224014641552174
2012-02-06,Train,0.028007114306092262,0.02596775177986399
2012-02-07,Train,0.020274372771382332,0.01915336562451286
2012-02-08,Train,0.017289333045482635,0.02049315742485081
2012-02-09,Train,0.021413030102849007,0.01669049816574963
2012-02-10,Train,0.02599431574344635,0.02529216904402842
2012-02-13,Train,0.02142299711704254,0.02616967059710573
2012-02-14,Train,0.01961693912744522,0.01898441061568534
2012-02-15,Train,0.02493629977107048,0.03425199451174632
2012-02-16,Train,0.017595121636986732,0.01948768910343701
2012-02-17,Train,0.011646231636404991,0.0121393132486487
2012-02-21,Train,0.013340625911951065,-0.0006288463314498838
2012-02-22,Train,0.01804908737540245,0.01168663719734697
2012-02-23,Train,0.01744602434337139,0.01584559609251479
2012-02-24,Train,0.016311902552843094,0.01657282010266758
2012-02-27,Train,0.011821452528238297,0.01561280175415325
2012-02-28,Train,0.024569375440478325,0.02411136416646564
2012-02-29,Train,0.025092093273997307,0.03229303032758191
2012-03-01,Train,0.02515949308872223,0.02711032325740836
2012-03-02,Train,0.026049012318253517,0.02543539119198379
2012-03-05,Train,0.03581723943352699,0.04345796025156567
2012-03-06,Train,0.04897170513868332,0.05568665931290795
2012-03-07,Train,0.044291239231824875,0.04776780057147811
2012-03-08,Train,0.040423907339572906,0.03444020628468869
2012-03-09,Train,0.035200007259845734,0.02952946627911879
2012-03-12,Train,0.04332729056477547,0.04704069815583289
2012-03-13,Train,0.027002692222595215,0.02942947306631538
2012-03-14,Train,0.019205547869205475,0.02180786019286107
2012-03-15,Train,0.01785673387348652,0.01499700053124298
2012-03-16,Train,0.015503323636949062,0.01548416206660708
2012-03-19,Train,0.012446234934031963,0.01880880991805367
2012-03-20,Train,0.01441957801580429,0.01668905880488514
2012-03-21,Train,0.011235273443162441,0.002681768441747279
2012-03-22,Train,0.009608074091374874,0.01104804160468786
2012-03-23,Train,-0.003150093602016568,0.004033412507009393
2012-03-26,Train,-0.023967694491147995,-0.02907067008060882
2012-03-27,Train,-0.025624709203839302,-0.02580269989522865
2012-03-28,Train,-0.019070187583565712,-0.01074482382545061
2012-03-29,Train,-0.01741352491080761,-0.02201533476730178
2012-03-30,Train,-0.022973276674747467,-0.03108817185258406
2012-04-02,Train,-0.02263813465833664,-0.0215384794242216
2012-04-03,Train,-0.021042482927441597,-0.02374326054341902
2012-04-04,Train,-0.026352940127253532,-0.02139676636119614
2012-04-05,Train,-0.02784258872270584,-0.03012405314168365
2012-04-09,Train,-0.031191619113087654,-0.03169167210880164
2012-04-10,Train,-0.011846252717077732,-0.02117033047981887
2012-04-11,Train,-0.0016649292083457112,0.0
2012-04-12,Train,-0.0035829960834234953,-0.005505174105373767
2012-04-13,Train,0.015231935307383537,0.01586335373371184
2012-04-16,Train,0.018134528771042824,0.02001535903850749
2012-04-17,Train,0.0018275267211720347,0.001347768327798482
2012-04-18,Train,0.0011213856050744653,0.006755696503810693
2012-04-19,Train,-6.23356390860863e-05,0.007439991789075728
2012-04-20,Train,-0.010909945704042912,-0.01492087929933161
2012-04-23,Train,-0.004720719996839762,-0.004917020372170899
2012-04-24,Train,-0.00648364657536149,-0.003244348879594017
2012-04-25,Train,-0.041222695261240005,-0.03205413621127806
2012-04-26,Train,-0.0375526063144207,-0.03964682887006876
2012-04-27,Train,-0.04335153475403786,-0.0455085909549463
2012-04-30,Train,-0.046168047934770584,-0.04763331640832891
2012-05-01,Train,-0.05650854855775833,-0.05234041679288193
2012-05-02,Train,-0.062092509120702744,-0.06143750494898115
2012-05-03,Train,-0.06258057802915573,-0.07143930629656758
2012-05-04,Train,-0.04384481534361839,-0.06012358204689006
2012-05-07,Train,-0.036583468317985535,-0.03474372669049808
2012-05-08,Train,-0.03499424457550049,-0.03223803664876579
2012-05-09,Train,-0.02663888968527317,-0.02736315811386469
2012-05-10,Train,-0.02932911366224289,-0.03178066424579895
2012-05-11,Train,-0.025738053023815155,-0.03287629480084941
2012-05-14,Train,-0.021449966356158257,-0.01132433469593663
2012-05-15,Train,-0.013553136959671974,-0.01641150573393491
2012-05-16,Train,-0.016388515010476112,-0.01398152641593065
2012-05-17,Train,-0.006744458340108395,-0.0194773697622368
2012-05-18,Train,0.0004957382334396243,0.0009866396520112897
2012-05-21,Train,-0.017295191064476967,-0.02223643300226452
2012-05-22,Train,-0.01024190615862608,0.001281259333988372
2012-05-23,Train,-0.0018407168099656701,-0.004635564404753323
2012-05-24,Train,0.0035524265840649605,0.01158483327962689
2012-05-25,Train,0.002909507602453232,-0.004188792054317991
2012-05-29,Train,-0.0036213011480867863,-0.004772498156978111
2012-05-30,Train,-0.002009415766224265,-0.003208739885513845
2012-05-31,Train,0.00685652531683445,0.004834019181792382
2012-06-01,Train,0.03911653161048889,0.04270819131884518
2012-06-04,Train,0.04324769228696823,0.04452115897361009
2012-06-05,Train,0.04356127977371216,0.05104710383522515
2012-06-06,Train,0.022173689678311348,0.02831094761362674
2012-06-07,Train,0.014650112949311733,0.006744791486394508
2012-06-08,Train,0.007805663160979748,0.007634794820918778
2012-06-11,Train,0.01652434468269348,0.005177150747686099
2012-06-12,Train,-0.00013660553668159992,-0.0006394008096108905
2012-06-13,Train,0.010551738552749157,0.01239337589773237
2012-06-14,Train,0.006250180769711733,-0.002565744801893866
2012-06-15,Train,0.007601257413625717,0.01857440788166453
2012-06-18,Train,0.010473804548382759,0.01211067349624262
2012-06-19,Train,0.01381963025778532,0.01011833044044197
2012-06-20,Train,0.009223058819770813,0.0099548822606077
2012-06-21,Train,0.01852305792272091,0.02281072182483346
2012-06-22,Train,0.007747418247163296,0.0102604821078951
2012-06-25,Train,0.013126697391271591,0.01995811753503873
2012-06-26,Train,0.006528711877763271,0.00799744076038178
2012-06-27,Train,0.003213569289073348,-0.00747219728619164
2012-06-28,Train,0.015225286595523357,0.01897106576691332
2012-06-29,Train,-0.005556759890168905,-0.01496263784873919
2012-07-02,Train,-0.01211507897824049,-0.01274280830253616
2012-07-03,Train,-0.006454507354646921,-0.007705347583648825
2012-07-05,Train,-0.0027047479525208473,0.002618176007181727
2012-07-06,Train,-0.002240752102807164,0.001871414723136455
2012-07-09,Train,-0.00349589716643095,-0.008437514305114746
2012-07-10,Train,-0.0007812967523932457,-0.006469936157846745
2012-07-11,Train,0.006143816281110048,-0.007616622322274114
2012-07-12,Train,0.01731891930103302,0.0150568416164345
2012-07-13,Train,0.012723303399980068,0.02350901945971051
2012-07-16,Train,0.022174391895532608,0.02563289418241177
2012-07-17,Train,0.017197923734784126,0.01999062327819234
2012-07-18,Train,0.010316029191017151,0.00341669859898297
2012-07-19,Train,0.003731985343620181,-0.01105992684453505
2012-07-20,Train,0.02551490254700184,0.02117062041682582
2012-07-23,Train,0.03938383236527443,0.04160099949157403
2012-07-24,Train,0.05493586137890816,0.05860868003596087
2012-07-25,Train,0.06221616640686989,0.06523827584469566
2012-07-26,Train,0.04492979496717453,0.05444217801940932
2012-07-27,Train,0.02611539140343666,0.03067670386177657
2012-07-30,Train,0.04005689546465874,0.03394009501079731
2012-07-31,Train,0.03495081886649132,0.03472222058697838
2012-08-01,Train,0.032871704548597336,0.0403962325599081
2012-08-02,Train,0.03543615713715553,0.05653929085023668
2012-08-03,Train,0.03879864141345024,0.04146343420687959
2012-08-06,Train,0.03200298175215721,0.0350983320481093
2012-08-07,Train,0.024921491742134094,0.02250562589135985
2012-08-08,Train,0.027999306097626686,0.02716898054596095
2012-08-09,Train,0.02166951820254326,0.01571390386940008
2012-08-10,Train,0.022940263152122498,0.02138797924202196
2012-08-13,Train,0.01732492819428444,0.02059094228491376
2012-08-14,Train,0.018811339512467384,0.02013420451418901
2012-08-15,Train,0.016002703458070755,0.01755430353685195
2012-08-16,Train,0.00629187049344182,-0.004557447425651229
2012-08-17,Train,-0.0021798890084028244,-0.00234186231600586
2012-08-20,Train,-0.0012951568933203816,-0.004823178016459928
2012-08-21,Train,0.004460581112653017,-0.001907628465175226
2012-08-22,Train,0.008832727558910847,0.0160747986148686
2012-08-23,Train,0.014840954914689064,0.0229850817071362
2012-08-24,Train,0.0032824263907969,0.003660858056060645
2012-08-27,Train,0.004615666810423136,0.0004385786349072607
2012-08-28,Train,0.00936039537191391,0.003362510561524479
2012-08-30,Train,0.02757480926811695,0.03647912057452007
2012-08-31,Train,0.025589801371097565,0.03007622230370988
2012-09-04,Train,0.027012092992663383,0.03201645502164108
2012-09-05,Train,0.022532552480697632,0.03498978242091844
2012-09-06,Train,0.01053614728152752,0.01150586891705818
2012-09-07,Train,0.011985830962657928,0.01037017452885491
2012-09-10,Train,0.017826855182647705,0.01750797975216156
2012-09-11,Train,0.003310148837044835,0.004822473032047192
2012-09-12,Train,0.0004887853283435106,-0.006265486265255027
2012-09-13,Train,-0.011798719875514507,-0.006037926734996368
2012-09-14,Train,-0.01923019252717495,-0.02294101743161181
2012-09-17,Train,-0.02034059353172779,-0.0247827643705858
2012-09-18,Train,-0.020382912829518318,-0.02276929771675129
2012-09-19,Train,-0.020574593916535378,-0.01832387624385412
2012-09-20,Train,-0.015719547867774963,-0.01393435705131552
2012-09-21,Train,-0.020256532356142998,-0.01667851950813848
2012-09-24,Train,-0.018187569454312325,-0.01993116478672208
2012-09-25,Train,-0.024114860221743584,-0.02181500804825642
2012-09-26,Train,-0.019704477861523628,-0.0187683113867041
2012-09-27,Train,-0.029121508821845055,-0.03514608514068918
2012-09-28,Train,-0.025584913790225983,-0.02756306545223886
2012-10-01,Train,-0.0163482166826725,-0.01898646164131701
2012-10-02,Train,-0.01586923934519291,-0.008009253488112211
2012-10-03,Train,-0.025046024471521378,-0.01490375879323314
2012-10-04,Train,-0.029037391766905785,-0.02970436343069949
2012-10-05,Train,-0.03046652488410473,-0.04783999552279106
2012-10-08,Train,-0.028234198689460754,-0.03408927407565165
2012-10-09,Train,-0.02724529430270195,-0.02780259719282296
2012-10-10,Train,-0.028981029987335205,-0.0262999784069432
2012-10-11,Train,-0.025662263855338097,-0.02323482901567087
2012-10-12,Train,-0.024835051968693733,-0.01994603816688123
2012-10-15,Train,-0.026453327387571335,-0.03305048803365163
2012-10-16,Train,-0.03690147399902344,-0.03302994582032504
2012-10-17,Train,-0.03800216689705849,-0.04274388342895108
2012-10-18,Train,-0.02599468268454075,-0.02511520907137155
2012-10-19,Train,-0.010416599921882153,0.0006090273346754937
2012-10-22,Train,-0.02246209792792797,-0.02802178988470738
2012-10-23,Train,-0.027128219604492188,-0.03410306718230904
2012-10-24,Train,-0.025557704269886017,-0.02655008071983267
2012-10-25,Train,-0.03778050094842911,-0.02670358188110233
2012-10-26,Train,-0.033745452761650085,-0.03626624310975768
2012-10-31,Train,-0.039579521864652634,-0.041724332518983
2012-11-01,Train,-0.043838560581207275,-0.05829670270485021
2012-11-02,Train,-0.0370626375079155,-0.04403865294647769
2012-11-05,Train,-0.03785856068134308,-0.02774389843228731
2012-11-06,Train,-0.03128954768180847,-0.0292148805231266
2012-11-07,Train,-0.0033547556959092617,-0.00374003226769104
2012-11-08,Train,0.03278066962957382,0.02754910833867097
2012-11-09,Train,0.0319669283926487,0.02758946857292077
2012-11-12,Train,0.032858528196811676,0.02428257584342597
2012-11-13,Train,0.032836947590112686,0.04033021783569057
2012-11-14,Train,0.054640501737594604,0.05896532591052761
2012-11-15,Train,0.05690277740359306,0.06077711343949299
2012-11-16,Train,0.04687798395752907,0.05409308143105163
2012-11-19,Train,0.02534624934196472,0.02900593461161383
2012-11-20,Train,0.020328514277935028,0.01724141539141866
2012-11-21,Train,0.022217756137251854,0.02174252124218912
2012-11-23,Train,-0.0010776245035231113,0.0004622307949393445
2012-11-26,Train,-0.0033212737180292606,-0.0009204903085737737
2012-11-27,Train,0.01293401699513197,0.01554806266110131
2012-11-28,Train,0.003141463501378894,0.004731459155547624
2012-11-29,Train,-0.007085361517965794,-0.009103414810771149
2012-11-30,Train,-0.00769699877128005,-0.01686930940532694
2012-12-03,Train,-0.003222149796783924,-0.001827244107404979
2012-12-04,Train,0.009560894221067429,0.01401806851808041
2012-12-05,Train,0.01729152724146843,0.02095532478237705
2012-12-06,Train,0.005708023440092802,0.01439072942127906
2012-12-07,Train,0.008089117705821991,0.004158272628945081
2012-12-10,Train,-0.00028496087179519236,-0.000767860099029849
2012-12-11,Train,-0.0193481482565403,-0.02228287393515771
2012-12-12,Train,-0.016132067888975143,-0.02172262289838178
2012-12-13,Train,-0.015225782990455627,-0.02342671622249282
2012-12-14,Train,0.008303925395011902,0.006801589046317558
2012-12-17,Train,0.014883484691381454,0.02517153042970199
2012-12-18,Train,0.0023307690862566233,0.004507819813771796
2012-12-19,Train,0.006810882594436407,0.005583988911240789
2012-12-20,Train,0.009984414093196392,0.005885894613263165
2012-12-21,Train,0.0197626743465662,0.02024539504000411
2012-12-24,Train,0.030641430988907814,0.02612566399592908
2012-12-26,Train,0.03860843926668167,0.04139532044876448
2012-12-27,Train,0.03873768821358681,0.0444099463134684
2012-12-28,Train,0.04992758482694626,0.04985889567323132
2012-12-31,Train,0.027118561789393425,0.02303086232544382
2013-01-02,Train,-0.0023399293422698975,-0.004464217797425452
2013-01-03,Train,0.004844968672841787,0.005534820568848131
2013-01-04,Train,0.007784479763358831,0.00660366891105757
2013-01-07,Train,0.004160365089774132,0.00795196949982202
2013-01-08,Train,0.0056226253509521484,0.01608538407729676
2013-01-09,Train,0.0036897538229823112,-0.001647341418107628
2013-01-10,Train,0.0017130894120782614,-0.002530864576142045
2013-01-11,Train,0.00029682560125365853,-0.001635453566129264
2013-01-14,Train,0.005870498716831207,0.002986926230157172
2013-01-15,Train,0.0055669317953288555,0.005853210351564719
2013-01-16,Train,0.001968907658010721,-0.0004484122363624943
2013-01-17,Train,0.001514226896688342,0.006545707132042278
2013-01-18,Train,-0.0020625966135412455,-0.008796724922844334
2013-01-22,Train,0.007789716590195894,0.004167888925646457
2013-01-23,Train,-0.0025596783962100744,-0.005178258515822542
2013-01-24,Train,0.01359240896999836,0.009600950412371745
2013-01-25,Train,0.007465575821697712,0.01477608751894821
2013-01-28,Train,0.006969681940972805,0.01280715697407886
2013-01-29,Train,0.010447929613292217,0.00848718975198337
2013-01-30,Train,0.009572701528668404,0.01417494218473681
2013-01-31,Train,0.014458610676229,0.01615065286826778
2013-02-01,Train,0.004505668766796589,0.001330126116162456
2013-02-04,Train,0.02042693831026554,0.02647404359152117
2013-02-05,Train,-0.003271654015406966,-0.004002322068346276
2013-02-06,Train,-0.005593440029770136,-0.01145146739335778
2013-02-07,Train,-0.004636951256543398,-0.002377468868557386
2013-02-08,Train,-0.01858675293624401,-0.02470952137021643
2013-02-11,Train,-0.021408678963780403,-0.02132046069829885
2013-02-12,Train,-0.00692084152251482,-0.00723468874764055
2013-02-13,Train,-0.008547559380531311,-0.0127998047808926
2013-02-14,Train,-0.0021070297807455063,-0.00838851685686448
2013-02-15,Train,-0.001187366433441639,-0.001033205827663752
2013-02-19,Train,0.0036435399670153856,0.006447867162666876
2013-02-20,Train,0.016773657873272896,0.0196457753662882
2013-02-21,Train,0.03318061679601669,0.03339854340203718
2013-02-22,Train,0.0213824100792408,0.02427758814768888
2013-02-25,Train,0.03563125059008598,0.04011466988456625
2013-02-26,Train,0.03357572853565216,0.03245197928692667
2013-02-27,Train,0.02089851163327694,0.02067221049686263
2013-02-28,Train,0.025154495611786842,0.02622954062971039
2013-03-01,Train,0.015726421028375626,0.01677062821125563
2013-03-04,Train,0.012879163958132267,0.01004728578767122
2013-03-05,Train,0.00024543111794628203,-0.006552081337254712
2013-03-06,Train,-0.0008175551192834973,0.002919237220931681
2013-03-07,Train,-0.007872373796999454,-0.01106423219126773
2013-03-08,Train,-0.009579379111528397,-0.002617424952192859
2013-03-11,Train,-0.006214863155037165,-0.009134476898100874
2013-03-12,Train,-0.004150687251240015,-0.0001455491276600718
2013-03-13,Train,0.002178506227210164,0.002477135438488931
2013-03-14,Train,0.0030816583894193172,0.001597452938956634
2013-03-15,Train,0.002537930617108941,-0.0001459952695750388
2013-03-18,Train,0.008882962167263031,0.009947341999771986
2013-03-19,Train,0.001507710781879723,0.002638140060379879
2013-03-20,Train,-0.0014376867329701781,-0.00407508052725547
2013-03-21,Train,0.0025017540901899338,-0.001030468048134003
2013-03-22,Train,-0.0011358504416421056,-0.005394301457093187
2013-03-25,Train,0.009975668974220753,0.004975182696880687
2013-03-26,Train,0.00953022763133049,0.01906560291149506
2013-03-27,Train,0.00797541718930006,0.0172964354538836
2013-03-28,Train,0.009760532528162003,0.01406410328454455
2013-04-01,Train,0.003959191497415304,0.0008758767677918833
2013-04-02,Train,0.0033359883818775415,0.006228277802341031
2013-04-03,Train,0.0030599343590438366,-0.004385368158136504
2013-04-04,Train,-0.0047699688002467155,-0.0184130079002085
2013-04-05,Train,0.00032442808151245117,0.003389267985122624
2013-04-08,Train,0.004577917978167534,0.008355316397315349
2013-04-09,Train,0.006895129103213549,0.01121136633146436
2013-04-10,Train,-0.008562812581658363,-0.008568958910118774
2013-04-11,Train,-0.0038452912122011185,-0.002857507563173045
2013-04-12,Train,-0.005295915529131889,-0.005290287870550303
2013-04-15,Train,0.021979529410600662,0.02406653419829485
2013-04-16,Train,0.017725437879562378,0.01799337812056168
2013-04-17,Train,0.034815941005945206,0.0334752423853355
2013-04-18,Train,0.05977269262075424,0.0611880411253567
2013-04-19,Train,0.053635962307453156,0.05918646828372331
2013-04-22,Train,0.048736125230789185,0.05247856610417223
2013-04-23,Train,0.044781625270843506,0.04190070251951283
2013-04-24,Train,0.048612311482429504,0.04739269666243096
2013-04-25,Train,0.045380569994449615,0.04040693018814401
2013-04-26,Train,0.04765184223651886,0.05002160948970791
2013-04-29,Train,0.04081190750002861,0.04173195190688683
2013-04-30,Train,0.04195244237780571,0.03959269476855698
2013-05-01,Train,0.04185738041996956,0.04659751112001342
2013-05-02,Train,0.03570592403411865,0.0324073737114694
2013-05-03,Train,0.0257504191249609,0.03022740186014627
2013-05-06,Train,0.030130892992019653,0.02472376903041251
2013-05-07,Train,0.022728975862264633,0.02639574373416465
2013-05-08,Train,0.012591060250997543,0.01251552294825586
2013-05-09,Train,0.014805586077272892,0.01156860392273384
2013-05-10,Train,0.0074718426913022995,0.004928139566215961
2013-05-13,Train,0.006433133501559496,0.01025430689443163
2013-05-14,Train,6.772865890525281e-05,0.000272092945788005
2013-05-15,Train,0.0005403106333687901,0.003529281155053354
2013-05-16,Train,-0.008148349821567535,-0.00462014342723327
2013-05-17,Train,-0.014964737929403782,-0.01238231171671633
2013-05-20,Train,-0.015166466124355793,-0.0160399299399685
2013-05-21,Train,-0.019799623638391495,-0.02989085352969167
2013-05-22,Train,-0.011933275498449802,-0.01657159977163636
2013-05-23,Train,-0.006679447367787361,-0.0008168490277273843
2013-05-24,Train,-0.004516270477324724,0.0001361463879219205
2013-05-28,Train,-0.012947123497724533,-0.01624031612064547
2013-05-29,Train,-0.013432800769805908,-0.02298072369277626
2013-05-30,Train,-0.012684620916843414,-0.01582575631158767
2013-05-31,Train,-0.012666996568441391,-0.01324233748400172
2013-06-03,Train,-0.010046985931694508,-0.005450993614826594
2013-06-04,Train,-0.006937579717487097,0.007945230562393046
2013-06-05,Train,-0.0068820770829916,0.009854254745313762
2013-06-06,Train,-0.009418175555765629,-0.01892268947110909
2013-06-07,Train,-0.02925337851047516,-0.04033245822441256
2013-06-10,Train,-0.043624695390462875,-0.050258715663827
2013-06-11,Train,-0.03456435352563858,-0.03370483553926984
2013-06-12,Train,-0.0011390689760446548,-0.0136394676179713
2013-06-13,Train,-0.031042983755469322,-0.02185272018420437
2013-06-14,Train,-0.021073073148727417,-0.01397346642623021
2013-06-17,Train,-0.01848086714744568,-0.0174020856953041
2013-06-18,Train,-0.019140493124723434,-0.02500684862049807
2013-06-19,Train,-0.007894051261246204,-0.0100330309991854
2013-06-20,Train,0.03125061094760895,0.02182180879059215
2013-06-21,Train,0.03023681603372097,0.03152067600573294
2013-06-24,Train,0.04733523353934288,0.04818575676467307
2013-06-25,Train,0.0501374751329422,0.0465547319463635
2013-06-26,Train,0.05558973178267479,0.05785238204070531
2013-06-27,Train,0.0550864078104496,0.0580301389499629
2013-06-28,Train,0.05540572106838226,0.05893089343992997
2013-07-01,Train,0.0477326437830925,0.05103895842751283
2013-07-02,Train,0.04732895269989967,0.05324783675179634
2013-07-03,Train,0.0433199368417263,0.04636962409952372
2013-07-05,Train,0.034510884433984756,0.02769350311556384
2013-07-08,Train,0.032542742788791656,0.02973153458152966
2013-07-09,Train,0.022257991135120392,0.01600774192039878
2013-07-10,Train,0.00965751614421606,0.01346752598285672
2013-07-11,Train,0.003500323975458741,0.0
2013-07-12,Train,0.002052482683211565,0.0009296107833633993
2013-07-15,Train,0.0013282287400215864,-0.003180043194483173
2013-07-16,Train,0.00379940471611917,0.003449575392880488
2013-07-17,Train,0.00457241665571928,0.002779236252751449
2013-07-18,Train,0.008662992157042027,0.01552339294558891
2013-07-19,Train,0.028647469356656075,0.03190782946323178
2013-07-22,Train,0.023679206147789955,0.02954149387241611
2013-07-23,Train,0.02355133555829525,0.0309721970939878
2013-07-24,Train,0.026715992018580437,0.02577178750262155
2013-07-25,Train,0.022335365414619446,0.02440978793194049
2013-07-26,Train,0.020940475165843964,0.014859958556102
2013-07-29,Train,0.019364656880497932,0.01914123019747271
2013-07-30,Train,0.018479157239198685,0.01943674830209896
2013-07-31,Train,0.013777977786958218,0.01372576166825668
2013-08-01,Train,-0.010101448744535446,-0.01345699982984871
2013-08-02,Train,-0.02016676962375641,-0.01935816344210683
2013-08-05,Train,-0.015825731679797173,-0.02168265699470984
2013-08-06,Train,-0.012037474662065506,-0.01149421736520406
2013-08-07,Train,-0.012409863993525505,-0.01308558000471616
2013-08-08,Train,-0.011443959549069405,-0.0083333250549108
2013-08-09,Train,-0.003237409982830286,0.002353252846161169
2013-08-12,Train,-0.008451936766505241,0.0005217284007128509
2013-08-13,Train,-0.021191736683249474,-0.02542151910846713
2013-08-14,Train,-0.009691611863672733,-0.01796637543654722
2013-08-15,Train,0.004501997027546167,0.005959434982273359
2013-08-16,Train,0.0041293855756521225,-0.0001325137226501072
2013-08-19,Train,0.010980440303683281,0.007299310721906815
2013-08-20,Train,0.013071560300886631,0.01360992039037345
2013-08-21,Train,0.01755744405090809,0.01882787328852009
2013-08-22,Train,0.015542425215244293,0.01011024955411721
2013-08-23,Train,0.02198748290538788,0.01512982509212102
2013-08-26,Train,0.015560125932097435,0.01955416527053022
2013-08-27,Train,0.03707779943943024,0.03886076913313863
2013-08-28,Train,0.03466402366757393,0.03420392178995724
2013-08-29,Train,0.02951262891292572,0.02764610978714943
2013-08-30,Train,0.03393380343914032,0.03153567265035484
2013-09-03,Train,0.03549112379550934,0.03254283492815158
2013-09-04,Train,0.030434604734182358,0.03389386657739357
2013-09-05,Train,0.027755696326494217,0.03461743608644219
2013-09-06,Train,0.022100871428847313,0.02677755817524874
2013-09-09,Train,0.01436857134103775,0.01284851569412382
2013-09-10,Train,0.006448321510106325,0.007927410226822529
2013-09-11,Train,0.00956028327345848,0.006405329434255869
2013-09-12,Train,0.007222965359687805,0.01486983721252977
2013-09-13,Train,0.0146270040422678,0.01293879282371657
2013-09-16,Train,0.017965475097298622,0.01323055619120228
2013-09-17,Train,0.00826509203761816,0.01671554820317889
2013-09-18,Train,0.0011309796245768666,0.004287025315238058
2013-09-19,Train,-0.0036731574218720198,-0.009811305399960668
2013-09-20,Train,0.002201128751039505,0.005190576948951087
2013-09-23,Train,-0.005941556766629219,-0.001141747623931932
2013-09-24,Train,-0.010476160794496536,-0.02042370383045344
2013-09-25,Train,-0.00827025342732668,-0.0201119431105089
2013-09-26,Train,-0.004847331438213587,-0.007073355709807383
2013-09-27,Train,0.004092322662472725,0.002023569782811707
2013-09-30,Train,0.011798723600804806,0.0115365579842226
2013-10-01,Train,0.0021001924760639668,-0.002510001850855925
2013-10-02,Train,0.006551026366651058,0.009165043484674396
2013-10-03,Train,0.024771641939878464,0.02693083186373157
2013-10-04,Train,0.026055559515953064,0.03463476003969213
2013-10-07,Train,0.04381697624921799,0.04559314280775495
2013-10-08,Train,0.06308688223361969,0.06772851132948277
2013-10-09,Train,0.05893905460834503,0.06456213788747456
2013-10-10,Train,0.04691869392991066,0.04706776389154443
2013-10-11,Train,0.04500077664852142,0.04632081299317714
2013-10-14,Train,0.036184150725603104,0.03922793855750983
2013-10-15,Train,0.044612206518650055,0.04504270320149462
2013-10-16,Train,0.03237784281373024,0.03234643185316943
2013-10-17,Train,0.025248995050787926,0.02412177963846251
2013-10-18,Train,0.007920772768557072,0.00803403555028459
2013-10-21,Train,0.0038862430956214666,0.007287725747320062
2013-10-22,Train,0.004151841625571251,0.006913277330768519
2013-10-23,Train,0.011343698017299175,0.01281272838144187
2013-10-24,Train,-0.0013932418078184128,-0.01056973809977557
2013-10-25,Train,-0.0015227182302623987,-0.004342588705974593
2013-10-28,Train,-0.004376095253974199,-0.006150440401564539
2013-10-29,Train,-0.0003001615987159312,-0.006260494321584598
2013-10-30,Train,0.007387602236121893,0.006748584429250526
2013-10-31,Train,0.010021796450018883,0.01219956667546129
2013-11-01,Train,0.008645150810480118,0.01388723052509699
2013-11-04,Train,0.002981948433443904,0.00253224507053984
2013-11-05,Train,0.005470249801874161,-0.001445376078529681
2013-11-06,Train,0.004594877827912569,-0.003614494599491702
2013-11-07,Train,0.02794867940247059,0.02578583510765475
2013-11-08,Train,0.02021830528974533,0.01756720295806802
2013-11-11,Train,0.023330653086304665,0.02159930469843285
2013-11-12,Train,0.02401270717382431,0.02532101180892354
2013-11-13,Train,0.019855329766869545,0.02011013031798425
2013-11-14,Train,0.015393032692372799,0.02303102905597454
2013-11-15,Train,0.017786897718906403,0.01810391006473999
2013-11-18,Train,0.01751863583922386,0.02730339534671167
2013-11-19,Train,0.024628665298223495,0.03124241604606137
2013-11-20,Train,0.02776658907532692,0.0324062926731794
2013-11-21,Train,0.01448044739663601,0.02944696022879056
2013-11-22,Train,0.025327930226922035,0.02809859114628677
2013-11-25,Train,0.023983154445886612,0.02494356115006213
2013-11-26,Train,0.01683429442346096,0.006498913737535306
2013-11-27,Train,0.00019536934269126505,-0.003050952035979382
2013-11-29,Train,-0.004105366766452789,-0.01026484134321837
2013-12-02,Train,-0.0010812266264110804,-0.001871825641387215
2013-12-03,Train,0.003084036987274885,-0.003044164911396807
2013-12-04,Train,0.0065573216415941715,0.007603246486386661
2013-12-05,Train,0.00925574079155922,0.006090469538403642
2013-12-06,Train,0.007177490275353193,0.005813953488372103
2013-12-09,Train,0.009608758613467216,0.01227568276455693
2013-12-10,Train,0.010005555115640163,0.01344299478974875
2013-12-11,Train,0.024133337661623955,0.0300539745177506
2013-12-12,Train,0.025712406262755394,0.03013179833074675
2013-12-13,Train,0.027056889608502388,0.02993519105721654
2013-12-16,Train,0.028615262359380722,0.03094232769680372
2013-12-17,Train,0.02628210373222828,0.0248971823746027
2013-12-18,Train,0.010695726610720158,0.005804504336461402
2013-12-19,Train,0.008912595920264721,0.00488938488340751
2013-12-20,Train,-0.0008249673992395401,0.00716766181019679
2013-12-23,Train,-0.0029359657783061266,-0.001144103641754879
2013-12-24,Train,-0.0033198308665305376,-0.004917099144443382
2013-12-26,Train,-0.004427727311849594,-0.005014757496288991
2013-12-27,Train,-0.005330230575054884,-0.01725313716583154
2013-12-30,Train,0.002891089301556349,0.002975193249186159
2013-12-31,Train,-0.0005651981336995959,0.00466125132306594
2014-01-02,Train,0.007740531116724014,0.01271915495644471
2014-01-03,Train,0.011875449679791927,0.01431207147397195
2014-01-06,Train,0.01716352254152298,0.0258341446341237
2014-01-07,Train,0.011732285842299461,0.01905413200621098
2014-01-08,Train,0.0124165965244174,0.01340059364398272
2014-01-09,Train,0.0034882219042629004,-0.003217637210966129
2014-01-10,Train,0.004311243072152138,-0.01603667212988391
2014-01-13,Train,0.004805298522114754,-0.001860291339790265
2014-01-14,Train,-0.026554932817816734,-0.03103252907417275
2014-01-15,Train,-0.024409325793385506,-0.02116105792080403
2014-01-16,Train,-0.02365289442241192,-0.02387418732658941
2014-01-17,Train,-0.0292888805270195,-0.04085112027869342
2014-01-21,Train,-0.030991243198513985,-0.04110671105816721
2014-01-22,Train,-0.03750878572463989,-0.04606889382886992
2014-01-23,Train,-0.0349125862121582,-0.03062846531475438
2014-01-24,Train,0.008355819620192051,0.006456135598110091
2014-01-27,Train,0.021150274202227592,0.02211876009462577
2014-01-28,Train,0.02593989297747612,0.03436231368747178
2014-01-29,Train,0.04198552668094635,0.04756859650312673
2014-01-30,Train,0.03170965239405632,0.03618493934587241
2014-01-31,Train,0.033569738268852234,0.04103397534804309
2014-02-03,Train,0.060832299292087555,0.07070825744142017
2014-02-04,Train,0.057877086102962494,0.05558819205910437
2014-02-05,Train,0.05457961931824684,0.06328964996854203
2014-02-06,Train,0.04867720231413841,0.04850185175384025
2014-02-07,Train,0.029741423204541206,0.03562428982399601
2014-02-10,Train,0.027372464537620544,0.0285876357584669
2014-02-11,Train,0.017931820824742317,0.01610360648684095
2014-02-12,Train,0.017047330737113953,0.01652243678244503
2014-02-13,Train,0.006309137213975191,0.007921444898243424
2014-02-14,Train,0.0018156971782445908,-0.001558839699968839
2014-02-18,Train,0.005835267715156078,0.006204959097991791
2014-02-19,Train,0.011671734042465687,0.01595448342068595
2014-02-20,Train,0.006959603168070316,0.01032759881908341
2014-02-21,Train,0.007377712521702051,0.006671838897865046
2014-02-24,Train,-0.0007152229081839323,0.002212110830009939
2014-02-25,Train,0.0014619361609220505,-0.0009965268555370832
2014-02-26,Train,-0.0034506525844335556,0.003657255783918734
2014-02-27,Train,-0.01117237750440836,-0.01282622325072258
2014-02-28,Train,-0.010421079583466053,-0.01848570109189696
2014-03-03,Train,-0.003404343733564019,-0.002453454055933224
2014-03-04,Train,-0.011594719253480434,-0.003083347503849532
2014-03-05,Train,-0.016649246215820312,-0.01120136910183944
2014-03-06,Train,-0.011039447039365768,-0.007584110968860136
2014-03-07,Train,-0.018293671309947968,-0.01690046172459203
2014-03-10,Train,-0.019743500277400017,-0.02637677269119665
2014-03-11,Train,-0.018208272755146027,-0.01895365840540753
2014-03-12,Train,-0.023815074935555458,-0.03522520867944745
2014-03-13,Train,-0.018454570323228836,-0.02688173788859238
2014-03-14,Train,-0.019686881452798843,-0.01826993516004005
2014-03-17,Train,-0.015989866107702255,-0.01989937216349846
2014-03-18,Train,-0.01694314181804657,-0.01458079876972329
2014-03-19,Train,-0.016614004969596863,-0.006663688005556501
2014-03-20,Train,-0.018069088459014893,-0.0172776336557271
2014-03-21,Train,-0.02694118022918701,-0.02955053093728055
2014-03-24,Train,-0.027514219284057617,-0.03026522480163751
2014-03-25,Train,-0.024782877415418625,-0.02451706864722325
2014-03-26,Train,-0.010063747875392437,0.005150474237106462
2014-03-27,Train,-0.02491305023431778,-0.02048801606317785
2014-03-28,Train,-0.02559933066368103,-0.03377372014172353
2014-03-31,Train,-0.028641335666179657,-0.03307860826334719
2014-04-01,Train,-0.0374005064368248,-0.04663149955618495
2014-04-02,Train,-0.032008036971092224,-0.03644903898975349
2014-04-03,Train,-0.0350007526576519,-0.02851353897186237
2014-04-04,Train,0.010203849524259567,0.005441629921995039
2014-04-07,Train,0.02100633829832077,0.02314430925667144
2014-04-08,Train,0.012622243724763393,0.004864556592012681
2014-04-09,Train,0.006966288201510906,-0.00261903162984356
2014-04-10,Train,0.02269604429602623,0.01280850748330664
2014-04-11,Train,0.033622484654188156,0.02805850188117964
2014-04-14,Train,0.026536786928772926,0.02819402045167418
2014-04-15,Train,0.028059953823685646,0.02751318346769027
2014-04-16,Train,0.01184780616313219,0.01705733598860104
2014-04-17,Train,0.012031393125653267,0.01496520836656079
2014-04-21,Train,0.005495844874531031,0.0127821356190827
2014-04-22,Train,-0.002168835373595357,-0.008225765231855808
2014-04-23,Train,-0.003129382152110338,-0.002305262479393111
2014-04-24,Train,-0.0025725550949573517,-0.01267259992425485
2014-04-25,Train,0.01236760150641203,0.00707739404887775
2014-04-28,Train,0.00986274890601635,0.02035390437590379
2014-04-29,Train,0.005073256324976683,0.01296463063263054
2014-04-30,Train,0.004144696053117514,0.005034928990494736
2014-05-01,Train,-0.0011217209976166487,-0.005818620962372623
2014-05-02,Train,0.005895665381103754,0.002514587107953714
2014-05-05,Train,0.008241411298513412,0.004206967133833617
2014-05-06,Train,0.015235384926199913,0.01370812665445631
2014-05-07,Train,0.030085252597928047,0.02634009754625399
2014-05-08,Train,0.03573384881019592,0.03179925871012945
2014-05-09,Train,0.036244578659534454,0.0354838029190343
2014-05-12,Train,0.0277116559445858,0.03139517780431689
2014-05-13,Train,0.029665373265743256,0.02752293895093194
2014-05-14,Train,0.03696642071008682,0.0395081538012243
2014-05-15,Train,0.04098649322986603,0.04785400732330825
2014-05-16,Train,0.0398724265396595,0.04001826670696951
2014-05-19,Train,0.035505350679159164,0.03238225339938672
2014-05-20,Train,0.035406820476055145,0.03999996185302734
2014-05-21,Train,0.04164174944162369,0.03883391174978335
2014-05-22,Train,0.039329249411821365,0.04023306290295747
2014-05-23,Train,0.02387406677007675,0.03193149570855036
2014-05-27,Train,0.02008056640625,0.02098905123197126
2014-05-28,Train,0.020246589556336403,0.02391973258097901
2014-05-29,Train,0.014516494236886501,0.008214676614795247
2014-05-30,Train,0.012010094709694386,0.01106124371082529
2014-06-02,Train,0.012637900188565254,0.01293576287420573
2014-06-03,Train,0.011562165804207325,0.01392845622741579
2014-06-04,Train,0.011926908977329731,0.01584358206755443
2014-06-05,Train,0.0091627212241292,0.006717983968268948
2014-06-06,Train,0.0037685707211494446,-0.0005387098892718489
2014-06-09,Train,0.002930468413978815,0.0004312767172760523
2014-06-10,Train,0.002109602326527238,-0.00226032402959464
2014-06-11,Train,0.003994012251496315,0.004306185041524246
2014-06-12,Train,0.011560529470443726,0.01401404935758088
2014-06-13,Train,0.014881704933941364,0.01548960474331484
2014-06-16,Train,0.01917397603392601,0.01634201419149939
2014-06-17,Train,0.02415512129664421,0.02693353786218178
2014-06-18,Train,0.02283020317554474,0.02291058648435995
2014-06-19,Train,0.028468701988458633,0.03002898693535005
2014-06-20,Train,0.025169996544718742,0.0284575521674364
2014-06-23,Train,0.019172273576259613,0.01584223737686297
2014-06-24,Train,0.023446789011359215,0.02437974337250859
2014-06-25,Train,0.016425732523202896,0.01468541894240682
2014-06-26,Train,0.015126782469451427,0.02067709857400457
2014-06-27,Train,0.01707479916512966,0.02229329427083337
2014-06-30,Train,0.01116092037409544,0.01703757226842328
2014-07-01,Train,0.005607839208096266,0.01000628737953213
2014-07-02,Train,0.0037682880647480488,-0.005047273766988325
2014-07-03,Train,0.00367972650565207,0.004388775462208283
2014-07-07,Train,0.006840205285698175,0.006183799551880087
2014-07-08,Train,0.02279815636575222,0.02493102504628353
2014-07-09,Train,0.019585832953453064,0.02390484724459219
2014-07-10,Train,0.019589751958847046,0.02598773493875695
2014-07-11,Train,0.013957549817860126,0.01542984436338912
2014-07-14,Train,0.008369370363652706,0.00970367634298519
2014-07-15,Train,0.01170223020017147,0.01141237894996494
2014-07-16,Train,0.009784077294170856,0.01136723301932596
2014-07-17,Train,0.007819337770342827,0.004227371431764437
2014-07-18,Train,-0.01159084402024746,-0.01508535722225912
2014-07-21,Train,-0.010320797562599182,-0.007083336512247684
2014-07-22,Train,-0.01925566792488098,-0.0209088527036454
2014-07-23,Train,-0.021125908941030502,-0.02787212403890071
2014-07-24,Train,-0.021063562482595444,-0.02985998191789552
2014-07-25,Train,-0.015958141535520554,-0.019020016317157
2014-07-28,Train,-0.016255037859082222,-0.01353722852162165
2014-07-29,Train,-0.004758237861096859,-0.01221532426309402
2014-07-30,Train,-0.004881368018686771,-0.005671303698903118
2014-07-31,Train,0.024071622639894485,0.02010107061236943
2014-08-01,Train,0.034597694873809814,0.02883704879830784
2014-08-04,Train,0.02742939628660679,0.02968948636293756
2014-08-05,Train,0.043491430580616,0.04345069002508439
2014-08-06,Train,0.04284308850765228,0.0442234495729048
2014-08-07,Train,0.04689082130789757,0.04967098540163728
2014-08-08,Train,0.04744671285152435,0.04373025773605721
2014-08-11,Train,0.03340838477015495,0.04127385794252669
2014-08-12,Train,0.034762412309646606,0.04275835159659991
2014-08-13,Train,0.02809537947177887,0.03204393164068842
2014-08-14,Train,0.02478932961821556,0.02558550860544218
2014-08-15,Train,0.02587033621966839,0.02443528969335396
2014-08-18,Train,0.018331052735447884,0.01956187609879012
2014-08-19,Train,0.00524721946567297,0.00790280073767824
2014-08-20,Train,0.008091220632195473,0.006990906410747844
2014-08-21,Train,0.009753186255693436,0.01001008946911375
2014-08-22,Train,0.012595586478710175,0.01039877584616189
2014-08-25,Train,0.005120376590639353,-0.00150906965368458
2014-08-26,Train,0.003022353630512953,0.005728640148987107
2014-08-27,Train,0.00020196885452605784,0.004722681235499016
2014-08-28,Train,-0.003020050935447216,0.000704151415808596
2014-08-29,Train,-0.005880485754460096,-0.01262780268235386
2014-09-02,Train,-0.006646766327321529,-0.006895197796647268
2014-09-03,Train,0.004441581666469574,0.0005025675580638822
2014-09-04,Train,0.001007649814710021,0.008954617115543906
2014-09-05,Train,-0.00464817276224494,0.0009010308122445743
2014-09-08,Train,-0.006183559540659189,-0.01029175420116013
2014-09-09,Train,-0.00819414108991623,-0.004735528672071831
2014-09-10,Train,-0.008630919270217419,-0.002298424679074818
2014-09-11,Train,-0.01548774540424347,-0.0225022507057705
2014-09-12,Train,-0.01155783236026764,-0.00703663604759952
2014-09-15,Train,-0.007677752524614334,0.001319578636238772
2014-09-16,Train,-0.011422179639339447,-0.005936771525422158
2014-09-17,Train,-0.016369987279176712,-0.02330955212778318
2014-09-18,Train,-0.02139725163578987,-0.03061427734538458
2014-09-19,Train,-0.016806604340672493,-0.01810367200655583
2014-09-22,Train,-0.013244552537798882,-0.01100458287432438
2014-09-23,Train,-0.014493819326162338,-0.02237294099800946
2014-09-24,Train,-0.01813524402678013,-0.01392227003839452
2014-09-25,Train,-0.024060651659965515,-0.00900345071261932
2014-09-26,Train,-0.04346788674592972,-0.04393598290669587
2014-09-29,Train,-0.05206133797764778,-0.05767868579214963
2014-09-30,Train,-0.05216392129659653,-0.05891284179459355
2014-10-01,Train,-0.046327777206897736,-0.04978907914282371
2014-10-02,Train,-0.04465154930949211,-0.05575556239060853
2014-10-03,Train,-0.046627242118120193,-0.05266372889248727
2014-10-06,Train,-0.04053294286131859,-0.03644344352990192
2014-10-07,Train,-0.00947218481451273,0.003106586442019887
2014-10-08,Train,-0.019202731549739838,-0.02112741763469694
2014-10-09,Train,0.01840793341398239,0.009911202544118813
2014-10-10,Train,0.04942645505070686,0.04426090848281361
2014-10-13,Train,0.07405951619148254,0.06163945152072081
2014-10-14,Train,0.07727506756782532,0.07755188759605058
2014-10-15,Train,0.0743195042014122,0.08054557313832089
2014-10-16,Train,0.08245774358510971,0.08966113569508494
2014-10-17,Train,0.08046518266201019,0.09032259705246126
2014-10-20,Train,0.07423987239599228,0.07744461919548895
2014-10-21,Train,0.04507856443524361,0.04635075602832028
2014-10-22,Train,0.04788773134350777,0.05188336471410282
2014-10-23,Train,0.03758636489510536,0.03956248986562616
2014-10-24,Train,0.030977381393313408,0.03021695036043126
2014-10-27,Train,0.0336737222969532,0.03313402130076804
2014-10-28,Train,0.024096528068184853,0.02096225262251861
2014-10-29,Train,0.027065711095929146,0.02655046178438392
2014-10-30,Train,0.027446093037724495,0.02879429093654284
2014-10-31,Train,0.0221010260283947,0.0179487146690005
2014-11-03,Train,0.015830423682928085,0.01189780481982705
2014-11-04,Train,0.021182168275117874,0.02288871034781037
2014-11-05,Train,0.024514948949217796,0.01815129020456374
2014-11-06,Train,0.02077651582658291,0.01947089861345952
2014-11-07,Train,0.01934986561536789,0.02234256207237184
2014-11-10,Train,0.024931183084845543,0.02667714049751635
2014-11-11,Train,0.029484054073691368,0.02502930767644806
2014-11-12,Train,0.02584269270300865,0.02986528973195623
2014-11-13,Train,0.023018086329102516,0.03022352346194479
2014-11-14,Train,0.01664457842707634,0.0154039558136696
2014-11-17,Train,0.0191803015768528,0.02254396669192249
2014-11-18,Train,0.010880148969590664,0.01678238675393473
2014-11-19,Train,0.01855531707406044,0.02092824029909646
2014-11-20,Train,0.015006918460130692,0.0164946379345543
2014-11-21,Train,0.003217381192371249,0.007316785277171389
2014-11-24,Train,-0.00461825355887413,0.002674806825378129
2014-11-25,Train,-0.01430193055421114,-0.01459365540576529
2014-11-26,Train,-0.023111559450626373,-0.0163001672292189
2014-11-28,Train,-0.02491746097803116,-0.03150649844335451
2014-12-01,Train,-0.02421039529144764,-0.03053140943404031
2014-12-02,Train,-0.031644441187381744,-0.0498907139838467
2014-12-03,Train,-0.026822306215763092,-0.03433878941437774
2014-12-04,Train,-0.014350911602377892,-0.01062923713948905
2014-12-05,Train,-0.01427539624273777,-0.01005881178801582
2014-12-08,Train,-0.007017630152404308,-0.0004778306764378071
2014-12-09,Train,-0.008029079996049404,-0.007145579330620988
2014-12-10,Train,0.00964245107024908,0.00958286241951134
2014-12-11,Train,0.009104042313992977,0.01194602916486653
2014-12-12,Train,0.021614672616124153,0.02288885279080399
2014-12-15,Train,0.024495713412761688,0.02667059411666384
2014-12-16,Train,0.03430819511413574,0.03270650663405505
2014-12-17,Train,0.012612715363502502,0.01119842195946519
2014-12-18,Train,-0.023274730890989304,-0.02705035678488454
2014-12-19,Train,-0.028394833207130432,-0.04074003079402677
2014-12-22,Train,-0.026679184287786484,-0.03078983710389416
2014-12-23,Train,-0.021149473264813423,-0.008732329341805345
2014-12-24,Train,-0.02800304815173149,-0.0161073850049851
2014-12-26,Train,-0.03416624292731285,-0.03322541730151141
2014-12-29,Train,-0.033256400376558304,-0.03332698640141385
2014-12-30,Train,-0.0285683311522007,-0.03220859490204031
2014-12-31,Train,-0.02199314720928669,-0.03486681330867891
2015-01-02,Train,-0.016221921890974045,-0.02059454727319188
2015-01-05,Train,0.0060797506012022495,0.001873237117564708
2015-01-06,Train,0.025435101240873337,0.02068551714936473
2015-01-07,Train,0.022899461910128593,0.02634173394699668
2015-01-08,Train,0.007406267803162336,0.009293311288593564
2015-01-09,Train,0.011202140711247921,0.01481189439080421
2015-01-12,Train,0.0013230163604021072,-0.001083216219063043
2015-01-13,Train,-0.0013983058743178844,-0.005910150649734769
2015-01-14,Train,0.010207703337073326,0.009211572044465433
2015-01-15,Train,0.013010477647185326,0.01455089740129734
2015-01-16,Train,0.01784718967974186,0.01150568999822088
2015-01-20,Train,0.012409419752657413,0.01318634424004372
2015-01-21,Train,0.006253891624510288,0.007147085973133294
2015-01-22,Train,-0.005547133274376392,-0.002595372933140272
2015-01-23,Train,-0.00933033972978592,-0.01083833550411772
2015-01-26,Train,-0.011147353798151016,-0.01286725893743212
2015-01-27,Train,0.03329218924045563,0.02917980099795847
2015-01-28,Train,0.0336126945912838,0.03824812406248479
2015-01-29,Train,0.04155122861266136,0.0403376252328167
2015-01-30,Train,0.04552226513624191,0.05746790579304983
2015-02-02,Train,0.05138598009943962,0.04932338315082907
2015-02-03,Train,0.03513013944029808,0.04079258561561239
2015-02-04,Train,0.049295976758003235,0.04685524998670587
2015-02-05,Train,0.03469536453485489,0.04481497137763868
2015-02-06,Train,0.05369642749428749,0.05226412812175063
2015-02-09,Train,0.0525297112762928,0.056420187258585
2015-02-10,Train,0.04524226859211922,0.03764368053387046
2015-02-11,Train,0.045450568199157715,0.0391295907796021
2015-02-12,Train,0.0247502401471138,0.02264152382904627
2015-02-13,Train,0.014722607098519802,0.02310348430175946
2015-02-17,Train,0.013034991919994354,0.01738155848257694
2015-02-18,Train,0.013488801196217537,0.01203801084404899
2015-02-19,Train,0.003970373421907425,0.008821589067741664
2015-02-20,Train,-0.012086858972907066,-0.009224240994555988
2015-02-23,Train,-0.009825468994677067,-0.007371871057041623
2015-02-24,Train,-0.027635671198368073,-0.02651931209837222
2015-02-25,Train,-0.02492482215166092,-0.02972400227339478
2015-02-26,Train,-0.027043085545301437,-0.0282879709713022
2015-02-27,Train,-0.018004469573497772,-0.02822882975013385
2015-03-02,Train,-0.023678714409470558,-0.02450174046874953
2015-03-03,Train,-0.015785904601216316,-0.01837053320054949
2015-03-04,Train,-0.007444750051945448,-0.0048870336026825
2015-03-05,Train,-0.003823603503406048,-0.005154616731773531
2015-03-06,Train,0.001167637761682272,0.0104272886975294
2015-03-09,Train,0.0010583767434582114,0.005569982058315937
2015-03-10,Train,0.01478971540927887,0.02090426654327238
2015-03-11,Train,0.005786371883004904,0.003329830388057564
2015-03-12,Train,-0.0014620223082602024,-0.006616300164890121
2015-03-13,Train,0.004234760999679565,0.001708755567053633
2015-03-16,Train,-0.0014602846931666136,0.0002812222075878612
2015-03-17,Train,-0.0113258957862854,-0.0118836365661229
2015-03-18,Train,-0.022856447845697403,-0.02659372837177609
2015-03-19,Train,-0.02286485955119133,-0.02738711171655583
2015-03-20,Train,-0.024530155584216118,-0.02349576569653211
2015-03-23,Train,-0.025498438626527786,-0.02326437084717625
2015-03-24,Train,-0.01260310597717762,-0.01195219968386751
2015-03-25,Train,0.013768434524536133,0.01754218177680111
2015-03-26,Train,0.017154404893517494,0.02521409671125174
2015-03-27,Train,0.02196613699197769,0.0185747420036142
2015-03-30,Train,0.0077439602464437485,0.004122503496418517
2015-03-31,Train,0.01742483675479889,0.02121210128917261
2015-04-01,Train,0.024690205231308937,0.02513088351218529
2015-04-02,Train,0.020368698984384537,0.008466508432215303
2015-04-06,Train,0.0199569184333086,0.0152858564434224
2015-04-07,Train,0.020288163796067238,0.02136100606471958
2015-04-08,Train,0.014397411607205868,0.01884848225557634
2015-04-09,Train,0.017354264855384827,0.01630789339124217
2015-04-10,Train,0.022120466455817223,0.02589327995849033
2015-04-13,Train,0.018072888255119324,0.02586526509554243
2015-04-14,Train,0.019690554589033127,0.02677990851560619
2015-04-15,Train,0.011235116980969906,0.01400224580404519
2015-04-16,Train,0.0069699883460998535,-0.0005572029587512795
2015-04-17,Train,0.020788662135601044,0.0286765480074298
2015-04-20,Train,0.007753710728138685,0.01514874447888159
2015-04-21,Train,-0.0022351653315126896,-0.005645017806157226
2015-04-22,Train,-0.01380080170929432,-0.01785552152932246
2015-04-23,Train,-0.01660548336803913,-0.01567943446499653
2015-04-24,Train,-0.01577482558786869,-0.01673600921656249
2015-04-27,Train,-0.016652962192893028,-0.01804829906229577
2015-04-28,Train,-0.01664045825600624,-0.0205380054291836
2015-04-29,Train,-0.005924586206674576,-0.01234566523053571
2015-04-30,Train,0.01586991734802723,0.01811766819100979
2015-05-01,Train,0.008932914584875107,0.004860144561805502
2015-05-04,Train,0.005548423156142235,0.007598591743588567
2015-05-05,Train,0.032032959163188934,0.02317362088305575
2015-05-06,Train,0.03375085070729256,0.03092496560838209
2015-05-07,Train,0.02595219947397709,0.03008852727382427
2015-05-08,Train,0.012022026814520359,0.01637683999737183
2015-05-11,Train,0.00955432839691639,0.008589640103543239
2015-05-12,Train,0.027021141722798347,0.02950454946364878
2015-05-13,Train,0.02603297308087349,0.02509258411548765
2015-05-14,Train,0.005249646492302418,0.004289114919232784
2015-05-15,Train,0.0024415720254182816,0.007665598867078849
2015-05-18,Train,-0.00073298963252455,9.087894287063136e-05
2015-05-19,Train,0.0026483184192329645,0.00418409199797698
2015-05-20,Train,-0.00636216439306736,-0.004090578755552188
2015-05-21,Train,-0.010023827664554119,-0.01157531884700513
2015-05-22,Train,-0.013581599108874798,-0.02063907625692663
2015-05-26,Train,-0.006414126604795456,-0.01089738869292955
2015-05-27,Train,-0.014856955036520958,-0.01324802841413175
2015-05-28,Train,-0.013068927451968193,-0.009574542203590553
2015-05-29,Train,-0.012402116321027279,-0.01181283976108938
2015-06-01,Train,-0.015486056916415691,-0.02001448216917467
2015-06-02,Train,-0.010079113766551018,-0.01153808164429504
2015-06-03,Train,-0.007729245815426111,-0.01177538979882242
2015-06-04,Train,0.0017539270920678973,0.01031402800285908
2015-06-05,Train,0.0035882103256881237,0.005397953535383193
2015-06-08,Train,0.01792721450328827,0.02319987475917928
2015-06-09,Train,0.024344321340322495,0.02573834574866996
2015-06-10,Train,0.0057345302775502205,0.006667306340090384
2015-06-11,Train,0.0033449698239564896,0.003191960503881042
2015-06-12,Train,0.0016503826482221484,0.004781578327047509
2015-06-15,Train,-0.0016574929468333721,-0.01404673002427292
2015-06-16,Train,-0.008879107423126698,-0.01590076570228227
2015-06-17,Train,-0.013320749625563622,-0.01081576830136877
2015-06-18,Train,-0.02091558463871479,-0.02475386604688612
2015-06-19,Train,-0.024628449231386185,-0.01992904225652903
2015-06-22,Train,-0.02462196722626686,-0.02466120869737221
2015-06-23,Train,-0.034487273544073105,-0.04242264228538339
2015-06-24,Train,-0.036806389689445496,-0.0380149010615255
2015-06-25,Train,-0.018963318318128586,-0.02136362249200996
2015-06-26,Train,-0.009237564168870449,0.002470982710312652
2015-06-29,Train,0.028137655928730965,0.03346142668601826
2015-06-30,Train,0.03883970156311989,0.03091433238094754
2015-07-01,Train,0.035412825644016266,0.0372498548986977
2015-07-02,Train,0.054019518196582794,0.05224640619816401
2015-07-06,Train,0.05890941247344017,0.05831018186295234
2015-07-07,Train,0.05098992958664894,0.0550153040126784
2015-07-08,Train,0.06369253993034363,0.06155157539918954
2015-07-09,Train,0.05175870656967163,0.05819106139752273
2015-07-10,Train,0.035460468381643295,0.03204827588797388
2015-07-13,Train,0.006589069031178951,0.005842608949236494
2015-07-14,Train,0.003461353247985244,0.007890396338942507
2015-07-15,Train,0.004101216793060303,0.01059979912532216
2015-07-16,Train,-0.004921200219541788,0.001250664522021161
2015-07-17,Train,-0.015378057956695557,-0.01443788575157634
2015-07-20,Train,-0.02053103782236576,-0.02088089851479835
2015-07-21,Train,-0.021572761237621307,-0.02212276526595514
2015-07-22,Train,-0.008155078627169132,-0.003285408786702027
2015-07-23,Train,-0.00999495666474104,-0.01559714837432014
2015-07-24,Train,-0.0041965763084590435,-0.00711071940933794
2015-07-27,Train,0.0022035411093384027,0.01261571415681995
2015-07-28,Train,-0.00793210044503212,-0.008908466554821914
2015-07-29,Train,-0.00658978009596467,-0.009233584764793745
2015-07-30,Train,-0.018689611926674843,-0.01552467402513857
2015-07-31,Train,-0.008718102239072323,-0.01286283922524334
2015-08-03,Train,-0.008803809061646461,-0.001523281104566787
2015-08-04,Train,-0.0032623931765556335,-0.004758046343486422
2015-08-05,Train,-0.014083744026720524,-0.01888643872233431
2015-08-06,Train,-0.03604144603013992,-0.03051150031961258
2015-08-07,Train,-0.059876471757888794,-0.07170697314641195
2015-08-10,Train,-0.08890025317668915,-0.1175047113579919
2015-08-11,Train,-0.08245933800935745,-0.1094062385921017
2015-08-12,Train,-0.07405640929937363,-0.06777052199846789
2015-08-13,Train,-0.05557381734251976,-0.04259558731404645
2015-08-14,Train,-0.05160704627633095,-0.04424938281713475
2015-08-17,Train,-0.07002600282430649,-0.0638966411835441
2015-08-18,Train,-0.07773580402135849,-0.08848996486184157
2015-08-19,Train,-0.0589776337146759,-0.05656947137847779
2015-08-20,Train,-0.026935964822769165,-0.03446023887100924
2015-08-21,Train,0.010959908366203308,-0.002343729103450043
2015-08-24,Train,0.054852332919836044,0.06682918842411789
2015-08-25,Train,0.05796472728252411,0.05882357516443371
2015-08-26,Train,0.014958886429667473,0.01902357670285149
2015-08-27,Train,0.004536082968115807,-0.0006626249075033508
2015-08-28,Train,0.00574452243745327,-0.003503150321533255
2015-08-31,Train,0.017622342333197594,0.02089924605693927
2015-09-01,Train,0.05658223107457161,0.05977232165979385
2015-09-02,Train,0.024159548804163933,0.03108754263814473
2015-09-03,Train,0.019834408536553383,0.01895733722839044
2015-09-04,Train,0.036619026213884354,0.03445572158267218
2015-09-08,Train,-0.008136717602610588,-0.008948994984893432
2015-09-09,Train,-0.0052908374927937984,0.003081067715614116
2015-09-10,Train,-0.017721375450491905,-0.011334363617721
2015-09-11,Train,-0.0322796106338501,-0.02510184269716187
2015-09-14,Train,-0.033356860280036926,-0.04997626732760541
2015-09-15,Train,-0.05070175230503082,-0.06592165258606675
2015-09-16,Train,-0.036292605102062225,-0.04977116802621739
2015-09-17,Train,-0.04315284267067909,-0.04583213066924807
2015-09-18,Train,-0.017990320920944214,-0.01271947183008071
2015-09-21,Train,-0.012194860726594925,-0.001703257992581308
2015-09-22,Train,0.005763282999396324,0.008645547925753672
2015-09-23,Train,0.010801260359585285,0.01391818913413978
2015-09-24,Train,0.027782250195741653,0.0216762999407436
2015-09-25,Train,0.03364374861121178,0.03507579357342849
2015-09-28,Train,0.06404692679643631,0.06800683265362606
2015-09-29,Train,0.06694658100605011,0.06665323385999966
2015-09-30,Train,0.04461304470896721,0.04097875473079049
2015-10-01,Train,0.050994955003261566,0.05331634595146495
2015-10-02,Train,0.03810172528028488,0.03951543626514264
2015-10-05,Train,0.026204535737633705,0.03071088022530355
2015-10-06,Train,0.0324186235666275,0.03028571719215023
2015-10-07,Train,0.020633134990930557,0.01789263882222891
2015-10-08,Train,0.0430353619158268,0.03451198422812474
2015-10-09,Train,0.05482272431254387,0.05866892022545134
2015-10-12,Train,0.05632343143224716,0.05674686306433596
2015-10-13,Train,0.0642172247171402,0.06578702598790409
2015-10-14,Train,0.06487846374511719,0.07637115372967052
2015-10-15,Train,0.05418632924556732,0.05730471137618065
2015-10-16,Train,0.05575793609023094,0.04818718971626512
2015-10-19,Train,0.05250310152769089,0.05398200167279765
2015-10-20,Train,0.06243835389614105,0.06313553163049779
2015-10-21,Train,0.06401184946298599,0.0697544664635521
2015-10-22,Train,0.03870786353945732,0.0455746973085851
2015-10-23,Train,0.004038667771965265,0.01782232805449757
2015-10-26,Train,0.004722923971712589,0.00638016154575527
2015-10-27,Train,-0.0004971942980773747,0.001768632339969267
2015-10-28,Train,-0.007652859203517437,-0.007717920358941588
2015-10-29,Train,-0.01198653131723404,-0.01581162579293027
2015-10-30,Train,-0.021451963111758232,-0.0307950713560099
2015-11-02,Train,-0.025002624839544296,-0.02783354353388012
2015-11-03,Train,-0.022349003702402115,-0.03060607083800815
2015-11-04,Train,-0.01888386346399784,-0.01208484985408165
2015-11-05,Train,-0.013459979556500912,-0.008717635846754668
2015-11-06,Train,-0.005076003726571798,-0.00270056238453964
2015-11-09,Train,0.006983058527112007,0.005106998614186953
2015-11-10,Train,0.006442109122872353,0.006797354173362358
2015-11-11,Train,0.010965848341584206,0.008927012035346404
2015-11-12,Train,0.025688601657748222,0.02026059107923306
2015-11-13,Train,0.03360902518033981,0.03805535728822518
2015-11-16,Train,0.024180002510547638,0.03356673446981318
2015-11-17,Train,0.02233976684510708,0.02654945861681246
2015-11-18,Train,-0.004818114452064037,-0.009856509233998167
2015-11-19,Train,5.60817243240308e-05,0.01257585363371128
2015-11-20,Train,-0.007111961953341961,0.001222915666869273
2015-11-23,Train,-0.007465933449566364,0.004204955945009248
2015-11-24,Train,-0.011284627951681614,-0.01017100947891203
2015-11-25,Train,-0.009629695676267147,-0.006570302146075457
2015-11-27,Train,-0.02238602191209793,-0.03079342768126736
2015-11-30,Train,-0.014811924658715725,-0.02096123013518592
2015-12-01,Train,-0.020260591059923172,-0.02474822866346738
2015-12-02,Train,-0.0076033007353544235,-0.004106540881090082
2015-12-03,Train,-0.0021176887676119804,-0.001688760446170723
2015-12-04,Train,-0.03169212117791176,-0.04611774871236574
2015-12-07,Train,-0.024165639653801918,-0.03114639338054526
2015-12-08,Train,-0.021747445687651634,-0.02486258869762048
2015-12-09,Train,-0.00522593641653657,-0.002480279748522607
2015-12-10,Train,-0.0034412650857120752,-0.007142902796200001
2015-12-11,Train,0.009190996177494526,0.01570536916139398
2015-12-14,Train,0.013378790579736233,0.02391835406282872
2015-12-15,Train,0.005297505296766758,0.008547761600402604
2015-12-16,Train,-0.014361568726599216,-0.01859977789211975
2015-12-17,Train,-0.01446609292179346,-0.02510683495803256
2015-12-18,Train,-0.011597040109336376,-0.004734628642370731
2015-12-21,Train,-0.0342135950922966,-0.02512382565380922
2015-12-22,Train,-0.07080363482236862,-0.06181782168702854
2015-12-23,Train,-0.081551194190979,-0.07636975781465849
2015-12-24,Train,-0.07012496888637543,-0.07336348499423606
2015-12-28,Train,-0.06220949441194534,-0.06211675055181409
2015-12-29,Train,-0.09437401592731476,-0.1084864496483336
2015-12-30,Train,-0.08038675785064697,-0.0812218347391056
2015-12-31,Train,-0.08924484997987747,-0.0985160398027134
2016-01-04,Train,-0.07937402278184891,-0.07707764786672378
2016-01-05,Train,-0.06980784982442856,-0.07830937471209176
2016-01-06,Train,-0.0491836741566658,-0.06844636537864557
2016-01-07,Train,-0.02191305346786976,-0.01048923500244192
2016-01-08,Train,-0.01618870720267296,-0.01711372697565627
2016-01-11,Train,-0.011588598601520061,-0.01131026823028913
2016-01-12,Train,-0.03671107813715935,-0.04699639038702086
2016-01-13,Train,-0.000286091526504606,0.0009813392799185028
2016-01-14,Train,-0.0003960533067584038,0.0005765115669231768
2016-01-15,Train,0.02318880520761013,0.03540269192649026
2016-01-19,Train,0.01520001795142889,0.01078571139538353
2016-01-20,Train,0.004891365300863981,0.009032294412996356
2016-01-21,Train,0.010585052892565727,0.00793260350879521
2016-01-22,Train,-0.05307406187057495,-0.05444727839703456
2016-01-25,Train,-0.057337913662195206,-0.05487626358344511
2016-01-26,Train,-0.058544039726257324,-0.06621426786252771
2016-01-27,Train,-0.036421243101358414,-0.03867567427750207
2016-01-28,Train,-0.05124261975288391,-0.05343134262982541
2016-01-29,Train,-0.05656499043107033,-0.05867666159139373
2016-02-01,Train,-0.03774074837565422,-0.04003448097466844
2016-02-02,Train,-0.0048627168871462345,0.003426318833998465
2016-02-03,Train,-0.0094283577054739,-0.003246132393930679
2016-02-04,Train,0.002031038049608469,-0.0001967955943005251
2016-02-05,Train,0.05547278746962547,0.05258862503338646
2016-02-08,Train,0.061749961227178574,0.05133511636800403
2016-02-09,Train,0.06472181528806686,0.06468026761495471
2016-02-10,Train,0.06714268773794174,0.07105176278540992
2016-02-11,Train,0.06758201122283936,0.0712583846292556
2016-02-12,Train,0.055328648537397385,0.04570499398451555
2016-02-16,Train,0.054053694009780884,0.05547238723313019
2016-02-17,Train,0.034346096217632294,0.03248782274199691
2016-02-18,Train,0.03661908581852913,0.04243556049206987
2016-02-19,Train,0.03628071770071983,0.03975205180271191
2016-02-22,Train,0.014948932453989983,0.01684738462756763
2016-02-23,Train,0.023922879248857498,0.02530025249555101
2016-02-24,Train,0.020960375666618347,0.0221355102439218
2016-02-25,Train,0.020371783524751663,0.01062192091008152
2016-02-26,Train,0.030076906085014343,0.02958520303166456
2016-02-29,Train,0.0423709973692894,0.04068290896532023
2016-03-01,Train,0.0065995631739497185,0.007940224318188305
2016-03-02,Train,0.011477981694042683,0.01653595360220894
2016-03-03,Train,0.015399151481688023,0.01789263882222891
2016-03-04,Train,0.013239364139735699,0.0160878641723714
2016-03-07,Train,0.02584700658917427,0.02637596992004676
2016-03-08,Train,0.036344293504953384,0.0381181100579886
2016-03-09,Train,0.026274118572473526,0.02299183046294528
2016-03-10,Train,0.021689817309379578,0.02484233119764734
2016-03-11,Train,0.015767056494951248,0.005822168832937624
2016-03-14,Train,0.024975905194878578,0.02024940188607038
2016-03-15,Train,0.02837071195244789,0.02560258301841123
2016-03-16,Train,0.020663799718022346,0.01505851542679437
2016-03-17,Train,0.021893486380577087,0.02641372819897958
2016-03-18,Train,0.017763717100024223,0.02393591905636816
2016-03-21,Train,0.014785725623369217,0.0101122212508824
2016-03-22,Train,0.020050300285220146,0.02358486272276661
2016-03-23,Train,0.016006028279662132,0.01725261975384873
2016-03-24,Train,0.017225153744220734,0.01622224341893608
2016-03-28,Train,0.013815011829137802,0.01391091266248701
2016-03-29,Train,0.013066882267594337,0.006248279828492409
2016-03-30,Train,0.014861615374684334,0.01417340017471713
2016-03-31,Train,0.017768636345863342,0.01575092736969919
2016-04-01,Train,0.0032956725917756557,0.002537140066585009
2016-04-04,Train,0.0046667675487697124,0.01173368097944927
2016-04-05,Train,0.01131968293339014,0.01533804041575149
2016-04-06,Train,-0.005123391281813383,-0.0002710651467715541
2016-04-07,Train,0.011589078232645988,0.01439310293793228
2016-04-08,Train,0.0027946033515036106,-0.000183455440976199
2016-04-11,Train,0.0025728661566972733,0.003499124200292192
2016-04-12,Train,-0.007816636003553867,-0.009679528511647995
2016-04-13,Train,-0.030918141826987267,-0.030024359580761
2016-04-14,Train,-0.041157085448503494,-0.04183194614357211
2016-04-15,Train,-0.03351569548249245,-0.04446853033339437
2016-04-18,Train,-0.03970368206501007,-0.04054663310364215
2016-04-19,Train,-0.04497445002198219,-0.04360017694949836
2016-04-20,Train,-0.0495232455432415,-0.05052418988366003
2016-04-21,Train,-0.04258972033858299,-0.05088120022750975
2016-04-22,Train,-0.033482737839221954,-0.03119839806522262
2016-04-25,Train,-0.027654163539409637,-0.02844564147573403
2016-04-26,Train,-0.017257889732718468,-0.01032729505489993
2016-04-27,Train,-0.013312594965100288,-0.01134040899738076
2016-04-28,Train,-0.005798792466521263,-0.003669546425742021
2016-04-29,Train,-0.00536345224827528,-0.00208098011883151
2016-05-02,Train,-0.003055720590054989,0.0009370171755742618
2016-05-03,Train,0.006396902725100517,-0.002364513308072302
2016-05-04,Train,0.007711207028478384,0.007710590528918537
2016-05-05,Train,0.007973100058734417,0.002761387590907827
2016-05-06,Train,0.009316598996520042,0.00842962089612942
2016-05-09,Train,0.00869886763393879,0.004250137790990483
2016-05-10,Train,0.008634121157228947,0.010528251506011
2016-05-11,Train,0.026787538081407547,0.02707782283650784
2016-05-12,Train,0.03529089689254761,0.03465859089715018
2016-05-13,Train,0.03993091732263565,0.04388622989021762
2016-05-16,Train,0.03071378357708454,0.03295259926158711
2016-05-17,Train,0.04477952793240547,0.04616984226581722
2016-05-18,Train,0.03987699747085571,0.04458720190335597
2016-05-19,Train,0.04373258724808693,0.04510492935257293
2016-05-20,Train,0.03753408044576645,0.03747532467383574
2016-05-23,Train,0.04098792001605034,0.03620801662580875
2016-05-24,Train,0.0177147276699543,0.0176102127810438
2016-05-25,Train,0.01113983429968357,0.008696490261940859
2016-05-26,Train,-0.0056660957634449005,-0.005658955193531434
2016-05-27,Train,-0.017696363851428032,-0.01906836036042781
2016-05-31,Train,-0.020264172926545143,-0.02093526948759283
2016-06-01,Train,-0.022481780499219894,-0.02383323325586406
2016-06-02,Train,-0.028363944962620735,-0.0229698035220508
2016-06-03,Train,-0.03022030182182789,-0.03243685057255818
2016-06-06,Train,-0.030772056430578232,-0.02987502670391717
2016-06-07,Train,-0.030064277350902557,-0.02432383642905001
2016-06-08,Train,-0.02472231537103653,-0.02835919910230711
2016-06-09,Train,-0.024140184745192528,-0.01288688417168282
2016-06-10,Train,-0.03128398582339287,-0.04268405931402397
2016-06-13,Train,-0.03631321340799332,-0.05378133503882987
2016-06-14,Train,-0.025465091690421104,-0.03304637355516093
2016-06-15,Train,-0.015227357856929302,-0.01308952512189887
2016-06-16,Train,-0.008972846902906895,-0.00462791554760289
2016-06-17,Train,0.012197716161608696,0.01493101698921251
2016-06-20,Train,0.0023252994287759066,0.002426227117868773
2016-06-21,Train,0.0057468959130346775,0.007441888853561007
2016-06-22,Train,0.013144152238965034,0.01286837849964861
2016-06-23,Train,0.009719014167785645,0.01406643795082752
2016-06-24,Train,0.06039564684033394,0.06366860994686063
2016-06-27,Train,0.08446024358272552,0.0906867201366155
2016-06-28,Train,0.06151595711708069,0.06471378705224695
2016-06-29,Train,0.04909667745232582,0.05333464329368232
2016-06-30,Train,0.04277420789003372,0.03961318672088066
2016-07-01,Train,0.04282340407371521,0.04126571991962313
2016-07-05,Train,0.04576878622174263,0.04384657572852491
2016-07-06,Train,0.042138416320085526,0.04746075018291518
2016-07-07,Train,0.036743685603141785,0.04198119539025003
2016-07-08,Train,0.031063737347722054,0.03037169883439739
2016-07-11,Train,0.029105329886078835,0.02461014468063794
2016-07-12,Train,0.02653586119413376,0.02062968065142678
2016-07-13,Train,0.029736032709479332,0.03021039897027178
2016-07-14,Train,0.028358634561300278,0.02679049750014362
2016-07-15,Train,0.02744991146028042,0.03067978722315301
2016-07-18,Train,0.025831082835793495,0.0293228664965115
2016-07-19,Train,0.026038430631160736,0.02523857933090623
2016-07-20,Train,0.021543201059103012,0.01674888800770047
2016-07-21,Train,0.02305564470589161,0.0220003344853823
2016-07-22,Train,0.022701049223542213,0.02754067057979981
2016-07-25,Train,0.026754869148135185,0.02630650859961481
2016-07-26,Train,0.024223197251558304,0.02750678643320814
2016-07-27,Train,0.023003146052360535,0.01780416200843904
2016-07-28,Train,0.017972009256482124,0.0186119266582836
2016-07-29,Train,0.019210610538721085,0.01709618618344044
2016-08-01,Train,0.014322184026241302,0.01605663561077963
2016-08-02,Train,0.0172995887696743,0.01818027125895694
2016-08-03,Train,0.014502262696623802,0.01664648742241281
2016-08-04,Train,0.011175037361681461,0.01400538404276519
2016-08-05,Train,0.00710961502045393,0.004110321647123438
2016-08-08,Train,0.004684278275817633,0.006000831025166242
2016-08-09,Train,0.003919610287994146,0.005473823124113153
2016-08-10,Train,-0.002732443856075406,0.001543477113158165
2016-08-11,Train,-0.002902030246332288,-0.004354526334276021
2016-08-12,Train,-0.004258657805621624,-0.003583602217419823
2016-08-15,Train,-0.005098496098071337,-0.006457047804089067
2016-08-16,Train,-0.0022255536168813705,-0.004186292015279869
2016-08-17,Train,-0.003799469443038106,-0.006993004263052605
2016-08-18,Train,-0.0031168500427156687,-0.004689257800875368
2016-08-19,Train,-0.0017677661962807178,-0.001193922796332458
2016-08-22,Train,0.0010583414696156979,0.00426075847039975
2016-08-23,Train,-0.001163298380561173,0.003062271332322286
2016-08-24,Train,0.002562581328675151,0.003681509365930813
2016-08-25,Train,-0.0082390196621418,-0.01998114929130579
2016-08-26,Train,-0.00028486349037848413,-0.003853373462459397
2016-08-29,Train,-0.007526227738708258,-0.01410981265119826
2016-08-30,Train,-0.0025038067251443863,-0.006177086786066432
2016-08-31,Train,0.004980667028576136,0.01030571043526085
2016-09-01,Train,0.004171830136328936,0.00471135053813887
2016-09-02,Train,0.000493450032081455,-0.002903039270079621
2016-09-06,Train,-0.003109866753220558,-0.007212545482618293
2016-09-07,Train,0.0001194963842863217,0.001950503396413339
2016-09-08,Train,0.005562318954616785,0.01586618551305374
2016-09-09,Train,0.029091475531458855,0.03543929904636567
2016-09-12,Train,0.01848052255809307,0.008682149840440578
2016-09-13,Train,0.022665036842226982,0.02784282295933549
2016-09-14,Train,0.022664831951260567,0.02468923256876931
2016-09-15,Train,0.0037422345485538244,0.001700076073442913
2016-09-16,Train,0.0110338618978858,0.01219200523500441
2016-09-19,Train,0.010984119959175587,0.01515674165921244
2016-09-20,Train,0.01027840655297041,0.01170942518446183
2016-09-21,Train,0.00788761954754591,0.005416837760330084
2016-09-22,Train,0.0020295935682952404,-0.003022864993090013
2016-09-23,Train,-0.0007560602971352637,0.001183126742855256
2016-09-26,Train,0.004028150346130133,0.0160218590547665
2016-09-27,Train,-0.008125506341457367,-0.008270070522646389
2016-09-28,Train,-0.008474256843328476,-0.01078347777763633
2016-09-29,Train,-0.004557163454592228,-0.007128278716863168
2016-09-30,Train,-0.007747259456664324,-0.01330864062338943
2016-10-03,Train,-0.008563926443457603,-0.01459302667565765
2016-10-04,Train,-0.006058720406144857,-0.004308542066374099
2016-10-05,Train,-0.010486559942364693,-0.007913144491636936
2016-10-06,Train,-0.005186109337955713,-0.008590956317878096
2016-10-07,Train,-0.0020616583060473204,-0.002701103161365515
2016-10-10,Train,-0.005843172315508127,0.00293573620648746
2016-10-11,Train,0.009649851359426975,0.01421039692004089
2016-10-12,Train,0.007198571227490902,0.008175771584422842
2016-10-13,Train,0.0012273028260096908,0.007179455879407159
2016-10-14,Train,-0.003069555154070258,-0.0003414795606604404
2016-10-17,Train,0.001121180015616119,0.001455214598437005
2016-10-18,Train,-0.016688138246536255,-0.01484812481704922
2016-10-19,Train,-0.017219819128513336,-0.02265590329669476
2016-10-20,Train,-0.021005989983677864,-0.03109333158764449
2016-10-21,Train,-0.028790047392249107,-0.03808717682508322
2016-10-24,Train,-0.02133496105670929,-0.02692984217547434
2016-10-25,Train,-0.021971946582198143,-0.01745114345540189
2016-10-26,Train,-0.017735658213496208,-0.006166546244939952
2016-10-27,Train,-0.014838232658803463,-0.01773588257672576
2016-10-28,Train,-0.011731571517884731,-0.01110158359780489
2016-10-31,Train,-0.01550537720322609,-0.02017266991576228
2016-11-01,Train,0.0006385580054484308,0.000947382738552438
2016-11-02,Train,0.018071766942739487,0.01501999784988595
2016-11-03,Train,0.03275325149297714,0.03252958338623624
2016-11-04,Train,0.03162320703268051,0.03229210840010088
2016-11-07,Train,0.017272990196943283,0.01882253949400226
2016-11-08,Train,0.011103037744760513,0.01528478273587441
2016-11-09,Train,0.007755916099995375,0.006544807760984428
2016-11-10,Train,0.024843836203217506,0.0263499183737177
2016-11-11,Train,0.021754974499344826,0.02357509201721575
2016-11-14,Train,0.03372623398900032,0.03759927847210842
2016-11-15,Train,0.008055252023041248,0.01101358428714994
2016-11-16,Train,-0.0045476192608475685,-0.01231718754853617
2016-11-17,Train,-0.009499853476881981,-0.01749325026000903
2016-11-18,Train,-0.004367845132946968,-0.006137071450528553
2016-11-21,Train,-0.008480528369545937,-0.0140037426125238
2016-11-22,Train,-0.007628091145306826,-0.00454163926490625
2016-11-23,Train,-0.002322693821042776,0.001266690830926231
2016-11-25,Train,0.0029982903506606817,0.005892230052698011
2016-11-28,Train,0.006107830908149481,0.003627776171468922
2016-11-29,Train,0.009133932180702686,0.01277952422958117
2016-11-30,Train,0.01621803268790245,0.02306382199551194
2016-12-01,Train,0.03677334263920784,0.04269507450470056
2016-12-02,Train,0.03759529069066048,0.03370787924587026
2016-12-05,Train,0.028302816674113274,0.02993137143603075
2016-12-06,Train,0.02723810076713562,0.03139977656213122
2016-12-07,Train,0.015534522943198681,0.01774246758442
2016-12-08,Train,0.014843815937638283,0.0130724724276563
2016-12-09,Train,0.005808863323181868,0.005857715048051881
2016-12-12,Train,0.01310089509934187,0.01563551298475363
2016-12-13,Train,-0.006709826644510031,-0.004814891544602795
2016-12-14,Train,-0.006073609460145235,-0.004159387769803069
2016-12-15,Train,-0.007059055846184492,-0.01594682844362449
2017-01-03,Test,-0.003258537268266082,0.02927890223518803
2017-01-04,Test,-0.0077148014679551125,0.02321325284012277
2017-01-05,Test,-0.0036604723427444696,0.01969055348172621
2017-01-06,Test,-0.0004700703138951212,0.01164601136218502
2017-01-09,Test,-0.004110467620193958,0.01512301517559078
2017-01-10,Test,-0.0054830024018883705,0.02308321261237256
2017-01-11,Test,-0.008463051170110703,0.02139426703724845
2017-01-12,Test,-0.0068750265054404736,0.0249307906244598
2017-01-13,Test,-0.006010242737829685,0.01347836946537506
2017-01-17,Test,0.0003094835265073925,0.01449628443704798
2017-01-18,Test,0.0026445044204592705,0.01942457226808125
2017-01-19,Test,0.003555936273187399,0.01902745384628979
2017-01-20,Test,0.003292915876954794,0.01971602681684215
2017-01-23,Test,0.0029727707151323557,0.02010541862676951
2017-01-24,Test,0.003758686827495694,0.01699146887716352
2017-01-25,Test,-0.00256644026376307,0.008530652094561608
2017-01-26,Test,-0.00542450649663806,0.01115006015531006
2017-01-27,Test,-0.003309106919914484,0.01255957204555957
2017-01-30,Test,-0.008315328508615494,0.02627789149744264
2017-01-31,Test,-0.006516098510473967,0.03178934811089351
2017-02-01,Test,-0.011995597742497921,0.03077408093411083
2017-02-02,Test,-0.010054840706288815,0.03135972163059364
2017-02-03,Test,-0.005000599194318056,0.03286121294867539
2017-02-06,Test,-0.005429101642221212,0.03671616506364295
2017-02-07,Test,-0.003883577650412917,0.03333596527003468
2017-02-08,Test,-0.004169309977442026,0.02774699214890064
2017-02-09,Test,-0.010880447924137115,0.02599240269502223
2017-02-10,Test,-0.006426355801522732,0.02386560669709681
2017-02-13,Test,-0.012703022919595242,0.01498827539004011
2017-02-14,Test,-0.015042542479932308,0.02264065735429011
2017-02-15,Test,-0.01465982012450695,0.01152452293710393
2017-02-16,Test,-0.01350933313369751,0.01369442377145802
2017-02-17,Test,-0.015427564270794392,0.007087267438935507
2017-02-21,Test,-0.017865873873233795,0.0004599276350887305
2017-02-22,Test,-0.017360860481858253,0.001839122552981243
2017-02-23,Test,-0.01647234708070755,0.0063841386518253
2017-02-24,Test,-0.01340861339122057,0.008674995627711235
2017-02-27,Test,-0.010811078362166882,0.009124386275981555
2017-02-28,Test,-0.007763435132801533,0.009767643223657974
2017-03-01,Test,-0.015314532443881035,0.005021330263620394
2017-03-02,Test,-0.015514669008553028,0.009405075233368088
2017-03-03,Test,-0.017519550397992134,0.005113708953573326
2017-03-06,Test,-0.015544356778264046,0.008261316196365387
2017-03-07,Test,-0.014339910820126534,-0.005363550514941751
2017-03-08,Test,-0.014253323897719383,-0.0003824617535328478
2017-03-09,Test,-0.014850059524178505,-0.003668570322330811
2017-03-10,Test,-0.012130492366850376,-0.005784264482581403
2017-03-13,Test,-0.010843921452760696,-0.005850651689765063
2017-03-14,Test,-0.01599256508052349,0.002665900840994162
2017-03-15,Test,-0.01732724905014038,0.001135457150295949
2017-03-16,Test,-0.01854974962770939,0.003484635504953149
2017-03-17,Test,-0.015624996274709702,0.005239596238243438
2017-03-20,Test,-0.016291683539748192,0.003717513862681265
2017-03-21,Test,-0.006375411059707403,0.02079960711056517
2017-03-22,Test,-0.016191037371754646,0.009794159885112563
2017-03-23,Test,-0.01940406672656536,0.0128873325246659
2017-03-24,Test,-0.01584182307124138,0.01025795213812275
2017-03-27,Test,-0.020003363490104675,0.00901870962700868
2017-03-28,Test,-0.021017150953412056,-0.001443348847517512
2017-03-29,Test,-0.020587416365742683,-0.01005672462045137
2017-03-30,Test,-0.02525496482849121,-0.01562623465798862
2017-03-31,Test,-0.022323768585920334,-0.00679867897021269
2017-04-03,Test,-0.016384610906243324,-0.00770978268278566
2017-04-04,Test,-0.02127244882285595,-0.00769744967138497
2017-04-05,Test,-0.013612881302833557,0.004698000389881329
2017-04-06,Test,-0.020204046741127968,0.003938233102860567
2017-04-07,Test,-0.016404572874307632,0.0165946989554373
2017-04-10,Test,-0.01584029197692871,0.0235570406734209
2017-04-11,Test,-0.015849292278289795,0.02655006142402749
2017-04-12,Test,-0.008296124637126923,0.0368927734387976
2017-04-13,Test,-0.013074683025479317,0.0428681890975946
2017-04-17,Test,-0.014354840852320194,0.04350472624410839
2017-04-18,Test,-0.01349558588117361,0.0468463890437989
2017-04-19,Test,-0.013179844245314598,0.04182827416708812
2017-04-20,Test,-0.017949232831597328,0.03356208666679406
2017-04-21,Test,-0.017924344167113304,0.03756786224545472
2017-04-24,Test,-0.02227388322353363,0.02742987906477357
2017-04-25,Test,-0.025270042940974236,0.02360691427616457
2017-04-26,Test,-0.026298299431800842,0.02564096185325426
2017-04-27,Test,-0.023603402078151703,0.01871081610410918
2017-04-28,Test,-0.02398943528532982,0.01919259140321716
2017-05-01,Test,-0.026280095800757408,0.01341105232374562
2017-05-02,Test,-0.02889552153646946,0.01593540390104509
2017-05-03,Test,-0.02858058549463749,-0.006715805037260325
2017-05-04,Test,-0.02753109484910965,0.001605379680979402
2017-05-05,Test,-0.028314970433712006,0.002181205950284593
2017-05-08,Test,-0.02813478372991085,0.00841558105722684
2017-05-09,Test,-0.03247999772429466,0.005928224566296159
2017-05-10,Test,-0.022749729454517365,0.009971133986065528
2017-05-11,Test,-0.019870346412062645,0.01937962300009066
2017-05-12,Test,-0.025368480011820793,0.01890328284134934
2017-05-15,Test,-0.028998421505093575,0.01654202504904179
2017-05-16,Test,-0.028677567839622498,0.01196102440444591
2017-05-17,Test,-0.00974672194570303,0.04240456164541473
2017-05-18,Test,-0.013475014828145504,0.04516984157916792
2017-05-19,Test,-0.014116402715444565,0.04055424032504851
2017-05-22,Test,-0.01566290855407715,0.02776978856368029
2017-05-23,Test,-0.015056959353387356,0.03076037658524888
2017-05-24,Test,-0.012055790983140469,0.0271140977108324
2017-05-25,Test,-0.018611010164022446,-0.007022809708386868
2017-05-26,Test,-0.024037547409534454,-0.01409152723383722
2017-05-30,Test,-0.0251785721629858,-0.006933605157285139
2017-05-31,Test,-0.023017704486846924,-0.01089952126343519
2017-06-01,Test,-0.021224824711680412,-0.01910597521888246
2017-06-02,Test,-0.029898563399910927,-0.03701388936899819
2017-06-05,Test,-0.026475420221686363,-0.02070686825333401
2017-06-06,Test,-0.029438380151987076,-0.02449950990512872
2017-06-07,Test,-0.022421566769480705,-0.01868632485006927
2017-06-08,Test,-0.02305368334054947,-0.01999031991058775
2017-06-09,Test,-0.02287566475570202,0.009001355937154898
2017-06-12,Test,-0.020192427560687065,0.009696230301963649
2017-06-13,Test,-0.01838414929807186,-0.01660018396211693
2017-06-14,Test,-0.017385827377438545,0.001932052039076426
2017-06-15,Test,-0.01803630404174328,-0.01106884561830501
2017-06-16,Test,-0.009723026305437088,-0.003691599923037803
2017-06-19,Test,-0.01646837592124939,-0.0304001428759676
2017-06-20,Test,-0.022638138383626938,-0.01313147117565927
2017-06-21,Test,-0.030359623953700066,-0.03161867296678056
2017-06-22,Test,-0.02554434724152088,-0.020895540193137
2017-06-23,Test,-0.033659227192401886,-0.01826679220272021
2017-06-26,Test,-0.025304805487394333,-0.01088347388937716
2017-06-27,Test,-0.02752261608839035,0.01934360785740874
2017-06-28,Test,-0.03582309931516647,0.007070348551401207
2017-06-29,Test,-0.013783147558569908,0.03292389635778603
2017-06-30,Test,-0.012310724705457687,0.03305727311780271
2017-07-03,Test,-0.011475550942122936,0.05103162364089342
2017-07-05,Test,-0.020507266744971275,0.04689883665739658
2017-07-06,Test,-0.021575452759861946,0.05781792700120603
2017-07-07,Test,-0.032605089247226715,0.04609470351859324
2017-07-10,Test,-0.029240651056170464,0.04406462172928105
2017-07-11,Test,-0.028578482568264008,0.03847530188643833
2017-07-12,Test,-0.02722746692597866,0.02963751428139183
2017-07-13,Test,-0.029125526547431946,0.02092058947557951
2017-07-14,Test,-0.028547678142786026,0.01210245764000262
2017-07-17,Test,-0.029689321294426918,0.007314109770561128
2017-07-18,Test,-0.026440896093845367,0.002934177523656434
2017-07-19,Test,-0.027119768783450127,-0.0002083538004379326
2017-07-20,Test,-0.022299643605947495,-0.005410271132713973
2017-07-21,Test,-0.02604024112224579,-0.003192052681416424
2017-07-24,Test,-0.029453029856085777,-0.001450623110240135
2017-07-25,Test,-0.027597900480031967,-0.0006232433635360302
2017-07-26,Test,-0.018950825557112694,-0.005177055465442004
2017-07-27,Test,-0.01677699014544487,-0.02035292996612559
2017-07-28,Test,-0.015822937712073326,-0.01209670660924955
2017-07-31,Test,-0.010226556099951267,0.004887223131485374
2017-08-01,Test,-0.014217345975339413,0.003273901007913471
2017-08-02,Test,-0.01481486577540636,0.002292475429320984
2017-08-03,Test,-0.010461507365107536,-0.01436639631328751
2017-08-04,Test,-0.008270944468677044,-0.01684648988352333
2017-08-07,Test,-0.010508586652576923,-0.02428053795043295
2017-08-08,Test,-0.009484786540269852,-0.00769177901136664
2017-08-09,Test,-0.013440020382404327,-0.00992223649895696
2017-08-10,Test,-0.018069667741656303,0.008792494532348316
2017-08-11,Test,-0.023615675047039986,-0.0009148830206087144
2017-08-14,Test,-0.028286324813961983,-0.01056061343027948
2017-08-15,Test,-0.024014895781874657,-0.007359560977418522
2017-08-16,Test,-0.015362574718892574,0.002564424177418312
2017-08-17,Test,0.004023131914436817,0.03445832487152356
2017-08-18,Test,-0.0030000892002135515,0.03377472503548917
2017-08-21,Test,-0.032569099217653275,0.02580644672735488
2017-08-22,Test,-0.03664420172572136,0.01347770932752113
2017-08-23,Test,-0.03522443771362305,0.01948278598171904
2017-08-24,Test,-0.02826628088951111,0.0136360608922943
2017-08-25,Test,-0.0264885313808918,0.02747054915088398
2017-08-28,Test,-0.024571282789111137,0.02675372137222598
2017-08-29,Test,-0.022035740315914154,0.02413091500864173
2017-08-30,Test,-0.022245286032557487,0.006291072938175102
2017-08-31,Test,-0.023580215871334076,-0.0009575881844785528
2017-09-01,Test,-0.019043689593672752,-0.003082170878371149
2017-09-05,Test,-0.019279232248663902,0.007671577798203932
2017-09-06,Test,-0.021525876596570015,0.001515890672509679
2017-09-07,Test,-0.013407107442617416,-0.006942974485190212
2017-09-08,Test,-0.016105346381664276,0.0007627807033516731
2017-09-11,Test,-0.02049255184829235,-0.02104608328096091
2017-09-12,Test,-0.02440715581178665,-0.02085900031661314
2017-09-13,Test,-0.019043179228901863,-0.0133860912415571
2017-09-14,Test,-0.015223603695631027,-0.007900480322703074
2017-09-15,Test,-0.01672106608748436,-0.004176370125618112
2017-09-18,Test,-0.01499406062066555,0.0002061063460521151
2017-09-19,Test,-0.014790580607950687,0.0006172588203490204
2017-09-20,Test,-0.017257388681173325,0.004678311986426653
2017-09-21,Test,-0.01053868979215622,0.0207669933585295
2017-09-22,Test,-0.012900576926767826,0.02314298897163458
2017-09-25,Test,-0.003953240346163511,0.03284315364969825
2017-09-26,Test,-0.009719978086650372,0.03094229231841417
2017-09-27,Test,-0.013875395059585571,0.02478185245662168
2017-09-28,Test,-0.009830734692513943,0.0232670904033303
2017-09-29,Test,-0.018149439245462418,0.01986936713843201
2017-10-02,Test,-0.01744498685002327,0.02246190569674389
2017-10-03,Test,-0.015001616440713406,0.02159156837112075
2017-10-04,Test,-0.013146871700882912,0.01937959223934405
2017-10-05,Test,-0.014924788847565651,0.005764212708710081
2017-10-06,Test,-0.015866853296756744,0.00711095100715653
2017-10-09,Test,-0.016074083745479584,0.001695030108406881
2017-10-10,Test,-0.014472048729658127,0.002642272178328575
2017-10-11,Test,-0.017149601131677628,-0.004120512280573752
2017-10-12,Test,-0.014056267216801643,-0.005481474826922628
2017-10-13,Test,-0.010981470346450806,0.01954974536110798
2017-10-16,Test,-0.010461288504302502,0.0183405818985356
2017-10-17,Test,-0.008313344791531563,0.02086688640934686
2017-10-18,Test,-0.00912901759147644,0.02176545398279917
2017-10-19,Test,-0.005191626958549023,0.02359921824297273
2017-10-20,Test,-0.004154699854552746,0.03066369008622027
2017-10-23,Test,-0.011167461983859539,0.04095023397876263
2017-10-24,Test,-0.01025706622749567,0.03979998088398284
2017-10-25,Test,-0.0008332523284479976,0.04795501373839617
2017-10-26,Test,0.0002279572217958048,0.04579474292378372
2017-10-27,Test,-0.012898103334009647,0.01613321273469182
2017-10-30,Test,-0.017937777563929558,0.01510748950039686
2017-10-31,Test,-0.02169410139322281,0.007624079583588905
2017-11-01,Test,-0.022069208323955536,0.003221500425460322
2017-11-02,Test,-0.02041102759540081,0.01798297721785658
2017-11-03,Test,-0.026356622576713562,0.004436567213585096
2017-11-06,Test,-0.02656726911664009,0.0002601505082806543
2017-11-07,Test,-0.026515524834394455,0.01052765184418347
2017-11-08,Test,-0.025012291967868805,0.007702281174150505
2017-11-09,Test,-0.02130001410841942,0.01672192090965385
2017-11-10,Test,-0.02231006510555744,0.0163327035739802
2017-11-13,Test,-0.025318419560790062,0.01767726851899609
2017-11-14,Test,-0.01879553496837616,0.003587522408951882
2017-11-15,Test,-0.0158992912620306,0.01677696847783494
2017-11-16,Test,-0.014308731071650982,-0.0003234618554447399
2017-11-17,Test,-0.011597567237913609,-0.008054499895780332
2017-11-20,Test,-0.01448215451091528,-0.006630723918089609
2017-11-21,Test,-0.022680463269352913,-0.01286173633440513
2017-11-22,Test,-0.024363892152905464,-0.01072643164466403
2017-11-24,Test,-0.023492049425840378,-0.009983345791846343
2017-11-27,Test,-0.02371145412325859,-0.001856767657268388
2017-11-28,Test,-0.021634072065353394,-0.00574745461097248
2017-11-29,Test,-0.017248891294002533,0.01384378574264211
2017-11-30,Test,-0.019642382860183716,0.004705195069586665
2017-12-01,Test,-0.014662242494523525,0.02045432255137136
2017-12-04,Test,-0.01423230767250061,0.03883172297210535
2017-12-05,Test,-0.011575473472476006,0.03200052004302534
2017-12-06,Test,-0.01507300790399313,0.02625406370877448
2017-12-07,Test,-0.01307249441742897,0.02291909285401861
2017-12-08,Test,-0.014656757935881615,0.01725919988116487
2017-12-11,Test,-0.006733797024935484,0.00397697498556826
2017-12-12,Test,-0.005192784126847982,0.005459508198327967
2017-12-13,Test,-0.011042337864637375,0.00474383106812204
2017-12-14,Test,-0.010613542050123215,-0.0007698894804807344
2017-12-15,Test,-0.017719483003020287,0.00532833256708698
2017-12-18,Test,-0.01656193472445011,0.008761972989134614
2017-12-19,Test,-0.017460953444242477,0.01655041636562737
2017-12-20,Test,-0.01702491007745266,0.02786770407964601
2017-12-21,Test,-0.015979496762156487,0.03173595622437042
2017-12-22,Test,-0.015511947683990002,0.03297961874842437
2017-12-26,Test,-0.014903879724442959,0.03616143782789405
2017-12-27,Test,-0.012963841669261456,0.04311997118628952
2017-12-28,Test,-0.01057493593543768,0.04951196310318973
2017-12-29,Test,-0.011554103344678879,0.05303036759713353
