Date,Type,Prediction,Actual
2009-01-02,Train,-0.06250863522291183,-0.05188529083869675
2009-01-05,Train,-0.07863860577344894,-0.09864607763167066
2009-01-06,Train,-0.07566449791193008,-0.06958188032187862
2009-01-07,Train,-0.06369921565055847,-0.05519054782197275
2009-01-08,Train,-0.06978559494018555,-0.0604681598345741
2009-01-09,Train,-0.026729943230748177,-0.03192547702745385
2009-01-12,Train,0.003098143730312586,-0.006775093490449247
2009-01-13,Train,0.016597028821706772,0.02776836016786999
2009-01-14,Train,0.02716088853776455,0.03318200456817677
2009-01-15,Train,0.013548994436860085,-0.001374601890136606
2009-01-16,Train,0.018844379112124443,-0.000339912605571091
2009-01-20,Train,0.05702238529920578,0.06831193910236721
2009-01-21,Train,0.0376594178378582,0.02607204935943508
2009-01-22,Train,0.06423870474100113,0.06293461236223208
2009-01-23,Train,0.06771489232778549,0.08546717139468041
2009-01-26,Train,0.05959262326359749,0.08210234763095636
2009-01-27,Train,0.04069247469305992,0.03478855622033761
2009-01-28,Train,0.0071816518902778625,-0.004942326742831127
2009-01-29,Train,0.01977108232676983,0.03346855218632894
2009-01-30,Train,0.05410027876496315,0.04714387007608201
2009-02-02,Train,-0.00020562743884511292,-0.00646040581582441
2009-02-03,Train,-0.03294571489095688,-0.02109143121575496
2009-02-04,Train,-0.028880050405859947,-0.03744563482442376
2009-02-05,Train,-0.07201921194791794,-0.05561003835661293
2009-02-06,Train,-0.09357649832963943,-0.1118903453930418
2009-02-09,Train,-0.09500087797641754,-0.08634918455093621
2009-02-10,Train,-0.06880668550729752,-0.05767963056027647
2009-02-11,Train,-0.08828093111515045,-0.07980131743471974
2009-02-12,Train,-0.10175108164548874,-0.09944386779609327
2009-02-13,Train,-0.10159074515104294,-0.1245481721169326
2009-02-17,Train,-0.08162877708673477,-0.08898010045239146
2009-02-18,Train,-0.07507993280887604,-0.06532147272103306
2009-02-19,Train,-0.07113535702228546,-0.07919418597224959
2009-02-20,Train,-0.07101686298847198,-0.08901979658692294
2009-02-23,Train,-0.04832274466753006,-0.07609478796801239
2009-02-24,Train,-0.04471978917717934,-0.05038223517528551
2009-02-25,Train,-0.04268977791070938,-0.02938090759372924
2009-02-26,Train,0.023266319185495377,0.03166603568821436
2009-02-27,Train,0.02384543977677822,0.04395201795471126
2009-03-02,Train,0.07528524845838547,0.06081084370680911
2009-03-03,Train,0.10182355344295502,0.1018031179202135
2009-03-04,Train,0.07054514437913895,0.08671792337539164
2009-03-05,Train,0.12015186995267868,0.1195775197632902
2009-03-06,Train,0.11443156003952026,0.1095057472114636
2009-03-09,Train,0.16803622245788574,0.2004661963207142
2009-03-10,Train,0.10585804283618927,0.1097694843898553
2009-03-11,Train,0.09530432522296906,0.09801799327403571
2009-03-12,Train,0.08602739125490189,0.0955702742876432
2009-03-13,Train,0.08016981184482574,0.07237299722584956
2009-03-16,Train,0.08289355784654617,0.0636942400029048
2009-03-17,Train,0.05047633871436119,0.03375382794726822
2009-03-18,Train,0.051162488758563995,0.03602692482619041
2009-03-19,Train,0.056265171617269516,0.07008085924255636
2009-03-20,Train,0.09097696095705032,0.1086359882039836
2009-03-23,Train,0.04961411654949188,0.04433659728629347
2009-03-24,Train,0.062174830585718155,0.03593802028782545
2009-03-25,Train,0.043743181973695755,0.04857241493065279
2009-03-26,Train,0.051235590130090714,0.04871056309231192
2009-03-27,Train,0.060827311128377914,0.06716416986765394
2009-03-30,Train,0.08454035967588425,0.08083839839310625
2009-03-31,Train,0.06533913314342499,0.06860164419492909
2009-04-01,Train,0.07283886522054672,0.08027303165281263
2009-04-02,Train,0.04009871184825897,0.04880356212968917
2009-04-03,Train,0.01405599806457758,-0.003400210226973899
2009-04-06,Train,0.015950873494148254,0.01301512745545264
2009-04-07,Train,0.046787627041339874,0.04360282736813392
2009-04-08,Train,0.02719646878540516,0.03630672362166742
2009-04-09,Train,0.020824119448661804,0.02276867125889526
2009-04-13,Train,0.02118574269115925,0.02553968282687968
2009-04-14,Train,0.0336138978600502,0.03047084680286938
2009-04-15,Train,0.04809672385454178,0.04753077247851456
2009-04-16,Train,0.03500299155712128,0.03128751649563832
2009-04-17,Train,0.027374906465411186,0.03182220098746935
2009-04-20,Train,0.06889238208532333,0.08715872866937713
2009-04-21,Train,0.06993617117404938,0.0712756784624331
2009-04-22,Train,0.06834016740322113,0.06831344316031429
2009-04-23,Train,0.026853900402784348,0.03322254466456243
2009-04-24,Train,0.008162258192896843,0.01602852293081547
2009-04-27,Train,0.014499112963676453,0.01838123155348437
2009-04-28,Train,0.021166279911994934,0.0134408831867443
2009-04-29,Train,-0.023765206336975098,-0.02710660595670511
2009-04-30,Train,-0.027510417625308037,-0.02596264356304312
2009-05-01,Train,-0.02568071335554123,-0.02909514201562302
2009-05-04,Train,-0.026437127962708473,-0.02310977392938973
2009-05-05,Train,-0.021678153425455093,-0.01770413831469031
2009-05-06,Train,-0.022550780326128006,-0.02141022055767983
2009-05-07,Train,-0.009986978955566883,-0.01636941168022199
2009-05-08,Train,-0.0060737538151443005,-0.02015771650413245
2009-05-11,Train,0.008191467262804508,0.01280938750951455
2009-05-12,Train,0.02140890620648861,0.01827288318032205
2009-05-13,Train,0.06655572354793549,0.05844943302300898
2009-05-14,Train,0.06944932043552399,0.05959873359817247
2009-05-15,Train,0.0802747830748558,0.09050046612012586
2009-05-18,Train,0.062471598386764526,0.06425224417047115
2009-05-19,Train,0.05743623524904251,0.05610465754554839
2009-05-20,Train,0.05914972722530365,0.07176204745536974
2009-05-21,Train,0.09167460352182388,0.0930162588851835
2009-05-22,Train,0.07662016898393631,0.09332132283779804
2009-05-26,Train,0.04171019047498703,0.06208680053377247
2009-05-27,Train,0.07021663337945938,0.0657018960315554
2009-05-28,Train,0.05057671293616295,0.05350497542385435
2009-05-29,Train,0.03486381843686104,0.03589599828780687
2009-06-01,Train,-0.005360415205359459,-0.01346517922473278
2009-06-02,Train,-0.012339758686721325,-0.0244236943795082
2009-06-03,Train,-0.0056267171166837215,-0.01211126945306507
2009-06-04,Train,-0.029286935925483704,-0.02504088028340479
2009-06-05,Train,-0.0295264832675457,-0.01685695901202033
2009-06-08,Train,-0.03292900696396828,-0.04335959687167756
2009-06-09,Train,-0.03955785557627678,-0.05277403850273499
2009-06-10,Train,-0.03495952859520912,-0.03340574558476239
2009-06-11,Train,-0.027149343863129616,-0.01439431786229417
2009-06-12,Train,-0.017453834414482117,-0.00763990674861037
2009-06-15,Train,0.0025648411829024553,0.01532031235887477
2009-06-16,Train,0.025943292304873466,0.02334745003846361
2009-06-17,Train,0.004934816621243954,0.01421014613830196
2009-06-18,Train,0.002986075123772025,-0.006141854343312936
2009-06-19,Train,-0.006671713665127754,-0.02074115053000136
2009-06-22,Train,-0.0005621002055704594,-0.01567853543470799
2009-06-23,Train,0.005024908110499382,-0.00828574044363839
2009-06-24,Train,-0.009022217243909836,-0.02304017115224977
2009-06-25,Train,-0.028845245018601418,-0.03775152141139382
2009-06-26,Train,-0.020874179899692535,-0.02144621397316204
2009-06-29,Train,-0.013247618451714516,-0.02002742186437911
2009-06-30,Train,0.025030072778463364,0.0148432403786638
2009-07-01,Train,0.02459588460624218,0.0263736001162016
2009-07-02,Train,0.042672932147979736,0.05505626357244697
2009-07-06,Train,0.05778752267360687,0.07088388399743639
2009-07-07,Train,0.09196596592664719,0.1057052318248948
2009-07-08,Train,0.11983140558004379,0.1091904642896628
2009-07-09,Train,0.11895570904016495,0.1317226907120954
2009-07-10,Train,0.12094242870807648,0.11827036897694
2009-07-13,Train,0.1086113452911377,0.1056476062212042
2009-07-14,Train,0.10504473000764847,0.09406496348057569
2009-07-15,Train,0.06528262794017792,0.06554718590636677
2009-07-16,Train,0.05481232702732086,0.05915415011691194
2009-07-17,Train,0.05651490017771721,0.05031947072803944
2009-07-20,Train,0.051661062985658646,0.05590724812635184
2009-07-21,Train,0.047653112560510635,0.04871662114940878
2009-07-22,Train,0.04156530648469925,0.03194804005808649
2009-07-23,Train,0.010255548171699047,0.0007624547689339956
2009-07-24,Train,0.012289234437048435,0.02125484884176321
2009-07-27,Train,0.0052557289600372314,0.006353240398838
2009-07-28,Train,0.0021615687292069197,0.004605846521109402
2009-07-29,Train,0.008593111298978329,0.01347226174990257
2009-07-30,Train,0.0013147464487701654,0.01314128030765915
2009-07-31,Train,-0.0016189757734537125,0.004562745290106029
2009-08-03,Train,-0.015874391421675682,-0.03896107236815904
2009-08-04,Train,-0.025121651589870453,-0.02522482800041081
2009-08-05,Train,-0.003798276651650667,-0.0108230634314167
2009-08-06,Train,0.004941272083669901,0.009649498301452342
2009-08-07,Train,0.006288473028689623,0.01028083842605287
2009-08-10,Train,0.00783825945109129,0.01641418057891308
2009-08-11,Train,0.020575711503624916,0.02827306820700382
2009-08-12,Train,0.012943376787006855,0.0107850593603076
2009-08-13,Train,0.009593403898179531,0.007732635872065519
2009-08-14,Train,0.012219616211950779,0.02043899916130565
2009-08-17,Train,0.0333678312599659,0.04028064593294078
2009-08-18,Train,0.007370241452008486,0.006405329434255869
2009-08-19,Train,0.008275813423097134,-0.001272245242524006
2009-08-20,Train,0.0035267204511910677,-0.00628772662358501
2009-08-21,Train,0.004558993503451347,0.001737396208329134
2009-08-24,Train,0.008248331025242805,0.01217395474451677
2009-08-25,Train,0.015500119887292385,0.01783505671917318
2009-08-26,Train,0.015897706151008606,0.02928040514925456
2009-08-27,Train,0.022177917882800102,0.0277227447916637
2009-08-28,Train,0.025209622457623482,0.03066275273431462
2009-08-31,Train,0.034561581909656525,0.04446671616974274
2009-09-01,Train,0.07219788432121277,0.0799388871494422
2009-09-02,Train,0.07723121345043182,0.08050955025253792
2009-09-03,Train,0.07310082018375397,0.07415845177545632
2009-09-04,Train,0.05298999696969986,0.05475716181990919
2009-09-08,Train,0.04964989051222801,0.04688266491706217
2009-09-09,Train,0.030705325305461884,0.03309809212219994
2009-09-10,Train,0.018826473504304886,0.0142237261113547
2009-09-11,Train,0.013693378306925297,0.004335267417901134
2009-09-14,Train,0.008198661729693413,0.01751438428242236
2009-09-15,Train,0.01388743706047535,0.009806262471783178
2009-09-16,Train,0.0006703854305669665,-0.004007500619596094
2009-09-17,Train,-0.024821093305945396,-0.03324687225855172
2009-09-18,Train,-0.03002522513270378,-0.03675771934667282
2009-09-21,Train,-0.028051534667611122,-0.03194739535121294
2009-09-22,Train,-0.026158161461353302,-0.01664719516455615
2009-09-23,Train,-0.02270621992647648,-0.009187264608695234
2009-09-24,Train,0.0033421076368540525,0.00404093142086448
2009-09-25,Train,0.031075922772288322,0.01870500635554162
2009-09-28,Train,0.006608663592487574,0.003772691534727146
2009-09-29,Train,0.009399891830980778,0.008526778776478006
2009-09-30,Train,0.01434177253395319,0.02153845792691378
2009-10-01,Train,0.04281536117196083,0.05024393593392729
2009-10-02,Train,0.04989023879170418,0.04647743790455916
2009-10-05,Train,0.03725242614746094,0.04853191080883978
2009-10-06,Train,0.030453959479928017,0.03051985302591276
2009-10-07,Train,0.03017563745379448,0.02567755542307815
2009-10-08,Train,0.024535927921533585,0.02533143116255343
2009-10-09,Train,0.01287259440869093,0.01530135435224356
2009-10-12,Train,0.0006983292405493557,0.009866149557281823
2009-10-13,Train,-0.016977014020085335,-0.005636488213858093
2009-10-14,Train,-0.029757419601082802,-0.04101020537584177
2009-10-15,Train,-0.030110016465187073,-0.02252673455103027
2009-10-16,Train,-0.0331590473651886,-0.04254323858711739
2009-10-19,Train,-0.03823057934641838,-0.04813696043573534
2009-10-20,Train,-0.03885994106531143,-0.04534944108773065
2009-10-21,Train,-0.034741226583719254,-0.04195636495600097
2009-10-22,Train,-0.021120386198163033,-0.0221658478118163
2009-10-23,Train,-0.001382220070809126,-0.01228849016620948
2009-10-26,Train,0.000753241591155529,0.01209575768234661
2009-10-27,Train,0.02094794251024723,0.0302314306727427
2009-10-28,Train,0.06277719140052795,0.06064271981744018
2009-10-29,Train,0.044051140546798706,0.03706346798849092
2009-10-30,Train,0.07672208547592163,0.07446287366292337
2009-11-02,Train,0.08060158044099808,0.08096275054412527
2009-11-03,Train,0.07781466841697693,0.08095007970091883
2009-11-04,Train,0.06576787680387497,0.07307032444400297
2009-11-05,Train,0.03879506140947342,0.03093273720166767
2009-11-06,Train,0.021408777683973312,0.01971831414731584
2009-11-09,Train,0.011835663579404354,0.01447945512338578
2009-11-10,Train,0.012881757691502571,0.008482410720821232
2009-11-11,Train,0.006216537207365036,0.006378104090311254
2009-11-12,Train,-0.002272393787279725,-0.003207404340242692
2009-11-13,Train,-0.011942227371037006,-0.01022487992284271
2009-11-16,Train,-0.010169337503612041,-0.01012147485843318
2009-11-17,Train,-0.008716779761016369,-0.01188338110828424
2009-11-18,Train,-0.010495338588953018,-0.01037202029986706
2009-11-19,Train,0.007309213746339083,0.01053593875584768
2009-11-20,Train,0.013100385665893555,0.01081954962158194
2009-11-23,Train,-0.0004108005086891353,-0.01132759417566409
2009-11-24,Train,0.003558922791853547,0.002045922917796705
2009-11-25,Train,0.0026791600976139307,0.002716136963690996
2009-11-27,Train,0.009968839585781097,0.01424966146861895
2009-11-30,Train,0.011183458380401134,0.02272722296966112
2009-12-01,Train,0.011603969149291515,0.006589432551408425
2009-12-02,Train,0.004435990005731583,0.006580461028716567
2009-12-03,Train,0.0061792838387191296,-0.001594889400721389
2009-12-04,Train,0.010375475510954857,0.007706259311402119
2009-12-07,Train,0.02455664798617363,0.02391253110246661
2009-12-08,Train,0.03848646581172943,0.03643446780077286
2009-12-09,Train,0.028285903856158257,0.03357530582482093
2009-12-10,Train,0.03648988902568817,0.03792325810629649
2009-12-11,Train,0.039929237216711044,0.04736007482442495
2009-12-14,Train,0.03449973091483116,0.03322109018141428
2009-12-15,Train,0.03537368029356003,0.04221216623228208
2009-12-16,Train,0.038166794925928116,0.03133452142748783
2009-12-17,Train,0.05099239945411682,0.05933360320009751
2009-12-18,Train,0.03827182203531265,0.04408455071599793
2009-12-21,Train,0.031205354258418083,0.02624555892358327
2009-12-22,Train,0.01859206147491932,0.02078263621982135
2009-12-23,Train,0.010910386219620705,0.02172953981405956
2009-12-24,Train,0.01354023814201355,0.00826448612219255
2009-12-28,Train,-0.0025936951860785484,-0.0095197410165615
2009-12-29,Train,0.0077591934241354465,0.006951981388453765
2009-12-30,Train,0.0024356525391340256,0.004765025545335755
2009-12-31,Train,0.006563764531165361,0.002185758997182319
2010-01-04,Train,-0.0010142427636310458,0.003662257439646099
2010-01-05,Train,-0.0073248157277703285,-0.01077121972689987
2010-01-06,Train,-0.027004238218069077,-0.01408751018162058
2010-01-07,Train,-0.04454408586025238,-0.04353472820549431
2010-01-08,Train,-0.04800724983215332,-0.04812025564946021
2010-01-11,Train,-0.04744543135166168,-0.04335638718222234
2010-01-12,Train,-0.036115579307079315,-0.0235910451104212
2010-01-13,Train,-0.055643800646066666,-0.06040991001593865
2010-01-14,Train,-0.054793886840343475,-0.07760289979491586
2010-01-15,Train,-0.0548396036028862,-0.05648855482622872
2010-01-19,Train,-0.05582629144191742,-0.06310364063275664
2010-01-20,Train,-0.04573509097099304,-0.04420729225267517
2010-01-21,Train,-0.05423084273934364,-0.06309084723425229
2010-01-22,Train,-0.02076118066906929,-0.02672102149576738
2010-01-25,Train,-0.018857238814234734,-0.03701203235200656
2010-01-26,Train,-0.028122974559664726,-0.02795936654863895
2010-01-27,Train,-0.026075297966599464,-0.03758389880316648
2010-01-28,Train,0.011170733720064163,0.002755429023811429
2010-01-29,Train,0.019822649657726288,0.02266878675512896
2010-02-01,Train,0.018766768276691437,0.02450303778128871
2010-02-02,Train,0.015869013965129852,0.0210767041646005
2010-02-03,Train,0.01454868447035551,0.0218728434227109
2010-02-04,Train,0.03912728279829025,0.05185365918713303
2010-02-05,Train,0.03295768424868584,0.0409493288733267
2010-02-08,Train,0.04014575853943825,0.03491918777608949
2010-02-09,Train,0.03679204732179642,0.03479471071127338
2010-02-10,Train,0.035425007343292236,0.03672705717213187
2010-02-11,Train,0.02881843037903309,0.02495993126381713
2010-02-12,Train,0.03600650653243065,0.03770570359156022
2010-02-16,Train,0.03111044503748417,0.02775269744372255
2010-02-17,Train,0.027723925188183784,0.02310968782475631
2010-02-18,Train,0.02450225129723549,0.0200669243366467
2010-02-19,Train,0.03601887449622154,0.03591337786961724
2010-02-22,Train,0.036397188901901245,0.04000887424399902
2010-02-23,Train,0.055293623358011246,0.05955618381346883
2010-02-24,Train,0.0548713281750679,0.05738618075696045
2010-02-25,Train,0.047094911336898804,0.06165919493462924
2010-02-26,Train,0.059637654572725296,0.05808763150841201
2010-03-01,Train,0.048587217926979065,0.04029953396176844
2010-03-02,Train,0.045326124876737595,0.0436882922458468
2010-03-03,Train,0.05042864754796028,0.04539473166866403
2010-03-04,Train,0.040621839463710785,0.0454645208973703
2010-03-05,Train,0.024520397186279297,0.02260988550404308
2010-03-08,Train,0.023958198726177216,0.02987318775230463
2010-03-09,Train,0.026702148839831352,0.03120322838010781
2010-03-10,Train,0.022283710539340973,0.01801997714254666
2010-03-11,Train,0.020149918273091316,0.01267164325562309
2010-03-12,Train,0.017324618995189667,0.01351350045186761
2010-03-15,Train,0.013829633593559265,0.02095677029200438
2010-03-16,Train,0.014572666957974434,0.01787964782818241
2010-03-17,Train,0.01304902508854866,0.01027903707338518
2010-03-18,Train,0.013120925053954124,0.006899393763835526
2010-03-19,Train,0.022053973749279976,0.02358388907770048
2010-03-22,Train,0.015515657141804695,0.01732057309619384
2010-03-23,Train,0.011793863028287888,0.007875669805497143
2010-03-24,Train,0.012655891478061676,0.01499377788087286
2010-03-25,Train,0.02420179359614849,0.02252342021216713
2010-03-26,Train,0.02578071877360344,0.02229166030883789
2010-03-29,Train,0.024679357185959816,0.0226000448462238
2010-03-30,Train,0.019698917865753174,0.03141145850249449
2010-03-31,Train,0.02832484431564808,0.04090534109104627
2010-04-01,Train,0.025599390268325806,0.02844682176547764
2010-04-05,Train,0.024252507835626602,0.01830897713378987
2010-04-06,Train,0.019905930384993553,0.02051282051282044
2010-04-07,Train,0.027655648067593575,0.02878876579132061
2010-04-08,Train,0.027355387806892395,0.03221172837008424
2010-04-09,Train,0.02752675488591194,0.03038959240390504
2010-04-12,Train,0.01817402057349682,0.02730793073001037
2010-04-13,Train,0.003583155572414398,0.0004055242880662835
2010-04-14,Train,-0.00211872230283916,-0.01081949343174249
2010-04-15,Train,-0.0014096687082201242,0.001994783003998357
2010-04-16,Train,-0.006310796365141869,-0.005854978961786217
2010-04-19,Train,-0.011109573766589165,0.008686874852035897
2010-04-20,Train,-0.017054438591003418,-0.02653265718239639
2010-04-21,Train,-0.042186349630355835,-0.03697778371497085
2010-04-22,Train,-0.05892588198184967,-0.07433912892819594
2010-04-23,Train,-0.0653083547949791,-0.1011480713390667
2010-04-26,Train,-0.05673623085021973,-0.05237054944732289
2010-04-27,Train,-0.04015228524804115,-0.03283337914217244
2010-04-28,Train,-0.03582732751965523,-0.01519141211720032
2010-04-29,Train,-0.04848529398441315,-0.04738206430031899
2010-04-30,Train,-0.0362882986664772,-0.04691310508832103
2010-05-03,Train,-0.049357421696186066,-0.05707988096738825
2010-05-04,Train,-0.04699602723121643,-0.04129671665077927
2010-05-05,Train,-0.04423869401216507,-0.04400163799204093
2010-05-06,Train,-0.0412711538374424,-0.04767020045632198
2010-05-07,Train,-0.013488788157701492,-0.0125522945769555
2010-05-10,Train,-0.060856107622385025,-0.06510363367279637
2010-05-11,Train,-0.07024246454238892,-0.06328584200566734
2010-05-12,Train,-0.07504914700984955,-0.09090905524571491
2010-05-13,Train,-0.049838319420814514,-0.04137930209772478
2010-05-14,Train,-0.04606696963310242,-0.02834011980409057
2010-05-17,Train,-0.03947538882493973,-0.04035687026302615
2010-05-18,Train,-0.00374546367675066,-0.003876810337985592
2010-05-19,Train,0.00748091097921133,0.01367775151182005
2010-05-20,Train,0.003318818286061287,0.01668549501526129
2010-05-21,Train,-0.00644969055429101,-0.01271185755763926
2010-05-24,Train,-0.007699707988649607,-0.01052398616903172
2010-05-25,Train,-0.0067568025551736355,-0.01968682445403536
2010-05-26,Train,0.02175295166671276,0.01968323341329525
2010-05-27,Train,0.00043939793249592185,-0.008066251155449122
2010-05-28,Train,0.00932586845010519,-0.002412210511733237
2010-06-01,Train,0.02589869126677513,0.03386451458526429
2010-06-02,Train,0.015328618697822094,0.01405408704603039
2010-06-03,Train,0.006012448575347662,0.007710443798248923
2010-06-04,Train,0.03868797421455383,0.04235972146703326
2010-06-07,Train,0.03831108286976814,0.05263153359531558
2010-06-08,Train,0.04553649201989174,0.04639065660705333
2010-06-09,Train,0.044802576303482056,0.05088999447208398
2010-06-10,Train,0.004040321335196495,0.006212531200195048
2010-06-11,Train,0.0027827040757983923,-0.005054934994205063
2010-06-14,Train,-0.013424577191472054,-0.008353507454257003
2010-06-15,Train,-0.058977559208869934,-0.07150503571082656
2010-06-16,Train,-0.09403179585933685,-0.08933906833871319
2010-06-17,Train,-0.09048797190189362,-0.09479275572356616
2010-06-18,Train,-0.09067245572805405,-0.09638295275099729
2010-06-21,Train,-0.08372487127780914,-0.08583691268190419
2010-06-22,Train,-0.041971806436777115,-0.04930801278616515
2010-06-23,Train,-0.03539903461933136,-0.04017369174313112
2010-06-24,Train,-0.00714219780638814,-0.01609701360084725
2010-06-25,Train,-0.0015603924402967095,-0.01148664573681257
2010-06-28,Train,0.004165553022176027,0.004876994407591262
2010-06-29,Train,0.04426272585988045,0.05049579191472398
2010-06-30,Train,0.05835532769560814,0.06766563923198743
2010-07-01,Train,0.05290946364402771,0.04108945747194759
2010-07-02,Train,0.05640696734189987,0.05297857158768293
2010-07-06,Train,0.0603182315826416,0.06244131320868518
2010-07-07,Train,0.023218579590320587,0.01546861508957509
2010-07-08,Train,0.027998002246022224,0.03552035447340129
2010-07-09,Train,0.03061954863369465,0.03227257902010505
2010-07-12,Train,0.030280254781246185,0.03776533244042413
2010-07-13,Train,0.019599994644522667,0.02404580396782352
2010-07-14,Train,0.01322981994599104,0.0107550010755002
2010-07-15,Train,0.01037106104195118,0.002412294167377871
2010-07-16,Train,0.044567007571458817,0.03315293675336917
2010-07-19,Train,0.032074976712465286,0.04360458173108084
2010-07-20,Train,0.020150454714894295,0.02673448837920622
2010-07-21,Train,0.03883489593863487,0.05152328110456672
2010-07-22,Train,0.0094869090244174,0.02315930440658787
2010-07-23,Train,0.016108591109514236,0.01519750167980005
2010-07-26,Train,0.008047967217862606,0.01378129249077142
2010-07-27,Train,0.0009512871038168669,0.005385609863449936
2010-07-28,Train,-0.017410030588507652,-0.01411504282194487
2010-07-29,Train,-0.008266692981123924,-0.01465758438776488
2010-07-30,Train,-0.016111858189105988,-0.02379393407360608
2010-08-02,Train,-0.03129043057560921,-0.04006854521646586
2010-08-03,Train,-0.028569266200065613,-0.0236712343430775
2010-08-04,Train,-0.039969753473997116,-0.02961225884777774
2010-08-05,Train,-0.04287511482834816,-0.04206707545752741
2010-08-06,Train,-0.04084949940443039,-0.03934987636089293
2010-08-09,Train,-0.04541269689798355,-0.05522519515076485
2010-08-10,Train,-0.050690654665231705,-0.06470959420512556
2010-08-11,Train,-0.025467565283179283,-0.02929519353202137
2010-08-12,Train,-0.02348102070391178,-0.03330372934079762
2010-08-13,Train,-0.011235359124839306,-0.01453491744490354
2010-08-16,Train,-0.02256816439330578,-0.02656246979853882
2010-08-17,Train,-0.027662456035614014,-0.04209830047119123
2010-08-18,Train,-0.019852682948112488,-0.01734359887507042
2010-08-19,Train,0.007736068218946457,0.008916578371364059
2010-08-20,Train,0.015514601953327656,0.02426536502713939
2010-08-23,Train,0.030208002775907516,0.02742808528009677
2010-08-24,Train,0.04902045801281929,0.0595646823191891
2010-08-25,Train,0.05582130327820778,0.05355118281584037
2010-08-26,Train,0.06764525920152664,0.07028014456247944
2010-08-27,Train,0.0710957869887352,0.07215793798948567
2010-08-30,Train,0.08804774284362793,0.08805320107416836
2010-08-31,Train,0.09397096186876297,0.09871148195813162
2010-09-01,Train,0.06405854970216751,0.07104558588971033
2010-09-02,Train,0.05890912190079689,0.06031823813910187
2010-09-03,Train,0.05945867672562599,0.06129110220379408
2010-09-07,Train,0.060678090900182724,0.06827131028004141
2010-09-08,Train,0.0520637109875679,0.05275672706397794
2010-09-09,Train,0.050517916679382324,0.04824462306798272
2010-09-10,Train,0.04479163512587547,0.065665267671422
2010-09-13,Train,0.03251444175839424,0.04529099237351186
2010-09-14,Train,0.03495027869939804,0.04046360670335147
2010-09-15,Train,0.03069358877837658,0.03225132807387099
2010-09-16,Train,0.028933150693774223,0.02357115353536265
2010-09-17,Train,0.02491104230284691,0.0212543573117665
2010-09-20,Train,0.007731853984296322,-0.007167771363788211
2010-09-21,Train,0.01598431169986725,0.01720606632197397
2010-09-22,Train,0.010322610847651958,0.01109059212893726
2010-09-23,Train,0.015164326876401901,0.01520447311089002
2010-09-24,Train,0.008059868589043617,0.001812326880073156
2010-09-27,Train,0.014965064823627472,0.007693886876112721
2010-09-28,Train,0.014032403938472271,0.01498889395334535
2010-09-29,Train,0.021885909140110016,0.02495434204483549
2010-09-30,Train,0.037295855581760406,0.0275116870290808
2010-10-01,Train,0.039447903633117676,0.05060198820378181
2010-10-04,Train,0.04418538883328438,0.05816831108604692
2010-10-05,Train,0.03329749032855034,0.02335883711188846
2010-10-06,Train,0.03924492374062538,0.03981310385329362
2010-10-07,Train,0.03610879182815552,0.03804899967458097
2010-10-08,Train,0.03715435415506363,0.03798993748037049
2010-10-11,Train,0.03480403870344162,0.04259591947731356
2010-10-12,Train,0.03700895234942436,0.03831566844061629
2010-10-13,Train,0.031372733414173126,0.03305617881657552
2010-10-14,Train,0.03580889850854874,0.0372868134944353
2010-10-15,Train,0.02556508034467697,0.01340063321453622
2010-10-18,Train,0.024845462292432785,0.01793376213109066
2010-10-19,Train,0.03951719403266907,0.03856747532944738
2010-10-20,Train,0.03274951130151749,0.03574920648854762
2010-10-21,Train,0.040019236505031586,0.04640275318648812
2010-10-22,Train,0.03584684431552887,0.03931058875465054
2010-10-25,Train,0.025077752768993378,0.03565238602002019
2010-10-26,Train,0.022114936262369156,0.02729198571896974
2010-10-27,Train,0.021276917308568954,0.02931601138634909
2010-10-28,Train,0.009820835664868355,0.02065013091413936
2010-10-29,Train,0.0060628848150372505,0.006324224117045363
2010-11-01,Train,-0.0008189846994355321,0.001723480476522932
2010-11-02,Train,-0.012776846066117287,-0.02519890199162178
2010-11-03,Train,-0.016021639108657837,-0.0267823834662877
2010-11-04,Train,-0.01773178018629551,-0.02310411600660389
2010-11-05,Train,-0.018450986593961716,-0.02235880359944808
2010-11-08,Train,-0.019531451165676117,-0.01544476749406698
2010-11-09,Train,-0.01665482297539711,-0.02581854159807762
2010-11-10,Train,-0.016583524644374847,-0.01116906692450192
2010-11-11,Train,-0.012343090027570724,-0.0114275121421068
2010-11-12,Train,0.007545331493020058,0.004189701537524293
2010-11-15,Train,0.0023140106350183487,-0.004205720033023219
2010-11-16,Train,0.0270200464874506,0.0338191999604962
2010-11-17,Train,0.023306412622332573,0.04127909168802568
2010-11-18,Train,0.030681420117616653,0.02746516533143772
2010-11-19,Train,0.027985524386167526,0.02630069032423554
2010-11-22,Train,0.028302712365984917,0.01833304145720138
2010-11-23,Train,0.03542044013738632,0.03860192333418166
2010-11-24,Train,0.026017704978585243,0.01901359481436704
2010-11-26,Train,0.02716597355902195,0.03259429990113016
2010-11-29,Train,0.029479796066880226,0.02977431648878848
2010-11-30,Train,0.030624018982052803,0.04434634990447872
2010-12-01,Train,0.023513151332736015,0.01823653404300041
2010-12-02,Train,0.023700358346104622,0.01581988267374146
2010-12-03,Train,0.01752310059964657,0.01206611358394105
2010-12-06,Train,0.018475167453289032,0.01318482672773214
2010-12-07,Train,0.017487578094005585,0.01874532853583943
2010-12-08,Train,0.01637635938823223,0.01479288479981444
2010-12-09,Train,0.006018276792019606,0.01126917787391069
2010-12-10,Train,0.0011769006960093975,0.005138534972876085
2010-12-13,Train,0.006607891991734505,0.006813976741867789
2010-12-14,Train,0.01091231219470501,0.00716910622627287
2010-12-15,Train,0.01466464065015316,0.009231905491297487
2010-12-16,Train,0.005826310254633427,-0.002198657796925074
2010-12-17,Train,0.014967172406613827,0.01449011204868489
2010-12-20,Train,0.016506362706422806,0.01301317937319957
2010-12-21,Train,0.018290581181645393,0.0154855583579887
2010-12-22,Train,0.018048981204628944,0.01895038412151751
2010-12-23,Train,0.025040436536073685,0.0206429890166131
2010-12-27,Train,0.02288232557475567,0.02391822826989443
2010-12-28,Train,0.028757095336914062,0.02725446731975878
2010-12-29,Train,0.02327078953385353,0.03230517299119184
2010-12-30,Train,0.031490687280893326,0.0351262712953242
2010-12-31,Train,0.036069355905056,0.04663975318081737
2011-01-03,Train,0.01924000307917595,0.03344781103213723
2011-01-04,Train,0.022533467039465904,0.02243527869548534
2011-01-05,Train,0.013194434344768524,0.006637942603932467
2011-01-06,Train,0.006455388851463795,-0.004291807432547645
2011-01-07,Train,0.009534632787108421,0.01038127514127596
2011-01-10,Train,0.005223092157393694,0.008024196389968763
2011-01-11,Train,0.00524945231154561,0.011930234783885
2011-01-12,Train,0.0018263458041474223,0.01096179131596609
2011-01-13,Train,-0.0016111796721816063,-0.01502301628332259
2011-01-14,Train,-0.005640883464366198,-0.01754385964912286
2011-01-18,Train,-0.004448944237083197,-0.001924433356284228
2011-01-19,Train,0.008822987787425518,0.007963206092822972
2011-01-20,Train,0.019794916734099388,0.01693104175023286
2011-01-21,Train,0.02386719174683094,0.03053162273027921
2011-01-24,Train,0.024403909221291542,0.02125776344944308
2011-01-25,Train,0.019483303651213646,0.02653458398002573
2011-01-26,Train,0.02487955242395401,0.01935594648388705
2011-01-27,Train,0.021041596308350563,0.01469045379686462
2011-01-28,Train,0.03762378171086311,0.04862729421734202
2011-01-31,Train,0.0313834510743618,0.04607146126883377
2011-02-01,Train,0.014620330184698105,0.02541631520298981
2011-02-02,Train,0.023725435137748718,0.03370790053551764
2011-02-03,Train,0.02083459682762623,0.03154572719486648
2011-02-04,Train,0.021226804703474045,0.02352733441950483
2011-02-07,Train,0.0036598267033696175,-0.01075460069682244
2011-02-08,Train,-0.02150731347501278,-0.02533168080179771
2011-02-09,Train,-0.016907351091504097,-0.01847056256149582
2011-02-10,Train,-0.016922373324632645,-0.006377092881171387
2011-02-11,Train,-0.020178360864520073,-0.01146471910831126
2011-02-14,Train,-0.018285831436514854,-0.02970299802115028
2011-02-15,Train,-0.013958659023046494,-0.02324787368122327
2011-02-16,Train,-0.01750197447836399,-0.01036006452591409
2011-02-17,Train,-0.01747083105146885,-0.01512061468602699
2011-02-18,Train,-0.01761481910943985,-0.02622170828419357
2011-02-22,Train,-0.0006131746340543032,0.006838495493533436
2011-02-23,Train,-0.006186936516314745,0.008309713482924419
2011-02-24,Train,-0.011404852382838726,-0.01266270159997229
2011-02-25,Train,-0.019134921953082085,-0.02012141919703836
2011-02-28,Train,-0.02153363637626171,-0.02561882517758285
2011-03-01,Train,-0.024732371792197227,-0.02375085275328992
2011-03-02,Train,-0.02893930673599243,-0.05232757955386336
2011-03-03,Train,-0.04522646963596344,-0.06212457359612822
2011-03-04,Train,-0.04743572324514389,-0.06072106923652365
2011-03-07,Train,-0.02814316935837269,-0.02955059743470112
2011-03-08,Train,-0.024260271340608597,-0.0351793226659991
2011-03-09,Train,-0.01681789942085743,-0.02314570792702542
2011-03-10,Train,0.008331104181706905,0.009975086914487452
2011-03-11,Train,0.002770776394754648,0.006195759669352485
2011-03-14,Train,0.002625547582283616,0.004263596728834473
2011-03-15,Train,0.02377173863351345,0.02865381338067063
2011-03-16,Train,0.05338096618652344,0.05909504816380973
2011-03-17,Train,0.04730687290430069,0.05086914367203521
2011-03-18,Train,0.05210361257195473,0.05528004186148539
2011-03-21,Train,0.02928275242447853,0.03189190013988608
2011-03-22,Train,0.0284400787204504,0.03104688372982078
2011-03-23,Train,0.03244011476635933,0.02782263978698496
2011-03-24,Train,0.0013126203557476401,0.009171083787772316
2011-03-25,Train,-0.0018714042380452156,0.001935267594234125
2011-03-28,Train,0.005902029573917389,0.004068628112558148
2011-03-29,Train,-0.008194603025913239,-0.01243873294313103
2011-03-30,Train,-0.009204812347888947,-0.008718396047135424
2011-03-31,Train,-0.012911839410662651,-0.01184050673101766
2011-04-01,Train,-0.013610870577394962,-0.01409672070135193
2011-04-04,Train,-0.009303631260991096,-0.01781037977319233
2011-04-05,Train,0.0025391203816980124,-0.009103649640886169
2011-04-06,Train,0.002916802419349551,0.01082785128809327
2011-04-07,Train,0.011816063895821571,0.01957355658845272
2011-04-08,Train,0.031225362792611122,0.027041279980623
2011-04-11,Train,0.029558761045336723,0.03629318946807492
2011-04-12,Train,0.036436568945646286,0.05055884943801736
2011-04-13,Train,0.02963753417134285,0.04010558760229399
2011-04-14,Train,0.03567029908299446,0.04105730098774774
2011-04-15,Train,0.04216282442212105,0.04095321504562355
2011-04-18,Train,0.04325542598962784,0.04337775336371519
2011-04-19,Train,0.039003677666187286,0.03533568999855086
2011-04-20,Train,0.011449974030256271,0.006910810362821262
2011-04-21,Train,0.0019677365198731422,0.002228335066424725
2011-04-25,Train,-1.2736200005747378e-05,0.003419335655717948
2011-04-26,Train,-0.0007139674853533506,0.006290359296233117
2011-04-27,Train,-0.0030304426327347755,-0.007767694861328445
2011-04-28,Train,-0.01089202705770731,-0.0003382455166985876
2011-04-29,Train,-0.012452482245862484,-0.01134058840347563
2011-05-02,Train,-0.02117067575454712,-0.02662370124342184
2011-05-03,Train,-0.01679772324860096,-0.01925365956481251
2011-05-04,Train,-0.014728340320289135,-0.009556272579786085
2011-05-05,Train,-0.016896944493055344,-0.001201092935662285
2011-05-06,Train,-0.01913495548069477,-0.01197196422653046
2011-05-09,Train,-0.020363105461001396,-0.03015846820889467
2011-05-10,Train,-0.026797842234373093,-0.04426421680473758
2011-05-11,Train,-0.030358999967575073,-0.03352616511705941
2011-05-12,Train,-0.030308963730931282,-0.03332771443683813
2011-05-13,Train,-0.020200612023472786,-0.01677794118809173
2011-05-16,Train,0.005100716836750507,0.01672472228140687
2011-05-17,Train,-0.01037413626909256,-0.008165413646449515
2011-05-18,Train,-0.02228924073278904,-0.01430051374848684
2011-05-19,Train,-0.02616307884454727,-0.03195328362146821
2011-05-20,Train,-0.030049460008740425,-0.03254286053692734
2011-05-23,Train,-0.019488105550408363,-0.01985237684063168
2011-05-24,Train,-0.022076264023780823,-0.02085911811103902
2011-05-25,Train,-0.029481099918484688,-0.02289134030820394
2011-05-26,Train,-0.03885812312364578,-0.04375218807672765
2011-05-27,Train,-0.039973657578229904,-0.04858089675607924
2011-05-31,Train,-0.04043035954236984,-0.05174777974947453
2011-06-01,Train,-0.03571251034736633,-0.04904535346955363
2011-06-02,Train,-0.040209341794252396,-0.05471066777673628
2011-06-03,Train,-0.03149337321519852,-0.04543030395589875
2011-06-06,Train,-0.01744738407433033,-0.03256395982643912
2011-06-07,Train,-0.01284933090209961,-0.01003766560496966
2011-06-08,Train,-0.009138992056250572,-0.0101100842167261
2011-06-09,Train,-0.005207594949752092,-0.002703217180422546
2011-06-10,Train,0.006506325677037239,-0.004758388075356779
2011-06-13,Train,0.012434348464012146,0.01116399372557697
2011-06-14,Train,0.006173155270516872,0.0131911734771144
2011-06-15,Train,0.045359138399362564,0.03702336134900164
2011-06-16,Train,0.05506131798028946,0.05491858922793869
2011-06-17,Train,0.0726812481880188,0.07659414132293607
2011-06-20,Train,0.06831547617912292,0.076382487357598
2011-06-21,Train,0.06400369107723236,0.05721527926132874
2011-06-22,Train,0.06450764834880829,0.07951845066663621
2011-06-23,Train,0.056627143174409866,0.06667868840864877
2011-06-24,Train,0.06686472147703171,0.06583298907760571
2011-06-27,Train,0.05054748058319092,0.04108598113599404
2011-06-28,Train,0.023537645116448402,0.03014087098104601
2011-06-29,Train,0.0198549572378397,0.0140319880325559
2011-06-30,Train,0.017344869673252106,0.01402277384327921
2011-07-01,Train,0.006317280698567629,-0.006389206231388056
2011-07-05,Train,0.004065698478370905,0.0111683454065441
2011-07-06,Train,0.0029216401744633913,0.003596490609141689
2011-07-07,Train,-0.003328983671963215,-0.003378897666538205
2011-07-08,Train,0.0037173759192228317,0.00965610209404466
2011-07-11,Train,0.020683351904153824,0.02622499105889187
2011-07-12,Train,0.024763857945799828,0.03668290322599899
2011-07-13,Train,0.019061168655753136,0.005713328266002682
2011-07-14,Train,0.020557021722197533,0.01926779595692873
2011-07-15,Train,-0.009649274870753288,0.002592939150136919
2011-07-18,Train,0.0003015618131030351,0.003302026828048144
2011-07-19,Train,-0.05579623952507973,-0.04384023930760095
2011-07-20,Train,-0.04554057866334915,-0.03054602640681936
2011-07-21,Train,-0.07251869887113571,-0.08170882136592539
2011-07-22,Train,-0.10146170854568481,-0.09681202669110467
2011-07-25,Train,-0.11722919344902039,-0.1494619949237846
2011-07-26,Train,-0.10950696468353271,-0.110682578745541
2011-07-27,Train,-0.09877169877290726,-0.1244620334523141
2011-07-28,Train,-0.08767134696245193,-0.08747207892614728
2011-07-29,Train,-0.07582699507474899,-0.07637931560647904
2011-08-01,Train,-0.06265666335821152,-0.05837517683365323
2011-08-02,Train,-0.04380647838115692,-0.04211833859258074
2011-08-03,Train,-0.06320812553167343,-0.05685617785876163
2011-08-04,Train,-0.05496210604906082,-0.05944244996950776
2011-08-05,Train,-0.052525393664836884,-0.07059266064459946
2011-08-08,Train,0.002543909242376685,-0.007511386973099166
2011-08-09,Train,-0.019194606691598892,-0.0141429382852033
2011-08-10,Train,0.03891034051775932,0.03598108522210608
2011-08-11,Train,-0.013788063079118729,-0.02391707494465101
2011-08-12,Train,-0.012307480908930302,-0.008213526772737567
2011-08-15,Train,-0.004364819265902042,0.004598969779120887
2011-08-16,Train,0.01505549531430006,0.01985157077055888
2011-08-17,Train,0.017467577010393143,0.02762223761960625
2011-08-18,Train,0.052854038774967194,0.07085378913237306
2011-08-19,Train,0.08035844564437866,0.06496102497098
2011-08-22,Train,0.059075046330690384,0.06134239966571076
2011-08-23,Train,0.038446541875600815,0.04514155825279276
2011-08-24,Train,0.0314534530043602,0.03226420207340275
2011-08-25,Train,0.03454631194472313,0.02604666074528716
2011-08-26,Train,0.029919210821390152,0.01373987441295998
2011-08-29,Train,0.014131595380604267,-0.0005493275766634831
2011-08-30,Train,0.014490431174635887,0.007094767709438399
2011-08-31,Train,0.012176766991615295,0.02034142578914033
2011-09-01,Train,0.026504168286919594,0.03720672155794014
2011-09-02,Train,0.06065064296126366,0.06250003579858632
2011-09-06,Train,0.04774027317762375,0.05760930084596216
2011-09-07,Train,0.000542447145562619,0.01354322267080743
2011-09-08,Train,-0.00337786553427577,-0.01489239874394832
2011-09-09,Train,0.017902616411447525,0.01823996267650863
2011-09-12,Train,0.012586996890604496,0.01708128775565765
2011-09-13,Train,0.006307187490165234,0.01410766979176414
2011-09-14,Train,-0.025577832013368607,-0.01499280747658605
2011-09-15,Train,-0.03367425501346588,-0.04093982243799754
2011-09-16,Train,-0.06420084089040756,-0.07245093590856966
2011-09-19,Train,-0.07302627712488174,-0.09662605832409932
2011-09-20,Train,-0.06136421486735344,-0.07398867882334048
2011-09-21,Train,-0.024296576157212257,-0.03340560225961231
2011-09-22,Train,0.007415163330733776,0.01586409938546218
2011-09-23,Train,0.012217209674417973,-0.001477411427522335
2011-09-26,Train,0.017933836206793785,0.02117560922346184
2011-09-27,Train,0.011045723222196102,0.01752486445246504
2011-09-28,Train,0.03102380968630314,0.03796075080071559
2011-09-29,Train,0.05445387586951256,0.06013358944951608
2011-09-30,Train,0.1051422730088234,0.1084015706755677
2011-10-03,Train,0.11899570375680923,0.1200625628261403
2011-10-04,Train,0.10196980834007263,0.1111324622413303
2011-10-05,Train,0.08006303012371063,0.06239492301052807
2011-10-06,Train,0.04827701672911644,0.0396839947694565
2011-10-07,Train,0.055535122752189636,0.05973736934467766
2011-10-10,Train,0.02266542986035347,0.04558461055342766
2011-10-11,Train,0.025973156094551086,0.01811080368058682
2011-10-12,Train,0.020725205540657043,0.01183749119620425
2011-10-13,Train,0.01881345361471176,0.03028710739822205
2011-10-14,Train,0.0019846439827233553,0.01306287929781247
2011-10-17,Train,0.0009157186723314226,0.01169696225420913
2011-10-18,Train,-0.016871241852641106,-0.02672879818752216
2011-10-19,Train,0.001089073601178825,0.0008791847722808832
2011-10-20,Train,0.021079840138554573,0.02668312983675003
2011-10-21,Train,0.00044393661664798856,0.008726003606586596
2011-10-24,Train,-0.009445869363844395,-0.004787187313369912
2011-10-25,Train,0.020972203463315964,0.02685735806468847
2011-10-26,Train,0.01118552591651678,-0.008032112463695618
2011-10-27,Train,-0.028138380497694016,-0.03517416734912049
2011-10-28,Train,-0.019072262570261955,-0.01849338612121976
2011-10-31,Train,-0.009223532862961292,-0.00793786157750731
2011-11-01,Train,0.010866008698940277,0.02994334660749787
2011-11-02,Train,-0.0006292468751780689,0.004392129445576654
2011-11-03,Train,-0.04708372429013252,-0.03907051123379135
2011-11-04,Train,-0.05090121179819107,-0.04152245229862905
2011-11-07,Train,-0.051090192049741745,-0.06648340478873282
2011-11-08,Train,-0.05120740458369255,-0.07404892206621572
2011-11-09,Train,-0.04839117452502251,-0.06196092893281613
2011-11-10,Train,-0.047226063907146454,-0.06868611826394855
2011-11-11,Train,-0.05650315061211586,-0.05410539906614098
2011-11-14,Train,-0.037821922451257706,-0.05409637362241426
2011-11-15,Train,-0.042165108025074005,-0.02993293732143421
2011-11-16,Train,-0.01798592321574688,-0.006821749206566974
2011-11-17,Train,0.012177467346191406,0.01415004612073378
2011-11-18,Train,0.013602766208350658,0.03321299822940205
2011-11-21,Train,0.035108331590890884,0.05042329169622395
2011-11-22,Train,0.04155101627111435,0.04695527057587312
2011-11-23,Train,0.056494664400815964,0.05310561020337379
2011-11-25,Train,0.07915759831666946,0.07829045586280658
2011-11-28,Train,0.025187747552990913,0.03033625384467387
2011-11-29,Train,0.03049810789525509,0.02537692582406192
2011-11-30,Train,-0.020390918478369713,-0.02660046136257554
2011-12-01,Train,-0.033483147621154785,-0.0359280934252838
2011-12-02,Train,-0.03223121538758278,-0.03108439340753999
2011-12-05,Train,-0.038613494485616684,-0.05101331058732406
2011-12-06,Train,-0.023732362315058708,-0.02014718796405579
2011-12-07,Train,-0.024730665609240532,-0.03416259110697062
2011-12-08,Train,-0.014014066196978092,-0.009265867207068568
2011-12-09,Train,-0.016865236684679985,-0.01648541948724236
2011-12-12,Train,0.0033411828335374594,-0.002483139180492366
2011-12-13,Train,0.0022048833779990673,-0.003048747741437152
2011-12-14,Train,0.020848441869020462,0.02004012208143346
2011-12-15,Train,0.028171848505735397,0.01991231492812817
2011-12-16,Train,0.036540597677230835,0.03718557952663271
2011-12-19,Train,0.04372280836105347,0.05191457493864671
2011-12-20,Train,0.03418191149830818,0.03003755222615845
2011-12-21,Train,0.04513862356543541,0.04861237535374863
2011-12-22,Train,0.040821000933647156,0.03633094448201968
2011-12-23,Train,0.035403747111558914,0.03495005386014971
2011-12-27,Train,0.036067165434360504,0.03413936898370395
2011-12-28,Train,0.03857031464576721,0.05036875749909853
2011-12-29,Train,0.04484603554010391,0.03911410182277653
2011-12-30,Train,0.05013227462768555,0.05158511837655011
2012-01-03,Train,0.037702083587646484,0.04551845488808848
2012-01-04,Train,0.04633733630180359,0.04760240199085275
2012-01-05,Train,0.03790952265262604,0.03749348766755589
2012-01-06,Train,0.03086722642183304,0.03425012100330305
2012-01-09,Train,0.03223995864391327,0.03575149967854463
2012-01-10,Train,0.03406109660863876,0.04117848642226751
2012-01-11,Train,0.038976334035396576,0.03541955602984204
2012-01-12,Train,0.03679424524307251,0.03442373963420198
2012-01-13,Train,0.035961247980594635,0.03901685193978466
2012-01-17,Train,0.03288987651467323,0.03099982495665832
2012-01-18,Train,0.031464360654354095,0.02571858692434148
2012-01-19,Train,0.030075881630182266,0.02255259706575474
2012-01-20,Train,0.033851251006126404,0.03814620648878919
2012-01-23,Train,0.036621078848838806,0.03696268691473992
2012-01-24,Train,0.040187809616327286,0.04105229139429101
2012-01-25,Train,0.03493567183613777,0.03359256609374883
2012-01-26,Train,0.037303466349840164,0.04466952129161017
2012-01-27,Train,0.03674357011914253,0.03427151726043109
2012-01-30,Train,0.03940244019031525,0.04301072690333352
2012-01-31,Train,0.036846283823251724,0.04427557176975228
2012-02-01,Train,0.0324401818215847,0.02867912138432871
2012-02-02,Train,0.030581993982195854,0.03953605652407965
2012-02-03,Train,0.023933960124850273,0.02224014641552174
2012-02-06,Train,0.02237195149064064,0.02596775177986399
2012-02-07,Train,0.018615655601024628,0.01915336562451286
2012-02-08,Train,0.0213006678968668,0.02049315742485081
2012-02-09,Train,0.023423127830028534,0.01669049816574963
2012-02-10,Train,0.026867661625146866,0.02529216904402842
2012-02-13,Train,0.02417529933154583,0.02616967059710573
2012-02-14,Train,0.02277318388223648,0.01898441061568534
2012-02-15,Train,0.029686009511351585,0.03425199451174632
2012-02-16,Train,0.02376364916563034,0.01948768910343701
2012-02-17,Train,0.021770505234599113,0.0121393132486487
2012-02-21,Train,0.01289482694119215,-0.0006288463314498838
2012-02-22,Train,0.014690087176859379,0.01168663719734697
2012-02-23,Train,0.012646823190152645,0.01584559609251479
2012-02-24,Train,0.018397970125079155,0.01657282010266758
2012-02-27,Train,0.018661394715309143,0.01561280175415325
2012-02-28,Train,0.02267608605325222,0.02411136416646564
2012-02-29,Train,0.02337990701198578,0.03229303032758191
2012-03-01,Train,0.024195117875933647,0.02711032325740836
2012-03-02,Train,0.021850259974598885,0.02543539119198379
2012-03-05,Train,0.03495996445417404,0.04345796025156567
2012-03-06,Train,0.044998254626989365,0.05568665931290795
2012-03-07,Train,0.043662331998348236,0.04776780057147811
2012-03-08,Train,0.04133540764451027,0.03444020628468869
2012-03-09,Train,0.03203796595335007,0.02952946627911879
2012-03-12,Train,0.03569616749882698,0.04704069815583289
2012-03-13,Train,0.026477046310901642,0.02942947306631538
2012-03-14,Train,0.014566927216947079,0.02180786019286107
2012-03-15,Train,0.01273867767304182,0.01499700053124298
2012-03-16,Train,0.013152125291526318,0.01548416206660708
2012-03-19,Train,0.015095184557139874,0.01880880991805367
2012-03-20,Train,0.014662000350654125,0.01668905880488514
2012-03-21,Train,0.012461294420063496,0.002681768441747279
2012-03-22,Train,0.009310316294431686,0.01104804160468786
2012-03-23,Train,-0.006038245745003223,0.004033412507009393
2012-03-26,Train,-0.017645450308918953,-0.02907067008060882
2012-03-27,Train,-0.022530488669872284,-0.02580269989522865
2012-03-28,Train,-0.021896904334425926,-0.01074482382545061
2012-03-29,Train,-0.016521137207746506,-0.02201533476730178
2012-03-30,Train,-0.021570272743701935,-0.03108817185258406
2012-04-02,Train,-0.02437184937298298,-0.0215384794242216
2012-04-03,Train,-0.01882144808769226,-0.02374326054341902
2012-04-04,Train,-0.022395726293325424,-0.02139676636119614
2012-04-05,Train,-0.02218952588737011,-0.03012405314168365
2012-04-09,Train,-0.02368161827325821,-0.03169167210880164
2012-04-10,Train,-0.006579644978046417,-0.02117033047981887
2012-04-11,Train,-0.0003964028728660196,0.0
2012-04-12,Train,-0.0007834169082343578,-0.005505174105373767
2012-04-13,Train,0.011112965643405914,0.01586335373371184
2012-04-16,Train,0.0018848413601517677,0.02001535903850749
2012-04-17,Train,0.0005431913887150586,0.001347768327798482
2012-04-18,Train,0.0036615279968827963,0.006755696503810693
2012-04-19,Train,-0.004306910093873739,0.007439991789075728
2012-04-20,Train,-0.014528500847518444,-0.01492087929933161
2012-04-23,Train,-0.009362045675516129,-0.004917020372170899
2012-04-24,Train,-0.007367744110524654,-0.003244348879594017
2012-04-25,Train,-0.041204240173101425,-0.03205413621127806
2012-04-26,Train,-0.04053248092532158,-0.03964682887006876
2012-04-27,Train,-0.04113263636827469,-0.0455085909549463
2012-04-30,Train,-0.047174520790576935,-0.04763331640832891
2012-05-01,Train,-0.04981844499707222,-0.05234041679288193
2012-05-02,Train,-0.05735165998339653,-0.06143750494898115
2012-05-03,Train,-0.05461670830845833,-0.07143930629656758
2012-05-04,Train,-0.03827587142586708,-0.06012358204689006
2012-05-07,Train,-0.039388302713632584,-0.03474372669049808
2012-05-08,Train,-0.03150058537721634,-0.03223803664876579
2012-05-09,Train,-0.026948461309075356,-0.02736315811386469
2012-05-10,Train,-0.029409242793917656,-0.03178066424579895
2012-05-11,Train,-0.022299334406852722,-0.03287629480084941
2012-05-14,Train,-0.018638866022229195,-0.01132433469593663
2012-05-15,Train,-0.0173084307461977,-0.01641150573393491
2012-05-16,Train,-0.01788041926920414,-0.01398152641593065
2012-05-17,Train,-0.011003936640918255,-0.0194773697622368
2012-05-18,Train,0.005805333144962788,0.0009866396520112897
2012-05-21,Train,-0.009333706460893154,-0.02223643300226452
2012-05-22,Train,-0.011828114278614521,0.001281259333988372
2012-05-23,Train,-0.0008420274243690073,-0.004635564404753323
2012-05-24,Train,0.0019855229184031487,0.01158483327962689
2012-05-25,Train,0.006384623236954212,-0.004188792054317991
2012-05-29,Train,-0.0010177043732255697,-0.004772498156978111
2012-05-30,Train,0.00045767801930196583,-0.003208739885513845
2012-05-31,Train,0.007928810082376003,0.004834019181792382
2012-06-01,Train,0.04233342781662941,0.04270819131884518
2012-06-04,Train,0.041182465851306915,0.04452115897361009
2012-06-05,Train,0.03264164924621582,0.05104710383522515
2012-06-06,Train,0.014444720931351185,0.02831094761362674
2012-06-07,Train,0.021329358220100403,0.006744791486394508
2012-06-08,Train,0.01088077574968338,0.007634794820918778
2012-06-11,Train,0.013365870341658592,0.005177150747686099
2012-06-12,Train,0.008842024952173233,-0.0006394008096108905
2012-06-13,Train,0.006484798155725002,0.01239337589773237
2012-06-14,Train,0.006052048876881599,-0.002565744801893866
2012-06-15,Train,0.011978468857705593,0.01857440788166453
2012-06-18,Train,0.007681908085942268,0.01211067349624262
2012-06-19,Train,0.010478474199771881,0.01011833044044197
2012-06-20,Train,0.008001619949936867,0.0099548822606077
2012-06-21,Train,0.011872588656842709,0.02281072182483346
2012-06-22,Train,0.0052933162078261375,0.0102604821078951
2012-06-25,Train,0.017515946179628372,0.01995811753503873
2012-06-26,Train,0.0065917810425162315,0.00799744076038178
2012-06-27,Train,0.003717942861840129,-0.00747219728619164
2012-06-28,Train,0.015293877571821213,0.01897106576691332
2012-06-29,Train,-0.0067603699862957,-0.01496263784873919
2012-07-02,Train,-0.008998540230095387,-0.01274280830253616
2012-07-03,Train,-0.004050878807902336,-0.007705347583648825
2012-07-05,Train,-0.0027432353235781193,0.002618176007181727
2012-07-06,Train,-0.0016300942515954375,0.001871414723136455
2012-07-09,Train,-0.0041300514712929726,-0.008437514305114746
2012-07-10,Train,0.0007839425234124064,-0.006469936157846745
2012-07-11,Train,0.01305580697953701,-0.007616622322274114
2012-07-12,Train,0.027443967759609222,0.0150568416164345
2012-07-13,Train,0.017896883189678192,0.02350901945971051
2012-07-16,Train,0.018954453989863396,0.02563289418241177
2012-07-17,Train,0.020821835845708847,0.01999062327819234
2012-07-18,Train,0.007660878822207451,0.00341669859898297
2012-07-19,Train,0.004564558155834675,-0.01105992684453505
2012-07-20,Train,0.021894242614507675,0.02117062041682582
2012-07-23,Train,0.04030897468328476,0.04160099949157403
2012-07-24,Train,0.051298581063747406,0.05860868003596087
2012-07-25,Train,0.05346928536891937,0.06523827584469566
2012-07-26,Train,0.044759802520275116,0.05444217801940932
2012-07-27,Train,0.025301333516836166,0.03067670386177657
2012-07-30,Train,0.03271259739995003,0.03394009501079731
2012-07-31,Train,0.036517925560474396,0.03472222058697838
2012-08-01,Train,0.03549132123589516,0.0403962325599081
2012-08-02,Train,0.038157399743795395,0.05653929085023668
2012-08-03,Train,0.031809329986572266,0.04146343420687959
2012-08-06,Train,0.029186561703681946,0.0350983320481093
2012-08-07,Train,0.022883517667651176,0.02250562589135985
2012-08-08,Train,0.024861659854650497,0.02716898054596095
2012-08-09,Train,0.023185970261693,0.01571390386940008
2012-08-10,Train,0.022419674322009087,0.02138797924202196
2012-08-13,Train,0.015217386186122894,0.02059094228491376
2012-08-14,Train,0.01653900183737278,0.02013420451418901
2012-08-15,Train,0.00806377176195383,0.01755430353685195
2012-08-16,Train,-0.001376480795443058,-0.004557447425651229
2012-08-17,Train,-0.00146011752076447,-0.00234186231600586
2012-08-20,Train,0.004017870873212814,-0.004823178016459928
2012-08-21,Train,0.006548711098730564,-0.001907628465175226
2012-08-22,Train,0.011202593334019184,0.0160747986148686
2012-08-23,Train,0.015429039485752583,0.0229850817071362
2012-08-24,Train,0.00908730085939169,0.003660858056060645
2012-08-27,Train,0.004884291440248489,0.0004385786349072607
2012-08-28,Train,0.008397123776376247,0.003362510561524479
2012-08-30,Train,0.022158781066536903,0.03647912057452007
2012-08-31,Train,0.02223462611436844,0.03007622230370988
2012-09-04,Train,0.0231612715870142,0.03201645502164108
2012-09-05,Train,0.02729066088795662,0.03498978242091844
2012-09-06,Train,0.0035885812249034643,0.01150586891705818
2012-09-07,Train,0.011598496697843075,0.01037017452885491
2012-09-10,Train,0.01035971101373434,0.01750797975216156
2012-09-11,Train,0.004038952756673098,0.004822473032047192
2012-09-12,Train,2.1605781512334943e-05,-0.006265486265255027
2012-09-13,Train,-0.006375036668032408,-0.006037926734996368
2012-09-14,Train,-0.014309105463325977,-0.02294101743161181
2012-09-17,Train,-0.02259903959929943,-0.0247827643705858
2012-09-18,Train,-0.022383032366633415,-0.02276929771675129
2012-09-19,Train,-0.018943045288324356,-0.01832387624385412
2012-09-20,Train,-0.0126657010987401,-0.01393435705131552
2012-09-21,Train,-0.01796714961528778,-0.01667851950813848
2012-09-24,Train,-0.015701549127697945,-0.01993116478672208
2012-09-25,Train,-0.019069837406277657,-0.02181500804825642
2012-09-26,Train,-0.019211553037166595,-0.0187683113867041
2012-09-27,Train,-0.029692718759179115,-0.03514608514068918
2012-09-28,Train,-0.022287942469120026,-0.02756306545223886
2012-10-01,Train,-0.018871376290917397,-0.01898646164131701
2012-10-02,Train,-0.017231421545147896,-0.008009253488112211
2012-10-03,Train,-0.022966891527175903,-0.01490375879323314
2012-10-04,Train,-0.021852796897292137,-0.02970436343069949
2012-10-05,Train,-0.03398045152425766,-0.04783999552279106
2012-10-08,Train,-0.029038438573479652,-0.03408927407565165
2012-10-09,Train,-0.02680906280875206,-0.02780259719282296
2012-10-10,Train,-0.02205665037035942,-0.0262999784069432
2012-10-11,Train,-0.02255111373960972,-0.02323482901567087
2012-10-12,Train,-0.02483319863677025,-0.01994603816688123
2012-10-15,Train,-0.026209255680441856,-0.03305048803365163
2012-10-16,Train,-0.047053106129169464,-0.03302994582032504
2012-10-17,Train,-0.03925224393606186,-0.04274388342895108
2012-10-18,Train,-0.030664104968309402,-0.02511520907137155
2012-10-19,Train,-0.010736326687037945,0.0006090273346754937
2012-10-22,Train,-0.014335891231894493,-0.02802178988470738
2012-10-23,Train,-0.025392163544893265,-0.03410306718230904
2012-10-24,Train,-0.02572084404528141,-0.02655008071983267
2012-10-25,Train,-0.03119494765996933,-0.02670358188110233
2012-10-26,Train,-0.030830275267362595,-0.03626624310975768
2012-10-31,Train,-0.03695465251803398,-0.041724332518983
2012-11-01,Train,-0.04874301329255104,-0.05829670270485021
2012-11-02,Train,-0.03114147111773491,-0.04403865294647769
2012-11-05,Train,-0.037395648658275604,-0.02774389843228731
2012-11-06,Train,-0.021218249574303627,-0.0292148805231266
2012-11-07,Train,0.0004675522504840046,-0.00374003226769104
2012-11-08,Train,0.027106352150440216,0.02754910833867097
2012-11-09,Train,0.030585501343011856,0.02758946857292077
2012-11-12,Train,0.036375127732753754,0.02428257584342597
2012-11-13,Train,0.026643697172403336,0.04033021783569057
2012-11-14,Train,0.05216328054666519,0.05896532591052761
2012-11-15,Train,0.05465621128678322,0.06077711343949299
2012-11-16,Train,0.04661005362868309,0.05409308143105163
2012-11-19,Train,0.022389553487300873,0.02900593461161383
2012-11-20,Train,0.022549742832779884,0.01724141539141866
2012-11-21,Train,0.01523911114782095,0.02174252124218912
2012-11-23,Train,0.004057461861521006,0.0004622307949393445
2012-11-26,Train,-0.0006597027531825006,-0.0009204903085737737
2012-11-27,Train,0.008264612406492233,0.01554806266110131
2012-11-28,Train,0.004875175654888153,0.004731459155547624
2012-11-29,Train,-0.004581733141094446,-0.009103414810771149
2012-11-30,Train,-0.005740445572882891,-0.01686930940532694
2012-12-03,Train,-0.005495203193277121,-0.001827244107404979
2012-12-04,Train,0.001863636076450348,0.01401806851808041
2012-12-05,Train,0.021437382325530052,0.02095532478237705
2012-12-06,Train,0.009762143716216087,0.01439072942127906
2012-12-07,Train,0.004743804223835468,0.004158272628945081
2012-12-10,Train,0.0008742752252146602,-0.000767860099029849
2012-12-11,Train,-0.015695225447416306,-0.02228287393515771
2012-12-12,Train,-0.021773988381028175,-0.02172262289838178
2012-12-13,Train,-0.012204738333821297,-0.02342671622249282
2012-12-14,Train,0.010073842480778694,0.006801589046317558
2012-12-17,Train,0.015260884538292885,0.02517153042970199
2012-12-18,Train,0.0009318660595454276,0.004507819813771796
2012-12-19,Train,0.004862269386649132,0.005583988911240789
2012-12-20,Train,0.009995538741350174,0.005885894613263165
2012-12-21,Train,0.01780233159661293,0.02024539504000411
2012-12-24,Train,0.02193126454949379,0.02612566399592908
2012-12-26,Train,0.03768763318657875,0.04139532044876448
2012-12-27,Train,0.03357021510601044,0.0444099463134684
2012-12-28,Train,0.044093821197748184,0.04985889567323132
2012-12-31,Train,0.02663900889456272,0.02303086232544382
2013-01-02,Train,-0.00025118200574070215,-0.004464217797425452
2013-01-03,Train,0.010788940824568272,0.005534820568848131
2013-01-04,Train,0.005888031329959631,0.00660366891105757
2013-01-07,Train,0.006555275991559029,0.00795196949982202
2013-01-08,Train,0.006338153965771198,0.01608538407729676
2013-01-09,Train,0.0037501694168895483,-0.001647341418107628
2013-01-10,Train,0.0033428980968892574,-0.002530864576142045
2013-01-11,Train,0.0018358255038037896,-0.001635453566129264
2013-01-14,Train,0.0032417057082057,0.002986926230157172
2013-01-15,Train,0.009355342015624046,0.005853210351564719
2013-01-16,Train,0.0048807160928845406,-0.0004484122363624943
2013-01-17,Train,0.0048132059164345264,0.006545707132042278
2013-01-18,Train,0.003792752278968692,-0.008796724922844334
2013-01-22,Train,0.00298004481010139,0.004167888925646457
2013-01-23,Train,0.0012292591854929924,-0.005178258515822542
2013-01-24,Train,0.00845975149422884,0.009600950412371745
2013-01-25,Train,0.01092485524713993,0.01477608751894821
2013-01-28,Train,0.005969061981886625,0.01280715697407886
2013-01-29,Train,0.007614194881170988,0.00848718975198337
2013-01-30,Train,0.006855469662696123,0.01417494218473681
2013-01-31,Train,0.010786795988678932,0.01615065286826778
2013-02-01,Train,0.0037788054905831814,0.001330126116162456
2013-02-04,Train,0.019866984337568283,0.02647404359152117
2013-02-05,Train,0.0006689621950499713,-0.004002322068346276
2013-02-06,Train,-0.006955671589821577,-0.01145146739335778
2013-02-07,Train,-0.006357646081596613,-0.002377468868557386
2013-02-08,Train,-0.012956574559211731,-0.02470952137021643
2013-02-11,Train,-0.012718312442302704,-0.02132046069829885
2013-02-12,Train,-0.005466223228722811,-0.00723468874764055
2013-02-13,Train,-0.008439766243100166,-0.0127998047808926
2013-02-14,Train,3.1511561246588826e-05,-0.00838851685686448
2013-02-15,Train,0.002226797631010413,-0.001033205827663752
2013-02-19,Train,-0.0022762923035770655,0.006447867162666876
2013-02-20,Train,0.017363572493195534,0.0196457753662882
2013-02-21,Train,0.029395392164587975,0.03339854340203718
2013-02-22,Train,0.023332607001066208,0.02427758814768888
2013-02-25,Train,0.03529885783791542,0.04011466988456625
2013-02-26,Train,0.029582379385828972,0.03245197928692667
2013-02-27,Train,0.02026369236409664,0.02067221049686263
2013-02-28,Train,0.024234194308519363,0.02622954062971039
2013-03-01,Train,0.013351067900657654,0.01677062821125563
2013-03-04,Train,0.013947727158665657,0.01004728578767122
2013-03-05,Train,0.003224784042686224,-0.006552081337254712
2013-03-06,Train,0.0033127027563750744,0.002919237220931681
2013-03-07,Train,-0.005781564395874739,-0.01106423219126773
2013-03-08,Train,-0.00704732071608305,-0.002617424952192859
2013-03-11,Train,-0.007261599414050579,-0.009134476898100874
2013-03-12,Train,-0.007204475346952677,-0.0001455491276600718
2013-03-13,Train,-0.0033578050788491964,0.002477135438488931
2013-03-14,Train,-0.004421866498887539,0.001597452938956634
2013-03-15,Train,0.002592808334156871,-0.0001459952695750388
2013-03-18,Train,0.0086602084338665,0.009947341999771986
2013-03-19,Train,0.0047462498769164085,0.002638140060379879
2013-03-20,Train,-0.0007532653398811817,-0.00407508052725547
2013-03-21,Train,0.006301931105554104,-0.001030468048134003
2013-03-22,Train,0.001012987457215786,-0.005394301457093187
2013-03-25,Train,0.010016726329922676,0.004975182696880687
2013-03-26,Train,0.008959511294960976,0.01906560291149506
2013-03-27,Train,0.005704137496650219,0.0172964354538836
2013-03-28,Train,0.0038808854296803474,0.01406410328454455
2013-04-01,Train,0.007257586810737848,0.0008758767677918833
2013-04-02,Train,0.0020314729772508144,0.006228277802341031
2013-04-03,Train,0.0064379065297544,-0.004385368158136504
2013-04-04,Train,-0.002134139183908701,-0.0184130079002085
2013-04-05,Train,0.009779704734683037,0.003389267985122624
2013-04-08,Train,0.0068151275627315044,0.008355316397315349
2013-04-09,Train,0.004710685927420855,0.01121136633146436
2013-04-10,Train,-0.010883133858442307,-0.008568958910118774
2013-04-11,Train,-0.007246830500662327,-0.002857507563173045
2013-04-12,Train,-0.003969086334109306,-0.005290287870550303
2013-04-15,Train,0.019041474908590317,0.02406653419829485
2013-04-16,Train,0.015075640752911568,0.01799337812056168
2013-04-17,Train,0.030245695263147354,0.0334752423853355
2013-04-18,Train,0.053764458745718,0.0611880411253567
2013-04-19,Train,0.053815845400094986,0.05918646828372331
2013-04-22,Train,0.0493851974606514,0.05247856610417223
2013-04-23,Train,0.047705575823783875,0.04190070251951283
2013-04-24,Train,0.04202520102262497,0.04739269666243096
2013-04-25,Train,0.044519178569316864,0.04040693018814401
2013-04-26,Train,0.047344617545604706,0.05002160948970791
2013-04-29,Train,0.040537573397159576,0.04173195190688683
2013-04-30,Train,0.03752237558364868,0.03959269476855698
2013-05-01,Train,0.038788437843322754,0.04659751112001342
2013-05-02,Train,0.03299712389707565,0.0324073737114694
2013-05-03,Train,0.022734791040420532,0.03022740186014627
2013-05-06,Train,0.02473953738808632,0.02472376903041251
2013-05-07,Train,0.020873816683888435,0.02639574373416465
2013-05-08,Train,0.014318957924842834,0.01251552294825586
2013-05-09,Train,0.016469432041049004,0.01156860392273384
2013-05-10,Train,0.007833925075829029,0.004928139566215961
2013-05-13,Train,0.004606182221323252,0.01025430689443163
2013-05-14,Train,-0.00016333290841430426,0.000272092945788005
2013-05-15,Train,-0.0033426331356167793,0.003529281155053354
2013-05-16,Train,-0.00593877537176013,-0.00462014342723327
2013-05-17,Train,-0.013866333290934563,-0.01238231171671633
2013-05-20,Train,-0.014478074386715889,-0.0160399299399685
2013-05-21,Train,-0.014153286814689636,-0.02989085352969167
2013-05-22,Train,-0.011365709826350212,-0.01657159977163636
2013-05-23,Train,-0.0076439110562205315,-0.0008168490277273843
2013-05-24,Train,-0.008771359920501709,0.0001361463879219205
2013-05-28,Train,-0.011598438024520874,-0.01624031612064547
2013-05-29,Train,-0.007140085566788912,-0.02298072369277626
2013-05-30,Train,-0.010135004296898842,-0.01582575631158767
2013-05-31,Train,-0.017788967117667198,-0.01324233748400172
2013-06-03,Train,-0.011831218376755714,-0.005450993614826594
2013-06-04,Train,-0.009447488933801651,0.007945230562393046
2013-06-05,Train,-0.010721351951360703,0.009854254745313762
2013-06-06,Train,-0.008975837379693985,-0.01892268947110909
2013-06-07,Train,-0.024972213432192802,-0.04033245822441256
2013-06-10,Train,-0.031746406108140945,-0.050258715663827
2013-06-11,Train,-0.02685258537530899,-0.03370483553926984
2013-06-12,Train,-0.008749755099415779,-0.0136394676179713
2013-06-13,Train,-0.024638552218675613,-0.02185272018420437
2013-06-14,Train,-0.021082589402794838,-0.01397346642623021
2013-06-17,Train,-0.016654955223202705,-0.0174020856953041
2013-06-18,Train,-0.020890897139906883,-0.02500684862049807
2013-06-19,Train,-0.011152384802699089,-0.0100330309991854
2013-06-20,Train,0.029026512056589127,0.02182180879059215
2013-06-21,Train,0.02801099233329296,0.03152067600573294
2013-06-24,Train,0.04259653389453888,0.04818575676467307
2013-06-25,Train,0.049018990248441696,0.0465547319463635
2013-06-26,Train,0.05082589387893677,0.05785238204070531
2013-06-27,Train,0.057784151285886765,0.0580301389499629
2013-06-28,Train,0.057321615517139435,0.05893089343992997
2013-07-01,Train,0.04901495948433876,0.05103895842751283
2013-07-02,Train,0.045434217900037766,0.05324783675179634
2013-07-03,Train,0.04445629566907883,0.04636962409952372
2013-07-05,Train,0.03030950017273426,0.02769350311556384
2013-07-08,Train,0.02972266636788845,0.02973153458152966
2013-07-09,Train,0.020942455157637596,0.01600774192039878
2013-07-10,Train,0.019726168364286423,0.01346752598285672
2013-07-11,Train,0.003756882157176733,0.0
2013-07-12,Train,0.00011267272202530876,0.0009296107833633993
2013-07-15,Train,-0.00042132221278734505,-0.003180043194483173
2013-07-16,Train,0.0023069195449352264,0.003449575392880488
2013-07-17,Train,0.007250239606946707,0.002779236252751449
2013-07-18,Train,0.01188216544687748,0.01552339294558891
2013-07-19,Train,0.01710270158946514,0.03190782946323178
2013-07-22,Train,0.021220959722995758,0.02954149387241611
2013-07-23,Train,0.03029763326048851,0.0309721970939878
2013-07-24,Train,0.024264894425868988,0.02577178750262155
2013-07-25,Train,0.017849890515208244,0.02440978793194049
2013-07-26,Train,0.01737738773226738,0.014859958556102
2013-07-29,Train,0.017154650762677193,0.01914123019747271
2013-07-30,Train,0.01316206157207489,0.01943674830209896
2013-07-31,Train,0.009644102305173874,0.01372576166825668
2013-08-01,Train,-0.005432712379842997,-0.01345699982984871
2013-08-02,Train,-0.01585989072918892,-0.01935816344210683
2013-08-05,Train,-0.015349332243204117,-0.02168265699470984
2013-08-06,Train,-0.014130104333162308,-0.01149421736520406
2013-08-07,Train,-0.010054966434836388,-0.01308558000471616
2013-08-08,Train,-0.01310594379901886,-0.0083333250549108
2013-08-09,Train,-0.009598435834050179,0.002353252846161169
2013-08-12,Train,-0.0077552651055157185,0.0005217284007128509
2013-08-13,Train,-0.01622607931494713,-0.02542151910846713
2013-08-14,Train,-0.010522051714360714,-0.01796637543654722
2013-08-15,Train,0.00654623145237565,0.005959434982273359
2013-08-16,Train,0.006869012955576181,-0.0001325137226501072
2013-08-19,Train,0.008979884907603264,0.007299310721906815
2013-08-20,Train,0.009498379193246365,0.01360992039037345
2013-08-21,Train,0.017854737117886543,0.01882787328852009
2013-08-22,Train,0.0189512912184,0.01011024955411721
2013-08-23,Train,0.01853984408080578,0.01512982509212102
2013-08-26,Train,0.014224601909518242,0.01955416527053022
2013-08-27,Train,0.03981218487024307,0.03886076913313863
2013-08-28,Train,0.03724461421370506,0.03420392178995724
2013-08-29,Train,0.03039274923503399,0.02764610978714943
2013-08-30,Train,0.03178505599498749,0.03153567265035484
2013-09-03,Train,0.03836584463715553,0.03254283492815158
2013-09-04,Train,0.029710030183196068,0.03389386657739357
2013-09-05,Train,0.02990422025322914,0.03461743608644219
2013-09-06,Train,0.019624726846814156,0.02677755817524874
2013-09-09,Train,0.01383640430867672,0.01284851569412382
2013-09-10,Train,0.006635721772909164,0.007927410226822529
2013-09-11,Train,0.008140072226524353,0.006405329434255869
2013-09-12,Train,0.011333195492625237,0.01486983721252977
2013-09-13,Train,0.013981595635414124,0.01293879282371657
2013-09-16,Train,0.014006678014993668,0.01323055619120228
2013-09-17,Train,0.010999390855431557,0.01671554820317889
2013-09-18,Train,-0.001463473541662097,0.004287025315238058
2013-09-19,Train,-0.0014287163503468037,-0.009811305399960668
2013-09-20,Train,-0.005419343709945679,0.005190576948951087
2013-09-23,Train,-0.006570438854396343,-0.001141747623931932
2013-09-24,Train,-0.0033353068865835667,-0.02042370383045344
2013-09-25,Train,-0.0030238095205277205,-0.0201119431105089
2013-09-26,Train,-0.003981804940849543,-0.007073355709807383
2013-09-27,Train,0.006065973546355963,0.002023569782811707
2013-09-30,Train,0.015842881053686142,0.0115365579842226
2013-10-01,Train,0.0020266142673790455,-0.002510001850855925
2013-10-02,Train,0.0070198047906160355,0.009165043484674396
2013-10-03,Train,0.02526172250509262,0.02693083186373157
2013-10-04,Train,0.022795291617512703,0.03463476003969213
2013-10-07,Train,0.03545917570590973,0.04559314280775495
2013-10-08,Train,0.06118033826351166,0.06772851132948277
2013-10-09,Train,0.05202595889568329,0.06456213788747456
2013-10-10,Train,0.04393232986330986,0.04706776389154443
2013-10-11,Train,0.04326247423887253,0.04632081299317714
2013-10-14,Train,0.03614349663257599,0.03922793855750983
2013-10-15,Train,0.04344787448644638,0.04504270320149462
2013-10-16,Train,0.03411668539047241,0.03234643185316943
2013-10-17,Train,0.01836366578936577,0.02412177963846251
2013-10-18,Train,0.0034444904886186123,0.00803403555028459
2013-10-21,Train,0.00647701695561409,0.007287725747320062
2013-10-22,Train,0.001203031511977315,0.006913277330768519
2013-10-23,Train,0.012180928140878677,0.01281272838144187
2013-10-24,Train,0.001831156201660633,-0.01056973809977557
2013-10-25,Train,0.0014924858696758747,-0.004342588705974593
2013-10-28,Train,-0.0018732156604528427,-0.006150440401564539
2013-10-29,Train,-0.0003700440574903041,-0.006260494321584598
2013-10-30,Train,0.008505363017320633,0.006748584429250526
2013-10-31,Train,0.0039521814323961735,0.01219956667546129
2013-11-01,Train,0.007420635316520929,0.01388723052509699
2013-11-04,Train,0.0025295261293649673,0.00253224507053984
2013-11-05,Train,0.00541260838508606,-0.001445376078529681
2013-11-06,Train,0.0012459403369575739,-0.003614494599491702
2013-11-07,Train,0.034223321825265884,0.02578583510765475
2013-11-08,Train,0.020706309005618095,0.01756720295806802
2013-11-11,Train,0.024270817637443542,0.02159930469843285
2013-11-12,Train,0.025774313136935234,0.02532101180892354
2013-11-13,Train,0.018375063315033913,0.02011013031798425
2013-11-14,Train,0.017351187765598297,0.02303102905597454
2013-11-15,Train,0.013972001150250435,0.01810391006473999
2013-11-18,Train,0.01576829142868519,0.02730339534671167
2013-11-19,Train,0.02263616770505905,0.03124241604606137
2013-11-20,Train,0.02462657354772091,0.0324062926731794
2013-11-21,Train,0.0191851407289505,0.02944696022879056
2013-11-22,Train,0.022208336740732193,0.02809859114628677
2013-11-25,Train,0.019539451226592064,0.02494356115006213
2013-11-26,Train,0.013834236189723015,0.006498913737535306
2013-11-27,Train,-0.0018333307234570384,-0.003050952035979382
2013-11-29,Train,-0.0016908325487747788,-0.01026484134321837
2013-12-02,Train,0.0010953455930575728,-0.001871825641387215
2013-12-03,Train,0.002373466268181801,-0.003044164911396807
2013-12-04,Train,0.0024738931097090244,0.007603246486386661
2013-12-05,Train,0.005114955361932516,0.006090469538403642
2013-12-06,Train,0.006358031649142504,0.005813953488372103
2013-12-09,Train,0.010472176596522331,0.01227568276455693
2013-12-10,Train,0.012308867648243904,0.01344299478974875
2013-12-11,Train,0.024739431217312813,0.0300539745177506
2013-12-12,Train,0.02674759551882744,0.03013179833074675
2013-12-13,Train,0.0295320563018322,0.02993519105721654
2013-12-16,Train,0.02443888783454895,0.03094232769680372
2013-12-17,Train,0.025864409282803535,0.0248971823746027
2013-12-18,Train,0.009933112189173698,0.005804504336461402
2013-12-19,Train,0.009300577454268932,0.00488938488340751
2013-12-20,Train,0.0038463084492832422,0.00716766181019679
2013-12-23,Train,-0.0050658974796533585,-0.001144103641754879
2013-12-24,Train,-0.006749404594302177,-0.004917099144443382
2013-12-26,Train,-0.008181183598935604,-0.005014757496288991
2013-12-27,Train,-0.0071778371930122375,-0.01725313716583154
2013-12-30,Train,0.002492968924343586,0.002975193249186159
2013-12-31,Train,0.0014253524132072926,0.00466125132306594
2014-01-02,Train,0.006396980956196785,0.01271915495644471
2014-01-03,Train,0.01307937502861023,0.01431207147397195
2014-01-06,Train,0.015398798510432243,0.0258341446341237
2014-01-07,Train,0.012443283572793007,0.01905413200621098
2014-01-08,Train,0.011554602533578873,0.01340059364398272
2014-01-09,Train,0.001387462136335671,-0.003217637210966129
2014-01-10,Train,0.003841516561806202,-0.01603667212988391
2014-01-13,Train,0.005589673295617104,-0.001860291339790265
2014-01-14,Train,-0.02470891922712326,-0.03103252907417275
2014-01-15,Train,-0.02327009290456772,-0.02116105792080403
2014-01-16,Train,-0.02176244929432869,-0.02387418732658941
2014-01-17,Train,-0.028650185093283653,-0.04085112027869342
2014-01-21,Train,-0.03461882472038269,-0.04110671105816721
2014-01-22,Train,-0.0404602587223053,-0.04606889382886992
2014-01-23,Train,-0.028246689587831497,-0.03062846531475438
2014-01-24,Train,0.008204867132008076,0.006456135598110091
2014-01-27,Train,0.024214398115873337,0.02211876009462577
2014-01-28,Train,0.029422249644994736,0.03436231368747178
2014-01-29,Train,0.046476006507873535,0.04756859650312673
2014-01-30,Train,0.02891230396926403,0.03618493934587241
2014-01-31,Train,0.03372059762477875,0.04103397534804309
2014-02-03,Train,0.06490129977464676,0.07070825744142017
2014-02-04,Train,0.05380222573876381,0.05558819205910437
2014-02-05,Train,0.056483764201402664,0.06328964996854203
2014-02-06,Train,0.04913580045104027,0.04850185175384025
2014-02-07,Train,0.03177154064178467,0.03562428982399601
2014-02-10,Train,0.02575959637761116,0.0285876357584669
2014-02-11,Train,0.018952440470457077,0.01610360648684095
2014-02-12,Train,0.014364270493388176,0.01652243678244503
2014-02-13,Train,0.009780565276741982,0.007921444898243424
2014-02-14,Train,0.001993824727833271,-0.001558839699968839
2014-02-18,Train,0.004000511951744556,0.006204959097991791
2014-02-19,Train,0.01054175104945898,0.01595448342068595
2014-02-20,Train,0.009595056064426899,0.01032759881908341
2014-02-21,Train,0.011264570988714695,0.006671838897865046
2014-02-24,Train,-0.0010982260573655367,0.002212110830009939
2014-02-25,Train,-0.0027433724608272314,-0.0009965268555370832
2014-02-26,Train,-0.004044592380523682,0.003657255783918734
2014-02-27,Train,-0.009565110318362713,-0.01282622325072258
2014-02-28,Train,-0.008660069666802883,-0.01848570109189696
2014-03-03,Train,-0.0034573243465274572,-0.002453454055933224
2014-03-04,Train,-0.009109516628086567,-0.003083347503849532
2014-03-05,Train,-0.010560994036495686,-0.01120136910183944
2014-03-06,Train,-0.010521176271140575,-0.007584110968860136
2014-03-07,Train,-0.017569629475474358,-0.01690046172459203
2014-03-10,Train,-0.01909521594643593,-0.02637677269119665
2014-03-11,Train,-0.017184250056743622,-0.01895365840540753
2014-03-12,Train,-0.017872655764222145,-0.03522520867944745
2014-03-13,Train,-0.015207917429506779,-0.02688173788859238
2014-03-14,Train,-0.010277275927364826,-0.01826993516004005
2014-03-17,Train,-0.0185044314712286,-0.01989937216349846
2014-03-18,Train,-0.018802033737301826,-0.01458079876972329
2014-03-19,Train,-0.01833627186715603,-0.006663688005556501
2014-03-20,Train,-0.01700281724333763,-0.0172776336557271
2014-03-21,Train,-0.030519988387823105,-0.02955053093728055
2014-03-24,Train,-0.024552160874009132,-0.03026522480163751
2014-03-25,Train,-0.027387695387005806,-0.02451706864722325
2014-03-26,Train,-0.0036782536190003157,0.005150474237106462
2014-03-27,Train,-0.02719130925834179,-0.02048801606317785
2014-03-28,Train,-0.021483303979039192,-0.03377372014172353
2014-03-31,Train,-0.022295860573649406,-0.03307860826334719
2014-04-01,Train,-0.04068868234753609,-0.04663149955618495
2014-04-02,Train,-0.04036274179816246,-0.03644903898975349
2014-04-03,Train,-0.029153086245059967,-0.02851353897186237
2014-04-04,Train,0.012919671833515167,0.005441629921995039
2014-04-07,Train,0.018655844032764435,0.02314430925667144
2014-04-08,Train,0.009820403531193733,0.004864556592012681
2014-04-09,Train,-0.001090056262910366,-0.00261903162984356
2014-04-10,Train,0.0268703605979681,0.01280850748330664
2014-04-11,Train,0.03282060846686363,0.02805850188117964
2014-04-14,Train,0.03311782330274582,0.02819402045167418
2014-04-15,Train,0.023448703810572624,0.02751318346769027
2014-04-16,Train,0.011039968580007553,0.01705733598860104
2014-04-17,Train,0.009209026582539082,0.01496520836656079
2014-04-21,Train,0.011937635950744152,0.0127821356190827
2014-04-22,Train,-0.0003677007043734193,-0.008225765231855808
2014-04-23,Train,0.0007365441997535527,-0.002305262479393111
2014-04-24,Train,-0.003610922722145915,-0.01267259992425485
2014-04-25,Train,0.009872492402791977,0.00707739404887775
2014-04-28,Train,0.00993165373802185,0.02035390437590379
2014-04-29,Train,0.01109254825860262,0.01296463063263054
2014-04-30,Train,0.004876269493252039,0.005034928990494736
2014-05-01,Train,0.006370584946125746,-0.005818620962372623
2014-05-02,Train,0.008846421726047993,0.002514587107953714
2014-05-05,Train,0.009301746264100075,0.004206967133833617
2014-05-06,Train,0.016231656074523926,0.01370812665445631
2014-05-07,Train,0.025782668963074684,0.02634009754625399
2014-05-08,Train,0.030575506389141083,0.03179925871012945
2014-05-09,Train,0.03207722678780556,0.0354838029190343
2014-05-12,Train,0.029031112790107727,0.03139517780431689
2014-05-13,Train,0.028066299855709076,0.02752293895093194
2014-05-14,Train,0.038145631551742554,0.0395081538012243
2014-05-15,Train,0.041794680058956146,0.04785400732330825
2014-05-16,Train,0.038203563541173935,0.04001826670696951
2014-05-19,Train,0.03685341402888298,0.03238225339938672
2014-05-20,Train,0.038914237171411514,0.03999996185302734
2014-05-21,Train,0.04112261161208153,0.03883391174978335
2014-05-22,Train,0.04045978933572769,0.04023306290295747
2014-05-23,Train,0.018700020387768745,0.03193149570855036
2014-05-27,Train,0.014116373844444752,0.02098905123197126
2014-05-28,Train,0.016732418909668922,0.02391973258097901
2014-05-29,Train,0.013601158745586872,0.008214676614795247
2014-05-30,Train,0.013123941607773304,0.01106124371082529
2014-06-02,Train,0.011662356555461884,0.01293576287420573
2014-06-03,Train,0.012768726795911789,0.01392845622741579
2014-06-04,Train,0.013404780067503452,0.01584358206755443
2014-06-05,Train,0.013622519560158253,0.006717983968268948
2014-06-06,Train,0.0023927988950163126,-0.0005387098892718489
2014-06-09,Train,0.0032542243134230375,0.0004312767172760523
2014-06-10,Train,0.004555508494377136,-0.00226032402959464
2014-06-11,Train,0.0073685599491000175,0.004306185041524246
2014-06-12,Train,0.01480080932378769,0.01401404935758088
2014-06-13,Train,0.014676148071885109,0.01548960474331484
2014-06-16,Train,0.01942886970937252,0.01634201419149939
2014-06-17,Train,0.02109675295650959,0.02693353786218178
2014-06-18,Train,0.01964198797941208,0.02291058648435995
2014-06-19,Train,0.02129066176712513,0.03002898693535005
2014-06-20,Train,0.020937608554959297,0.0284575521674364
2014-06-23,Train,0.012524823658168316,0.01584223737686297
2014-06-24,Train,0.019508490338921547,0.02437974337250859
2014-06-25,Train,0.017512917518615723,0.01468541894240682
2014-06-26,Train,0.018163887783885002,0.02067709857400457
2014-06-27,Train,0.015720754861831665,0.02229329427083337
2014-06-30,Train,0.012566350400447845,0.01703757226842328
2014-07-01,Train,0.008874112740159035,0.01000628737953213
2014-07-02,Train,0.005326161626726389,-0.005047273766988325
2014-07-03,Train,0.005196436308324337,0.004388775462208283
2014-07-07,Train,0.010970113798975945,0.006183799551880087
2014-07-08,Train,0.017118891701102257,0.02493102504628353
2014-07-09,Train,0.012004613876342773,0.02390484724459219
2014-07-10,Train,0.01522634457796812,0.02598773493875695
2014-07-11,Train,0.017428738996386528,0.01542984436338912
2014-07-14,Train,0.010341630317270756,0.00970367634298519
2014-07-15,Train,0.01434086263179779,0.01141237894996494
2014-07-16,Train,0.010715484619140625,0.01136723301932596
2014-07-17,Train,0.010012377984821796,0.004227371431764437
2014-07-18,Train,-0.01037806086242199,-0.01508535722225912
2014-07-21,Train,-0.010134922340512276,-0.007083336512247684
2014-07-22,Train,-0.01569363661110401,-0.0209088527036454
2014-07-23,Train,-0.01179480366408825,-0.02787212403890071
2014-07-24,Train,-0.011190938763320446,-0.02985998191789552
2014-07-25,Train,-0.010785850696265697,-0.019020016317157
2014-07-28,Train,-0.01152290403842926,-0.01353722852162165
2014-07-29,Train,-0.010185248218476772,-0.01221532426309402
2014-07-30,Train,-0.00446157343685627,-0.005671303698903118
2014-07-31,Train,0.026240123435854912,0.02010107061236943
2014-08-01,Train,0.03415149077773094,0.02883704879830784
2014-08-04,Train,0.02697833441197872,0.02968948636293756
2014-08-05,Train,0.03826192393898964,0.04345069002508439
2014-08-06,Train,0.041349343955516815,0.0442234495729048
2014-08-07,Train,0.03909022733569145,0.04967098540163728
2014-08-08,Train,0.037915103137493134,0.04373025773605721
2014-08-11,Train,0.02722913958132267,0.04127385794252669
2014-08-12,Train,0.024420734494924545,0.04275835159659991
2014-08-13,Train,0.023848265409469604,0.03204393164068842
2014-08-14,Train,0.022937314584851265,0.02558550860544218
2014-08-15,Train,0.021744949743151665,0.02443528969335396
2014-08-18,Train,0.016275042667984962,0.01956187609879012
2014-08-19,Train,0.006142365280538797,0.00790280073767824
2014-08-20,Train,0.0061211842112243176,0.006990906410747844
2014-08-21,Train,0.004986302461475134,0.01001008946911375
2014-08-22,Train,0.008661944419145584,0.01039877584616189
2014-08-25,Train,0.006774419452995062,-0.00150906965368458
2014-08-26,Train,0.005727739538997412,0.005728640148987107
2014-08-27,Train,0.004553453531116247,0.004722681235499016
2014-08-28,Train,-0.004388386849313974,0.000704151415808596
2014-08-29,Train,-0.00461289519444108,-0.01262780268235386
2014-09-02,Train,-0.005768855568021536,-0.006895197796647268
2014-09-03,Train,-0.00187120761256665,0.0005025675580638822
2014-09-04,Train,-0.0017935760552063584,0.008954617115543906
2014-09-05,Train,-0.004573722369968891,0.0009010308122445743
2014-09-08,Train,-0.010153057053685188,-0.01029175420116013
2014-09-09,Train,-0.002599268453195691,-0.004735528672071831
2014-09-10,Train,-0.0060895392671227455,-0.002298424679074818
2014-09-11,Train,-0.010844359174370766,-0.0225022507057705
2014-09-12,Train,-0.009452776983380318,-0.00703663604759952
2014-09-15,Train,-0.006189115811139345,0.001319578636238772
2014-09-16,Train,-0.01340219471603632,-0.005936771525422158
2014-09-17,Train,-0.01422247476875782,-0.02330955212778318
2014-09-18,Train,-0.019105084240436554,-0.03061427734538458
2014-09-19,Train,-0.017115246504545212,-0.01810367200655583
2014-09-22,Train,-0.016003049910068512,-0.01100458287432438
2014-09-23,Train,-0.019040046259760857,-0.02237294099800946
2014-09-24,Train,-0.01722913235425949,-0.01392227003839452
2014-09-25,Train,-0.02254308946430683,-0.00900345071261932
2014-09-26,Train,-0.039169829338788986,-0.04393598290669587
2014-09-29,Train,-0.0477428212761879,-0.05767868579214963
2014-09-30,Train,-0.04768255725502968,-0.05891284179459355
2014-10-01,Train,-0.04740088805556297,-0.04978907914282371
2014-10-02,Train,-0.03944426029920578,-0.05575556239060853
2014-10-03,Train,-0.042026352137327194,-0.05266372889248727
2014-10-06,Train,-0.03964141383767128,-0.03644344352990192
2014-10-07,Train,-0.006508112419396639,0.003106586442019887
2014-10-08,Train,-0.015626784414052963,-0.02112741763469694
2014-10-09,Train,0.02122616209089756,0.009911202544118813
2014-10-10,Train,0.05192400887608528,0.04426090848281361
2014-10-13,Train,0.0711597427725792,0.06163945152072081
2014-10-14,Train,0.07184954732656479,0.07755188759605058
2014-10-15,Train,0.07853515446186066,0.08054557313832089
2014-10-16,Train,0.08319765329360962,0.08966113569508494
2014-10-17,Train,0.08224000036716461,0.09032259705246126
2014-10-20,Train,0.06768070161342621,0.07744461919548895
2014-10-21,Train,0.048460640013217926,0.04635075602832028
2014-10-22,Train,0.04935064539313316,0.05188336471410282
2014-10-23,Train,0.041095007210969925,0.03956248986562616
2014-10-24,Train,0.028353869915008545,0.03021695036043126
2014-10-27,Train,0.03109217993915081,0.03313402130076804
2014-10-28,Train,0.023786524310708046,0.02096225262251861
2014-10-29,Train,0.020271699875593185,0.02655046178438392
2014-10-30,Train,0.02232232131063938,0.02879429093654284
2014-10-31,Train,0.023802952840924263,0.0179487146690005
2014-11-03,Train,0.020571492612361908,0.01189780481982705
2014-11-04,Train,0.019433733075857162,0.02288871034781037
2014-11-05,Train,0.023499660193920135,0.01815129020456374
2014-11-06,Train,0.021836312487721443,0.01947089861345952
2014-11-07,Train,0.0230429545044899,0.02234256207237184
2014-11-10,Train,0.023298118263483047,0.02667714049751635
2014-11-11,Train,0.022052127867937088,0.02502930767644806
2014-11-12,Train,0.021003087982535362,0.02986528973195623
2014-11-13,Train,0.01758648455142975,0.03022352346194479
2014-11-14,Train,0.014424801804125309,0.0154039558136696
2014-11-17,Train,0.021075377240777016,0.02254396669192249
2014-11-18,Train,0.013248526491224766,0.01678238675393473
2014-11-19,Train,0.01841898076236248,0.02092824029909646
2014-11-20,Train,0.017250454053282738,0.0164946379345543
2014-11-21,Train,-0.0010665692389011383,0.007316785277171389
2014-11-24,Train,-0.009578652679920197,0.002674806825378129
2014-11-25,Train,-0.00931699201464653,-0.01459365540576529
2014-11-26,Train,-0.022546518594026566,-0.0163001672292189
2014-11-28,Train,-0.02756321057677269,-0.03150649844335451
2014-12-01,Train,-0.023274723440408707,-0.03053140943404031
2014-12-02,Train,-0.026869814842939377,-0.0498907139838467
2014-12-03,Train,-0.020460085943341255,-0.03433878941437774
2014-12-04,Train,-0.01596670411527157,-0.01062923713948905
2014-12-05,Train,-0.010605573654174805,-0.01005881178801582
2014-12-08,Train,-0.007299686782062054,-0.0004778306764378071
2014-12-09,Train,-0.0036309408023953438,-0.007145579330620988
2014-12-10,Train,0.012445030733942986,0.00958286241951134
2014-12-11,Train,0.008951994590461254,0.01194602916486653
2014-12-12,Train,0.01928790658712387,0.02288885279080399
2014-12-15,Train,0.02391798235476017,0.02667059411666384
2014-12-16,Train,0.03416677936911583,0.03270650663405505
2014-12-17,Train,0.01653827726840973,0.01119842195946519
2014-12-18,Train,-0.019085310399532318,-0.02705035678488454
2014-12-19,Train,-0.021724458783864975,-0.04074003079402677
2014-12-22,Train,-0.02345160022377968,-0.03078983710389416
2014-12-23,Train,-0.023366965353488922,-0.008732329341805345
2014-12-24,Train,-0.027902454137802124,-0.0161073850049851
2014-12-26,Train,-0.0338481180369854,-0.03322541730151141
2014-12-29,Train,-0.033410608768463135,-0.03332698640141385
2014-12-30,Train,-0.031053554266691208,-0.03220859490204031
2014-12-31,Train,-0.01853131502866745,-0.03486681330867891
2015-01-02,Train,-0.015159288421273232,-0.02059454727319188
2015-01-05,Train,0.006934852339327335,0.001873237117564708
2015-01-06,Train,0.020141877233982086,0.02068551714936473
2015-01-07,Train,0.02040441893041134,0.02634173394699668
2015-01-08,Train,0.00713714212179184,0.009293311288593564
2015-01-09,Train,0.007955807261168957,0.01481189439080421
2015-01-12,Train,0.004347688052803278,-0.001083216219063043
2015-01-13,Train,0.004029099363833666,-0.005910150649734769
2015-01-14,Train,0.011256318539381027,0.009211572044465433
2015-01-15,Train,0.012569865211844444,0.01455089740129734
2015-01-16,Train,0.013255033642053604,0.01150568999822088
2015-01-20,Train,0.011946011334657669,0.01318634424004372
2015-01-21,Train,0.0072005861438810825,0.007147085973133294
2015-01-22,Train,-0.0026724098715931177,-0.002595372933140272
2015-01-23,Train,-0.0033372545149177313,-0.01083833550411772
2015-01-26,Train,-0.004749099723994732,-0.01286725893743212
2015-01-27,Train,0.035986050963401794,0.02917980099795847
2015-01-28,Train,0.03568165749311447,0.03824812406248479
2015-01-29,Train,0.04123435169458389,0.0403376252328167
2015-01-30,Train,0.04756847023963928,0.05746790579304983
2015-02-02,Train,0.048008810728788376,0.04932338315082907
2015-02-03,Train,0.04084138199687004,0.04079258561561239
2015-02-04,Train,0.04902885854244232,0.04685524998670587
2015-02-05,Train,0.03492998331785202,0.04481497137763868
2015-02-06,Train,0.047676824033260345,0.05226412812175063
2015-02-09,Train,0.0478891059756279,0.056420187258585
2015-02-10,Train,0.04189709201455116,0.03764368053387046
2015-02-11,Train,0.04538440331816673,0.0391295907796021
2015-02-12,Train,0.026582349091768265,0.02264152382904627
2015-02-13,Train,0.01347735058516264,0.02310348430175946
2015-02-17,Train,0.01249869167804718,0.01738155848257694
2015-02-18,Train,0.001695294282399118,0.01203801084404899
2015-02-19,Train,0.0008403753163293004,0.008821589067741664
2015-02-20,Train,-0.005542152561247349,-0.009224240994555988
2015-02-23,Train,-0.01204392034560442,-0.007371871057041623
2015-02-24,Train,-0.0153636634349823,-0.02651931209837222
2015-02-25,Train,-0.01889140158891678,-0.02972400227339478
2015-02-26,Train,-0.02104480378329754,-0.0282879709713022
2015-02-27,Train,-0.01882435567677021,-0.02822882975013385
2015-03-02,Train,-0.023784024640917778,-0.02450174046874953
2015-03-03,Train,-0.023919429630041122,-0.01837053320054949
2015-03-04,Train,-0.006251769606024027,-0.0048870336026825
2015-03-05,Train,-0.007475983817130327,-0.005154616731773531
2015-03-06,Train,0.002828004537150264,0.0104272886975294
2015-03-09,Train,0.004826451186090708,0.005569982058315937
2015-03-10,Train,0.014793762005865574,0.02090426654327238
2015-03-11,Train,0.005654418375343084,0.003329830388057564
2015-03-12,Train,-0.0025298369582742453,-0.006616300164890121
2015-03-13,Train,-0.0003214022726751864,0.001708755567053633
2015-03-16,Train,-0.0071201748214662075,0.0002812222075878612
2015-03-17,Train,-0.009084300138056278,-0.0118836365661229
2015-03-18,Train,-0.015207520686089993,-0.02659372837177609
2015-03-19,Train,-0.017554719001054764,-0.02738711171655583
2015-03-20,Train,-0.017156805843114853,-0.02349576569653211
2015-03-23,Train,-0.020983947440981865,-0.02326437084717625
2015-03-24,Train,-0.0158805213868618,-0.01195219968386751
2015-03-25,Train,0.012527821585536003,0.01754218177680111
2015-03-26,Train,0.012870045378804207,0.02521409671125174
2015-03-27,Train,0.020754124969244003,0.0185747420036142
2015-03-30,Train,0.007559099700301886,0.004122503496418517
2015-03-31,Train,0.01834828034043312,0.02121210128917261
2015-04-01,Train,0.02471795305609703,0.02513088351218529
2015-04-02,Train,0.02532603219151497,0.008466508432215303
2015-04-06,Train,0.019627118483185768,0.0152858564434224
2015-04-07,Train,0.019758081063628197,0.02136100606471958
2015-04-08,Train,0.022059323266148567,0.01884848225557634
2015-04-09,Train,0.01577163115143776,0.01630789339124217
2015-04-10,Train,0.019854247570037842,0.02589327995849033
2015-04-13,Train,0.016088122501969337,0.02586526509554243
2015-04-14,Train,0.01647319830954075,0.02677990851560619
2015-04-15,Train,0.009030601941049099,0.01400224580404519
2015-04-16,Train,-0.001926233060657978,-0.0005572029587512795
2015-04-17,Train,0.01972360722720623,0.0286765480074298
2015-04-20,Train,0.0037820355501025915,0.01514874447888159
2015-04-21,Train,0.0007971692830324173,-0.005645017806157226
2015-04-22,Train,-0.012012769468128681,-0.01785552152932246
2015-04-23,Train,-0.013819639571011066,-0.01567943446499653
2015-04-24,Train,-0.013738778419792652,-0.01673600921656249
2015-04-27,Train,-0.012797108851373196,-0.01804829906229577
2015-04-28,Train,-0.012675284408032894,-0.0205380054291836
2015-04-29,Train,-0.009129277430474758,-0.01234566523053571
2015-04-30,Train,0.010161067359149456,0.01811766819100979
2015-05-01,Train,0.008010424673557281,0.004860144561805502
2015-05-04,Train,0.013063723221421242,0.007598591743588567
2015-05-05,Train,0.030965358018875122,0.02317362088305575
2015-05-06,Train,0.03261629492044449,0.03092496560838209
2015-05-07,Train,0.028627660125494003,0.03008852727382427
2015-05-08,Train,0.006878821179270744,0.01637683999737183
2015-05-11,Train,0.008017396554350853,0.008589640103543239
2015-05-12,Train,0.029646703973412514,0.02950454946364878
2015-05-13,Train,0.020193874835968018,0.02509258411548765
2015-05-14,Train,0.005180522799491882,0.004289114919232784
2015-05-15,Train,0.005700286477804184,0.007665598867078849
2015-05-18,Train,0.0006117218872532248,9.087894287063136e-05
2015-05-19,Train,-0.0012562288902699947,0.00418409199797698
2015-05-20,Train,-0.006342844106256962,-0.004090578755552188
2015-05-21,Train,-0.012469181790947914,-0.01157531884700513
2015-05-22,Train,-0.009783415123820305,-0.02063907625692663
2015-05-26,Train,-0.0032448642887175083,-0.01089738869292955
2015-05-27,Train,-0.014686930924654007,-0.01324802841413175
2015-05-28,Train,-0.011488290503621101,-0.009574542203590553
2015-05-29,Train,-0.011128868907690048,-0.01181283976108938
2015-06-01,Train,-0.014441443607211113,-0.02001448216917467
2015-06-02,Train,-0.0036608262453228235,-0.01153808164429504
2015-06-03,Train,-0.00677083432674408,-0.01177538979882242
2015-06-04,Train,0.004908732138574123,0.01031402800285908
2015-06-05,Train,0.010408056899905205,0.005397953535383193
2015-06-08,Train,0.022545963525772095,0.02319987475917928
2015-06-09,Train,0.022135691717267036,0.02573834574866996
2015-06-10,Train,0.006312602199614048,0.006667306340090384
2015-06-11,Train,0.004392869770526886,0.003191960503881042
2015-06-12,Train,0.006261629983782768,0.004781578327047509
2015-06-15,Train,-0.0003923791227862239,-0.01404673002427292
2015-06-16,Train,-0.009078453294932842,-0.01590076570228227
2015-06-17,Train,-0.011992520652711391,-0.01081576830136877
2015-06-18,Train,-0.02115822769701481,-0.02475386604688612
2015-06-19,Train,-0.02963649109005928,-0.01992904225652903
2015-06-22,Train,-0.023511523380875587,-0.02466120869737221
2015-06-23,Train,-0.03550934046506882,-0.04242264228538339
2015-06-24,Train,-0.035125624388456345,-0.0380149010615255
2015-06-25,Train,-0.027992598712444305,-0.02136362249200996
2015-06-26,Train,-0.012792536057531834,0.002470982710312652
2015-06-29,Train,0.03560459241271019,0.03346142668601826
2015-06-30,Train,0.041433706879615784,0.03091433238094754
2015-07-01,Train,0.03633599728345871,0.0372498548986977
2015-07-02,Train,0.051499225199222565,0.05224640619816401
2015-07-06,Train,0.053298190236091614,0.05831018186295234
2015-07-07,Train,0.05063876137137413,0.0550153040126784
2015-07-08,Train,0.056720126420259476,0.06155157539918954
2015-07-09,Train,0.04692792892456055,0.05819106139752273
2015-07-10,Train,0.03746567666530609,0.03204827588797388
2015-07-13,Train,0.006438573822379112,0.005842608949236494
2015-07-14,Train,0.008300337009131908,0.007890396338942507
2015-07-15,Train,0.008914490230381489,0.01059979912532216
2015-07-16,Train,-0.003120655659586191,0.001250664522021161
2015-07-17,Train,-0.020305877551436424,-0.01443788575157634
2015-07-20,Train,-0.023273473605513573,-0.02088089851479835
2015-07-21,Train,-0.017770273610949516,-0.02212276526595514
2015-07-22,Train,-0.013858646154403687,-0.003285408786702027
2015-07-23,Train,-0.008505452424287796,-0.01559714837432014
2015-07-24,Train,-0.006522770971059799,-0.00711071940933794
2015-07-27,Train,-0.0029408682603389025,0.01261571415681995
2015-07-28,Train,-0.01443544588983059,-0.008908466554821914
2015-07-29,Train,-0.00933392159640789,-0.009233584764793745
2015-07-30,Train,-0.011130960658192635,-0.01552467402513857
2015-07-31,Train,-0.004894617013633251,-0.01286283922524334
2015-08-03,Train,-0.011526137590408325,-0.001523281104566787
2015-08-04,Train,-0.008273523300886154,-0.004758046343486422
2015-08-05,Train,-0.01486202422529459,-0.01888643872233431
2015-08-06,Train,-0.03887298330664635,-0.03051150031961258
2015-08-07,Train,-0.05326211452484131,-0.07170697314641195
2015-08-10,Train,-0.08112794905900955,-0.1175047113579919
2015-08-11,Train,-0.08223564177751541,-0.1094062385921017
2015-08-12,Train,-0.07023267447948456,-0.06777052199846789
2015-08-13,Train,-0.060499157756567,-0.04259558731404645
2015-08-14,Train,-0.05511853098869324,-0.04424938281713475
2015-08-17,Train,-0.07033751904964447,-0.0638966411835441
2015-08-18,Train,-0.07433885335922241,-0.08848996486184157
2015-08-19,Train,-0.06049356982111931,-0.05656947137847779
2015-08-20,Train,-0.01863064616918564,-0.03446023887100924
2015-08-21,Train,0.01340126246213913,-0.002343729103450043
2015-08-24,Train,0.05355430766940117,0.06682918842411789
2015-08-25,Train,0.05729244276881218,0.05882357516443371
2015-08-26,Train,0.01241216342896223,0.01902357670285149
2015-08-27,Train,-0.0019464652286842465,-0.0006626249075033508
2015-08-28,Train,0.0034329378977417946,-0.003503150321533255
2015-08-31,Train,0.025117933750152588,0.02089924605693927
2015-09-01,Train,0.05963316187262535,0.05977232165979385
2015-09-02,Train,0.020579790696501732,0.03108754263814473
2015-09-03,Train,0.021349722519516945,0.01895733722839044
2015-09-04,Train,0.03289220854640007,0.03445572158267218
2015-09-08,Train,-0.008532128296792507,-0.008948994984893432
2015-09-09,Train,-0.008721642196178436,0.003081067715614116
2015-09-10,Train,-0.016575530171394348,-0.011334363617721
2015-09-11,Train,-0.030475039035081863,-0.02510184269716187
2015-09-14,Train,-0.031843990087509155,-0.04997626732760541
2015-09-15,Train,-0.048315152525901794,-0.06592165258606675
2015-09-16,Train,-0.045938365161418915,-0.04977116802621739
2015-09-17,Train,-0.04503011703491211,-0.04583213066924807
2015-09-18,Train,-0.019003883004188538,-0.01271947183008071
2015-09-21,Train,-0.001685991999693215,-0.001703257992581308
2015-09-22,Train,0.015649015083909035,0.008645547925753672
2015-09-23,Train,0.01677663065493107,0.01391818913413978
2015-09-24,Train,0.01790372096002102,0.0216762999407436
2015-09-25,Train,0.02989751286804676,0.03507579357342849
2015-09-28,Train,0.07037360221147537,0.06800683265362606
2015-09-29,Train,0.07287972420454025,0.06665323385999966
2015-09-30,Train,0.04549657553434372,0.04097875473079049
2015-10-01,Train,0.05088360980153084,0.05331634595146495
2015-10-02,Train,0.040430329740047455,0.03951543626514264
2015-10-05,Train,0.0298159122467041,0.03071088022530355
2015-10-06,Train,0.03238389268517494,0.03028571719215023
2015-10-07,Train,0.01978318765759468,0.01789263882222891
2015-10-08,Train,0.04764917492866516,0.03451198422812474
2015-10-09,Train,0.0545266792178154,0.05866892022545134
2015-10-12,Train,0.05572142079472542,0.05674686306433596
2015-10-13,Train,0.05912023410201073,0.06578702598790409
2015-10-14,Train,0.06376965343952179,0.07637115372967052
2015-10-15,Train,0.05581696704030037,0.05730471137618065
2015-10-16,Train,0.05634681507945061,0.04818718971626512
2015-10-19,Train,0.045851148664951324,0.05398200167279765
2015-10-20,Train,0.058285344392061234,0.06313553163049779
2015-10-21,Train,0.06132575869560242,0.0697544664635521
2015-10-22,Train,0.03828107938170433,0.0455746973085851
2015-10-23,Train,-0.003913853317499161,0.01782232805449757
2015-10-26,Train,0.00043061451287940145,0.00638016154575527
2015-10-27,Train,0.0014631635276600718,0.001768632339969267
2015-10-28,Train,-0.008928846567869186,-0.007717920358941588
2015-10-29,Train,-0.010842605493962765,-0.01581162579293027
2015-10-30,Train,-0.016064273193478584,-0.0307950713560099
2015-11-02,Train,-0.023875869810581207,-0.02783354353388012
2015-11-03,Train,-0.01849820464849472,-0.03060607083800815
2015-11-04,Train,-0.016198385506868362,-0.01208484985408165
2015-11-05,Train,-0.01557703223079443,-0.008717635846754668
2015-11-06,Train,-0.006443941965699196,-0.00270056238453964
2015-11-09,Train,0.008637776598334312,0.005106998614186953
2015-11-10,Train,0.007849829271435738,0.006797354173362358
2015-11-11,Train,0.010965995490550995,0.008927012035346404
2015-11-12,Train,0.02352774515748024,0.02026059107923306
2015-11-13,Train,0.029103489592671394,0.03805535728822518
2015-11-16,Train,0.01912122219800949,0.03356673446981318
2015-11-17,Train,0.0215219184756279,0.02654945861681246
2015-11-18,Train,-0.004533413797616959,-0.009856509233998167
2015-11-19,Train,0.0014125172747299075,0.01257585363371128
2015-11-20,Train,-0.006584499962627888,0.001222915666869273
2015-11-23,Train,-0.008126015774905682,0.004204955945009248
2015-11-24,Train,-0.01297783199697733,-0.01017100947891203
2015-11-25,Train,-0.011871831491589546,-0.006570302146075457
2015-11-27,Train,-0.016110412776470184,-0.03079342768126736
2015-11-30,Train,-0.013925072737038136,-0.02096123013518592
2015-12-01,Train,-0.01702902279794216,-0.02474822866346738
2015-12-02,Train,-0.007273521274328232,-0.004106540881090082
2015-12-03,Train,0.0022102531511336565,-0.001688760446170723
2015-12-04,Train,-0.027492815628647804,-0.04611774871236574
2015-12-07,Train,-0.023337505757808685,-0.03114639338054526
2015-12-08,Train,-0.02276895008981228,-0.02486258869762048
2015-12-09,Train,-0.009032183326780796,-0.002480279748522607
2015-12-10,Train,-0.008346585556864738,-0.007142902796200001
2015-12-11,Train,0.009560384787619114,0.01570536916139398
2015-12-14,Train,0.011858880519866943,0.02391835406282872
2015-12-15,Train,0.009469449520111084,0.008547761600402604
2015-12-16,Train,-0.014461787417531013,-0.01859977789211975
2015-12-17,Train,-0.014743517152965069,-0.02510683495803256
2015-12-18,Train,-0.020855143666267395,-0.004734628642370731
2015-12-21,Train,-0.045446787029504776,-0.02512382565380922
2015-12-22,Train,-0.06494942307472229,-0.06181782168702854
2015-12-23,Train,-0.07680568844079971,-0.07636975781465849
2015-12-24,Train,-0.07678983360528946,-0.07336348499423606
2015-12-28,Train,-0.06737304478883743,-0.06211675055181409
2015-12-29,Train,-0.09103796631097794,-0.1084864496483336
2015-12-30,Train,-0.08217798918485641,-0.0812218347391056
2015-12-31,Train,-0.08280139416456223,-0.0985160398027134
2016-01-04,Train,-0.07075747847557068,-0.07707764786672378
2016-01-05,Train,-0.06426745653152466,-0.07830937471209176
2016-01-06,Train,-0.04262209311127663,-0.06844636537864557
2016-01-07,Train,-0.022422881796956062,-0.01048923500244192
2016-01-08,Train,-0.014336456544697285,-0.01711372697565627
2016-01-11,Train,-0.019061801955103874,-0.01131026823028913
2016-01-12,Train,-0.035195451229810715,-0.04699639038702086
2016-01-13,Train,0.007609686814248562,0.0009813392799185028
2016-01-14,Train,-0.006399867590516806,0.0005765115669231768
2016-01-15,Train,0.025035694241523743,0.03540269192649026
2016-01-19,Train,0.014314222149550915,0.01078571139538353
2016-01-20,Train,0.008282800205051899,0.009032294412996356
2016-01-21,Train,0.008579778485000134,0.00793260350879521
2016-01-22,Train,-0.049814607948064804,-0.05444727839703456
2016-01-25,Train,-0.0448431670665741,-0.05487626358344511
2016-01-26,Train,-0.058296337723731995,-0.06621426786252771
2016-01-27,Train,-0.045603785663843155,-0.03867567427750207
2016-01-28,Train,-0.04250749945640564,-0.05343134262982541
2016-01-29,Train,-0.052430737763643265,-0.05867666159139373
2016-02-01,Train,-0.044853366911411285,-0.04003448097466844
2016-02-02,Train,-0.015641603618860245,0.003426318833998465
2016-02-03,Train,0.0016766858752816916,-0.003246132393930679
2016-02-04,Train,0.013312507420778275,-0.0001967955943005251
2016-02-05,Train,0.041589610278606415,0.05258862503338646
2016-02-08,Train,0.06331729888916016,0.05133511636800403
2016-02-09,Train,0.06675216555595398,0.06468026761495471
2016-02-10,Train,0.06746291369199753,0.07105176278540992
2016-02-11,Train,0.06958039849996567,0.0712583846292556
2016-02-12,Train,0.058518216013908386,0.04570499398451555
2016-02-16,Train,0.05248667672276497,0.05547238723313019
2016-02-17,Train,0.028297485783696175,0.03248782274199691
2016-02-18,Train,0.0326162725687027,0.04243556049206987
2016-02-19,Train,0.03565620630979538,0.03975205180271191
2016-02-22,Train,0.015450620092451572,0.01684738462756763
2016-02-23,Train,0.03302784264087677,0.02530025249555101
2016-02-24,Train,0.019991323351860046,0.0221355102439218
2016-02-25,Train,0.018303565680980682,0.01062192091008152
2016-02-26,Train,0.032173726707696915,0.02958520303166456
2016-02-29,Train,0.0347319096326828,0.04068290896532023
2016-03-01,Train,0.012797280214726925,0.007940224318188305
2016-03-02,Train,0.014972375705838203,0.01653595360220894
2016-03-03,Train,0.014119605533778667,0.01789263882222891
2016-03-04,Train,0.01698855683207512,0.0160878641723714
2016-03-07,Train,0.023025739938020706,0.02637596992004676
2016-03-08,Train,0.031237754970788956,0.0381181100579886
2016-03-09,Train,0.025037076324224472,0.02299183046294528
2016-03-10,Train,0.02433883771300316,0.02484233119764734
2016-03-11,Train,0.019464347511529922,0.005822168832937624
2016-03-14,Train,0.02514610067009926,0.02024940188607038
2016-03-15,Train,0.028300510719418526,0.02560258301841123
2016-03-16,Train,0.017266737297177315,0.01505851542679437
2016-03-17,Train,0.014767139218747616,0.02641372819897958
2016-03-18,Train,0.015187238343060017,0.02393591905636816
2016-03-21,Train,0.011898939497768879,0.0101122212508824
2016-03-22,Train,0.0165434330701828,0.02358486272276661
2016-03-23,Train,0.021362727507948875,0.01725261975384873
2016-03-24,Train,0.018050333485007286,0.01622224341893608
2016-03-28,Train,0.020077448338270187,0.01391091266248701
2016-03-29,Train,0.015197403728961945,0.006248279828492409
2016-03-30,Train,0.017228400334715843,0.01417340017471713
2016-03-31,Train,0.01938685216009617,0.01575092736969919
2016-04-01,Train,0.00020114044309593737,0.002537140066585009
2016-04-04,Train,0.002651634393259883,0.01173368097944927
2016-04-05,Train,0.003673338098451495,0.01533804041575149
2016-04-06,Train,-0.010678322054445744,-0.0002710651467715541
2016-04-07,Train,0.004299927037209272,0.01439310293793228
2016-04-08,Train,-0.0018431278876960278,-0.000183455440976199
2016-04-11,Train,-0.002233134815469384,0.003499124200292192
2016-04-12,Train,-0.006499822251498699,-0.009679528511647995
2016-04-13,Train,-0.030482657253742218,-0.030024359580761
2016-04-14,Train,-0.03514756262302399,-0.04183194614357211
2016-04-15,Train,-0.02846599742770195,-0.04446853033339437
2016-04-18,Train,-0.03986264020204544,-0.04054663310364215
2016-04-19,Train,-0.0439993292093277,-0.04360017694949836
2016-04-20,Train,-0.04440195858478546,-0.05052418988366003
2016-04-21,Train,-0.04463493078947067,-0.05088120022750975
2016-04-22,Train,-0.03130222111940384,-0.03119839806522262
2016-04-25,Train,-0.02584466151893139,-0.02844564147573403
2016-04-26,Train,-0.021673183888196945,-0.01032729505489993
2016-04-27,Train,-0.00940400455147028,-0.01134040899738076
2016-04-28,Train,-0.0068317195400595665,-0.003669546425742021
2016-04-29,Train,-0.004930309019982815,-0.00208098011883151
2016-05-02,Train,-0.0045227473601698875,0.0009370171755742618
2016-05-03,Train,0.008225115947425365,-0.002364513308072302
2016-05-04,Train,0.01948750577867031,0.007710590528918537
2016-05-05,Train,0.014262513257563114,0.002761387590907827
2016-05-06,Train,0.007187472656369209,0.00842962089612942
2016-05-09,Train,0.009135535918176174,0.004250137790990483
2016-05-10,Train,0.008035457693040371,0.010528251506011
2016-05-11,Train,0.03706904873251915,0.02707782283650784
2016-05-12,Train,0.03763532266020775,0.03465859089715018
2016-05-13,Train,0.034750137478113174,0.04388622989021762
2016-05-16,Train,0.022493582218885422,0.03295259926158711
2016-05-17,Train,0.03963295742869377,0.04616984226581722
2016-05-18,Train,0.03822348266839981,0.04458720190335597
2016-05-19,Train,0.03585474565625191,0.04510492935257293
2016-05-20,Train,0.03174091875553131,0.03747532467383574
2016-05-23,Train,0.03448525071144104,0.03620801662580875
2016-05-24,Train,0.011108639650046825,0.0176102127810438
2016-05-25,Train,0.009229482151567936,0.008696490261940859
2016-05-26,Train,-0.003832256654277444,-0.005658955193531434
2016-05-27,Train,-0.009310253895819187,-0.01906836036042781
2016-05-31,Train,-0.014501499943435192,-0.02093526948759283
2016-06-01,Train,-0.021558450534939766,-0.02383323325586406
2016-06-02,Train,-0.026739783585071564,-0.0229698035220508
2016-06-03,Train,-0.026807639747858047,-0.03243685057255818
2016-06-06,Train,-0.028592942282557487,-0.02987502670391717
2016-06-07,Train,-0.022267496213316917,-0.02432383642905001
2016-06-08,Train,-0.02023795247077942,-0.02835919910230711
2016-06-09,Train,-0.01875416375696659,-0.01288688417168282
2016-06-10,Train,-0.0228254571557045,-0.04268405931402397
2016-06-13,Train,-0.026126191020011902,-0.05378133503882987
2016-06-14,Train,-0.02056645043194294,-0.03304637355516093
2016-06-15,Train,-0.012968839146196842,-0.01308952512189887
2016-06-16,Train,-0.011902186088263988,-0.00462791554760289
2016-06-17,Train,0.001988588133826852,0.01493101698921251
2016-06-20,Train,-0.0003990792902186513,0.002426227117868773
2016-06-21,Train,0.0009297501528635621,0.007441888853561007
2016-06-22,Train,0.011755994521081448,0.01286837849964861
2016-06-23,Train,0.008614848367869854,0.01406643795082752
2016-06-24,Train,0.06204702705144882,0.06366860994686063
2016-06-27,Train,0.0850272849202156,0.0906867201366155
2016-06-28,Train,0.05619744956493378,0.06471378705224695
2016-06-29,Train,0.04534300044178963,0.05333464329368232
2016-06-30,Train,0.0426575168967247,0.03961318672088066
2016-07-01,Train,0.04072960466146469,0.04126571991962313
2016-07-05,Train,0.045230068266391754,0.04384657572852491
2016-07-06,Train,0.04161234572529793,0.04746075018291518
2016-07-07,Train,0.03916922211647034,0.04198119539025003
2016-07-08,Train,0.0315711610019207,0.03037169883439739
2016-07-11,Train,0.027769682928919792,0.02461014468063794
2016-07-12,Train,0.027600552886724472,0.02062968065142678
2016-07-13,Train,0.03040839359164238,0.03021039897027178
2016-07-14,Train,0.027045033872127533,0.02679049750014362
2016-07-15,Train,0.027706345543265343,0.03067978722315301
2016-07-18,Train,0.02748950570821762,0.0293228664965115
2016-07-19,Train,0.027042444795370102,0.02523857933090623
2016-07-20,Train,0.021949324756860733,0.01674888800770047
2016-07-21,Train,0.023961322382092476,0.0220003344853823
2016-07-22,Train,0.022201983258128166,0.02754067057979981
2016-07-25,Train,0.01818542182445526,0.02630650859961481
2016-07-26,Train,0.017337216064333916,0.02750678643320814
2016-07-27,Train,0.019941939041018486,0.01780416200843904
2016-07-28,Train,0.01785602606832981,0.0186119266582836
2016-07-29,Train,0.015971815213561058,0.01709618618344044
2016-08-01,Train,0.016839971765875816,0.01605663561077963
2016-08-02,Train,0.016422932967543602,0.01818027125895694
2016-08-03,Train,0.015100907534360886,0.01664648742241281
2016-08-04,Train,0.013227403163909912,0.01400538404276519
2016-08-05,Train,0.011549346148967743,0.004110321647123438
2016-08-08,Train,0.0061513567343354225,0.006000831025166242
2016-08-09,Train,-0.0027143722400069237,0.005473823124113153
2016-08-10,Train,-0.002994314068928361,0.001543477113158165
2016-08-11,Train,-0.005353638902306557,-0.004354526334276021
2016-08-12,Train,-0.00662444531917572,-0.003583602217419823
2016-08-15,Train,-0.003465954912826419,-0.006457047804089067
2016-08-16,Train,-0.0024044320452958345,-0.004186292015279869
2016-08-17,Train,-0.004329700954258442,-0.006993004263052605
2016-08-18,Train,-0.0036814510822296143,-0.004689257800875368
2016-08-19,Train,-0.00012978652375750244,-0.001193922796332458
2016-08-22,Train,-0.0008964737062342465,0.00426075847039975
2016-08-23,Train,-0.0003508564841467887,0.003062271332322286
2016-08-24,Train,-0.0004639471007976681,0.003681509365930813
2016-08-25,Train,-0.005605999380350113,-0.01998114929130579
2016-08-26,Train,-0.0015813696663826704,-0.003853373462459397
2016-08-29,Train,-0.0045692166313529015,-0.01410981265119826
2016-08-30,Train,-0.001418827916495502,-0.006177086786066432
2016-08-31,Train,0.0071478309109807014,0.01030571043526085
2016-09-01,Train,0.003257818752899766,0.00471135053813887
2016-09-02,Train,0.0011211351957172155,-0.002903039270079621
2016-09-06,Train,-0.0072243353351950645,-0.007212545482618293
2016-09-07,Train,-0.0060516465455293655,0.001950503396413339
2016-09-08,Train,0.003580823540687561,0.01586618551305374
2016-09-09,Train,0.0278227087110281,0.03543929904636567
2016-09-12,Train,0.020416690036654472,0.008682149840440578
2016-09-13,Train,0.022551238536834717,0.02784282295933549
2016-09-14,Train,0.022883884608745575,0.02468923256876931
2016-09-15,Train,0.009564056992530823,0.001700076073442913
2016-09-16,Train,0.013919923454523087,0.01219200523500441
2016-09-19,Train,0.012467663735151291,0.01515674165921244
2016-09-20,Train,0.005941398441791534,0.01170942518446183
2016-09-21,Train,0.004273390397429466,0.005416837760330084
2016-09-22,Train,0.0016021463088691235,-0.003022864993090013
2016-09-23,Train,-0.0010916227474808693,0.001183126742855256
2016-09-26,Train,-0.0011014986084774137,0.0160218590547665
2016-09-27,Train,-0.0037646982818841934,-0.008270070522646389
2016-09-28,Train,-0.004639706574380398,-0.01078347777763633
2016-09-29,Train,-0.002075943863019347,-0.007128278716863168
2016-09-30,Train,-0.006543504539877176,-0.01330864062338943
2016-10-03,Train,-0.007941564545035362,-0.01459302667565765
2016-10-04,Train,-0.00720453355461359,-0.004308542066374099
2016-10-05,Train,-0.008204374462366104,-0.007913144491636936
2016-10-06,Train,-0.006608105730265379,-0.008590956317878096
2016-10-07,Train,-0.006933723110705614,-0.002701103161365515
2016-10-10,Train,-0.006383812986314297,0.00293573620648746
2016-10-11,Train,0.0023633388336747885,0.01421039692004089
2016-10-12,Train,0.003473955439403653,0.008175771584422842
2016-10-13,Train,0.002913983538746834,0.007179455879407159
2016-10-14,Train,0.0012593247229233384,-0.0003414795606604404
2016-10-17,Train,0.0053657181560993195,0.001455214598437005
2016-10-18,Train,-0.013464829884469509,-0.01484812481704922
2016-10-19,Train,-0.013544204644858837,-0.02265590329669476
2016-10-20,Train,-0.016285335645079613,-0.03109333158764449
2016-10-21,Train,-0.02680753730237484,-0.03808717682508322
2016-10-24,Train,-0.022088652476668358,-0.02692984217547434
2016-10-25,Train,-0.021351991221308708,-0.01745114345540189
2016-10-26,Train,-0.01567094586789608,-0.006166546244939952
2016-10-27,Train,-0.010078069753944874,-0.01773588257672576
2016-10-28,Train,-0.013543547131121159,-0.01110158359780489
2016-10-31,Train,-0.017611607909202576,-0.02017266991576228
2016-11-01,Train,0.0024485718458890915,0.000947382738552438
2016-11-02,Train,0.020264916121959686,0.01501999784988595
2016-11-03,Train,0.02928980626165867,0.03252958338623624
2016-11-04,Train,0.026985611766576767,0.03229210840010088
2016-11-07,Train,0.01711946725845337,0.01882253949400226
2016-11-08,Train,0.005667082034051418,0.01528478273587441
2016-11-09,Train,0.005847894586622715,0.006544807760984428
2016-11-10,Train,0.024656327441334724,0.0263499183737177
2016-11-11,Train,0.021437885239720345,0.02357509201721575
2016-11-14,Train,0.03330658748745918,0.03759927847210842
2016-11-15,Train,0.008788199163973331,0.01101358428714994
2016-11-16,Train,-0.0006369397160597146,-0.01231718754853617
2016-11-17,Train,-0.011811242438852787,-0.01749325026000903
2016-11-18,Train,-0.0023498532827943563,-0.006137071450528553
2016-11-21,Train,-0.0023593921214342117,-0.0140037426125238
2016-11-22,Train,-0.005332421977072954,-0.00454163926490625
2016-11-23,Train,-0.0025740189012140036,0.001266690830926231
2016-11-25,Train,6.05972163612023e-05,0.005892230052698011
2016-11-28,Train,-0.0024773916229605675,0.003627776171468922
2016-11-29,Train,0.006025153212249279,0.01277952422958117
2016-11-30,Train,0.015943750739097595,0.02306382199551194
2016-12-01,Train,0.03893148526549339,0.04269507450470056
2016-12-02,Train,0.03243575245141983,0.03370787924587026
2016-12-05,Train,0.03391611948609352,0.02993137143603075
2016-12-06,Train,0.025028135627508163,0.03139977656213122
2016-12-07,Train,0.014405841939151287,0.01774246758442
2016-12-08,Train,0.01371582131832838,0.0130724724276563
2016-12-09,Train,0.005311163142323494,0.005857715048051881
2016-12-12,Train,0.009892196394503117,0.01563551298475363
2016-12-13,Train,-0.0018343572737649083,-0.004814891544602795
2016-12-14,Train,-0.0016422484768554568,-0.004159387769803069
2016-12-15,Train,0.0029886530246585608,-0.01594682844362449
2016-12-16,Train,0.007947380654513836,-0.0005016518341071086
2016-12-19,Train,0.010739210061728954,0.0008327596516386482
2016-12-20,Train,0.008738634176552296,0.002654497608654882
2016-12-21,Train,0.00850492250174284,0.01220323121264744
2016-12-22,Train,0.015607225708663464,0.01839826035581349
2016-12-23,Train,0.0172151830047369,0.01996673533121918
2016-12-27,Train,0.01616491936147213,0.0174640011230025
2016-12-28,Train,0.018342694267630577,0.02385719616180615
2016-12-29,Train,0.02036045677959919,0.02881968594120732
2016-12-30,Train,0.034244000911712646,0.03637742603373684
2017-01-03,Train,0.025329239666461945,0.02927890223518803
2017-01-04,Train,0.023015696555376053,0.02321325284012277
2017-01-05,Train,0.024889487773180008,0.01969055348172621
2017-01-06,Train,0.018574003130197525,0.01164601136218502
2017-01-09,Train,0.01900782622396946,0.01512301517559078
2017-01-10,Train,0.01864181086421013,0.02308321261237256
2017-01-11,Train,0.014607343822717667,0.02139426703724845
2017-01-12,Train,0.016744110733270645,0.0249307906244598
2017-01-13,Train,0.015560762956738472,0.01347836946537506
2017-01-17,Train,0.015970081090927124,0.01449628443704798
2017-01-18,Train,0.017308183014392853,0.01942457226808125
2017-01-19,Train,0.017182104289531708,0.01902745384628979
2017-01-20,Train,0.01929645799100399,0.01971602681684215
2017-01-23,Train,0.020159956067800522,0.02010541862676951
2017-01-24,Train,0.019228095188736916,0.01699146887716352
2017-01-25,Train,0.012655209749937057,0.008530652094561608
2017-01-26,Train,0.016170552000403404,0.01115006015531006
2017-01-27,Train,0.015199367888271809,0.01255957204555957
2017-01-30,Train,0.026295794174075127,0.02627789149744264
2017-01-31,Train,0.02780386060476303,0.03178934811089351
2017-02-01,Train,0.025602029636502266,0.03077408093411083
2017-02-02,Train,0.030552340671420097,0.03135972163059364
2017-02-03,Train,0.03347177803516388,0.03286121294867539
2017-02-06,Train,0.0346323624253273,0.03671616506364295
2017-02-07,Train,0.0332261361181736,0.03333596527003468
2017-02-08,Train,0.026523591950535774,0.02774699214890064
2017-02-09,Train,0.024849172681570053,0.02599240269502223
2017-02-10,Train,0.02150033973157406,0.02386560669709681
2017-02-13,Train,0.012693396769464016,0.01498827539004011
2017-02-14,Train,0.015261746011674404,0.02264065735429011
2017-02-15,Train,0.012800555676221848,0.01152452293710393
2017-02-16,Train,0.01230964157730341,0.01369442377145802
2017-02-17,Train,0.004270786419510841,0.007087267438935507
2017-02-21,Train,0.004222149960696697,0.0004599276350887305
2017-02-22,Train,0.00242050108499825,0.001839122552981243
2017-02-23,Train,0.004986281041055918,0.0063841386518253
2017-02-24,Train,0.006157565396279097,0.008674995627711235
2017-02-27,Train,0.004468927159905434,0.009124386275981555
2017-02-28,Train,0.008008573204278946,0.009767643223657974
2017-03-01,Train,0.004032189957797527,0.005021330263620394
2017-03-02,Train,0.007931715808808804,0.009405075233368088
2017-03-03,Train,0.006818894296884537,0.005113708953573326
2017-03-06,Train,0.006376856938004494,0.008261316196365387
2017-03-07,Train,0.0024748756550252438,-0.005363550514941751
2017-03-08,Train,0.00020072946790605783,-0.0003824617535328478
2017-03-09,Train,0.004217294976115227,-0.003668570322330811
2017-03-10,Train,0.003733971854671836,-0.005784264482581403
2017-03-13,Train,0.003116972278803587,-0.005850651689765063
2017-03-14,Train,-0.00121218035928905,0.002665900840994162
2017-03-15,Train,-0.0005243183695711195,0.001135457150295949
2017-03-16,Train,-0.001093209837563336,0.003484635504953149
2017-03-17,Train,0.0008996390388347208,0.005239596238243438
2017-03-20,Train,0.0018230396090075374,0.003717513862681265
2017-03-21,Train,0.015193565748631954,0.02079960711056517
2017-03-22,Train,0.008379545994102955,0.009794159885112563
2017-03-23,Train,0.0071610803715884686,0.0128873325246659
2017-03-24,Train,0.010218165814876556,0.01025795213812275
2017-03-27,Train,0.004045178648084402,0.00901870962700868
2017-03-28,Train,-0.0018888248596340418,-0.001443348847517512
2017-03-29,Train,-0.004770765546709299,-0.01005672462045137
2017-03-30,Train,-0.008079012855887413,-0.01562623465798862
2017-03-31,Train,-0.007080248557031155,-0.00679867897021269
2017-04-03,Train,-0.00626436248421669,-0.00770978268278566
2017-04-04,Train,-0.004277012776583433,-0.00769744967138497
2017-04-05,Train,-4.279742279322818e-05,0.004698000389881329
2017-04-06,Train,0.010191133245825768,0.003938233102860567
2017-04-07,Train,0.019599732011556625,0.0165946989554373
2017-04-10,Train,0.027232231572270393,0.0235570406734209
2017-04-11,Train,0.033931631594896317,0.02655006142402749
2017-04-12,Train,0.03638923540711403,0.0368927734387976
2017-04-13,Train,0.04451576992869377,0.0428681890975946
2017-04-17,Train,0.042536940425634384,0.04350472624410839
2017-04-18,Train,0.04090126231312752,0.0468463890437989
2017-04-19,Train,0.04190411418676376,0.04182827416708812
2017-04-20,Train,0.03546784445643425,0.03356208666679406
2017-04-21,Train,0.03310075029730797,0.03756786224545472
2017-04-24,Train,0.02493443712592125,0.02742987906477357
2017-04-25,Train,0.02182420715689659,0.02360691427616457
2017-04-26,Train,0.018486084416508675,0.02564096185325426
2017-04-27,Train,0.020003892481327057,0.01871081610410918
2017-04-28,Train,0.01743086241185665,0.01919259140321716
2017-05-01,Train,0.014184148982167244,0.01341105232374562
2017-05-02,Train,0.01741216704249382,0.01593540390104509
2017-05-03,Train,0.0018377549713477492,-0.006715805037260325
2017-05-04,Train,0.009989485144615173,0.001605379680979402
2017-05-05,Train,0.005880200304090977,0.002181205950284593
2017-05-08,Train,0.009186306037008762,0.00841558105722684
2017-05-09,Train,0.0058103278279304504,0.005928224566296159
2017-05-10,Train,0.00732048973441124,0.009971133986065528
2017-05-11,Train,0.015005120076239109,0.01937962300009066
2017-05-12,Train,0.014101463370025158,0.01890328284134934
2017-05-15,Train,0.013793538324534893,0.01654202504904179
2017-05-16,Train,0.006667584180831909,0.01196102440444591
2017-05-17,Train,0.04019375145435333,0.04240456164541473
2017-05-18,Train,0.03578466549515724,0.04516984157916792
2017-05-19,Train,0.0342872254550457,0.04055424032504851
2017-05-22,Train,0.023596256971359253,0.02776978856368029
2017-05-23,Train,0.029033096507191658,0.03076037658524888
2017-05-24,Train,0.021735412999987602,0.0271140977108324
2017-05-25,Train,0.0029136519879102707,-0.007022809708386868
2017-05-26,Train,-0.00938478671014309,-0.01409152723383722
2017-05-30,Train,-0.009020662866532803,-0.006933605157285139
2017-05-31,Train,-0.008921482600271702,-0.01089952126343519
2017-06-01,Train,-0.019811825826764107,-0.01910597521888246
2017-06-02,Train,-0.031312245875597,-0.03701388936899819
2017-06-05,Train,-0.028994910418987274,-0.02070686825333401
2017-06-06,Train,-0.02250525914132595,-0.02449950990512872
2017-06-07,Train,-0.020858872681856155,-0.01868632485006927
2017-06-08,Train,-0.02124769426882267,-0.01999031991058775
2017-06-09,Train,-0.0037003764882683754,0.009001355937154898
2017-06-12,Train,0.0007933498709462583,0.009696230301963649
2017-06-13,Train,-0.008468962274491787,-0.01660018396211693
2017-06-14,Train,-0.00036422183620743454,0.001932052039076426
2017-06-15,Train,-0.0046654934994876385,-0.01106884561830501
2017-06-16,Train,-0.0003768724563997239,-0.003691599923037803
2017-06-19,Train,-0.020108073949813843,-0.0304001428759676
2017-06-20,Train,-0.013136440888047218,-0.01313147117565927
2017-06-21,Train,-0.02187027968466282,-0.03161867296678056
2017-06-22,Train,-0.01755858026444912,-0.020895540193137
2017-06-23,Train,-0.02214268036186695,-0.01826679220272021
2017-06-26,Train,-0.01668631099164486,-0.01088347388937716
2017-06-27,Train,0.016804374754428864,0.01934360785740874
2017-06-28,Train,0.004508507903665304,0.007070348551401207
2017-06-29,Train,0.030068092048168182,0.03292389635778603
2017-06-30,Train,0.03675165772438049,0.03305727311780271
2017-07-03,Train,0.05586262792348862,0.05103162364089342
2017-07-05,Train,0.04068685322999954,0.04689883665739658
2017-07-06,Train,0.05590028315782547,0.05781792700120603
2017-07-07,Train,0.04012109711766243,0.04609470351859324
2017-07-10,Train,0.037308547645807266,0.04406462172928105
2017-07-11,Train,0.0344291627407074,0.03847530188643833
2017-07-12,Train,0.019982071593403816,0.02963751428139183
2017-07-13,Train,0.021607648581266403,0.02092058947557951
2017-07-14,Train,0.013073691166937351,0.01210245764000262
2017-07-17,Train,0.01332822721451521,0.007314109770561128
2017-07-18,Train,0.008262758143246174,0.002934177523656434
2017-07-19,Train,0.004897644277662039,-0.0002083538004379326
2017-07-20,Train,-0.0002639973536133766,-0.005410271132713973
2017-07-21,Train,-0.005047517828643322,-0.003192052681416424
2017-07-24,Train,-0.006567732896655798,-0.001450623110240135
2017-07-25,Train,-0.006338569801300764,-0.0006232433635360302
2017-07-26,Train,-0.0075423214584589005,-0.005177055465442004
2017-07-27,Train,-0.0091322660446167,-0.02035292996612559
2017-07-28,Train,-0.007904579862952232,-0.01209670660924955
2017-07-31,Train,-0.0008698329911567271,0.004887223131485374
2017-08-01,Train,-0.0020059114322066307,0.003273901007913471
2017-08-02,Train,-0.0038952939212322235,0.002292475429320984
2017-08-03,Train,-0.0030691202264279127,-0.01436639631328751
2017-08-04,Train,-0.006060163024812937,-0.01684648988352333
2017-08-07,Train,-0.013684740290045738,-0.02428053795043295
2017-08-08,Train,-0.007623722311109304,-0.00769177901136664
2017-08-09,Train,-0.011130508035421371,-0.00992223649895696
2017-08-10,Train,0.01610512286424637,0.008792494532348316
2017-08-11,Train,-0.002072593430057168,-0.0009148830206087144
2017-08-14,Train,-0.007811272982507944,-0.01056061343027948
2017-08-15,Train,-0.006429052911698818,-0.007359560977418522
2017-08-16,Train,-0.003495425684377551,0.002564424177418312
2017-08-17,Train,0.03173112869262695,0.03445832487152356
2017-08-18,Train,0.03325789049267769,0.03377472503548917
2017-08-21,Train,0.017033817246556282,0.02580644672735488
2017-08-22,Train,0.018652211874723434,0.01347770932752113
2017-08-23,Train,0.020987987518310547,0.01948278598171904
2017-08-24,Train,0.02081153728067875,0.0136360608922943
2017-08-25,Train,0.0234063733369112,0.02747054915088398
2017-08-28,Train,0.01826239377260208,0.02675372137222598
2017-08-29,Train,0.019977502524852753,0.02413091500864173
2017-08-30,Train,0.005636200308799744,0.006291072938175102
2017-08-31,Train,0.002733007073402405,-0.0009575881844785528
2017-09-01,Train,-0.005450138822197914,-0.003082170878371149
2017-09-05,Train,-0.0039430600591003895,0.007671577798203932
2017-09-06,Train,0.0006380470003932714,0.001515890672509679
2017-09-07,Train,-0.004325539339333773,-0.006942974485190212
2017-09-08,Train,-0.0008289724355563521,0.0007627807033516731
2017-09-11,Train,-0.01327899843454361,-0.02104608328096091
2017-09-12,Train,-0.015595659613609314,-0.02085900031661314
2017-09-13,Train,-0.01420523039996624,-0.0133860912415571
2017-09-14,Train,-0.0026693399995565414,-0.007900480322703074
2017-09-15,Train,-0.0016648866003379226,-0.004176370125618112
2017-09-18,Train,0.003333692206069827,0.0002061063460521151
2017-09-19,Train,0.002815225860103965,0.0006172588203490204
2017-09-20,Train,0.0103373434394598,0.004678311986426653
2017-09-21,Train,0.02556777372956276,0.0207669933585295
2017-09-22,Train,0.025891700759530067,0.02314298897163458
2017-09-25,Train,0.03300804644823074,0.03284315364969825
2017-09-26,Train,0.033190179616212845,0.03094229231841417
2017-09-27,Train,0.022698475047945976,0.02478185245662168
2017-09-28,Train,0.025604674592614174,0.0232670904033303
2017-09-29,Train,0.017684491351246834,0.01986936713843201
2017-10-02,Train,0.015538976527750492,0.02246190569674389
2017-10-03,Train,0.01481704693287611,0.02159156837112075
2017-10-04,Train,0.014868480153381824,0.01937959223934405
2017-10-05,Train,0.00829413440078497,0.005764212708710081
2017-10-06,Train,0.009763824753463268,0.00711095100715653
2017-10-09,Train,0.00870465487241745,0.001695030108406881
2017-10-10,Train,0.004621601663529873,0.002642272178328575
2017-10-11,Train,0.00488817784935236,-0.004120512280573752
2017-10-12,Train,0.010102636180818081,-0.005481474826922628
2017-10-13,Train,0.0162081029266119,0.01954974536110798
2017-10-16,Train,0.016966840252280235,0.0183405818985356
2017-10-17,Train,0.01627766340970993,0.02086688640934686
2017-10-18,Train,0.01805119402706623,0.02176545398279917
2017-10-19,Train,0.026252729818224907,0.02359921824297273
2017-10-20,Train,0.022280732169747353,0.03066369008622027
2017-10-23,Train,0.03685537725687027,0.04095023397876263
2017-10-24,Train,0.035883579403162,0.03979998088398284
2017-10-25,Train,0.04700712859630585,0.04795501373839617
2017-10-26,Train,0.044828157871961594,0.04579474292378372
2017-10-27,Train,0.01583833061158657,0.01613321273469182
2017-10-30,Train,0.013923387043178082,0.01510748950039686
2017-10-31,Train,0.01181433629244566,0.007624079583588905
2017-11-01,Train,0.00980304554104805,0.003221500425460322
2017-11-02,Train,0.010519321076571941,0.01798297721785658
2017-11-03,Train,0.003696070984005928,0.004436567213585096
2017-11-06,Train,0.0012238473864272237,0.0002601505082806543
2017-11-07,Train,0.0015160037437453866,0.01052765184418347
2017-11-08,Train,0.006025826558470726,0.007702281174150505
2017-11-09,Train,0.00902226846665144,0.01672192090965385
2017-11-10,Train,0.012270222418010235,0.0163327035739802
2017-11-13,Train,0.012754172086715698,0.01767726851899609
2017-11-14,Train,0.01127223577350378,0.003587522408951882
2017-11-15,Train,0.025445720180869102,0.01677696847783494
2017-11-16,Train,-0.0011687858495861292,-0.0003234618554447399
2017-11-17,Train,0.0015587161760777235,-0.008054499895780332
2017-11-20,Train,0.0018637822940945625,-0.006630723918089609
2017-11-21,Train,-0.007896999828517437,-0.01286173633440513
2017-11-22,Train,-0.0077634225599467754,-0.01072643164466403
2017-11-24,Train,-0.007911511696875095,-0.009983345791846343
2017-11-27,Train,-6.426202162401751e-05,-0.001856767657268388
2017-11-28,Train,0.0021582702174782753,-0.00574745461097248
2017-11-29,Train,0.014035004191100597,0.01384378574264211
2017-11-30,Train,0.00775419594720006,0.004705195069586665
2017-12-01,Train,0.017034856602549553,0.02045432255137136
2017-12-04,Train,0.03170783817768097,0.03883172297210535
2017-12-05,Train,0.031543705612421036,0.03200052004302534
2017-12-06,Train,0.027826329693198204,0.02625406370877448
2017-12-07,Train,0.021579446271061897,0.02291909285401861
2017-12-08,Train,0.009319210425019264,0.01725919988116487
2017-12-11,Train,0.0113146947696805,0.00397697498556826
2017-12-12,Train,0.008286145515739918,0.005459508198327967
2017-12-13,Train,0.007778886239975691,0.00474383106812204
2017-12-14,Train,0.008449491113424301,-0.0007698894804807344
2017-12-15,Train,0.012396596372127533,0.00532833256708698
2017-12-18,Train,0.011949696578085423,0.008761972989134614
2017-12-19,Train,0.02059849351644516,0.01655041636562737
2017-12-20,Train,0.02558976039290428,0.02786770407964601
2017-12-21,Train,0.02843700535595417,0.03173595622437042
2017-12-22,Train,0.027797985821962357,0.03297961874842437
2017-12-26,Train,0.03149786219000816,0.03616143782789405
2017-12-27,Train,0.04079397767782211,0.04311997118628952
2017-12-28,Train,0.042659416794776917,0.04951196310318973
2017-12-29,Train,0.048779744654893875,0.05303036759713353
2018-01-02,Train,0.0381724014878273,0.04605960969118406
2018-01-03,Train,0.03823043033480644,0.03618076978746387
2018-01-04,Train,0.040208082646131516,0.03761461462871574
2018-01-05,Train,0.03946429118514061,0.03829049541967744
2018-01-08,Train,0.03141780197620392,0.04281754121445314
2018-01-09,Train,0.03582555800676346,0.0359867506851248
2018-01-10,Train,0.04229030758142471,0.03804423299037274
2018-01-11,Train,0.03246256709098816,0.04678792151250133
2018-01-12,Train,0.01647038199007511,0.0341054193142738
2018-01-16,Train,0.018928363919258118,0.02853306032114911
2018-01-17,Train,0.008087757974863052,0.02177453861235845
2018-01-18,Train,-0.00013618837692774832,0.0129055559952076
2018-01-19,Train,-0.006965587381273508,-0.01040035929798189
2018-01-22,Train,-0.04821598529815674,-0.05948132459217315
2018-01-23,Train,-0.048020198941230774,-0.04247535355770327
2018-01-24,Train,-0.05048072338104248,-0.04869067614709111
2018-01-25,Train,-0.05607164651155472,-0.08850613967968413
2018-01-26,Train,-0.0700344368815422,-0.0867605874201085
2018-01-29,Train,-0.06457119435071945,-0.06602005046075088
2018-01-30,Train,-0.05293544754385948,-0.05340838571325068
2018-01-31,Train,-0.0346539132297039,-0.03966943012294044
2018-02-01,Train,-0.017159437760710716,-0.01345564226771612
2018-02-02,Train,0.0037048463709652424,0.002126274844893139
2018-02-05,Train,0.0452766977250576,0.04534529718162084
2018-02-06,Train,0.017271120101213455,0.01546429550477257
2018-02-07,Train,0.025788357481360435,0.02864987295137111
2018-02-08,Train,0.0822812169790268,0.0959270219188606
2018-02-09,Train,0.07593607902526855,0.09160786184393799
2018-02-12,Train,0.059863731265068054,0.05929375249238733
2018-02-13,Train,0.04888426885008812,0.04709126531086505
2018-02-14,Train,0.028577173128724098,0.01106468608801325
2018-02-15,Train,0.007850824855268002,0.001750202475938822
2018-02-16,Train,0.013556315563619137,0.0173981268209189
2018-02-20,Train,0.021649999544024467,0.01966241231780996
2018-02-21,Train,0.027336305007338524,0.02493620415558961
2018-02-22,Train,0.028544262051582336,0.03070386811221471
2018-02-23,Train,0.024111175909638405,0.02967238834212904
2018-02-26,Train,0.010318834334611893,0.02159629146938746
2018-02-27,Train,0.024263205006718636,0.02032214370535712
2018-02-28,Train,0.01636246033012867,0.02673276587784112
2018-03-01,Train,0.03697587922215462,0.04286237375295254
2018-03-02,Train,0.018538398668169975,0.03030302194612577
2018-03-05,Train,-0.005946443881839514,-0.004349614011646796
2018-03-06,Train,-0.012782982550561428,-0.005280642133036473
2018-03-07,Train,-0.012735113501548767,-0.01189838746215788
2018-03-08,Train,-0.024585450068116188,-0.04156362612283837
2018-03-09,Train,-0.07798316329717636,-0.08460388568632915
2018-03-12,Train,-0.06526089459657669,-0.0556066626421845
2018-03-13,Train,-0.07817500084638596,-0.07355427400255588
2018-03-14,Train,-0.08444099128246307,-0.0840516850617089
2018-03-15,Train,-0.07637923955917358,-0.0664606423227021
2018-03-16,Train,-0.07334404438734055,-0.09069120207081272
2018-03-19,Train,-0.05203906446695328,-0.0588869613241304
2018-03-20,Train,-0.045595500618219376,-0.04718156093822667
2018-03-21,Train,-0.04113476723432541,-0.03756293039324654
2018-03-22,Train,-0.026674941182136536,-0.0378992509415601
2018-03-23,Train,-0.002887270413339138,-0.004920817653950804
2018-03-26,Train,-0.00928603857755661,-0.01940381569980953
2018-03-27,Train,0.010957208462059498,0.00754335513219706
2018-03-28,Train,0.028514564037322998,0.0315421730611587
2018-03-29,Train,0.019339604303240776,0.007743647015326482
2018-04-02,Train,0.049661289900541306,0.04559199953137427
2018-04-03,Train,0.042278945446014404,0.05621271719105536
2018-04-04,Train,0.02827463112771511,0.04194313708427222
2018-04-05,Train,0.02437509596347809,0.02651733537176448
2018-04-06,Train,0.03237432241439819,0.03619994887433919
2018-04-09,Train,0.029926713556051254,0.02637420766367926
2018-04-10,Train,0.0011789016425609589,-0.01705849442014473
2018-04-11,Train,-0.008470511063933372,-0.01016973356143458
2018-04-12,Train,-0.010183922946453094,-0.001356274037342176
2018-04-13,Train,0.004209284670650959,0.004461803572468614
2018-04-16,Train,-0.0020407340489327908,-0.01020912422999898
2018-04-17,Train,-0.02105339802801609,-0.01998800242156329
2018-04-18,Train,-0.026281818747520447,-0.02775772079680139
2018-04-19,Train,-0.011033630929887295,-0.01885877473342223
2018-04-20,Train,0.009524686262011528,0.01583482450465579
2018-04-23,Train,0.02861490473151207,0.02687013478235745
2018-04-24,Train,0.04396851360797882,0.04802473992124101
2018-04-25,Train,0.057112935930490494,0.05817845156899604
2018-04-26,Train,0.042595285922288895,0.0471016072923427
2018-04-27,Train,0.04727333411574364,0.04546863188653005
2018-04-30,Train,0.05630543455481529,0.05474088122871268
2018-05-01,Train,0.04137326031923294,0.03126917542733132
2018-05-02,Train,0.0410541407763958,0.04424662019063397
2018-05-03,Train,0.030367953702807426,0.04035845893777901
2018-05-04,Train,0.005020725540816784,0.01570941756162925
2018-05-07,Train,0.013014700263738632,0.01299319256464493
2018-05-08,Train,0.013427810743451118,0.01270539687183359
2018-05-09,Train,0.008084957487881184,0.01024542036381137
2018-05-10,Train,-0.0024680544156581163,-0.0004126404164870312
2018-05-11,Train,0.0009563054190948606,0.001534252900597055
2018-05-14,Train,0.0002733404980972409,-0.004594985445047883
2018-05-15,Train,0.0105961998924613,0.01376063397738925
2018-05-16,Train,0.014514866285026073,0.006450536301570331
2018-05-17,Train,0.026947176083922386,0.02619856005547661
2018-05-18,Train,0.03877229616045952,0.0408455515565449
2018-05-21,Train,0.04078642278909683,0.03824229616875718
2018-05-22,Train,0.04706128314137459,0.04566540771217587
2018-05-23,Train,0.032682325690984726,0.02847869338706066
2018-05-24,Train,0.036175746470689774,0.02884104571885904
2018-05-25,Train,0.03328185901045799,0.0305797926236
2018-05-29,Train,0.04310739412903786,0.04059892620460626
2018-05-30,Train,0.020539142191410065,0.03314146721808009
2018-05-31,Train,0.026581086218357086,0.04427587731528582
2018-06-01,Train,0.019559860229492188,0.02454550248664189
2018-06-04,Train,0.011199773289263248,0.01262189850673101
2018-06-05,Train,0.0028440391179174185,0.006634658467205456
2018-06-06,Train,-0.007049938663840294,0.007904011058934346
2018-06-07,Train,-0.0018609294202178717,0.00733826802633164
2018-06-08,Train,-0.011546230874955654,0.005044742435772909
2018-06-11,Train,-0.013688300736248493,-0.02023902847638404
2018-06-12,Train,-0.0225459523499012,-0.02138426018131256
2018-06-13,Train,-0.023459969088435173,-0.0346377621600793
2018-06-14,Train,-0.028943117707967758,-0.03609236172195429
2018-06-15,Train,-0.021153267472982407,-0.03011640840618068
2018-06-18,Train,-0.020234256982803345,-0.02096315551412009
2018-06-19,Train,-0.015905387699604034,-0.02954543720592151
2018-06-20,Train,-0.018559951335191727,-0.0244287832499559
2018-06-21,Train,0.00565456785261631,-0.0005691542865767785
2018-06-22,Train,0.01155122835189104,0.01066618206175018
2018-06-25,Train,0.03790060430765152,0.03472026828828745
2018-06-26,Train,0.03984894976019859,0.02528035485306979
2018-06-27,Train,0.04995777830481529,0.05732640800832467
2018-06-28,Train,0.0456077978014946,0.04918510455554936
2018-06-29,Train,0.046039383858442307,0.04386833118000544
2018-07-02,Train,0.031196344643831253,0.04322917296746609
2018-07-03,Train,0.04854787513613701,0.05345427084832521
2018-07-05,Train,0.027016131207346916,0.03533426252053284
2018-07-06,Train,0.012414149940013885,0.01924722322797634
2018-07-09,Train,0.009651565924286842,0.013375444915247
2018-07-10,Train,0.011362005956470966,0.01680575008149154
2018-07-11,Train,0.013727503828704357,0.03627711836355751
2018-07-12,Train,-0.0030848821625113487,0.003287620170611794
2018-07-13,Train,-0.0072754016146063805,-0.01107959181783646
2018-07-16,Train,-0.007236630655825138,-0.0227145453275811
2018-07-17,Train,-0.005109681747853756,-0.02119047669431007
2018-07-18,Train,-0.0004442571080289781,-0.01561717152769038
2018-07-19,Train,0.0040117111057043076,0.00279282803669334
2018-07-20,Train,0.0009700137889012694,0.006089705036252724
2018-07-23,Train,0.012053568847477436,0.008799297463451428
2018-07-24,Train,0.00276894005946815,0.008319467413261172
2018-07-25,Train,-0.0015555955469608307,-0.004375905369804811
2018-07-26,Train,0.012055963277816772,0.01033046697487072
2018-07-27,Train,0.021846270188689232,0.01632704219679826
2018-07-30,Train,0.030724477022886276,0.02975276509455504
2018-07-31,Train,0.020120862871408463,0.02833663976467315
2018-08-01,Train,0.01725018583238125,0.0119128312359964
2018-08-02,Train,0.0019909869879484177,0.00161537652143795
2018-08-03,Train,0.008288699202239513,-0.001221686019914237
2018-08-06,Train,-0.005982662551105022,-0.007949665707509879
2018-08-07,Train,-0.0036862266715615988,-0.007920805375323803
2018-08-08,Train,-0.002760334638878703,-0.0052741824598036
2018-08-09,Train,-0.005856034345924854,-0.006101921763540519
2018-08-10,Train,0.004270321689546108,0.01085747512015289
2018-08-13,Train,0.01312572043389082,0.02229363825636854
2018-08-14,Train,0.010013150982558727,0.01741528638884882
2018-08-15,Train,0.028599249199032784,0.04190152287366855
2018-08-16,Train,0.03589530289173126,0.03664773701187074
2018-08-17,Train,0.029241232201457024,0.03775154710936901
2018-08-20,Train,0.031802594661712646,0.03422375770570985
2018-08-21,Train,0.01885109767317772,0.01713238150052043
2018-08-22,Train,0.003102186368778348,0.004142273335430158
2018-08-23,Train,0.006422160193324089,0.001714588237617498
2018-08-24,Train,-0.0037894961424171925,-0.004164809977147743
2018-08-27,Train,-0.010996977798640728,-0.006618212243353239
2018-08-28,Train,-0.012590995989739895,-0.01099614740580335
2018-08-29,Train,-0.014936023391783237,-0.01183467199773691
2018-08-30,Train,-0.014573742635548115,-0.0129821260737264
2018-08-31,Train,-0.014610803686082363,-0.02844895650807611
2018-09-04,Train,-0.014895725063979626,-0.01619590888766753
2018-09-05,Train,-0.0020391156431287527,-0.004088307508730016
2018-09-06,Train,0.011456522159278393,0.01600574061485016
2018-09-07,Train,0.013061712495982647,0.01435594994618428
2018-09-10,Train,0.009457170031964779,0.01194143822566796
2018-09-11,Train,0.004232796840369701,0.005570141435446097
2018-09-12,Train,0.0076253521256148815,0.009256229731939847
2018-09-13,Train,0.005456146318465471,0.007044941529060766
2018-09-14,Train,0.0020009868312627077,0.009783073749816351
2018-09-17,Train,0.00995414424687624,0.02663506081722278
2018-09-18,Train,-0.0016951360739767551,0.01591557493105422
2018-09-19,Train,0.009709776379168034,0.01778872498241313
2018-09-20,Train,-0.011450500227510929,-0.01266780165887293
2018-09-21,Train,-0.01535132434219122,-0.01937843714157395
2018-09-24,Train,-0.02541133016347885,-0.02632006283079624
2018-09-25,Train,-0.029118672013282776,-0.02449220441938083
2018-09-26,Train,-0.04934709891676903,-0.06805235933234288
2018-09-27,Train,-0.06244506314396858,-0.08733786561706214
2018-09-28,Train,-0.06255697458982468,-0.06173629569085182
2018-10-01,Train,-0.05847657471895218,-0.07498518339356552
2018-10-02,Train,-0.05787632614374161,-0.04592193151707602
2018-10-03,Train,-0.04300687834620476,-0.04657167950650642
2018-10-04,Train,-0.03493906185030937,-0.0504441932268983
2018-10-05,Train,-0.02950996160507202,-0.03957807308125905
2018-10-08,Train,-0.029099324718117714,-0.0287070611675031
2018-10-09,Train,-0.030365750193595886,-0.03540611500011215
2018-10-10,Train,-0.02618514746427536,-0.03720957053878104
2018-10-11,Train,-0.000674906128551811,0.008608439873445617
2018-10-12,Train,-0.035983216017484665,-0.04394219447147274
2018-10-15,Train,-0.035792309790849686,-0.05214569790505097
2018-10-16,Train,-0.04436599090695381,-0.06376257179732903
2018-10-17,Train,-0.036148689687252045,-0.04213427855377072
2018-10-18,Train,-0.023069098591804504,-0.006467231577289012
2018-10-19,Train,-0.018427077680826187,-0.0210380262383788
2018-10-22,Train,-0.03493281826376915,-0.0284629799551932
2018-10-23,Train,-0.018212467432022095,-0.01748715129326317
2018-10-24,Train,0.04680781438946724,0.06193302116831712
2018-10-25,Train,0.010456296615302563,0.01987612068162714
2018-10-26,Train,0.020104607567191124,0.02916116946813974
2018-10-29,Train,0.0254508089274168,0.01899164482421534
2018-10-30,Train,0.006168074905872345,0.003314868959905404
2018-10-31,Train,-0.02471885085105896,-0.02720533610127618
2018-11-01,Train,-0.024381956085562706,-0.02307335392906285
2018-11-02,Train,-0.0299898162484169,-0.01109933184919443
2018-11-05,Train,-0.035938624292612076,-0.04083812074509774
2018-11-06,Train,-0.05152994766831398,-0.06508459512179465
2018-11-07,Train,-0.08565802127122879,-0.0866272158289556
2018-11-08,Train,-0.0742369145154953,-0.08741258404862728
2018-11-09,Train,-0.04233542084693909,-0.05031485930412916
2018-11-12,Train,-0.005024190526455641,-0.017375093836552
2018-11-13,Train,0.0007479657069779932,0.01339578128904173
2018-11-14,Train,0.018919913098216057,0.01785712471390921
2018-11-15,Train,0.007313563488423824,0.007614961075517179
2018-11-16,Train,0.014755252748727798,0.02883583182719218
2018-11-19,Train,0.017867526039481163,0.02258425100115202
2018-11-20,Train,0.04960405454039574,0.04856745130484885
2018-11-21,Train,0.02032279781997204,0.006297997109041109
2018-11-23,Train,0.03499717637896538,0.02424471105819848
2018-11-26,Train,-0.0025865258648991585,0.004420168355337761
2018-11-27,Train,-0.010610087774693966,0.009850713327838712
2018-11-28,Train,-0.02657918445765972,-0.02133960231090615
2018-11-29,Train,-0.034439817070961,-0.04204574678594442
2018-11-30,Train,-0.06669267266988754,-0.07049656247049507
2018-12-03,Train,-0.07037384808063507,-0.08071724896600518
2018-12-04,Train,-0.08126172423362732,-0.06752354790598625
2018-12-06,Train,-0.0825602114200592,-0.08748280997609736
2018-12-07,Train,-0.07766135036945343,-0.08557440290463492
2018-12-10,Train,-0.0947151929140091,-0.1200098512616689
2018-12-11,Train,-0.08252379298210144,-0.06814983103043226
2018-12-12,Train,-0.07634942978620529,-0.07270523949179775
2018-12-13,Train,-0.07022097706794739,-0.07347065072309655
2018-12-14,Train,-0.047261543571949005,-0.04233925531843341
2018-12-17,Train,-0.027583345770835876,-0.01619759837136192
2018-12-18,Train,-0.04897002503275871,-0.05428601782683518
2018-12-19,Train,0.016029050573706627,0.01100108044827053
2018-12-20,Train,0.050473861396312714,0.03808525384107386
2018-12-21,Train,0.07973221689462662,0.08097849396989898
2018-12-24,Train,0.10988302528858185,0.1206969151513502
2018-12-26,Train,0.06261511892080307,0.05785118507821396
2018-12-27,Train,0.04990518093109131,0.04991832236073046
2018-12-28,Train,0.056420277804136276,0.04118456561079742
2018-12-31,Train,0.05144573375582695,0.05263847183410042
2019-01-02,Train,0.04864692687988281,0.04823089479081033
2019-01-03,Train,0.07636449486017227,0.0921772586001024
2019-01-04,Train,0.043903473764657974,0.05773541905609214
2019-01-07,Train,0.0206435639411211,0.02435325569422431
2019-01-08,Train,0.015085257589817047,0.01648689539608705
2019-01-09,Train,0.02023758739233017,0.01479908914085115
2019-01-10,Train,0.01812605746090412,0.02399550562052877
2019-01-11,Train,0.022678839042782784,0.01506004189543608
2019-01-14,Train,0.01853661984205246,0.0144409053183876
2019-01-15,Train,0.016888324171304703,0.02032262405306806
2019-01-16,Train,0.032716304063797,0.03578686381378549
2019-01-17,Train,0.02927572838962078,0.02334530313169325
2019-01-18,Train,0.027632370591163635,0.02590014389892215
2019-01-22,Train,0.05045550316572189,0.05613187724373159
2019-01-23,Train,0.049639955163002014,0.05161893734834133
2019-01-24,Train,0.03384492173790932,0.03082107152791247
2019-01-25,Train,0.029785988852381706,0.02064791878979277
2019-01-28,Train,0.040103211998939514,0.03243205975315955
2019-01-29,Train,0.0452396385371685,0.05768392426155855
2019-01-30,Train,0.03389086201786995,0.0321704615323406
2019-01-31,Train,0.015856238082051277,0.01819694036604758
2019-02-01,Train,0.020595582202076912,0.02681400761417696
2019-02-04,Train,0.014896522276103497,0.01622131787767001
2019-02-05,Train,0.009402209892868996,0.007133258664624442
2019-02-06,Train,0.008826700039207935,0.006450802352602425
2019-02-07,Train,0.019910305738449097,0.02770019485500441
2019-02-08,Train,0.0184404868632555,0.02942576403480923
2019-02-11,Train,0.030169714242219925,0.03147270334828955
2019-02-12,Train,0.015641475096344948,0.01579961939192187
2019-02-13,Train,0.017145348712801933,0.01274783933452017
2019-02-14,Train,0.022803597152233124,0.01851418144109918
2019-02-15,Train,0.02396172098815441,0.01442361109878543
2019-02-19,Train,0.01204244326800108,0.01317624964328545
2019-02-20,Train,0.010207672603428364,0.007605210790094352
2019-02-21,Train,0.009432559832930565,-0.001107111332082855
2019-02-22,Train,0.010378452017903328,-0.009948529277432061
2019-02-25,Train,0.007334659807384014,0.006973210150330589
2019-02-26,Train,0.012469164095818996,0.01145656608017687
2019-02-27,Train,0.01684066653251648,0.01970158558151214
2019-02-28,Train,0.021617285907268524,0.02032452348773317
2019-03-01,Train,0.022283880040049553,0.02270776264537466
2019-03-04,Train,0.021090660244226456,0.02310514173606038
2019-03-05,Train,0.022905567660927773,0.02578057818002821
2019-03-06,Train,0.03849296271800995,0.03572249962811314
2019-03-07,Train,0.05060644820332527,0.06498288003491992
2019-03-08,Train,0.04676143079996109,0.04317345018812513
2019-03-11,Train,0.02140079438686371,0.01997370559435097
2019-03-12,Train,0.022173268720507622,0.01912459766441255
2019-03-13,Train,0.013860723935067654,0.005027961229692401
2019-03-14,Train,0.012977355159819126,0.00905433073361439
2019-03-15,Train,0.012208609841763973,0.007345093993624152
2019-03-18,Train,0.012178142555058002,0.02011765984468949
2019-03-19,Train,0.014591907151043415,0.02055287692297592
2019-03-20,Train,0.01457661110907793,0.02236317531878917
2019-03-21,Train,0.009547245688736439,0.006244176720790584
2019-03-22,Train,0.02728622779250145,0.03416222102889499
2019-03-25,Train,0.029287558048963547,0.03877232417674725
2019-03-26,Train,0.03492576628923416,0.03032668295577534
2019-03-27,Train,0.03803231567144394,0.04255203813342212
2019-03-28,Train,0.03793291375041008,0.03768718138473925
2019-03-29,Train,0.03317185118794441,0.03434263633072931
2019-04-01,Train,0.03007403388619423,0.02098444004123001
2019-04-02,Train,0.022631380707025528,0.02063155672636374
2019-04-03,Train,0.02198944427073002,0.01833711578828856
2019-04-04,Train,0.022338364273309708,0.02003153089811227
2019-04-05,Train,0.023183370009064674,0.01765403683626632
2019-04-08,Train,0.02777605876326561,0.02798029784021328
2019-04-09,Train,0.02352110855281353,0.02835001684438665
2019-04-10,Train,0.02284768782556057,0.02701242504912815
2019-04-11,Train,0.02639112062752247,0.03037342676465671
2019-04-12,Train,0.02379135601222515,0.02792876494789409
2019-04-15,Train,0.01784168742597103,0.01979980987676955
2019-04-16,Train,0.01452160906046629,0.01302945134467159
2019-04-17,Train,0.006623244844377041,0.005129611248601895
2019-04-18,Train,0.0037979218177497387,0.01985165287805968
2019-04-22,Train,-0.007199701387435198,0.0107492778423981
2019-04-23,Train,-0.022956931963562965,-0.02138611800557977
2019-04-24,Train,-0.02672765962779522,-0.02076855359216145
2019-04-25,Train,-0.032939691096544266,-0.02997685627442814
2019-04-26,Train,-0.03228539973497391,-0.02963542657941076
2019-04-29,Train,-0.03646973520517349,-0.06512408210222043
2019-04-30,Train,-0.04183705896139145,-0.04748338249866579
2019-05-01,Train,-0.038520462810993195,-0.03091090120303197
2019-05-02,Train,-0.023105142638087273,-0.01690504451784747
2019-05-03,Train,-0.04095001891255379,-0.04222702788156252
2019-05-06,Train,-0.04278407618403435,-0.05259558473600545
2019-05-07,Train,-0.025193754583597183,-0.02367914267630988
2019-05-08,Train,-0.020288828760385513,-0.02556925171317415
2019-05-09,Train,-0.02945995144546032,-0.03528713601611744
2019-05-10,Train,-0.044956810772418976,-0.03697295317778715
2019-05-13,Train,-0.009949257597327232,-0.006103686452651136
2019-05-14,Train,-0.016698652878403664,-0.02498058421708349
2019-05-15,Train,-0.043255604803562164,-0.03451850014659574
2019-05-16,Train,-0.0529584139585495,-0.05937379636838658
2019-05-17,Train,-0.05693179741501808,-0.07058565692115404
2019-05-20,Train,-0.03985852748155594,-0.02800774310422705
2019-05-21,Train,-0.0178859680891037,-0.03090796381561534
2019-05-22,Train,-0.013672957196831703,-0.01883771727779227
2019-05-23,Train,0.02093667909502983,0.01565213624758943
2019-05-24,Train,0.021218476817011833,0.02800847626742753
2019-05-28,Train,0.039270978420972824,0.03329758420424378
2019-05-29,Train,0.038315024226903915,0.03584614896524041
2019-05-30,Train,0.036055851727724075,0.03761947013495881
2019-05-31,Train,0.047514986246824265,0.04995689907365675
2019-06-03,Train,0.07193510979413986,0.08006119660769095
2019-06-04,Train,0.054716043174266815,0.06574809764577938
2019-06-05,Train,0.059316929429769516,0.06185797333396614
2019-06-06,Train,0.049784861505031586,0.0632847556699403
2019-06-07,Train,0.03618798777461052,0.0415930972013725
2019-06-10,Train,0.02765156328678131,0.02735468158659415
2019-06-11,Train,0.01831318810582161,0.008342414559514344
2019-06-12,Train,0.02332082949578762,0.01892068124126234
2019-06-13,Train,0.018173227086663246,0.0167920720848429
2019-06-14,Train,0.027435682713985443,0.02244856612580559
2019-06-17,Train,0.026302997022867203,0.03004239059891201
2019-06-18,Train,0.01994175836443901,0.0193122191620787
2019-06-19,Train,0.01688654161989689,0.02314147729640448
2019-06-20,Train,0.008129463531076908,0.01164944070500207
2019-06-21,Train,0.006424941122531891,0.006045496873150036
2019-06-24,Train,0.011964603327214718,0.01328656436725728
2019-06-25,Train,0.032563090324401855,0.04125888273942357
2019-06-26,Train,0.02934148907661438,0.03568547888691564
2019-06-27,Train,0.029960865154862404,0.03769436342786525
2019-06-28,Train,0.028408721089363098,0.03968077640220247
2019-07-01,Train,0.020646903663873672,0.0205537329734411
2019-07-02,Train,0.008052736520767212,0.01152572235523874
2019-07-03,Train,0.012102749198675156,0.005119074984545113
2019-07-05,Train,0.006681098602712154,-0.0002094139978162657
2019-07-08,Train,0.015344729647040367,0.01486475128158626
2019-07-09,Train,0.011371033266186714,0.01641660318841942
2019-07-10,Train,0.008023151196539402,0.01345033428920006
2019-07-11,Train,0.00577006908133626,0.004573354595086565
2019-07-12,Train,0.0022375464905053377,0.009094168955392945
2019-07-15,Train,0.0010000707115978003,0.002420815016629385
2019-07-16,Train,0.0034064825158566236,0.003261739076989789
2019-07-17,Train,-0.012541153468191624,-0.005723157451572591
2019-07-18,Train,-0.013903266750276089,-0.01179713280356576
2019-07-19,Train,-0.01634259894490242,-0.0191612402941006
2019-07-22,Train,-0.04296094924211502,-0.0612891659823076
2019-07-23,Train,-0.04657753184437752,-0.05433716468398464
2019-07-24,Train,-0.04225544258952141,-0.05585444139068829
2019-07-25,Train,-0.042358655482530594,-0.02607350473539505
2019-07-26,Train,-0.04151427373290062,-0.04506113009116286
2019-07-29,Train,-0.04536166414618492,-0.05276944441134102
2019-07-30,Train,-0.03635735809803009,-0.02781504501807386
2019-07-31,Train,-0.03503367677330971,-0.04364213150344975
2019-08-01,Train,-0.02402058057487011,-0.03996839909899719
2019-08-02,Train,-0.0033521465957164764,-0.009981373445717034
2019-08-05,Train,0.03855206444859505,0.04260497499181248
2019-08-06,Train,0.017924947664141655,0.02024449866350286
2019-08-07,Train,0.01662638783454895,0.02377207534769332
2019-08-08,Train,-0.008499383926391602,-0.00127478084233279
2019-08-09,Train,-0.01462174579501152,-0.02370099221809141
2019-08-12,Train,0.001582189928740263,0.002549504774299827
2019-08-13,Train,-0.014277776703238487,-0.02102025970962862
2019-08-14,Train,0.006277177482843399,0.01274897078729964
2019-08-15,Train,0.020422186702489853,0.02941657095269923
2019-08-16,Train,0.009771944023668766,0.01072894942313507
2019-08-19,Train,-0.008199771866202354,-0.01475348345462302
2019-08-20,Train,0.01496807299554348,0.007273897424572295
2019-08-21,Train,0.0055785952135920525,0.01669932574322597
2019-08-22,Train,0.022784410044550896,0.01898729914002328
2019-08-23,Train,0.04286729171872139,0.0500905956517439
2019-08-26,Train,0.023682989180088043,0.03149005429493368
2019-08-27,Train,0.037303436547517776,0.04337689268395506
2019-08-28,Train,0.03932923078536987,0.04397860257551933
2019-08-29,Train,0.022761506959795952,0.02458490401343028
2019-08-30,Train,0.026158353313803673,0.02245688071512753
2019-09-03,Train,0.03752788156270981,0.03743610253446317
2019-09-04,Train,0.009251348674297333,0.02224819413087986
2019-09-05,Train,-0.0037773456424474716,0.005527153849936184
2019-09-06,Train,-0.005202898755669594,-0.004123353521754747
2019-09-09,Train,-0.004608849063515663,-0.003608988088264264
2019-09-10,Train,-0.004380073398351669,-0.01400544574849749
2019-09-11,Train,-0.008905622176826,-0.01221218590745354
2019-09-12,Train,-0.020579956471920013,-0.01992439543472946
2019-09-13,Train,-0.02684207633137703,-0.02861740261228507
2019-09-16,Train,-0.017076222226023674,-0.01497284655077158
2019-09-17,Train,-0.03214937821030617,-0.02767394424790415
2019-09-18,Train,-0.0361931286752224,-0.04399543441062925
2019-09-19,Train,-0.025829248130321503,-0.03510676800579082
2019-09-20,Train,-0.004336538724601269,-0.0104297980153818
2019-09-23,Train,-0.008077670820057392,-0.01186348822486061
2019-09-24,Train,-0.008618191815912724,-0.01356601072084773
2019-09-25,Train,0.0007865432999096811,-0.01499371883449763
2019-09-26,Train,0.0031369903590530157,-0.00369633640818845
2019-09-27,Train,0.013900578953325748,0.02181469206910092
2019-09-30,Train,0.014051887206733227,0.01207562527820771
2019-10-01,Train,0.02507157064974308,0.0333742716794454
2019-10-02,Train,0.03848783299326897,0.04884536857001232
2019-10-03,Train,0.03356120362877846,0.04019990021554354
2019-10-04,Train,0.02459217980504036,0.01525345543166345
2019-10-07,Train,0.027600299566984177,0.02735865781023583
2019-10-08,Train,0.037212781608104706,0.03467807139503698
2019-10-09,Train,0.02992701716721058,0.0266517417456209
2019-10-10,Train,0.025291388854384422,0.02867290583059146
2019-10-11,Train,0.026821285486221313,0.0237036197207332
2019-10-14,Train,0.02743520215153694,0.03391078083894028
2019-10-15,Train,0.016237987205386162,0.01302185282160262
2019-10-16,Train,0.0215753186494112,0.02046214434527238
2019-10-17,Train,0.02051827497780323,0.0182381747540088
2019-10-18,Train,0.028456274420022964,0.03745627098093429
2019-10-21,Train,0.032314956188201904,0.03469676164767788
2019-10-22,Train,0.04063034430146217,0.04357571198533505
2019-10-23,Train,0.03456687182188034,0.03922585182733163
2019-10-24,Train,0.03357858210802078,0.03266524013351702
2019-10-25,Train,0.025866815820336342,0.02857287035028677
2019-10-28,Train,0.01742839440703392,0.01715847175166285
2019-10-29,Train,0.025764066725969315,0.02805549983860889
2019-10-30,Train,0.026009144261479378,0.0233513920323547
2019-10-31,Train,0.022869519889354706,0.02207220826218359
2019-11-01,Train,0.014250869862735271,0.02031482196467715
2019-11-04,Train,0.01860353909432888,0.0148425843583766
2019-11-05,Train,0.0146940341219306,0.0157833689493676
2019-11-06,Train,0.017311058938503265,0.01196435450225564
2019-11-07,Train,0.0144445039331913,0.006336398337924098
2019-11-08,Train,0.009269638918340206,0.00298169316828889
2019-11-11,Train,0.015663690865039825,0.01622210588138362
2019-11-12,Train,0.014898308552801609,0.01523274499597793
2019-11-13,Train,0.015483040362596512,0.0220744929266401
2019-11-14,Train,0.00943013932555914,0.01821979626262293
2019-11-15,Train,0.0007192844059318304,0.0004435283439276905
2019-11-18,Train,-0.004124061204493046,-0.008174538839992418
2019-11-19,Train,0.006525898352265358,-0.00462212943883189
2019-11-20,Train,0.010737516917288303,0.003363878086083627
2019-11-21,Train,0.01662466861307621,0.01636094745506922
2019-11-22,Train,0.023164907470345497,0.01109847630601069
2019-11-25,Train,0.006137391552329063,-0.001566973471285538
2019-11-26,Train,0.01128328125923872,0.001808294394622934
2019-11-27,Train,0.0051518697291612625,0.002281116462911292
2019-11-29,Train,0.011787736788392067,0.01019013298729887
2019-12-02,Train,0.023866206407546997,0.03088672055399466
2019-12-03,Train,0.031026482582092285,0.03962065231340994
2019-12-04,Train,0.034323666244745255,0.03517270480457024
2019-12-05,Train,0.03403450921177864,0.03958979789383132
2019-12-06,Train,0.03360956534743309,0.03273174006764479
2019-12-09,Train,0.04135800525546074,0.03792811268967111
2019-12-10,Train,0.0409640409052372,0.03933302850677145
2019-12-11,Train,0.03287471458315849,0.04297979189298085
2019-12-12,Train,0.024953797459602356,0.03438093212132931
2019-12-13,Train,0.01967855729162693,0.02422898891504488
2019-12-16,Train,0.01839302107691765,0.0159602249233104
2019-12-17,Train,0.027396751567721367,0.03233203253352523
2019-12-18,Train,0.025591526180505753,0.02209491556475829
2019-12-19,Train,0.019718198105692863,0.02228965633423918
2019-12-20,Train,0.021874461323022842,0.01804351208864929
2019-12-23,Train,0.02501697465777397,0.02521125725622753
2019-12-24,Train,0.029661891981959343,0.03336168075361368
2019-12-26,Train,0.025345947593450546,0.02170353868451813
2019-12-27,Train,0.027583904564380646,0.03436166994484302
2019-12-30,Train,0.03429260477423668,0.03708588128833612
2019-12-31,Train,0.03762240707874298,0.03555805247585164
2020-01-02,Train,0.028966151177883148,0.0283123381453767
2020-01-03,Train,0.03584560751914978,0.04295458269511632
2020-01-06,Train,0.021123511716723442,0.03581370063155931
2020-01-07,Train,0.030905084684491158,0.03869529246567116
2020-01-08,Train,0.025866178795695305,0.03426204306021252
2020-01-09,Train,0.013283291831612587,0.01694137340525304
2020-01-10,Train,0.008471664041280746,-0.001510720062859794
2020-01-13,Train,0.012058744207024574,0.002262955451034054
2020-01-14,Train,0.009448686614632607,0.007860758420327185
2020-01-15,Train,0.007589732762426138,0.01103696214188843
2020-01-16,Train,-0.0006202378426678479,-0.01444120691338202
2020-01-17,Train,0.004840350244194269,-0.00447667641750038
2020-01-21,Train,0.019671399146318436,0.01876568642204224
2020-01-22,Train,0.013044989667832851,0.01943094741766793
2020-01-23,Train,0.01754436269402504,0.02493435235241082
2020-01-24,Train,0.025837518274784088,0.02918724781801707
2020-01-27,Train,0.056089840829372406,0.06359465717118984
2020-01-28,Train,0.05292012169957161,0.04768569746723395
2020-01-29,Train,0.05166018754243851,0.05617423403368349
2020-01-30,Train,0.05015013739466667,0.05107814378001452
2020-01-31,Train,0.05871904641389847,0.07107313436287255
2020-02-03,Train,0.047906164079904556,0.0555355273565834
2020-02-04,Train,0.017087312415242195,0.04180768653361389
2020-02-05,Train,0.010729270055890083,0.0287441833472335
2020-02-06,Train,-0.014523260295391083,0.0003475469403804166
2020-02-07,Train,-0.02527921088039875,-0.0340750334318608
2020-02-10,Train,-0.06644167751073837,-0.07156100364771689
2020-02-11,Train,-0.07133522629737854,-0.0669367662902095
2020-02-12,Train,-0.09819281101226807,-0.1222094350991483
2020-02-13,Train,-0.10896424204111099,-0.1204000428344344
2020-02-14,Train,-0.09140614420175552,-0.07765087482141775
2020-02-18,Train,-0.096062071621418,-0.1075704019920348
2020-02-19,Train,-0.08622927963733673,-0.07916277679574568
2020-02-20,Train,-0.10122456401586533,-0.09877333061580695
2020-02-21,Train,-0.08590630441904068,-0.09662569847210001
2020-02-24,Train,-0.11081264168024063,-0.1256605634496897
2020-02-25,Train,-0.06474032253026962,-0.05228209482341828
2020-02-26,Train,-0.10193991661071777,-0.09820766318562613
2020-02-27,Train,-0.11944394558668137,-0.1377163594120068
2020-02-28,Train,-0.0870344340801239,-0.06540333583222568
2020-03-02,Train,-0.18096347153186798,-0.2177247736616462
2020-03-03,Train,-0.15653032064437866,-0.1305136380346813
2020-03-04,Train,-0.199748232960701,-0.1907249330234121
2020-03-05,Train,-0.17271901667118073,-0.1603572629284328
2020-03-06,Train,-0.15778318047523499,-0.1794058578872908
2020-03-09,Train,-0.10319885611534119,-0.1193883336050281
2020-03-10,Train,-0.0995350033044815,-0.1001910581896547
2020-03-11,Train,-0.06481808423995972,-0.06618173388052995
2020-03-12,Train,0.08655117452144623,0.08222414826324154
2020-03-13,Train,-0.02827531471848488,-0.03660181667969564
2020-03-16,Train,0.11246350407600403,0.1343177189868272
2020-03-17,Train,0.046885427087545395,0.04534970096911817
2020-03-18,Train,0.04827946797013283,0.03233290632918306
2020-03-19,Train,0.04900089278817177,0.04699983492405724
2020-03-20,Train,0.09681935608386993,0.07422377501733046
2020-03-23,Train,0.11713189631700516,0.1526457115383599
2020-03-24,Train,0.07167086750268936,0.06936725460276882
2020-03-25,Train,0.1083986908197403,0.1002194402995913
2020-03-26,Train,0.06370192021131516,0.04669102135928394
2020-03-27,Train,0.10183634608983994,0.09568265210760263
2020-03-30,Train,0.10121069103479385,0.1032077068170256
2020-03-31,Train,0.09501100331544876,0.09994747578428487
2020-04-01,Train,0.1509408801794052,0.1697109475933281
2020-04-02,Train,0.14802420139312744,0.1574108899735536
2020-04-03,Train,0.1517704725265503,0.1601680272566233
2020-04-06,Train,0.06047043204307556,0.04280335833156079
2020-04-07,Train,0.06782136112451553,0.07418537564669214
2020-04-08,Train,0.058380186557769775,0.04960859841899556
2020-04-09,Train,0.06432072818279266,0.06462210339588204
2020-04-13,Train,0.049236878752708435,0.06171501184373041
2020-04-14,Train,0.016095684841275215,-0.001699238220119081
2020-04-15,Train,0.033869534730911255,0.04569549567350695
2020-04-16,Train,0.02326110005378723,0.02654163499230666
2020-04-17,Train,-0.0007980440277606249,-0.01184443249798273
2020-04-20,Train,0.01629193127155304,0.01165740182148656
2020-04-21,Train,0.0548737533390522,0.06232614725219299
2020-04-22,Train,0.043383363634347916,0.03806227773064474
2020-04-23,Train,0.051413532346487045,0.05367662370523729
2020-04-24,Train,0.03697405010461807,0.0515338779516632
2020-04-27,Train,0.04673105850815773,0.05246797961908234
2020-04-28,Train,0.053750332444906235,0.05021274287086297
2020-04-29,Train,0.01822839491069317,0.001552494693564554
2020-04-30,Train,0.014678159728646278,0.01333880645058305
2020-05-01,Train,0.05605361610651016,0.04949703162264529
2020-05-04,Train,0.04752202704548836,0.05673260563992399
2020-05-05,Train,0.04311170056462288,0.04226774232037633
2020-05-06,Train,0.04549010470509529,0.05657533967876005
2020-05-07,Train,0.028753820806741714,0.03178247029207015
2020-05-08,Train,0.028930045664310455,0.02134662918584396
2020-05-11,Train,0.01827697455883026,0.009564941224706303
2020-05-12,Train,0.0328645184636116,0.03678191224808436
2020-05-13,Train,0.04823469743132591,0.04855479772538707
2020-05-14,Train,0.04768828675150871,0.05197673301232753
2020-05-15,Train,0.04700668528676033,0.04832710655106887
2020-05-18,Train,0.03888293728232384,0.0360551047403892
2020-05-19,Train,0.04496295005083084,0.04333069648509102
2020-05-20,Train,0.03617430105805397,0.01573101430161161
2020-05-21,Train,0.04415953904390335,0.04727577906697045
2020-05-22,Train,0.04118247330188751,0.05177218148590534
2020-05-26,Train,0.04527237266302109,0.06225991173432499
2020-05-27,Train,0.045883700251579285,0.06917368708581906
2020-05-28,Train,0.030838998034596443,0.01752249525215421
2020-05-29,Train,0.027171321213245392,0.01079878413554125
2020-06-01,Train,0.026446297764778137,0.02003760783699127
2020-06-02,Train,0.01817943900823593,0.03064126414755153
2020-06-03,Train,0.019255438819527626,0.02927877225189013
2020-06-04,Train,0.037315040826797485,0.03935667807532162
2020-06-05,Train,0.02042902633547783,0.01898286539034966
2020-06-08,Train,0.025618044659495354,0.02148624456980097
2020-06-09,Train,0.018758807331323624,0.02277021461834616
2020-06-10,Train,0.011274081654846668,-0.01019411296560779
2020-06-11,Train,0.0512143075466156,0.05132037555581426
2020-06-12,Train,0.031803958117961884,0.01839917012061609
2020-06-15,Train,0.029300974681973457,0.01713087471367802
2020-06-16,Train,0.02147124893963337,0.01955939831426345
2020-06-17,Train,0.03149285912513733,0.02819969835674585
2020-06-18,Train,0.032228823751211166,0.03238088955967267
2020-06-19,Train,0.0514901727437973,0.05793485439333357
2020-06-22,Train,0.041891153901815414,0.04000153861823552
2020-06-23,Train,0.03942083194851875,0.04480788482790454
2020-06-24,Train,0.07190805673599243,0.07578673609245401
2020-06-25,Train,0.06132274866104126,0.07291794712196653
2020-06-26,Train,0.06453829258680344,0.07626345529566114
2020-06-29,Train,0.06739918887615204,0.07218744458760984
2020-06-30,Train,0.05178619921207428,0.05371561981064055
2020-07-01,Train,0.02592744119465351,0.03445243097437256
2020-07-02,Train,0.0377650149166584,0.02866890406572686
2020-07-06,Train,0.02157457359135151,0.03247023358187695
2020-07-07,Train,0.02320501208305359,0.02879862464554139
2020-07-08,Train,0.01204676739871502,0.01900074090142057
2020-07-09,Train,-0.0015850539784878492,-0.01590503862479298
2020-07-10,Train,-0.013730226084589958,-0.03185969475022976
2020-07-13,Train,0.00981912575662136,0.006111187901469695
2020-07-14,Train,-0.0036259284242987633,-0.01367284105448274
2020-07-15,Train,-0.005151822231709957,-0.004331180181095906
2020-07-16,Train,0.007248247507959604,0.007757061606596505
2020-07-17,Train,0.017387203872203827,0.02455475594585144
2020-07-20,Train,0.0022572490852326155,0.009745880933399897
2020-07-21,Train,0.021911555901169777,0.02416668516216847
2020-07-22,Train,0.024661215022206306,0.02310042383414501
2020-07-23,Train,0.05173638463020325,0.06445488257575405
2020-07-24,Train,0.05523432046175003,0.06225545396032328
2020-07-27,Train,0.036613043397665024,0.03917423740076398
2020-07-28,Train,0.04521261528134346,0.03263114739487705
2020-07-29,Train,0.048165466636419296,0.04654115890675237
2020-07-30,Train,0.041503142565488815,0.04346496339480099
2020-07-31,Train,0.041473109275102615,0.02396627003422847
2020-08-03,Train,0.026334093883633614,0.02205064345436591
2020-08-04,Train,0.02633017674088478,0.02807158887795813
2020-08-05,Train,0.016281884163618088,0.01863131724028766
2020-08-06,Train,0.017142387107014656,0.0192614977614074
2020-08-07,Train,0.031077906489372253,0.03830991951125107
2020-08-10,Train,0.03917175158858299,0.04927678385750944
2020-08-11,Train,0.07566054165363312,0.07794405037845764
2020-08-12,Train,0.06342454254627228,0.07393514009618896
2020-08-13,Train,0.06953268498182297,0.06815170308978136
2020-08-14,Train,0.0806032121181488,0.07484566006428017
2020-08-17,Train,0.07379844784736633,0.07104459188670509
2020-08-18,Train,0.06913580745458603,0.07896539954181359
2020-08-19,Train,0.069126658141613,0.09655922880390655
2020-08-20,Train,0.04127689078450203,0.02672100590161341
2020-08-21,Train,0.005409235134720802,0.00606659624898076
2020-08-24,Train,-0.03403637185692787,-0.04823182470216225
2020-08-25,Train,-0.029880831018090248,-0.02791569606685551
2020-08-26,Train,-0.05372997000813484,-0.06720097167904693
2020-08-27,Train,-0.06488516181707382,-0.07077813588705861
2020-08-28,Train,-0.06726543605327606,-0.05937850883557594
2020-08-31,Train,-0.07202233374118805,-0.05364896589209478
2020-09-01,Train,-0.08696969598531723,-0.08438926027945892
2020-09-02,Train,-0.08761738985776901,-0.1071475802452212
2020-09-03,Train,-0.05960544943809509,-0.07146587899935986
2020-09-04,Train,-0.04740558937191963,-0.05666823318840053
2020-09-08,Train,0.00010815476707648486,0.009372100999782695
2020-09-09,Train,-0.031159264966845512,-0.04937383395573613
2020-09-10,Train,-0.01350054144859314,-0.02551950423334193
2020-09-11,Train,0.009122065268456936,0.004104216311562991
2020-09-14,Train,0.0011419750517234206,0.007413899250513722
2020-09-15,Train,-0.013701176270842552,-0.01114450433158021
2020-09-16,Train,0.007883235812187195,0.0117621760264579
2020-09-17,Train,0.03709352761507034,0.04413285125977584
2020-09-18,Train,0.0418204739689827,0.02787875211725921
2020-09-21,Train,0.045393213629722595,0.04728792730996312
2020-09-22,Train,0.028203630819916725,0.009835556986658167
2020-09-23,Train,0.05361562594771385,0.05966084777082248
2020-09-24,Train,0.05824613943696022,0.0603639478858824
2020-09-25,Train,0.04332320764660835,0.05210632649763247
2020-09-28,Train,0.03412364050745964,0.06251798632433836
2020-09-29,Train,0.0559498593211174,0.0672947127565573
2020-09-30,Train,0.04643353819847107,0.05118054062817401
2020-10-01,Train,0.02933669276535511,0.02781224483087907
2020-10-02,Train,0.04595367610454559,0.0517662948248836
2020-10-05,Train,0.02444775216281414,0.01299251885807884
2020-10-06,Train,0.03977163881063461,0.03361680432072833
2020-10-07,Train,0.00961312185972929,0.01525431840826297
2020-10-08,Train,0.006533221807330847,0.009843249982675939
2020-10-09,Train,-0.010614569298923016,-0.003395055299827088
2020-10-12,Train,-0.048176828771829605,-0.04773706453287108
2020-10-13,Train,-0.04867459088563919,-0.04026886389368955
2020-10-14,Train,-0.05597163364291191,-0.0699170823832509
2020-10-15,Train,-0.05443350598216057,-0.0472595352176105
2020-10-16,Train,-0.04871189594268799,-0.06630620857263503
2020-10-19,Train,-0.0316980704665184,-0.04869618534558307
2020-10-20,Train,-0.009392661973834038,-0.03431668942707189
2020-10-21,Train,0.0037423998583108187,0.00957106582686329
2020-10-22,Train,0.019949860870838165,0.03592801124569234
2020-10-23,Train,0.021474262699484825,0.03466318555768488
2020-10-26,Train,0.033911917358636856,0.02895138546670384
2020-10-27,Train,0.022936999797821045,0.002688777173206036
2020-10-28,Train,0.0664415955543518,0.06670591275235638
2020-10-29,Train,0.04069632664322853,0.04345301426074788
2020-10-30,Train,0.07177917659282684,0.07999846834342272
2020-11-02,Train,0.07621924579143524,0.08600637186387483
2020-11-03,Train,0.061553895473480225,0.06415436194704038
2020-11-04,Train,0.012915477156639099,0.01115325937962663
2020-11-05,Train,-0.005312750115990639,-0.006827710403239595
2020-11-06,Train,-0.006692951545119286,-0.01435789918560393
2020-11-09,Train,0.016567744314670563,0.006237285884432842
2020-11-10,Train,0.031277090311050415,0.03898802931849499
2020-11-11,Train,0.023654796183109283,0.02250134177916974
2020-11-12,Train,0.03716490790247917,0.03678923749543794
2020-11-13,Train,0.024018054828047752,0.02986973725699915
2020-11-16,Train,0.030809585005044937,0.0349931064832365
2020-11-17,Train,0.03164186328649521,0.03962095844641111
2020-11-18,Train,0.04748467728495598,0.0488435908559397
2020-11-19,Train,0.03636012226343155,0.04494145944120209
2020-11-20,Train,0.05062934756278992,0.05809626983096039
2020-11-23,Train,0.05083981901407242,0.06164121696179925
2020-11-24,Train,0.037670258432626724,0.02322816011660245
2020-11-25,Train,0.030811099335551262,0.02106112548968664
2020-11-27,Train,0.018259048461914062,0.009497997542345482
2020-11-30,Train,0.017555847764015198,0.01475206428064202
2020-12-01,Train,0.011382010765373707,0.01262115994757318
2020-12-02,Train,0.010423926636576653,0.01688334632142419
2020-12-03,Train,0.014635550789535046,0.02208492588294431
2020-12-04,Train,0.01172555610537529,0.014859939474267
2020-12-07,Train,0.005675947293639183,0.005435356965775018
2020-12-08,Train,0.003260781755670905,0.004768241525702654
2020-12-09,Train,0.020345361903309822,0.02286686370935187
2020-12-10,Train,0.0236393790692091,0.02327121777266661
2020-12-11,Train,0.03072519786655903,0.03587870251210679
2020-12-14,Train,0.025486955419182777,0.0293381879340342
2020-12-15,Train,0.012366674840450287,0.01848414370085494
2020-12-16,Train,0.021306613460183144,0.0154054601553415
2020-12-17,Train,-0.004728653468191624,-0.005434091451467005
2020-12-18,Train,0.00364734441973269,0.005805288676842713
2020-12-21,Train,0.011829227209091187,-0.004467191579788365
2020-12-22,Train,0.017694106325507164,0.01685175960787433
2020-12-23,Train,0.017499510198831558,0.03513947483230684
2020-12-24,Train,0.019704606384038925,0.0156997541913364
2020-12-28,Train,0.007216611411422491,0.003965782208645852
2020-12-29,Train,0.016669105738401413,0.00984156816826176
2020-12-30,Train,0.008454200811684132,0.0044093838943986
2020-12-31,Train,0.0025536613538861275,-0.005992238609455192
2021-01-04,Train,0.028635935857892036,0.02295433758868604
2021-01-05,Train,0.0258474163711071,0.03819022709400532
2021-01-06,Train,0.040974583476781845,0.06119521455333388
2021-01-07,Train,0.027730759233236313,0.03314496817977264
2021-01-08,Train,0.024274397641420364,0.02846123125414013
2021-01-11,Train,0.030034523457288742,0.04506705141214895
2021-01-12,Train,0.027433687821030617,0.01755217575293355
2021-01-13,Train,0.014531968161463737,0.01670674166731767
2021-01-14,Train,0.024805227294564247,0.0006680179767801775
2021-01-15,Train,0.03202757611870766,0.03386143965942745
2021-01-19,Train,0.03589872643351555,0.03561830815471612
2021-01-20,Train,0.017238276079297066,0.008061327354927927
2021-01-21,Train,0.014474400319159031,0.01188872734699031
2021-01-22,Train,0.01927659846842289,0.01825324712288223
2021-01-25,Train,0.007559598423540592,0.01667124276892129
2021-01-26,Train,0.010213717818260193,0.01497310777128802
2021-01-27,Train,0.029307138174772263,0.04169930072201589
2021-01-28,Train,0.01955919899046421,0.04126720697683561
2021-01-29,Train,0.052302341908216476,0.06958931465645124
2021-02-01,Train,0.02979966625571251,0.04069224790888537
2021-02-02,Train,0.023981140926480293,0.01907348675445064
2021-02-03,Train,0.015394109301269054,0.01865922007102494
2021-02-04,Train,0.001677361549809575,0.002361914978084023
2021-02-05,Train,-0.018834777176380157,-0.02691931224191846
2021-02-08,Train,-0.03581104800105095,-0.03627308613526847
2021-02-09,Train,-0.0386289618909359,-0.02812510751747543
2021-02-10,Train,-0.04647421836853027,-0.05986480368966007
2021-02-11,Train,-0.05062602087855339,-0.06109143626082758
2021-02-12,Train,-0.050603654235601425,-0.0382226642964939
2021-02-16,Train,-0.051286958158016205,-0.05108188058635876
2021-02-17,Train,-0.06128469109535217,-0.07417719149810398
2021-02-18,Train,-0.06401453912258148,-0.08533099230915175
2021-02-19,Train,-0.06398849934339523,-0.06748836045960938
2021-02-22,Train,-0.04625068977475166,-0.06978042373662585
2021-02-23,Train,-0.03710437938570976,-0.03020412355612745
2021-02-24,Train,-0.04256020858883858,-0.04087865918118405
2021-02-25,Train,0.015608143992722034,0.01665448389313129
2021-02-26,Train,0.0008563179289922118,0.004201874148754392
2021-03-01,Train,-0.015607102774083614,-0.01471000284154222
2021-03-02,Train,-0.006512763909995556,0.006846710796388988
2021-03-03,Train,0.028683507815003395,0.04120840368568168
2021-03-04,Train,0.03933390602469444,0.0261098397962658
2021-03-05,Train,0.03222361579537392,0.0144486914554931
2021-03-08,Train,0.04925806447863579,0.06224572500563164
2021-03-09,Train,0.013061060570180416,0.01748087500106443
2021-03-10,Train,0.014403071254491806,0.003184477029161803
2021-03-11,Train,-0.006265201605856419,-0.02109804361833456
2021-03-12,Train,0.005394160747528076,0.001711813096903603
2021-03-15,Train,-0.008150773122906685,-0.009158432497359925
2021-03-16,Train,-0.009303074330091476,-0.01952704320372711
2021-03-17,Train,-0.0018315131310373545,-0.00860512291454918
2021-03-18,Train,0.03748178482055664,0.04015510330782801
2021-03-19,Train,0.051223497837781906,0.0571947764792653
2021-03-22,Train,0.03266666829586029,0.03832278501624287
2021-03-23,Train,0.05638566240668297,0.04539434411787191
2021-03-24,Train,0.07005355507135391,0.0744220085884082
2021-03-25,Train,0.0754799097776413,0.08280602541095994
2021-03-26,Train,0.06564543396234512,0.06541143489789358
2021-03-29,Train,0.0726412832736969,0.07815517759866242
2021-03-30,Train,0.07341238111257553,0.07059685010288708
2021-03-31,Train,0.06721372157335281,0.07044145058376716
2021-04-01,Train,0.03763650357723236,0.05373263717489807
2021-04-05,Train,0.01994640938937664,0.02365206880702408
2021-04-06,Train,0.019591182470321655,0.01689739500069654
2021-04-07,Train,0.01764119789004326,0.02312892328770455
2021-04-08,Train,0.013694586232304573,0.0003581999509831846
2021-04-09,Train,0.008046339266002178,0.006852446312923144
2021-04-12,Train,0.0054849907755851746,0.01473250143242355
2021-04-13,Train,-1.1338612239342183e-05,-0.001321233702193392
2021-04-14,Train,0.002251354046165943,0.007399453692653157
2021-04-15,Train,-0.008340905420482159,-0.004068921256587088
2021-04-16,Train,-0.010053503327071667,-0.0117540990510917
2021-04-19,Train,-0.010770006105303764,-0.00793792021555384
2021-04-20,Train,-0.0252073984593153,-0.01863793866239916
2021-04-21,Train,-0.027077093720436096,-0.03023964604683183
2021-04-22,Train,-0.02817581780254841,-0.01100836010449535
2021-04-23,Train,-0.02720305696129799,-0.01537917922984977
2021-04-26,Train,-0.04549570009112358,-0.04645375081334346
2021-04-27,Train,-0.046837273985147476,-0.04362780127641808
2021-04-28,Train,-0.04374317824840546,-0.06522119572732299
2021-04-29,Train,-0.03499799594283104,-0.0613720675089513
2021-04-30,Train,-0.027038389816880226,-0.03432047078640887
2021-05-03,Train,-0.023367347195744514,-0.03503970580252447
2021-05-04,Train,-0.016531579196453094,-0.0239898621079554
2021-05-05,Train,-0.013470145873725414,-0.01957269083457036
2021-05-06,Train,-0.013559692539274693,-0.008084290411786155
2021-05-07,Train,-0.008742908015847206,-0.02151406995446836
2021-05-10,Train,0.017266681417822838,0.0207207754102674
2021-05-11,Train,0.0201548021286726,0.02354678220650031
2021-05-12,Train,0.04169611260294914,0.05440370298035835
2021-05-13,Train,0.037790343165397644,0.04239997714096333
2021-05-14,Train,0.016477014869451523,0.02310112959633659
2021-05-17,Train,0.026439448818564415,0.0259239960764861
2021-05-18,Train,0.03855321556329727,0.03491403375762014
2021-05-19,Train,0.03214144706726074,0.02297034547329213
2021-05-20,Train,0.019443845376372337,0.02058820608734901
2021-05-21,Train,0.03232945501804352,0.02932630822146387
2021-05-24,Train,0.01190734189003706,0.01278157010369596
2021-05-25,Train,0.0189324002712965,0.01162265400186113
2021-05-26,Train,0.015253996476531029,0.01861551231498848
2021-05-27,Train,0.03151461482048035,0.02511411087759852
2021-05-28,Train,0.028289450332522392,0.03168333878926566
2021-06-01,Train,0.02906782738864422,0.02836368677863232
2021-06-02,Train,0.027295297011733055,0.02261075514235422
2021-06-03,Train,0.0402858667075634,0.04648483738754727
2021-06-04,Train,0.02212359383702278,0.02094755259667203
2021-06-07,Train,0.027086809277534485,0.0230540080431858
2021-06-08,Train,0.03423447161912918,0.03210000369734267
2021-06-09,Train,0.029445180669426918,0.03235955947924429
2021-06-10,Train,0.03068932332098484,0.02802999375301995
2021-06-11,Train,0.028174100443720818,0.0240886222481056
2021-06-14,Train,0.02473725751042366,0.02670454102541742
2021-06-15,Train,0.03337075933814049,0.03719388799605117
2021-06-16,Train,0.03758607432246208,0.03935363340032083
2021-06-17,Train,0.0313766747713089,0.02672731535358341
2021-06-18,Train,0.04010028392076492,0.04672681766764941
2021-06-21,Train,0.03898150846362114,0.04596938600076506
2021-06-22,Train,0.03222695365548134,0.03849585580130754
2021-06-23,Train,0.031907618045806885,0.03171909785774907
2021-06-24,Train,0.02723800577223301,0.03178140173094302
2021-06-25,Train,0.029050668701529503,0.03708585328664782
2021-06-28,Train,0.024115748703479767,0.02462475526016461
2021-06-29,Train,0.017413131892681122,0.02276125330888656
2021-06-30,Train,0.013775761239230633,0.01718250843252278
2021-07-01,Train,0.017030827701091766,0.008545558611014359
2021-07-02,Train,0.0029744820203632116,-0.01106959920407868
2021-07-06,Train,0.004134504124522209,-0.003886820530817237
2021-07-07,Train,0.005761001259088516,0.001689944122269749
2021-07-08,Train,0.014505035243928432,0.01443828456109242
2021-07-09,Train,0.012539171613752842,0.01991635203155218
2021-07-12,Train,0.009180624969303608,0.01674845919581358
2021-07-13,Train,0.009054581634700298,0.005545994077525318
2021-07-14,Train,0.010968525893986225,0.007601782555346714
2021-07-15,Train,0.018190722912549973,0.01653173791822748
2021-07-16,Train,0.019444487988948822,0.01949105453506483
2021-07-19,Train,0.021437648683786392,0.02799783545220569
2021-07-20,Train,0.02095254696905613,0.02235287723366941
2021-07-21,Train,0.014853420667350292,0.01598627840006039
2021-07-22,Train,0.016331857070326805,0.01571644739346612
2021-07-23,Train,0.0035742586478590965,-0.0004074535825331349
2021-07-26,Train,-0.00036740591167472303,0.0006513630174878049
2021-07-27,Train,0.0031950899865478277,0.006613077163090342
2021-07-28,Train,-0.002364547224715352,0.001038747223465863
2021-07-29,Train,-0.0064962487667799,0.002865061562683513
2021-07-30,Train,0.011228716932237148,0.01165756895690095
2021-08-02,Train,0.007881393656134605,0.01201317830359261
2021-08-03,Train,0.0008846529526636004,-0.002944267003227252
2021-08-04,Train,-0.002233480801805854,-0.01396527721989127
2021-08-05,Train,-0.009015903808176517,-0.01544626765831114
2021-08-06,Train,0.0012549679959192872,-0.0008693840979574485
2021-08-09,Train,0.004527369514107704,0.01220405138155911
2021-08-10,Train,0.020547786727547646,0.02052665700160206
2021-08-11,Train,0.024101806804537773,0.02345647726256628
2021-08-12,Train,0.017459306865930557,0.01330507622419685
2021-08-13,Train,0.017852870747447014,0.01957594782637773
2021-08-16,Train,0.029141118749976158,0.03057075842440371
2021-08-17,Train,0.04267287254333496,0.03888114399568576
2021-08-18,Train,0.04213109612464905,0.05071642293298195
2021-08-19,Train,0.037744831293821335,0.04516980664737535
2021-08-20,Train,0.03339199721813202,0.03763629816551783
2021-08-23,Train,0.018829239532351494,0.02379223027046362
2021-08-24,Train,0.02166958898305893,0.01712210846412221
2021-08-25,Train,0.003087524091824889,0.01246001488749782
2021-08-26,Train,0.005753122270107269,0.01119698931262025
2021-08-27,Train,0.0028571689035743475,0.0007711361045485976
2021-08-30,Train,-0.00981199461966753,-0.01314889778465467
2021-08-31,Train,-0.008657754398882389,-0.00500072207663782
2021-09-01,Train,-0.015487617813050747,-0.005964551720432754
2021-09-02,Train,-0.023666536435484886,-0.01727131290650497
2021-09-03,Train,-0.027760272845625877,-0.04159130647735321
2021-09-07,Train,-0.028500039130449295,-0.04176805649398052
2021-09-08,Train,-0.023548884317278862,-0.02943954905986412
2021-09-09,Train,-0.02327119931578636,-0.01710277548553929
2021-09-10,Train,-0.026076404377818108,-0.008656655241314426
2021-09-13,Train,-0.023389605805277824,-0.01589025770499342
2021-09-14,Train,-0.03646125644445419,-0.04101160328288
2021-09-15,Train,-0.03892096132040024,-0.04964948980226092
2021-09-16,Train,-0.04019249603152275,-0.05379188029616833
2021-09-17,Train,-0.03299915790557861,-0.03651390842571067
2021-09-20,Train,-0.021276960149407387,-0.03576706768726834
2021-09-21,Train,-0.020287424325942993,-0.02395190266246805
2021-09-22,Train,-0.02159896306693554,-0.02678787158125429
2021-09-23,Train,-0.030867934226989746,-0.02683792554768283
2021-09-24,Train,-0.03330465033650398,-0.0325984607395059
2021-09-27,Train,-0.022099601104855537,-0.03229375255291667
2021-09-28,Train,0.0020714488346129656,-0.007586018578350839
2021-09-29,Train,0.005309424363076687,0.002004011420478236
2021-09-30,Train,0.025196487084031105,0.02422062139540082
2021-10-01,Train,0.014205989427864552,0.02432120035470819
2021-10-04,Train,0.04809144511818886,0.05680335504695422
2021-10-05,Train,0.03970855474472046,0.05061837845075434
2021-10-06,Train,0.035040050745010376,0.04256678896493504
2021-10-07,Train,0.03872888162732124,0.03939716159703699
2021-10-08,Train,0.0394451841711998,0.03582900185567772
2021-10-11,Train,0.05547001212835312,0.05452154699820944
2021-10-12,Train,0.06001017242670059,0.06154443514369778
2021-10-13,Train,0.06707952916622162,0.05555555555555558
2021-10-14,Train,0.04943249747157097,0.04797751439769082
2021-10-15,Train,0.049901414662599564,0.04653868595580968
2021-10-18,Train,0.04531118646264076,0.0396618784955689
2021-10-19,Train,0.0388675183057785,0.03616796688980561
2021-10-20,Train,0.05239157751202583,0.04853587166308104
2021-10-21,Train,0.04703483358025551,0.05553055588069067
2021-10-22,Train,0.052011243999004364,0.06549050949018342
2021-10-25,Train,0.04657044634222984,0.05326384587867738
2021-10-26,Train,0.03564123064279556,0.0427305666165767
2021-10-27,Train,0.031608641147613525,0.02502634148848681
2021-10-28,Train,0.024599814787507057,0.01657903049541787
2021-10-29,Train,0.018861835822463036,0.02224761643407724
2021-11-01,Train,0.015141500160098076,0.01853236148856907
2021-11-02,Train,0.014345841482281685,0.02151401078881343
2021-11-03,Train,0.010218624025583267,0.01131800267034633
2021-11-04,Train,0.0076490468345582485,0.008864443695635549
2021-11-05,Train,0.009379187598824501,0.01352228812926715
2021-11-08,Train,0.008599484339356422,0.003115083761192183
2021-11-09,Train,0.007583808619529009,0.005463937119524198
2021-11-10,Train,0.011766603216528893,0.02374778508404929
2021-11-11,Train,0.0053249262273311615,0.001561780575181304
2021-11-12,Train,0.005882202181965113,0.01264248816835001
2021-11-15,Train,-0.007630982901901007,-0.002001921027517728
2021-11-16,Train,-0.02018718048930168,-0.02591721091675669
2021-11-17,Train,-0.02094632014632225,-0.01941503690844038
2021-11-18,Train,-0.02412998676300049,-0.0463472187111077
2021-11-19,Train,-0.02736157923936844,-0.04403569013435926
2021-11-22,Train,-0.01635248400270939,-0.00368144569407125
2021-11-23,Train,-0.008062432520091534,0.005358695547856396
2021-11-24,Train,-0.00931727234274149,-0.01261410035137001
2021-11-26,Train,0.007711544167250395,0.01740796867610972
2021-11-29,Train,-0.01733586937189102,-0.01858938835196533
2021-11-30,Train,-0.00959715060889721,-0.0142704662349995
2021-12-01,Train,0.010997490957379341,0.02565094234611998
2021-12-02,Train,-0.0022343939635902643,-0.007873630569579237
2021-12-03,Train,0.010329091921448708,0.004645939385095499
2021-12-06,Train,-0.0006566962692886591,-0.01426724389296818
2021-12-07,Train,-0.008082016371190548,-0.02166753489715056
2021-12-08,Train,-0.012835697270929813,-0.01416374302947365
2021-12-09,Train,0.007606067229062319,0.008102004806326502
2021-12-10,Train,0.012446212582290173,0.01374337601188524
2021-12-13,Train,0.01782151684165001,0.02383616823831747
2021-12-14,Train,0.024483906105160713,0.03438942598182559
2021-12-15,Train,0.013224980793893337,0.00831134217857632
2021-12-16,Train,0.026743849739432335,0.02846140489570304
2021-12-17,Train,0.034753166139125824,0.04356859747504327
2021-12-20,Train,0.03228560835123062,0.04145104593789717
2021-12-21,Train,-0.017487891018390656,-0.01264094709327135
2021-12-22,Train,-0.018742289394140244,-0.02520630254008183
2021-12-23,Train,-0.023939523845911026,-0.04298102262177295
2021-12-27,Train,-0.06415316462516785,-0.0579211485040767
2021-12-28,Train,-0.05084001645445824,-0.03931669680354555
2021-12-29,Train,-0.047778718173503876,-0.03536292397243046
2021-12-30,Train,-0.05512380599975586,-0.05667541425124756
2021-12-31,Train,-0.0580136813223362,-0.04484101059244139
2022-01-03,Train,-0.0722104012966156,-0.07749951566031643
2022-01-04,Train,-0.0749216377735138,-0.07564252059938437
2022-01-05,Train,-0.06985674053430557,-0.05873170476036571
2022-01-06,Train,-0.08519246429204941,-0.08418829096710023
2022-01-07,Train,-0.06781293451786041,-0.06992049329442351
2022-01-10,Train,-0.09280391037464142,-0.09207861237222859
2022-01-11,Train,-0.09122902899980545,-0.1069151397463328
2022-01-12,Train,-0.09606904536485672,-0.1194010565928328
2022-01-13,Train,-0.05842152610421181,-0.06847433039871875
2022-01-14,Train,-0.05209558457136154,-0.04463046113736979
2022-01-18,Train,-0.021372951567173004,-0.01357441356092337
2022-01-19,Train,-0.012054196558892727,0.005484553557606908
2022-01-20,Train,-0.012446464970707893,-0.02258656806414594
2022-01-21,Train,0.025836613029241562,0.01797039233514086
2022-01-24,Train,0.01151086576282978,0.005179782488178741
2022-01-25,Train,0.03724641725420952,0.04059578209930104
2022-01-26,Train,0.04283354803919792,0.06431205035572995
2022-01-27,Train,0.043636471033096313,0.05080617491107997
2022-01-28,Train,0.004000897519290447,-0.01347353723378875
2022-01-31,Train,-0.031143877655267715,-0.04285910503174817
2022-02-01,Train,-0.031110726296901703,-0.02568938611592086
2022-02-02,Train,-0.038786713033914566,-0.03378648543895157
2022-02-03,Train,-0.040110405534505844,-0.02291041115996495
2022-02-04,Train,-0.04933581501245499,-0.04608809684064952
2022-02-07,Train,-0.045606113970279694,-0.04801063857212828
2022-02-08,Train,-0.06001852825284004,-0.08270211097480518
2022-02-09,Train,-0.05865847319364548,-0.07155133194957253
2022-02-10,Train,-0.036028847098350525,-0.03532071512096091
2022-02-11,Train,-0.006698518060147762,-0.0007491781462976022
2022-02-14,Train,-0.016647424548864365,-0.01726668441860191
2022-02-15,Train,-0.028161020949482918,-0.02501896369288314
2022-02-16,Train,-0.04697003215551376,-0.03870351210138856
2022-02-17,Train,-0.02620832994580269,-0.02359248552921778
2022-02-18,Train,-0.03131560608744621,-0.04875413293299735
2022-02-22,Train,-0.03426213935017586,-0.04356951329209025
2022-02-23,Train,0.019937949255108833,0.01690843476291248
2022-02-24,Train,-0.03080907091498375,-0.0270786263477425
2022-02-25,Train,-0.059190165251493454,-0.06180407726577597
2022-02-28,Train,-0.062003299593925476,-0.08255471560836902
2022-03-01,Train,-0.03639280050992966,-0.03906409183102255
2022-03-02,Train,-0.02360890619456768,-0.01987210953351315
2022-03-03,Train,0.00023285162751562893,0.006369405170280062
2022-03-04,Train,0.031504515558481216,0.04206938320470943
2022-03-07,Train,0.08252804726362228,0.07763344935637462
2022-03-08,Train,0.0884157046675682,0.1039430484525885
2022-03-09,Train,0.0742485448718071,0.05027014785160766
2022-03-10,Train,0.08154074102640152,0.08567031673261893
2022-03-11,Train,0.11020350456237793,0.1077374009389893
2022-03-14,Train,0.13239529728889465,0.1469025623465645
2022-03-15,Train,0.12486524879932404,0.1311595591816435
2022-03-16,Train,0.07416389137506485,0.07866122601533809
2022-03-17,Train,0.0576164610683918,0.05254908249687018
2022-03-18,Train,0.0329122319817543,0.02947456871313037
2022-03-21,Train,0.03491445630788803,0.05490174233863443
2022-03-22,Train,0.003316852729767561,0.01159797945859853
2022-03-23,Train,0.014982246793806553,0.004064529028044106
2022-03-24,Train,-0.027076205238699913,-0.01543163599932151
2022-03-25,Train,-0.03131523355841637,-0.02838461676300352
2022-03-28,Train,-0.060032349079847336,-0.06582441909680647
2022-03-29,Train,-0.07211678475141525,-0.08550874222261762
2022-03-30,Train,-0.05592689290642738,-0.05649838034617738
2022-03-31,Train,-0.05521298572421074,-0.06650304876945234
2022-04-01,Train,-0.06230020895600319,-0.06400443076262907
2022-04-04,Train,-0.07144521176815033,-0.06238824475743032
2022-04-05,Train,-0.06626982241868973,-0.05508173445650866
2022-04-06,Train,-0.07108144462108612,-0.0540961765862471
2022-04-07,Train,-0.06943178176879883,-0.08105058376825114
2022-04-08,Train,-0.04252497851848602,-0.05605043009114541
2022-04-11,Train,-0.06371533125638962,-0.0696705652246622
2022-04-12,Train,-0.06399180740118027,-0.06684342797303411
2022-04-13,Train,-0.061291664838790894,-0.05295220445992788
2022-04-14,Train,-0.06354109942913055,-0.07440236746364226
2022-04-18,Train,-0.06390794366598129,-0.05967105999408551
2022-04-19,Train,-0.07178837060928345,-0.07924681357220464
2022-04-20,Train,-0.06375791877508163,-0.03402592433490037
2022-04-21,Train,-0.06755612045526505,-0.06329491031813805
2022-04-22,Train,-0.057890914380550385,-0.04963120528398657
2022-04-25,Train,-0.08235909789800644,-0.09839794282736414
2022-04-26,Train,-0.06053759530186653,-0.05164912696674495
2022-04-27,Train,-0.06396801769733429,-0.07867158940351415
2022-04-28,Train,-0.09436488151550293,-0.1123746677593115
2022-04-29,Train,-0.05073731765151024,-0.03610533937300475
2022-05-02,Train,-0.06567426770925522,-0.06292391312992685
2022-05-03,Train,-0.05879146233201027,-0.03967754095062226
2022-05-04,Train,-0.09492158144712448,-0.1166868651179551
2022-05-05,Train,-0.0691126212477684,-0.07482432405026962
2022-05-06,Train,-0.04568139463663101,-0.06651578762883992
2022-05-09,Train,-0.015462327748537064,-0.01235060738865346
2022-05-10,Train,-0.022020351141691208,-0.04495284975481229
2022-05-11,Train,0.006051419768482447,-0.001987344365212085
2022-05-12,Train,0.024247221648693085,0.02809545886059528
2022-05-13,Train,0.019029660150408745,0.023713332464117
2022-05-16,Train,0.025636889040470123,0.03297143900748534
2022-05-17,Train,0.0017256465507671237,-0.000555290917719109
2022-05-18,Train,0.061025507748126984,0.0798241020302144
2022-05-19,Train,0.060329828411340714,0.05739355758488518
2022-05-20,Train,0.06290718913078308,0.06422339273696842
2022-05-23,Train,0.05496024712920189,0.05584702029884725
2022-05-24,Train,0.04352673515677452,0.07102083660919556
2022-05-25,Train,0.028816236183047295,0.02794748286045023
2022-05-26,Train,-0.025721197947859764,-0.03504490263237448
2022-05-27,Train,-0.10615642368793488,-0.1089938588681997
2022-05-31,Train,-0.1058032438158989,-0.1050019308594904
2022-06-01,Train,-0.08158150315284729,-0.07581703335631129
2022-06-02,Train,-0.11909790337085724,-0.1367453068473609
2022-06-03,Train,-0.10895814746618271,-0.1029066247858936
2022-06-06,Train,-0.0938786044716835,-0.08508565374836652
2022-06-07,Train,-0.09803417325019836,-0.09423300787289912
2022-06-08,Train,-0.05110812559723854,-0.0740801178642696
2022-06-09,Train,-0.013294155709445477,-0.01599869286095579
2022-06-10,Train,0.004321489483118057,0.01249832403722073
2022-06-13,Train,0.028198953717947006,0.0295196426226656
2022-06-14,Train,0.03237605467438698,0.02859622350091295
2022-06-15,Train,-0.0033302176743745804,-0.008910852625342747
2022-06-16,Train,0.04853195697069168,0.03957400661291
2022-06-17,Train,0.04564825817942619,0.04466849504757331
2022-06-21,Train,0.03031161054968834,0.02746549590686809
2022-06-22,Train,0.03949587792158127,0.05098513155655726
2022-06-23,Train,0.021224189549684525,0.03686150526598286
2022-06-24,Train,-0.012209882028400898,-0.01890627298322523
2022-06-27,Train,-0.0071274093352258205,-0.02123447328926786
2022-06-28,Train,0.014881656505167484,0.00744157892351982
2022-06-29,Train,0.009808562695980072,0.01011284622344411
2022-06-30,Train,0.03498488664627075,0.0413514927514218
2022-07-01,Train,0.02772422879934311,0.02576822347091934
2022-07-05,Train,0.032059136778116226,0.0395176912307158
2022-07-06,Train,0.04532912001013756,0.0492728933095703
2022-07-07,Train,0.043214648962020874,0.04203672599720365
2022-07-08,Train,0.03074229694902897,0.02248174705820771
2022-07-11,Train,0.03985406085848808,0.03885268522265717
2022-07-12,Train,0.034637752920389175,0.02840275698778361
2022-07-13,Train,0.06939201056957245,0.07407668165320347
2022-07-14,Train,0.06934749335050583,0.08071993249022769
2022-07-15,Train,0.08012012392282486,0.08082364317174529
2022-07-18,Train,0.08605430275201797,0.08939183021006203
2022-07-19,Train,0.07209218293428421,0.05373784591108421
2022-07-20,Train,0.05381074920296669,0.06553811817029076
2022-07-21,Train,0.044526342302560806,0.05537116514836637
2022-07-22,Train,0.06785525381565094,0.06543266467305497
2022-07-25,Train,0.0686248391866684,0.06807207909304447
2022-07-26,Train,0.06443150341510773,0.07714777943328555
2022-07-27,Train,0.04754186421632767,0.06231868345012459
2022-07-28,Train,0.05329182371497154,0.04606045358808353
2022-07-29,Train,0.05281932279467583,0.04732778671708493
2022-08-01,Train,0.05045589804649353,0.05642785283996821
2022-08-02,Train,0.03734908252954483,0.05710563094146437
2022-08-03,Train,0.0299515537917614,0.01734329131247603
2022-08-04,Train,0.012188591063022614,0.01504317193165461
2022-08-05,Train,0.00515693798661232,0.003449837922494092
2022-08-08,Train,-0.018193816766142845,-0.01979983871006108
2022-08-09,Train,-0.022389506921172142,-0.009398197915183926
2022-08-10,Train,-0.042932551354169846,-0.03350407497176522
2022-08-11,Train,-0.04070312902331352,-0.01079980296536931
2022-08-12,Train,-0.0584203265607357,-0.06946339534943868
2022-08-15,Train,-0.07060274481773376,-0.08602051914518527
2022-08-16,Train,-0.08247078955173492,-0.0940773139534894
2022-08-17,Train,-0.0823541060090065,-0.08895248588809324
2022-08-18,Train,-0.08629852533340454,-0.09074345539839446
2022-08-19,Train,-0.06690987944602966,-0.08576464467616352
2022-08-22,Train,-0.058145053684711456,-0.06778851810532394
2022-08-23,Train,-0.053336527198553085,-0.04816938742059818
2022-08-24,Train,-0.044730380177497864,-0.04599860418001966
2022-08-25,Train,-0.049984704703092575,-0.04207995133636977
2022-08-26,Train,-0.00848863460123539,0.01073376192676068
2022-08-29,Train,-0.022018922492861748,-0.03518278416029341
2022-08-30,Train,-0.022524656727910042,-0.01657693979301944
2022-08-31,Train,-0.02930469997227192,-0.02729970665312187
2022-09-01,Train,-0.02907702513039112,-0.0336672905068619
2022-09-02,Train,-0.02436770312488079,-0.01395814428071751
2022-09-06,Train,-0.023628633469343185,-0.01474143315676424
2022-09-07,Train,-0.042020928114652634,-0.05154364517908117
2022-09-08,Train,-0.06809309870004654,-0.06804865711785568
2022-09-09,Train,-0.09164321422576904,-0.102836259561898
2022-09-12,Train,-0.09693317115306854,-0.1170431751952992
2022-09-13,Train,-0.05776762217283249,-0.06544092755145958
2022-09-14,Train,-0.056314870715141296,-0.05435258725209946
2022-09-15,Train,-0.06348472833633423,-0.06605980962944369
2022-09-16,Train,-0.05504225194454193,-0.0762477429840267
2022-09-19,Train,-0.05176016315817833,-0.06019580741619646
2022-09-20,Train,-0.03422411531209946,-0.02285874641492724
2022-09-21,Train,-0.01903897523880005,-0.005571965671706369
2022-09-22,Train,-0.01784563437104225,-0.00110685739453309
2022-09-23,Train,-0.024678267538547516,-0.02326595562739198
2022-09-26,Train,-0.030756566673517227,-0.0290118875851505
2022-09-27,Train,-0.028236830607056618,-0.04273539243960611
2022-09-28,Train,-0.04102889448404312,-0.06172750813958328
2022-09-29,Train,-0.015773173421621323,-0.01121855242486058
2022-09-30,Train,-0.011900445446372032,-0.02439579171222717
2022-10-03,Train,-0.01508779264986515,-0.0152816608578058
2022-10-04,Train,-0.04400854930281639,-0.03774853334337136
2022-10-05,Train,-0.043008219450712204,-0.0407476427558201
2022-10-06,Train,-0.028106536716222763,-0.03806843023413098
2022-10-07,Train,0.016669917851686478,0.02348571973568681
2022-10-10,Train,0.04020923748612404,0.04519353019563166
2022-10-11,Train,0.060639411211013794,0.08167456310210519
2022-10-12,Train,0.04830896109342575,0.05813595066158395
2022-10-13,Train,0.03180058300495148,0.01506579749506565
2022-10-14,Train,0.06631088256835938,0.0785457227635813
2022-10-17,Train,0.02876012586057186,0.03192873921900152
2022-10-18,Train,0.010152188129723072,0.01337105576224973
2022-10-19,Train,-0.015122303739190102,-0.01778253440885547
2022-10-20,Train,-0.025982297956943512,-0.03203149487718349
2022-10-21,Train,-0.03788080811500549,-0.03899506291604737
2022-10-24,Train,-0.03132278472185135,-0.03900167137024957
2022-10-25,Train,-0.0455719418823719,-0.05161670367410343
2022-10-26,Train,-0.02948530577123165,-0.05256714185793454
2022-10-27,Train,0.033407602459192276,0.03620773650312636
2022-10-28,Train,0.00828784704208374,0.02396696609458226
2022-10-31,Train,0.024158215150237083,0.0269472563606008
2022-11-01,Train,0.04533247649669647,0.05190661937852448
2022-11-02,Train,0.0814019963145256,0.0743752270037843
2022-11-03,Train,0.08828207850456238,0.09336254073462436
2022-11-04,Train,0.09067965298891068,0.07609194198938929
2022-11-07,Train,0.055156171321868896,0.0534400332831948
2022-11-08,Train,0.05518357455730438,0.06088151347436965
2022-11-09,Train,0.07957194000482559,0.09684034365304628
2022-11-10,Train,0.008512978442013264,0.01474805809985624
2022-11-11,Train,-0.0030393374618142843,-0.01823169938806934
2022-11-14,Train,-0.0036986880004405975,-0.01706136167157291
2022-11-15,Train,0.0025235407520085573,0.01371840942040747
2022-11-16,Train,0.020006470382213593,0.02900784300895798
2022-11-17,Train,0.015120081603527069,0.02717597802297189
2022-11-18,Train,0.007753373589366674,0.009901015559657056
2022-11-21,Train,0.008328357711434364,-0.0007450493516706347
2022-11-22,Train,-8.95846460480243e-05,-0.01895440879999066
2022-11-23,Train,-0.00945854838937521,-0.01720795337811898
2022-11-25,Train,-0.019206734374165535,-0.0170082415113284
2022-11-28,Train,-0.0014283691998571157,0.01015172864042024
2022-11-29,Train,0.006008886732161045,0.02879846869351432
2022-11-30,Train,-0.03819827735424042,-0.02335006793011829
2022-12-01,Train,-0.05107610300183296,-0.05729942292768642
2022-12-02,Train,-0.060387901961803436,-0.06255337055737376
2022-12-05,Train,-0.05320721119642258,-0.06219584806482237
2022-12-06,Train,-0.04065028205513954,-0.0430984963310217
2022-12-07,Train,-0.03349898010492325,-0.0252378947102756
2022-12-08,Train,-0.06138435751199722,-0.060207842065919
2022-12-09,Train,-0.06037970259785652,-0.05204943535881801
2022-12-12,Train,-0.07322395592927933,-0.07703621063947674
2022-12-13,Train,-0.07782527059316635,-0.09890867277553916
2022-12-14,Train,-0.06657547503709793,-0.07004993417380667
2022-12-15,Train,-0.03659142181277275,-0.0383185211016438
2023-01-03,Test,0.02957144007086754,0.05066543156328396
2023-01-04,Test,0.030621502548456192,0.03541056674913712
2023-01-05,Test,0.03132292628288269,0.08066368677515934
2023-01-06,Test,0.01822550594806671,0.07500001702989922
2023-01-09,Test,0.015039248391985893,0.06590517486919145
2023-01-10,Test,0.007283443119376898,0.05461285469849142
2023-01-11,Test,-0.01411640364676714,0.05689068362236793
2023-01-12,Test,-0.02134520560503006,0.06167361664758286
2023-01-13,Test,-0.01679244637489319,0.03309957558658927
2023-01-17,Test,-0.009943218901753426,0.04645871341649332
2023-01-18,Test,-0.00898696482181549,0.08291351712995065
2023-01-19,Test,-0.0014171770308166742,0.1329093517551629
2023-01-20,Test,-0.019960938021540642,0.08313287324495322
2023-01-23,Test,-0.03853655233979225,0.0506298633563147
2023-01-24,Test,-0.030761290341615677,0.07459170555134831
2023-01-25,Test,-0.024698106572031975,0.05783193791227448
2023-01-26,Test,-0.02700699120759964,0.02843115988957745
2023-01-27,Test,-0.034346845000982285,0.01161143025725164
2023-01-30,Test,-0.017278503626585007,0.04902336281708375
2023-01-31,Test,-0.027442187070846558,0.04117169602826065
2023-02-01,Test,-0.037094149738550186,0.02718327898036499
2023-02-02,Test,-0.06653423607349396,-0.02701146347607275
2023-02-03,Test,-0.05985835939645767,-0.01639554880709537
2023-02-06,Test,-0.04337802156805992,-0.03148983060678201
2023-02-07,Test,-0.05650779977440834,-0.05043889452862027
2023-02-08,Test,-0.04392170533537865,-0.02480529590330305
2023-02-09,Test,-0.04407581686973572,-0.03258415145491611
2023-02-10,Test,-0.042685624212026596,-0.01921925102107103
2023-02-13,Test,-0.03534584119915962,-0.03592775842826357
2023-02-14,Test,-0.0438494011759758,-0.05069270674154447
2023-02-15,Test,-0.05826340988278389,-0.05011329811092147
2023-02-16,Test,-0.030978839844465256,-0.01193536189542643
2023-02-17,Test,-0.0206775926053524,-0.00378541185607284
2023-02-21,Test,-0.021026993170380592,0.007856332919035536
2023-02-22,Test,-0.01579328067600727,0.01213256524798223
2023-02-23,Test,-0.021863745525479317,-0.01401524007633814
2023-02-24,Test,-0.004808429628610611,-0.01130724084815127
2023-02-27,Test,-0.012597695924341679,-0.01105667814181854
2023-02-28,Test,-0.02367011457681656,0.01297859923109335
2023-03-01,Test,-0.0266813226044178,0.0265452614859587
2023-03-02,Test,-0.051653407514095306,0.04495764063073615
2023-03-03,Test,-0.05294407159090042,0.01895352647691206
2023-03-06,Test,-0.0474625900387764,0.01983205261286813
2023-03-07,Test,-0.03045334666967392,0.04724303223665105
2023-03-08,Test,-0.031132521107792854,0.0278691410544929
2023-03-09,Test,-0.02682480774819851,0.05839539439636532
2023-03-10,Test,-0.014570553787052631,0.07742168705790231
2023-03-13,Test,-0.01336661260575056,0.06216246576234097
2023-03-14,Test,-0.025521349161863327,0.032787437065255
2023-03-15,Test,-0.02236051857471466,0.04613123099989003
2023-03-16,Test,-0.042975667864084244,0.02891038488891984
2023-03-17,Test,-0.027090657502412796,0.05098902302570174
2023-03-20,Test,-0.030201714485883713,0.04634438872833457
2023-03-21,Test,-0.036347247660160065,0.02813047331747431
2023-03-22,Test,-0.030362416058778763,0.03201364976761889
2023-03-23,Test,-0.035726193338632584,0.02679576365768765
2023-03-24,Test,-0.038904231041669846,0.02245160712750183
2023-03-27,Test,-0.038647767156362534,0.02289796794606702
2023-03-28,Test,-0.03205567225813866,0.01927589711466182
2023-03-29,Test,-0.04182138293981552,0.02062551861682538
2023-03-30,Test,-0.035258181393146515,0.009154886959864106
2023-03-31,Test,-0.04655792936682701,-0.006512312297349054
2023-04-03,Test,-0.04436826705932617,-0.004029388004108458
2023-04-04,Test,-0.042615290731191635,-0.001128328770728992
2023-04-05,Test,-0.041381824761629105,0.00113948257869656
2023-04-06,Test,-0.03348582983016968,-0.004527597851516352
2023-04-10,Test,-0.03250216320157051,-0.006040151444455799
2023-04-11,Test,-0.027698487043380737,-0.01849094951772212
2023-04-12,Test,-0.00900160614401102,-0.003737584320844034
2023-04-13,Test,-0.02896801009774208,0.003697066222195122
2023-04-14,Test,-0.02680181711912155,0.01252468889927316
2023-04-17,Test,-0.027926186099648476,0.01050685654871675
2023-04-18,Test,-0.025892851874232292,0.001630871088062813
2023-04-19,Test,-0.02552160620689392,-0.004455407574997183
2023-04-20,Test,-0.018373217433691025,-0.0003477467812919022
2023-04-21,Test,-0.016198953613638878,0.01983522184210851
2023-04-24,Test,-0.0055003841407597065,0.024497515224982
2023-04-25,Test,-0.008647847920656204,0.03758193742079952
2023-04-26,Test,-0.0057494062930345535,0.04254984364963899
2023-04-27,Test,-0.016751661896705627,0.01826129543329968
2023-04-28,Test,-0.01738755591213703,0.007657493921745306
2023-05-01,Test,-0.019225822761654854,0.01427730863359788
2023-05-02,Test,-0.01857723668217659,0.02435969271824501
2023-05-03,Test,-0.019555050879716873,0.04358784140631888
2023-05-04,Test,-0.019374892115592957,0.06673616943360194
2023-05-05,Test,-0.019542790949344635,0.04218153085971688
2023-05-08,Test,-0.020066767930984497,0.04309682752576349
2023-05-09,Test,-0.02164052613079548,0.03643816120309307
2023-05-10,Test,-0.016675345599651337,0.02002207958034896
2023-05-11,Test,0.0020262394100427628,0.04144692982136089
2023-05-12,Test,0.0011983482399955392,0.07190104053458857
2023-05-15,Test,0.0008857983630150557,0.07096300937921263
2023-05-16,Test,0.002577486215159297,0.06366911095214078
2023-05-17,Test,-0.0013737637782469392,0.06308895553421423
2023-05-18,Test,-0.007825853303074837,0.05153143015671025
2023-05-19,Test,-0.002835688414052129,0.05464914444496838
2023-05-22,Test,-0.002113164635375142,0.05094177509547371
2023-05-23,Test,0.008301128633320332,0.0463763578473646
2023-05-24,Test,0.006658874452114105,0.06482737945326367
2023-05-25,Test,0.006804220844060183,0.04350641329974225
2023-05-26,Test,0.003924632910639048,0.03470148263401751
2023-05-30,Test,0.0039333198219537735,0.0379450207509584
2023-05-31,Test,0.005943032912909985,0.05146700814597227
2023-06-01,Test,0.005434135440737009,0.0518451165981082
2023-06-02,Test,-0.0005033750785514712,0.03744536587577962
2023-06-05,Test,0.00043067013029940426,0.03381234208614869
2023-06-06,Test,0.00045454417704604566,0.01989628461125048
2023-06-07,Test,0.0024602541234344244,0.049739136916505
2023-06-08,Test,0.003419941756874323,0.02658930995533271
2023-06-09,Test,0.0037461700849235058,0.008970360157351864
2023-06-12,Test,0.0055759684182703495,0.009265156948516484
2023-06-13,Test,0.0054970961064100266,0.003523643519479869
2023-06-14,Test,-0.0019102684454992414,-0.005711933240649114
2023-06-15,Test,-0.0022094903979450464,-0.00226866611498866
2023-06-16,Test,-0.0044904132373631,0.006414306841302508
2023-06-20,Test,-0.021866673603653908,0.00921233289463097
2023-06-21,Test,-0.017819123342633247,0.0153633535572375
2023-06-22,Test,-0.017769306898117065,0.0001911046892824064
2023-06-23,Test,-0.01723100244998932,0.01053670413362751
2023-06-26,Test,-0.01742708496749401,0.02932794947091666
2023-06-27,Test,-0.018900299444794655,0.02470940022467749
2023-06-28,Test,-0.014728131704032421,0.0400778652798055
2023-06-29,Test,-0.01612582802772522,0.04194499840034571
2023-06-30,Test,-0.011450577527284622,0.03570454075144025
2023-07-03,Test,-0.013782327994704247,0.04172400370770135
2023-07-05,Test,-0.016093291342258453,0.04150911517731926
2023-07-06,Test,-0.01989755593240261,0.0253089275752727
2023-07-07,Test,-0.01882905885577202,0.02563896597536597
2023-07-10,Test,-0.018656346946954727,0.02694078510046416
2023-07-11,Test,-0.014121674932539463,0.02881816814134708
2023-07-12,Test,-0.010891583748161793,0.01260657045523272
2023-07-13,Test,-0.016489248722791672,-0.006672817671171116
2023-07-14,Test,-0.019268762320280075,0.01163374463001898
2023-07-17,Test,-0.0219796821475029,0.002796600625139423
2023-07-18,Test,-0.03143725544214249,-0.007647591030581768
2023-07-19,Test,-0.030524492263793945,-0.02919740548749827
2023-07-20,Test,-0.02027045004069805,-0.007883005477547056
2023-07-21,Test,-0.014423304237425327,-0.009557267234311162
2023-07-24,Test,-0.010234387591481209,-0.002764289170328005
2023-07-25,Test,-0.010204644873738289,-0.01789956914606616
2023-07-26,Test,-0.004174544010311365,-0.02545556694009776
2023-07-27,Test,-0.007479097694158554,-0.02132122267379433
2023-07-28,Test,-0.011534659191966057,-0.04495676504131463
2023-07-31,Test,-0.026504112407565117,-0.03474245941077725
2023-08-01,Test,-0.0176783949136734,-0.04276494880159976
2023-08-02,Test,-0.0053295595571398735,-0.03165150148206575
2023-08-03,Test,-0.0021495167165994644,-0.04069135510567912
2023-08-04,Test,-0.00275848968885839,-0.03738846183912448
2023-08-07,Test,-0.004944346379488707,-0.03009144292613464
2023-08-08,Test,-0.0029376093298196793,-0.02317202988491263
2023-08-09,Test,0.0034898812882602215,0.003261617454020538
2023-08-10,Test,0.0027981784660369158,-0.01999510347652333
2023-08-11,Test,0.0011906556319445372,-0.006061602446205905
2023-08-14,Test,0.00015516526764258742,-0.009693523096330647
2023-08-15,Test,0.0019574840553104877,0.02278798995673381
2023-08-16,Test,0.00503724766895175,0.03949902485001533
2023-08-17,Test,0.01364500168710947,0.0541301923948776
2023-08-18,Test,0.006607506889849901,0.05433778569166758
2023-08-21,Test,-0.006489935331046581,0.03893930658258049
2023-08-22,Test,-0.008897440508008003,0.03126199900631854
2023-08-23,Test,-0.013785496354103088,0.007992230836620262
2023-08-24,Test,-0.0008804682292975485,0.03144893780292524
2023-08-25,Test,-0.00521726394072175,0.0355750030159605
2023-08-28,Test,-0.00978802889585495,0.01644126572891702
2023-08-29,Test,-0.01818716526031494,-0.001494243335939394
2023-08-30,Test,-0.023208843544125557,0.001087946924709593
2023-08-31,Test,-0.02781509794294834,-0.01899519262753291
2023-09-01,Test,-0.024267686530947685,-0.01835322106780568
2023-09-05,Test,-0.02271834760904312,-0.02168913705973829
2023-09-06,Test,-0.023936524987220764,-0.02721882359839345
2023-09-07,Test,-0.017864830791950226,-0.03816592028223875
2023-09-08,Test,-0.013881600461900234,-0.03937404970438707
2023-09-11,Test,-0.01790730655193329,-0.04605145187395676
2023-09-12,Test,-0.0016731454525142908,-0.04984043741506239
2023-09-13,Test,-0.015234412625432014,-0.05122787565242626
2023-09-14,Test,-0.023501215502619743,-0.0510509179338644
2023-09-15,Test,-0.01471024937927723,-0.03381788146890607
2023-09-18,Test,-0.016114862635731697,-0.02536015163117877
2023-09-19,Test,-0.016315897926688194,-0.04041955791714458
2023-09-20,Test,-0.016055801883339882,-0.0131398706112984
2023-09-21,Test,-0.006437378469854593,0.002319390610348249
2023-09-22,Test,-7.680038834223524e-05,0.01897127343591132
2023-09-25,Test,-0.0015056575648486614,0.0193265273216392
2023-09-26,Test,0.01645846851170063,0.04059740049607319
2023-09-27,Test,0.025540821254253387,0.04557230815223479
2023-09-28,Test,0.0038745717611163855,0.03329511070922231
2023-09-29,Test,-0.0028976425528526306,0.01956627677613687
2023-10-02,Test,-0.012915467843413353,0.02255991163199011
2023-10-03,Test,0.0052342768758535385,0.03741687782281344
2023-10-04,Test,-0.005496107507497072,0.010062529860146
2023-10-05,Test,0.0012084303889423609,0.003568537652526294
2023-10-06,Test,-0.012123645283281803,-0.02769401087319434
2023-10-09,Test,-0.010519688948988914,-0.02970859941998616
2023-10-10,Test,-0.00991214532405138,-0.02566535052244345
2023-10-11,Test,-0.005331678315997124,-0.05624698242053672
2023-10-12,Test,-0.007019861601293087,-0.07101340668177658
2023-10-13,Test,0.0024215674493461847,-0.05467039336246016
2023-10-16,Test,-0.00879773311316967,-0.05470883640055324
2023-10-17,Test,-0.0002895243524108082,-0.04706685636962837
2023-10-18,Test,0.008867355063557625,-0.01764043192405618
2023-10-19,Test,0.012269197963178158,0.0096396955550071
2023-10-20,Test,0.027617761865258217,0.0369711932484722
2023-10-23,Test,0.02131764031946659,0.03806893332629757
2023-10-24,Test,0.010979382321238518,0.03778577991178089
2023-10-25,Test,0.028307825326919556,0.06450878101202795
2023-10-26,Test,0.028226420283317566,0.07684922126718008
2023-10-27,Test,0.028282228857278824,0.09579802879651811
2023-10-30,Test,0.019843701273202896,0.08021185071276715
2023-10-31,Test,0.012257276102900505,0.09821299038000886
2023-11-01,Test,0.004074872005730867,0.08028912020443091
2023-11-02,Test,-0.007220028433948755,0.06193597186444566
2023-11-03,Test,-0.014001444913446903,0.04984911347475052
2023-11-06,Test,-0.016567891463637352,0.0583136948554559
2023-11-07,Test,-0.028437262400984764,0.04231282129637237
2023-11-08,Test,-0.04242030531167984,0.04590549419508116
2023-11-09,Test,-0.0371658019721508,0.05253060787597108
2023-11-10,Test,-0.06513422727584839,0.02848912064794473
2023-11-13,Test,-0.054645199328660965,0.03441057045243689
2023-11-14,Test,-0.05664221569895744,0.01162642706886219
2023-11-15,Test,-0.0510113425552845,0.008324234987095558
2023-11-16,Test,-0.050891727209091187,0.01033810107054656
2023-11-17,Test,-0.04431949555873871,0.0007253102608515416
2023-11-20,Test,-0.04483854025602341,-0.008829353983920929
2023-11-21,Test,-0.04667704924941063,-0.008803803168809798
2023-11-22,Test,-0.05087273567914963,0.0009485595023928095
2023-11-24,Test,-0.04603734239935875,0.006829102193573799
2023-11-27,Test,-0.04499010369181633,0.01631671343330932
2023-11-28,Test,-0.046689100563526154,0.02173302989125547
2023-11-29,Test,-0.04631888121366501,0.0357353396860669
2023-11-30,Test,-0.0441618412733078,0.03744574384431076
2023-12-01,Test,-0.04383160546422005,0.03949323947290684
2023-12-04,Test,-0.045487985014915466,0.05373777918425038
2023-12-05,Test,-0.03798414394259453,0.05646929854801774
2023-12-06,Test,-0.041209232062101364,0.04682508596517887
2023-12-07,Test,-0.03959625959396362,0.04441256220879009
2023-12-08,Test,-0.04208139330148697,0.0413340921030545
2023-12-11,Test,-0.04461473599076271,0.03883499265724777
2023-12-12,Test,-0.047385137528181076,0.03218197040192305
2023-12-13,Test,-0.056532371789216995,0.01872491638543194
2023-12-14,Test,-0.057172562927007675,0.0151961480022671
2023-12-15,Test,-0.059993211179971695,-0.006784427948994254
2023-12-18,Test,-0.05212026461958885,-0.02149454723548949
2023-12-19,Test,-0.05257755145430565,-0.03147913962149884
2023-12-20,Test,-0.04899509996175766,-0.01570404580513884
2023-12-21,Test,-0.052991677075624466,-0.006915606549323772
2023-12-22,Test,-0.05398522689938545,-0.006440092196892011
2023-12-26,Test,-0.05848831310868263,-0.00579245729782174
2023-12-27,Test,-0.05644162744283676,-0.00522477253094622
2023-12-28,Test,-0.050747644156217575,-0.004230465076626388
2023-12-29,Test,-0.04665225371718407,0.0
