Date,Type,Prediction,Actual
2009-01-02,Train,-0.058393172919750214,-0.05188529083869675
2009-01-05,Train,-0.0806785523891449,-0.09864607763167066
2009-01-06,Train,-0.07049242407083511,-0.06958188032187862
2009-01-07,Train,-0.05973336845636368,-0.05519054782197275
2009-01-08,Train,-0.060799550265073776,-0.0604681598345741
2009-01-09,Train,-0.03279490023851395,-0.03192547702745385
2009-01-12,Train,0.0032432458829134703,-0.006775093490449247
2009-01-13,Train,0.01812146231532097,0.02776836016786999
2009-01-14,Train,0.019315266981720924,0.03318200456817677
2009-01-15,Train,0.0062210396863520145,-0.001374601890136606
2009-01-16,Train,0.018436256796121597,-0.000339912605571091
2009-01-20,Train,0.05701526999473572,0.06831193910236721
2009-01-21,Train,0.02819928526878357,0.02607204935943508
2009-01-22,Train,0.0709696114063263,0.06293461236223208
2009-01-23,Train,0.08233100175857544,0.08546717139468041
2009-01-26,Train,0.0719495564699173,0.08210234763095636
2009-01-27,Train,0.026818053796887398,0.03478855622033761
2009-01-28,Train,-0.0033518713898956776,-0.004942326742831127
2009-01-29,Train,0.018009169027209282,0.03346855218632894
2009-01-30,Train,0.05248222500085831,0.04714387007608201
2009-02-02,Train,0.009825613349676132,-0.00646040581582441
2009-02-03,Train,-0.023467501625418663,-0.02109143121575496
2009-02-04,Train,-0.033221084624528885,-0.03744563482442376
2009-02-05,Train,-0.0739375427365303,-0.05561003835661293
2009-02-06,Train,-0.09818965196609497,-0.1118903453930418
2009-02-09,Train,-0.0936371237039566,-0.08634918455093621
2009-02-10,Train,-0.06900246441364288,-0.05767963056027647
2009-02-11,Train,-0.07531972974538803,-0.07980131743471974
2009-02-12,Train,-0.09331085532903671,-0.09944386779609327
2009-02-13,Train,-0.10844343155622482,-0.1245481721169326
2009-02-17,Train,-0.0803484246134758,-0.08898010045239146
2009-02-18,Train,-0.0840655118227005,-0.06532147272103306
2009-02-19,Train,-0.07779372483491898,-0.07919418597224959
2009-02-20,Train,-0.0829329565167427,-0.08901979658692294
2009-02-23,Train,-0.04670386761426926,-0.07609478796801239
2009-02-24,Train,-0.04140077531337738,-0.05038223517528551
2009-02-25,Train,-0.03806044161319733,-0.02938090759372924
2009-02-26,Train,0.019976846873760223,0.03166603568821436
2009-02-27,Train,0.02783912979066372,0.04395201795471126
2009-03-02,Train,0.07008838653564453,0.06081084370680911
2009-03-03,Train,0.10404357314109802,0.1018031179202135
2009-03-04,Train,0.08747640997171402,0.08671792337539164
2009-03-05,Train,0.11538095772266388,0.1195775197632902
2009-03-06,Train,0.11361289024353027,0.1095057472114636
2009-03-09,Train,0.17170719802379608,0.2004661963207142
2009-03-10,Train,0.09894479811191559,0.1097694843898553
2009-03-11,Train,0.09101647138595581,0.09801799327403571
2009-03-12,Train,0.07745899260044098,0.0955702742876432
2009-03-13,Train,0.07226778566837311,0.07237299722584956
2009-03-16,Train,0.0796051174402237,0.0636942400029048
2009-03-17,Train,0.054020483046770096,0.03375382794726822
2009-03-18,Train,0.057045839726924896,0.03602692482619041
2009-03-19,Train,0.06203068047761917,0.07008085924255636
2009-03-20,Train,0.08562475442886353,0.1086359882039836
2009-03-23,Train,0.05583653599023819,0.04433659728629347
2009-03-24,Train,0.059655386954545975,0.03593802028782545
2009-03-25,Train,0.05361796170473099,0.04857241493065279
2009-03-26,Train,0.04732067510485649,0.04871056309231192
2009-03-27,Train,0.05923187732696533,0.06716416986765394
2009-03-30,Train,0.07889802753925323,0.08083839839310625
2009-03-31,Train,0.06765946000814438,0.06860164419492909
2009-04-01,Train,0.0669705793261528,0.08027303165281263
2009-04-02,Train,0.04987403750419617,0.04880356212968917
2009-04-03,Train,0.01395860593765974,-0.003400210226973899
2009-04-06,Train,0.013635549694299698,0.01301512745545264
2009-04-07,Train,0.04513922333717346,0.04360282736813392
2009-04-08,Train,0.027204662561416626,0.03630672362166742
2009-04-09,Train,0.022449413314461708,0.02276867125889526
2009-04-13,Train,0.02487030066549778,0.02553968282687968
2009-04-14,Train,0.0406319797039032,0.03047084680286938
2009-04-15,Train,0.041679736226797104,0.04753077247851456
2009-04-16,Train,0.03217662125825882,0.03128751649563832
2009-04-17,Train,0.028555773198604584,0.03182220098746935
2009-04-20,Train,0.06440170854330063,0.08715872866937713
2009-04-21,Train,0.0661843791604042,0.0712756784624331
2009-04-22,Train,0.059714943170547485,0.06831344316031429
2009-04-23,Train,0.03516912832856178,0.03322254466456243
2009-04-24,Train,0.01887926086783409,0.01602852293081547
2009-04-27,Train,-0.0020295388530939817,0.01838123155348437
2009-04-28,Train,0.01067668478935957,0.0134408831867443
2009-04-29,Train,-0.015983890742063522,-0.02710660595670511
2009-04-30,Train,-0.0212217029184103,-0.02596264356304312
2009-05-01,Train,-0.01885773427784443,-0.02909514201562302
2009-05-04,Train,-0.029351534321904182,-0.02310977392938973
2009-05-05,Train,-0.018624885007739067,-0.01770413831469031
2009-05-06,Train,-0.018414145335555077,-0.02141022055767983
2009-05-07,Train,-0.010459203273057938,-0.01636941168022199
2009-05-08,Train,-5.364707612898201e-05,-0.02015771650413245
2009-05-11,Train,0.0011386021506041288,0.01280938750951455
2009-05-12,Train,0.015862921252846718,0.01827288318032205
2009-05-13,Train,0.05372843146324158,0.05844943302300898
2009-05-14,Train,0.06545839458703995,0.05959873359817247
2009-05-15,Train,0.08330050855875015,0.09050046612012586
2009-05-18,Train,0.06338511407375336,0.06425224417047115
2009-05-19,Train,0.05426754802465439,0.05610465754554839
2009-05-20,Train,0.04899832606315613,0.07176204745536974
2009-05-21,Train,0.08665362000465393,0.0930162588851835
2009-05-22,Train,0.09387454390525818,0.09332132283779804
2009-05-26,Train,0.050934042781591415,0.06208680053377247
2009-05-27,Train,0.0739196240901947,0.0657018960315554
2009-05-28,Train,0.040604449808597565,0.05350497542385435
2009-05-29,Train,0.03014395758509636,0.03589599828780687
2009-06-01,Train,-0.0066699255257844925,-0.01346517922473278
2009-06-02,Train,-0.011110556311905384,-0.0244236943795082
2009-06-03,Train,-0.009155070409178734,-0.01211126945306507
2009-06-04,Train,-0.02148895151913166,-0.02504088028340479
2009-06-05,Train,-0.026309223845601082,-0.01685695901202033
2009-06-08,Train,-0.03253059834241867,-0.04335959687167756
2009-06-09,Train,-0.036217376589775085,-0.05277403850273499
2009-06-10,Train,-0.03399798646569252,-0.03340574558476239
2009-06-11,Train,-0.02480061538517475,-0.01439431786229417
2009-06-12,Train,-0.008658199571073055,-0.00763990674861037
2009-06-15,Train,0.006636072415858507,0.01532031235887477
2009-06-16,Train,0.022920694202184677,0.02334745003846361
2009-06-17,Train,0.0051004583947360516,0.01421014613830196
2009-06-18,Train,-0.003979380242526531,-0.006141854343312936
2009-06-19,Train,-0.011374621652066708,-0.02074115053000136
2009-06-22,Train,-0.00446252292022109,-0.01567853543470799
2009-06-23,Train,0.0005637925351038575,-0.00828574044363839
2009-06-24,Train,-0.005843185819685459,-0.02304017115224977
2009-06-25,Train,-0.028855230659246445,-0.03775152141139382
2009-06-26,Train,-0.021865522488951683,-0.02144621397316204
2009-06-29,Train,-0.015122409909963608,-0.02002742186437911
2009-06-30,Train,0.018522080034017563,0.0148432403786638
2009-07-01,Train,0.02376202680170536,0.0263736001162016
2009-07-02,Train,0.05287014693021774,0.05505626357244697
2009-07-06,Train,0.05798351392149925,0.07088388399743639
2009-07-07,Train,0.09123647212982178,0.1057052318248948
2009-07-08,Train,0.11451995372772217,0.1091904642896628
2009-07-09,Train,0.11797881126403809,0.1317226907120954
2009-07-10,Train,0.11759377270936966,0.11827036897694
2009-07-13,Train,0.10312993824481964,0.1056476062212042
2009-07-14,Train,0.10724057257175446,0.09406496348057569
2009-07-15,Train,0.07096245139837265,0.06554718590636677
2009-07-16,Train,0.0540584959089756,0.05915415011691194
2009-07-17,Train,0.05598069727420807,0.05031947072803944
2009-07-20,Train,0.05537567287683487,0.05590724812635184
2009-07-21,Train,0.048558130860328674,0.04871662114940878
2009-07-22,Train,0.03777993097901344,0.03194804005808649
2009-07-23,Train,0.005874116905033588,0.0007624547689339956
2009-07-24,Train,0.01291627250611782,0.02125484884176321
2009-07-27,Train,0.004723894409835339,0.006353240398838
2009-07-28,Train,0.0060992310754954815,0.004605846521109402
2009-07-29,Train,0.005158428102731705,0.01347226174990257
2009-07-30,Train,-0.004504150710999966,0.01314128030765915
2009-07-31,Train,-0.0032300997991114855,0.004562745290106029
2009-08-03,Train,-0.01368576381355524,-0.03896107236815904
2009-08-04,Train,-0.016639765352010727,-0.02522482800041081
2009-08-05,Train,-0.005613062530755997,-0.0108230634314167
2009-08-06,Train,0.004280614200979471,0.009649498301452342
2009-08-07,Train,0.005525076761841774,0.01028083842605287
2009-08-10,Train,0.012081840075552464,0.01641418057891308
2009-08-11,Train,0.021921372041106224,0.02827306820700382
2009-08-12,Train,0.014569620601832867,0.0107850593603076
2009-08-13,Train,0.016830753535032272,0.007732635872065519
2009-08-14,Train,0.010368349961936474,0.02043899916130565
2009-08-17,Train,0.02961386926472187,0.04028064593294078
2009-08-18,Train,0.008877076208591461,0.006405329434255869
2009-08-19,Train,0.004968494642525911,-0.001272245242524006
2009-08-20,Train,7.780047599226236e-05,-0.00628772662358501
2009-08-21,Train,0.0055596656166017056,0.001737396208329134
2009-08-24,Train,0.0052834004163742065,0.01217395474451677
2009-08-25,Train,0.012411386705935001,0.01783505671917318
2009-08-26,Train,0.023039288818836212,0.02928040514925456
2009-08-27,Train,0.02836892381310463,0.0277227447916637
2009-08-28,Train,0.023503068834543228,0.03066275273431462
2009-08-31,Train,0.03842204436659813,0.04446671616974274
2009-09-01,Train,0.06454631686210632,0.0799388871494422
2009-09-02,Train,0.07028663903474808,0.08050955025253792
2009-09-03,Train,0.07213088124990463,0.07415845177545632
2009-09-04,Train,0.05896717309951782,0.05475716181990919
2009-09-08,Train,0.04434400424361229,0.04688266491706217
2009-09-09,Train,0.0328616127371788,0.03309809212219994
2009-09-10,Train,0.019086381420493126,0.0142237261113547
2009-09-11,Train,0.013135576620697975,0.004335267417901134
2009-09-14,Train,0.00966782309114933,0.01751438428242236
2009-09-15,Train,0.017518840730190277,0.009806262471783178
2009-09-16,Train,-0.004416167736053467,-0.004007500619596094
2009-09-17,Train,-0.023685023188591003,-0.03324687225855172
2009-09-18,Train,-0.02835819683969021,-0.03675771934667282
2009-09-21,Train,-0.02621311880648136,-0.03194739535121294
2009-09-22,Train,-0.02150452323257923,-0.01664719516455615
2009-09-23,Train,-0.011899533681571484,-0.009187264608695234
2009-09-24,Train,0.0039505548775196075,0.00404093142086448
2009-09-25,Train,0.03010508418083191,0.01870500635554162
2009-09-28,Train,0.005057489033788443,0.003772691534727146
2009-09-29,Train,0.012932227924466133,0.008526778776478006
2009-09-30,Train,0.013363688252866268,0.02153845792691378
2009-10-01,Train,0.039012759923934937,0.05024393593392729
2009-10-02,Train,0.04823911935091019,0.04647743790455916
2009-10-05,Train,0.04262898489832878,0.04853191080883978
2009-10-06,Train,0.032954148948192596,0.03051985302591276
2009-10-07,Train,0.025785157456994057,0.02567755542307815
2009-10-08,Train,0.02095872163772583,0.02533143116255343
2009-10-09,Train,0.007447806186974049,0.01530135435224356
2009-10-12,Train,-0.0008849102887324989,0.009866149557281823
2009-10-13,Train,-0.013769797049462795,-0.005636488213858093
2009-10-14,Train,-0.03318629413843155,-0.04101020537584177
2009-10-15,Train,-0.02873058244585991,-0.02252673455103027
2009-10-16,Train,-0.026600362733006477,-0.04254323858711739
2009-10-19,Train,-0.03459521755576134,-0.04813696043573534
2009-10-20,Train,-0.04187304526567459,-0.04534944108773065
2009-10-21,Train,-0.03240986913442612,-0.04195636495600097
2009-10-22,Train,-0.023140422999858856,-0.0221658478118163
2009-10-23,Train,-0.010491294786334038,-0.01228849016620948
2009-10-26,Train,0.001088454620912671,0.01209575768234661
2009-10-27,Train,0.021258831024169922,0.0302314306727427
2009-10-28,Train,0.05879488214850426,0.06064271981744018
2009-10-29,Train,0.04252329096198082,0.03706346798849092
2009-10-30,Train,0.07770271599292755,0.07446287366292337
2009-11-02,Train,0.07839374244213104,0.08096275054412527
2009-11-03,Train,0.07876304537057877,0.08095007970091883
2009-11-04,Train,0.06292368471622467,0.07307032444400297
2009-11-05,Train,0.034060508012771606,0.03093273720166767
2009-11-06,Train,0.02667292393743992,0.01971831414731584
2009-11-09,Train,0.022351689636707306,0.01447945512338578
2009-11-10,Train,0.013387673534452915,0.008482410720821232
2009-11-11,Train,0.0029423583764582872,0.006378104090311254
2009-11-12,Train,-0.007407268509268761,-0.003207404340242692
2009-11-13,Train,-0.00829081516712904,-0.01022487992284271
2009-11-16,Train,-0.012915419414639473,-0.01012147485843318
2009-11-17,Train,-0.013333652168512344,-0.01188338110828424
2009-11-18,Train,-0.007706452626734972,-0.01037202029986706
2009-11-19,Train,0.0052507719956338406,0.01053593875584768
2009-11-20,Train,0.013572133146226406,0.01081954962158194
2009-11-23,Train,-0.002600062172859907,-0.01132759417566409
2009-11-24,Train,-0.0007434484432451427,0.002045922917796705
2009-11-25,Train,0.001563692931085825,0.002716136963690996
2009-11-27,Train,0.01737932302057743,0.01424966146861895
2009-11-30,Train,0.016892999410629272,0.02272722296966112
2009-12-01,Train,0.01346003171056509,0.006589432551408425
2009-12-02,Train,0.0037401854060590267,0.006580461028716567
2009-12-03,Train,0.009649230167269707,-0.001594889400721389
2009-12-04,Train,0.010660353116691113,0.007706259311402119
2009-12-07,Train,0.02637379616498947,0.02391253110246661
2009-12-08,Train,0.03801153972744942,0.03643446780077286
2009-12-09,Train,0.03164668008685112,0.03357530582482093
2009-12-10,Train,0.037301965057849884,0.03792325810629649
2009-12-11,Train,0.03782859072089195,0.04736007482442495
2009-12-14,Train,0.03687411919236183,0.03322109018141428
2009-12-15,Train,0.033159319311380386,0.04221216623228208
2009-12-16,Train,0.03453576937317848,0.03133452142748783
2009-12-17,Train,0.041366755962371826,0.05933360320009751
2009-12-18,Train,0.036485377699136734,0.04408455071599793
2009-12-21,Train,0.028183039277791977,0.02624555892358327
2009-12-22,Train,0.019655141979455948,0.02078263621982135
2009-12-23,Train,0.012615506537258625,0.02172953981405956
2009-12-24,Train,0.010197700001299381,0.00826448612219255
2009-12-28,Train,-0.00659017451107502,-0.0095197410165615
2009-12-29,Train,0.00460626557469368,0.006951981388453765
2009-12-30,Train,0.003310068277642131,0.004765025545335755
2009-12-31,Train,0.005982379894703627,0.002185758997182319
2010-01-04,Train,7.347879000008106e-05,0.003662257439646099
2010-01-05,Train,-0.009195592254400253,-0.01077121972689987
2010-01-06,Train,-0.016826385632157326,-0.01408751018162058
2010-01-07,Train,-0.04542386904358864,-0.04353472820549431
2010-01-08,Train,-0.044240061193704605,-0.04812025564946021
2010-01-11,Train,-0.04573069140315056,-0.04335638718222234
2010-01-12,Train,-0.027777880430221558,-0.0235910451104212
2010-01-13,Train,-0.05676496773958206,-0.06040991001593865
2010-01-14,Train,-0.059807293117046356,-0.07760289979491586
2010-01-15,Train,-0.05703670158982277,-0.05648855482622872
2010-01-19,Train,-0.05907541885972023,-0.06310364063275664
2010-01-20,Train,-0.045660845935344696,-0.04420729225267517
2010-01-21,Train,-0.04490658640861511,-0.06309084723425229
2010-01-22,Train,-0.014868670143187046,-0.02672102149576738
2010-01-25,Train,-0.025542480871081352,-0.03701203235200656
2010-01-26,Train,-0.026399126276373863,-0.02795936654863895
2010-01-27,Train,-0.034166350960731506,-0.03758389880316648
2010-01-28,Train,0.0019585483241826296,0.002755429023811429
2010-01-29,Train,0.021049682050943375,0.02266878675512896
2010-02-01,Train,0.02096942625939846,0.02450303778128871
2010-02-02,Train,0.018646283075213432,0.0210767041646005
2010-02-03,Train,0.01265803724527359,0.0218728434227109
2010-02-04,Train,0.04083092510700226,0.05185365918713303
2010-02-05,Train,0.03717004507780075,0.0409493288733267
2010-02-08,Train,0.039933670312166214,0.03491918777608949
2010-02-09,Train,0.040046121925115585,0.03479471071127338
2010-02-10,Train,0.03843448683619499,0.03672705717213187
2010-02-11,Train,0.03368952125310898,0.02495993126381713
2010-02-12,Train,0.041252024471759796,0.03770570359156022
2010-02-16,Train,0.0260966494679451,0.02775269744372255
2010-02-17,Train,0.02948184497654438,0.02310968782475631
2010-02-18,Train,0.03064337559044361,0.0200669243366467
2010-02-19,Train,0.03481970727443695,0.03591337786961724
2010-02-22,Train,0.039195895195007324,0.04000887424399902
2010-02-23,Train,0.05285155773162842,0.05955618381346883
2010-02-24,Train,0.052078861743211746,0.05738618075696045
2010-02-25,Train,0.047733891755342484,0.06165919493462924
2010-02-26,Train,0.054987285286188126,0.05808763150841201
2010-03-01,Train,0.04357477277517319,0.04029953396176844
2010-03-02,Train,0.044273197650909424,0.0436882922458468
2010-03-03,Train,0.045134399086236954,0.04539473166866403
2010-03-04,Train,0.044448383152484894,0.0454645208973703
2010-03-05,Train,0.026616884395480156,0.02260988550404308
2010-03-08,Train,0.022149240598082542,0.02987318775230463
2010-03-09,Train,0.02580106258392334,0.03120322838010781
2010-03-10,Train,0.02368192747235298,0.01801997714254666
2010-03-11,Train,0.02000368945300579,0.01267164325562309
2010-03-12,Train,0.018429318442940712,0.01351350045186761
2010-03-15,Train,0.014661397784948349,0.02095677029200438
2010-03-16,Train,0.013564570806920528,0.01787964782818241
2010-03-17,Train,0.015230447053909302,0.01027903707338518
2010-03-18,Train,0.013462372124195099,0.006899393763835526
2010-03-19,Train,0.01903226226568222,0.02358388907770048
2010-03-22,Train,0.020384956151247025,0.01732057309619384
2010-03-23,Train,0.016647281125187874,0.007875669805497143
2010-03-24,Train,0.01704223081469536,0.01499377788087286
2010-03-25,Train,0.020066771656274796,0.02252342021216713
2010-03-26,Train,0.02097008377313614,0.02229166030883789
2010-03-29,Train,0.020721975713968277,0.0226000448462238
2010-03-30,Train,0.024396993219852448,0.03141145850249449
2010-03-31,Train,0.02771497145295143,0.04090534109104627
2010-04-01,Train,0.025132937356829643,0.02844682176547764
2010-04-05,Train,0.02245381474494934,0.01830897713378987
2010-04-06,Train,0.021897653117775917,0.02051282051282044
2010-04-07,Train,0.02473333850502968,0.02878876579132061
2010-04-08,Train,0.02592553198337555,0.03221172837008424
2010-04-09,Train,0.024466315284371376,0.03038959240390504
2010-04-12,Train,0.01639750227332115,0.02730793073001037
2010-04-13,Train,0.007245685905218124,0.0004055242880662835
2010-04-14,Train,0.004157611634582281,-0.01081949343174249
2010-04-15,Train,0.002153614070266485,0.001994783003998357
2010-04-16,Train,-0.0039380332455039024,-0.005854978961786217
2010-04-19,Train,-0.017914393916726112,0.008686874852035897
2010-04-20,Train,-0.01990947313606739,-0.02653265718239639
2010-04-21,Train,-0.04864518344402313,-0.03697778371497085
2010-04-22,Train,-0.05747967213392258,-0.07433912892819594
2010-04-23,Train,-0.06857609003782272,-0.1011480713390667
2010-04-26,Train,-0.06168403476476669,-0.05237054944732289
2010-04-27,Train,-0.03980109095573425,-0.03283337914217244
2010-04-28,Train,-0.03124852105975151,-0.01519141211720032
2010-04-29,Train,-0.047233838587999344,-0.04738206430031899
2010-04-30,Train,-0.03761223703622818,-0.04691310508832103
2010-05-03,Train,-0.046645939350128174,-0.05707988096738825
2010-05-04,Train,-0.043919019401073456,-0.04129671665077927
2010-05-05,Train,-0.04407553747296333,-0.04400163799204093
2010-05-06,Train,-0.03961928188800812,-0.04767020045632198
2010-05-07,Train,-0.009611892513930798,-0.0125522945769555
2010-05-10,Train,-0.06863656640052795,-0.06510363367279637
2010-05-11,Train,-0.06652980297803879,-0.06328584200566734
2010-05-12,Train,-0.07810300588607788,-0.09090905524571491
2010-05-13,Train,-0.05655762553215027,-0.04137930209772478
2010-05-14,Train,-0.03657028079032898,-0.02834011980409057
2010-05-17,Train,-0.03525510057806969,-0.04035687026302615
2010-05-18,Train,-0.01346945483237505,-0.003876810337985592
2010-05-19,Train,0.0018731822492554784,0.01367775151182005
2010-05-20,Train,0.016662755981087685,0.01668549501526129
2010-05-21,Train,-0.010880925692617893,-0.01271185755763926
2010-05-24,Train,-0.0059370980598032475,-0.01052398616903172
2010-05-25,Train,-0.004267755895853043,-0.01968682445403536
2010-05-26,Train,0.01825096644461155,0.01968323341329525
2010-05-27,Train,-0.005056415684521198,-0.008066251155449122
2010-05-28,Train,0.0010271967621520162,-0.002412210511733237
2010-06-01,Train,0.022133952006697655,0.03386451458526429
2010-06-02,Train,0.01280705165117979,0.01405408704603039
2010-06-03,Train,0.0023957088124006987,0.007710443798248923
2010-06-04,Train,0.03865461423993111,0.04235972146703326
2010-06-07,Train,0.0479532852768898,0.05263153359531558
2010-06-08,Train,0.04221934452652931,0.04639065660705333
2010-06-09,Train,0.040949173271656036,0.05088999447208398
2010-06-10,Train,0.006167249754071236,0.006212531200195048
2010-06-11,Train,-0.002405812731012702,-0.005054934994205063
2010-06-14,Train,-0.011071274057030678,-0.008353507454257003
2010-06-15,Train,-0.050297535955905914,-0.07150503571082656
2010-06-16,Train,-0.08862309157848358,-0.08933906833871319
2010-06-17,Train,-0.08006474375724792,-0.09479275572356616
2010-06-18,Train,-0.08711076527833939,-0.09638295275099729
2010-06-21,Train,-0.08043987303972244,-0.08583691268190419
2010-06-22,Train,-0.04675440862774849,-0.04930801278616515
2010-06-23,Train,-0.03779073804616928,-0.04017369174313112
2010-06-24,Train,-0.007485487964004278,-0.01609701360084725
2010-06-25,Train,-0.00322995288297534,-0.01148664573681257
2010-06-28,Train,-0.006965559907257557,0.004876994407591262
2010-06-29,Train,0.043646689504384995,0.05049579191472398
2010-06-30,Train,0.05710325390100479,0.06766563923198743
2010-07-01,Train,0.05756451562047005,0.04108945747194759
2010-07-02,Train,0.05590193718671799,0.05297857158768293
2010-07-06,Train,0.06797188520431519,0.06244131320868518
2010-07-07,Train,0.023870037868618965,0.01546861508957509
2010-07-08,Train,0.03475658595561981,0.03552035447340129
2010-07-09,Train,0.03237669914960861,0.03227257902010505
2010-07-12,Train,0.03945362940430641,0.03776533244042413
2010-07-13,Train,0.02478538639843464,0.02404580396782352
2010-07-14,Train,0.013529349118471146,0.0107550010755002
2010-07-15,Train,0.007558128796517849,0.002412294167377871
2010-07-16,Train,0.04005628451704979,0.03315293675336917
2010-07-19,Train,0.02630467526614666,0.04360458173108084
2010-07-20,Train,0.01823938451707363,0.02673448837920622
2010-07-21,Train,0.03536424785852432,0.05152328110456672
2010-07-22,Train,0.011739538051187992,0.02315930440658787
2010-07-23,Train,0.015411829575896263,0.01519750167980005
2010-07-26,Train,0.012836641632020473,0.01378129249077142
2010-07-27,Train,0.001891029067337513,0.005385609863449936
2010-07-28,Train,-0.011270844377577305,-0.01411504282194487
2010-07-29,Train,-0.013408580794930458,-0.01465758438776488
2010-07-30,Train,-0.021079061552882195,-0.02379393407360608
2010-08-02,Train,-0.027295207604765892,-0.04006854521646586
2010-08-03,Train,-0.0248041320592165,-0.0236712343430775
2010-08-04,Train,-0.032850075513124466,-0.02961225884777774
2010-08-05,Train,-0.03793884441256523,-0.04206707545752741
2010-08-06,Train,-0.0385650172829628,-0.03934987636089293
2010-08-09,Train,-0.05246752128005028,-0.05522519515076485
2010-08-10,Train,-0.05387308448553085,-0.06470959420512556
2010-08-11,Train,-0.03127988427877426,-0.02929519353202137
2010-08-12,Train,-0.019883429631590843,-0.03330372934079762
2010-08-13,Train,-0.01225532777607441,-0.01453491744490354
2010-08-16,Train,-0.023517170920968056,-0.02656246979853882
2010-08-17,Train,-0.03470976650714874,-0.04209830047119123
2010-08-18,Train,-0.01852034404873848,-0.01734359887507042
2010-08-19,Train,0.013782457448542118,0.008916578371364059
2010-08-20,Train,0.022582175210118294,0.02426536502713939
2010-08-23,Train,0.024368928745388985,0.02742808528009677
2010-08-24,Train,0.056744400411844254,0.0595646823191891
2010-08-25,Train,0.05440634861588478,0.05355118281584037
2010-08-26,Train,0.07291629165410995,0.07028014456247944
2010-08-27,Train,0.07130200415849686,0.07215793798948567
2010-08-30,Train,0.0899229645729065,0.08805320107416836
2010-08-31,Train,0.09539466351270676,0.09871148195813162
2010-09-01,Train,0.06153560429811478,0.07104558588971033
2010-09-02,Train,0.06963330507278442,0.06031823813910187
2010-09-03,Train,0.06236787512898445,0.06129110220379408
2010-09-07,Train,0.06483159214258194,0.06827131028004141
2010-09-08,Train,0.052085041999816895,0.05275672706397794
2010-09-09,Train,0.04834188520908356,0.04824462306798272
2010-09-10,Train,0.04917202144861221,0.065665267671422
2010-09-13,Train,0.028044812381267548,0.04529099237351186
2010-09-14,Train,0.034653980284929276,0.04046360670335147
2010-09-15,Train,0.027584202587604523,0.03225132807387099
2010-09-16,Train,0.027456289157271385,0.02357115353536265
2010-09-17,Train,0.02459132857620716,0.0212543573117665
2010-09-20,Train,0.009224649518728256,-0.007167771363788211
2010-09-21,Train,0.017105648294091225,0.01720606632197397
2010-09-22,Train,0.009873081929981709,0.01109059212893726
2010-09-23,Train,0.01601310446858406,0.01520447311089002
2010-09-24,Train,0.010641366243362427,0.001812326880073156
2010-09-27,Train,0.014279256574809551,0.007693886876112721
2010-09-28,Train,0.014507398009300232,0.01498889395334535
2010-09-29,Train,0.02378861792385578,0.02495434204483549
2010-09-30,Train,0.039078764617443085,0.0275116870290808
2010-10-01,Train,0.040709804743528366,0.05060198820378181
2010-10-04,Train,0.04279003292322159,0.05816831108604692
2010-10-05,Train,0.034883610904216766,0.02335883711188846
2010-10-06,Train,0.03865835443139076,0.03981310385329362
2010-10-07,Train,0.034283582121133804,0.03804899967458097
2010-10-08,Train,0.03423093259334564,0.03798993748037049
2010-10-11,Train,0.04031605273485184,0.04259591947731356
2010-10-12,Train,0.031213926151394844,0.03831566844061629
2010-10-13,Train,0.034638404846191406,0.03305617881657552
2010-10-14,Train,0.0361509770154953,0.0372868134944353
2010-10-15,Train,0.021471546962857246,0.01340063321453622
2010-10-18,Train,0.022366298362612724,0.01793376213109066
2010-10-19,Train,0.03385663032531738,0.03856747532944738
2010-10-20,Train,0.03754367679357529,0.03574920648854762
2010-10-21,Train,0.040122140198946,0.04640275318648812
2010-10-22,Train,0.023867303505539894,0.03931058875465054
2010-10-25,Train,0.022861311212182045,0.03565238602002019
2010-10-26,Train,0.022742601111531258,0.02729198571896974
2010-10-27,Train,0.019974570721387863,0.02931601138634909
2010-10-28,Train,0.012713300064206123,0.02065013091413936
2010-10-29,Train,0.014490639790892601,0.006324224117045363
2010-11-01,Train,0.0033117576967924833,0.001723480476522932
2010-11-02,Train,-0.015338360331952572,-0.02519890199162178
2010-11-03,Train,-0.017580462619662285,-0.0267823834662877
2010-11-04,Train,-0.018166936933994293,-0.02310411600660389
2010-11-05,Train,-0.018367324024438858,-0.02235880359944808
2010-11-08,Train,-0.016367679461836815,-0.01544476749406698
2010-11-09,Train,-0.015247145667672157,-0.02581854159807762
2010-11-10,Train,-0.015234896913170815,-0.01116906692450192
2010-11-11,Train,-0.013126618228852749,-0.0114275121421068
2010-11-12,Train,0.0023671817034482956,0.004189701537524293
2010-11-15,Train,0.006382331717759371,-0.004205720033023219
2010-11-16,Train,0.023165835067629814,0.0338191999604962
2010-11-17,Train,0.02416171319782734,0.04127909168802568
2010-11-18,Train,0.026355823501944542,0.02746516533143772
2010-11-19,Train,0.025117162615060806,0.02630069032423554
2010-11-22,Train,0.02668222226202488,0.01833304145720138
2010-11-23,Train,0.03077867440879345,0.03860192333418166
2010-11-24,Train,0.02746158093214035,0.01901359481436704
2010-11-26,Train,0.0244439709931612,0.03259429990113016
2010-11-29,Train,0.03138555958867073,0.02977431648878848
2010-11-30,Train,0.034513723105192184,0.04434634990447872
2010-12-01,Train,0.02186432108283043,0.01823653404300041
2010-12-02,Train,0.01559382863342762,0.01581988267374146
2010-12-03,Train,0.009544136933982372,0.01206611358394105
2010-12-06,Train,0.01721220463514328,0.01318482672773214
2010-12-07,Train,0.014759338460862637,0.01874532853583943
2010-12-08,Train,0.01121885422617197,0.01479288479981444
2010-12-09,Train,0.006849026773124933,0.01126917787391069
2010-12-10,Train,0.00373051967471838,0.005138534972876085
2010-12-13,Train,0.005766061134636402,0.006813976741867789
2010-12-14,Train,0.009402901865541935,0.00716910622627287
2010-12-15,Train,0.012233806774020195,0.009231905491297487
2010-12-16,Train,0.00804370641708374,-0.002198657796925074
2010-12-17,Train,0.009733636863529682,0.01449011204868489
2010-12-20,Train,0.014553867280483246,0.01301317937319957
2010-12-21,Train,0.016475489363074303,0.0154855583579887
2010-12-22,Train,0.024651173502206802,0.01895038412151751
2010-12-23,Train,0.02456812374293804,0.0206429890166131
2010-12-27,Train,0.027969134971499443,0.02391822826989443
2010-12-28,Train,0.031771477311849594,0.02725446731975878
2010-12-29,Train,0.03100312501192093,0.03230517299119184
2010-12-30,Train,0.030751917511224747,0.0351262712953242
2010-12-31,Train,0.03344498947262764,0.04663975318081737
2011-01-03,Train,0.027613656595349312,0.03344781103213723
2011-01-04,Train,0.023924512788653374,0.02243527869548534
2011-01-05,Train,0.01082997489720583,0.006637942603932467
2011-01-06,Train,0.002961609046906233,-0.004291807432547645
2011-01-07,Train,0.007902107201516628,0.01038127514127596
2011-01-10,Train,0.0031227406580001116,0.008024196389968763
2011-01-11,Train,0.003720722859725356,0.011930234783885
2011-01-12,Train,0.0038221741560846567,0.01096179131596609
2011-01-13,Train,-0.0004151454195380211,-0.01502301628332259
2011-01-14,Train,-0.0035934450570493937,-0.01754385964912286
2011-01-18,Train,-0.0010288330959156156,-0.001924433356284228
2011-01-19,Train,0.01030988059937954,0.007963206092822972
2011-01-20,Train,0.013884576968848705,0.01693104175023286
2011-01-21,Train,0.020879408344626427,0.03053162273027921
2011-01-24,Train,0.017426300793886185,0.02125776344944308
2011-01-25,Train,0.023062553256750107,0.02653458398002573
2011-01-26,Train,0.024565715342760086,0.01935594648388705
2011-01-27,Train,0.013974622823297977,0.01469045379686462
2011-01-28,Train,0.03866793215274811,0.04862729421734202
2011-01-31,Train,0.031576965004205704,0.04607146126883377
2011-02-01,Train,0.01841803453862667,0.02541631520298981
2011-02-02,Train,0.02250523678958416,0.03370790053551764
2011-02-03,Train,0.027484294027090073,0.03154572719486648
2011-02-04,Train,0.01622297428548336,0.02352733441950483
2011-02-07,Train,-0.006701368372887373,-0.01075460069682244
2011-02-08,Train,-0.01506300363689661,-0.02533168080179771
2011-02-09,Train,-0.015834037214517593,-0.01847056256149582
2011-02-10,Train,-0.016873786225914955,-0.006377092881171387
2011-02-11,Train,-0.016336852684617043,-0.01146471910831126
2011-02-14,Train,-0.024058284237980843,-0.02970299802115028
2011-02-15,Train,-0.01958383060991764,-0.02324787368122327
2011-02-16,Train,-0.02137053571641445,-0.01036006452591409
2011-02-17,Train,-0.015711544081568718,-0.01512061468602699
2011-02-18,Train,-0.012744681909680367,-0.02622170828419357
2011-02-22,Train,-0.010321916081011295,0.006838495493533436
2011-02-23,Train,-0.0026584239676594734,0.008309713482924419
2011-02-24,Train,-0.014966633170843124,-0.01266270159997229
2011-02-25,Train,-0.02148810215294361,-0.02012141919703836
2011-02-28,Train,-0.020318273454904556,-0.02561882517758285
2011-03-01,Train,-0.030285120010375977,-0.02375085275328992
2011-03-02,Train,-0.028605284169316292,-0.05232757955386336
2011-03-03,Train,-0.04675928130745888,-0.06212457359612822
2011-03-04,Train,-0.04500114545226097,-0.06072106923652365
2011-03-07,Train,-0.022962171584367752,-0.02955059743470112
2011-03-08,Train,-0.02499392442405224,-0.0351793226659991
2011-03-09,Train,-0.02166360802948475,-0.02314570792702542
2011-03-10,Train,0.007440529763698578,0.009975086914487452
2011-03-11,Train,0.0054226405918598175,0.006195759669352485
2011-03-14,Train,-0.001270409906283021,0.004263596728834473
2011-03-15,Train,0.018787678331136703,0.02865381338067063
2011-03-16,Train,0.04484295845031738,0.05909504816380973
2011-03-17,Train,0.0430799163877964,0.05086914367203521
2011-03-18,Train,0.048044972121715546,0.05528004186148539
2011-03-21,Train,0.029494432732462883,0.03189190013988608
2011-03-22,Train,0.03443131968379021,0.03104688372982078
2011-03-23,Train,0.03134524077177048,0.02782263978698496
2011-03-24,Train,0.010287397541105747,0.009171083787772316
2011-03-25,Train,0.0010804133489727974,0.001935267594234125
2011-03-28,Train,0.011614060960710049,0.004068628112558148
2011-03-29,Train,-0.004689833614975214,-0.01243873294313103
2011-03-30,Train,-0.00507090101018548,-0.008718396047135424
2011-03-31,Train,-0.01113141980022192,-0.01184050673101766
2011-04-01,Train,-0.011329464614391327,-0.01409672070135193
2011-04-04,Train,-0.008842390030622482,-0.01781037977319233
2011-04-05,Train,0.0069142733700573444,-0.009103649640886169
2011-04-06,Train,0.006984006147831678,0.01082785128809327
2011-04-07,Train,0.015787893906235695,0.01957355658845272
2011-04-08,Train,0.0334937684237957,0.027041279980623
2011-04-11,Train,0.025907212868332863,0.03629318946807492
2011-04-12,Train,0.029062792658805847,0.05055884943801736
2011-04-13,Train,0.03492427244782448,0.04010558760229399
2011-04-14,Train,0.038143403828144073,0.04105730098774774
2011-04-15,Train,0.03572919964790344,0.04095321504562355
2011-04-18,Train,0.037321917712688446,0.04337775336371519
2011-04-19,Train,0.034886449575424194,0.03533568999855086
2011-04-20,Train,0.008025783114135265,0.006910810362821262
2011-04-21,Train,0.0033420671243220568,0.002228335066424725
2011-04-25,Train,0.0030267511028796434,0.003419335655717948
2011-04-26,Train,0.0017865401459857821,0.006290359296233117
2011-04-27,Train,-0.0024003759026527405,-0.007767694861328445
2011-04-28,Train,-0.01053808443248272,-0.0003382455166985876
2011-04-29,Train,-0.009633776731789112,-0.01134058840347563
2011-05-02,Train,-0.015218243934214115,-0.02662370124342184
2011-05-03,Train,-0.01582476869225502,-0.01925365956481251
2011-05-04,Train,-0.0153218237683177,-0.009556272579786085
2011-05-05,Train,-0.018937423825263977,-0.001201092935662285
2011-05-06,Train,-0.028200706467032433,-0.01197196422653046
2011-05-09,Train,-0.026549726724624634,-0.03015846820889467
2011-05-10,Train,-0.02514718659222126,-0.04426421680473758
2011-05-11,Train,-0.028864314779639244,-0.03352616511705941
2011-05-12,Train,-0.029535796493291855,-0.03332771443683813
2011-05-13,Train,-0.023740479722619057,-0.01677794118809173
2011-05-16,Train,0.0033959795255213976,0.01672472228140687
2011-05-17,Train,-0.011842243373394012,-0.008165413646449515
2011-05-18,Train,-0.02167011983692646,-0.01430051374848684
2011-05-19,Train,-0.023859243839979172,-0.03195328362146821
2011-05-20,Train,-0.02546171098947525,-0.03254286053692734
2011-05-23,Train,-0.019008878618478775,-0.01985237684063168
2011-05-24,Train,-0.022486472502350807,-0.02085911811103902
2011-05-25,Train,-0.02677222341299057,-0.02289134030820394
2011-05-26,Train,-0.03556222468614578,-0.04375218807672765
2011-05-27,Train,-0.03746403753757477,-0.04858089675607924
2011-05-31,Train,-0.03924815356731415,-0.05174777974947453
2011-06-01,Train,-0.042740598320961,-0.04904535346955363
2011-06-02,Train,-0.03905368223786354,-0.05471066777673628
2011-06-03,Train,-0.0352608747780323,-0.04543030395589875
2011-06-06,Train,-0.01817191392183304,-0.03256395982643912
2011-06-07,Train,-0.012228667736053467,-0.01003766560496966
2011-06-08,Train,-0.01365228183567524,-0.0101100842167261
2011-06-09,Train,-0.011500908061861992,-0.002703217180422546
2011-06-10,Train,0.004779580049216747,-0.004758388075356779
2011-06-13,Train,0.011052903719246387,0.01116399372557697
2011-06-14,Train,0.016076084226369858,0.0131911734771144
2011-06-15,Train,0.04780424386262894,0.03702336134900164
2011-06-16,Train,0.0496365949511528,0.05491858922793869
2011-06-17,Train,0.0654437467455864,0.07659414132293607
2011-06-20,Train,0.07204059511423111,0.076382487357598
2011-06-21,Train,0.060243282467126846,0.05721527926132874
2011-06-22,Train,0.06776127964258194,0.07951845066663621
2011-06-23,Train,0.054095927625894547,0.06667868840864877
2011-06-24,Train,0.06790655851364136,0.06583298907760571
2011-06-27,Train,0.049713678658008575,0.04108598113599404
2011-06-28,Train,0.02869548462331295,0.03014087098104601
2011-06-29,Train,0.02803894504904747,0.0140319880325559
2011-06-30,Train,0.023114703595638275,0.01402277384327921
2011-07-01,Train,0.0018948931246995926,-0.006389206231388056
2011-07-05,Train,0.004811794031411409,0.0111683454065441
2011-07-06,Train,8.657504076836631e-05,0.003596490609141689
2011-07-07,Train,-0.00254171178676188,-0.003378897666538205
2011-07-08,Train,0.003936051856726408,0.00965610209404466
2011-07-11,Train,0.01827431097626686,0.02622499105889187
2011-07-12,Train,0.02281234599649906,0.03668290322599899
2011-07-13,Train,0.018900811672210693,0.005713328266002682
2011-07-14,Train,0.018032798543572426,0.01926779595692873
2011-07-15,Train,-0.013775352388620377,0.002592939150136919
2011-07-18,Train,-0.009389829821884632,0.003302026828048144
2011-07-19,Train,-0.06016130372881889,-0.04384023930760095
2011-07-20,Train,-0.05339249595999718,-0.03054602640681936
2011-07-21,Train,-0.07460381090641022,-0.08170882136592539
2011-07-22,Train,-0.09641680866479874,-0.09681202669110467
2011-07-25,Train,-0.10489470511674881,-0.1494619949237846
2011-07-26,Train,-0.10395379364490509,-0.110682578745541
2011-07-27,Train,-0.10262159258127213,-0.1244620334523141
2011-07-28,Train,-0.08483237028121948,-0.08747207892614728
2011-07-29,Train,-0.08083843439817429,-0.07637931560647904
2011-08-01,Train,-0.06943366676568985,-0.05837517683365323
2011-08-02,Train,-0.04536449536681175,-0.04211833859258074
2011-08-03,Train,-0.05408955365419388,-0.05685617785876163
2011-08-04,Train,-0.053611673414707184,-0.05944244996950776
2011-08-05,Train,-0.05317624285817146,-0.07059266064459946
2011-08-08,Train,0.0019674531649798155,-0.007511386973099166
2011-08-09,Train,-0.016819052398204803,-0.0141429382852033
2011-08-10,Train,0.03924605995416641,0.03598108522210608
2011-08-11,Train,-0.012805498205125332,-0.02391707494465101
2011-08-12,Train,-0.007826240733265877,-0.008213526772737567
2011-08-15,Train,-0.004702588077634573,0.004598969779120887
2011-08-16,Train,0.01258546207100153,0.01985157077055888
2011-08-17,Train,0.017863521352410316,0.02762223761960625
2011-08-18,Train,0.06494752317667007,0.07085378913237306
2011-08-19,Train,0.07102527469396591,0.06496102497098
2011-08-22,Train,0.06472782045602798,0.06134239966571076
2011-08-23,Train,0.03741270676255226,0.04514155825279276
2011-08-24,Train,0.03265680745244026,0.03226420207340275
2011-08-25,Train,0.037091534584760666,0.02604666074528716
2011-08-26,Train,0.027186645194888115,0.01373987441295998
2011-08-29,Train,0.01002747192978859,-0.0005493275766634831
2011-08-30,Train,0.014833183027803898,0.007094767709438399
2011-08-31,Train,0.015489038079977036,0.02034142578914033
2011-09-01,Train,0.02436596341431141,0.03720672155794014
2011-09-02,Train,0.05268165469169617,0.06250003579858632
2011-09-06,Train,0.04699847102165222,0.05760930084596216
2011-09-07,Train,0.00127297209110111,0.01354322267080743
2011-09-08,Train,-0.0073822238482534885,-0.01489239874394832
2011-09-09,Train,0.017451848834753036,0.01823996267650863
2011-09-12,Train,0.01475500501692295,0.01708128775565765
2011-09-13,Train,-0.0024563504848629236,0.01410766979176414
2011-09-14,Train,-0.016902221366763115,-0.01499280747658605
2011-09-15,Train,-0.025780702009797096,-0.04093982243799754
2011-09-16,Train,-0.07691992819309235,-0.07245093590856966
2011-09-19,Train,-0.08014671504497528,-0.09662605832409932
2011-09-20,Train,-0.06340791285037994,-0.07398867882334048
2011-09-21,Train,-0.0326838344335556,-0.03340560225961231
2011-09-22,Train,0.014641004614531994,0.01586409938546218
2011-09-23,Train,0.015897883102297783,-0.001477411427522335
2011-09-26,Train,0.017705952748656273,0.02117560922346184
2011-09-27,Train,0.017025234177708626,0.01752486445246504
2011-09-28,Train,0.0360240675508976,0.03796075080071559
2011-09-29,Train,0.05575729161500931,0.06013358944951608
2011-09-30,Train,0.10772012174129486,0.1084015706755677
2011-10-03,Train,0.11233889311552048,0.1200625628261403
2011-10-04,Train,0.09753767400979996,0.1111324622413303
2011-10-05,Train,0.07540368288755417,0.06239492301052807
2011-10-06,Train,0.04557103291153908,0.0396839947694565
2011-10-07,Train,0.0588383823633194,0.05973736934467766
2011-10-10,Train,0.020381271839141846,0.04558461055342766
2011-10-11,Train,0.026063576340675354,0.01811080368058682
2011-10-12,Train,0.0241270549595356,0.01183749119620425
2011-10-13,Train,0.025825394317507744,0.03028710739822205
2011-10-14,Train,0.006459870841354132,0.01306287929781247
2011-10-17,Train,0.004147640895098448,0.01169696225420913
2011-10-18,Train,-0.013040508143603802,-0.02672879818752216
2011-10-19,Train,0.009515941143035889,0.0008791847722808832
2011-10-20,Train,0.017019035294651985,0.02668312983675003
2011-10-21,Train,0.0013361566234380007,0.008726003606586596
2011-10-24,Train,-0.005188082344830036,-0.004787187313369912
2011-10-25,Train,0.007909798994660378,0.02685735806468847
2011-10-26,Train,0.008038952015340328,-0.008032112463695618
2011-10-27,Train,-0.021436402574181557,-0.03517416734912049
2011-10-28,Train,-0.016209445893764496,-0.01849338612121976
2011-10-31,Train,-0.009964522905647755,-0.00793786157750731
2011-11-01,Train,0.009256847202777863,0.02994334660749787
2011-11-02,Train,-0.005751290358603001,0.004392129445576654
2011-11-03,Train,-0.044579051434993744,-0.03907051123379135
2011-11-04,Train,-0.04863278195261955,-0.04152245229862905
2011-11-07,Train,-0.056161824613809586,-0.06648340478873282
2011-11-08,Train,-0.05030575022101402,-0.07404892206621572
2011-11-09,Train,-0.04767511785030365,-0.06196092893281613
2011-11-10,Train,-0.04768489673733711,-0.06868611826394855
2011-11-11,Train,-0.05267072841525078,-0.05410539906614098
2011-11-14,Train,-0.04484578222036362,-0.05409637362241426
2011-11-15,Train,-0.03902951255440712,-0.02993293732143421
2011-11-16,Train,-0.019632941111922264,-0.006821749206566974
2011-11-17,Train,0.01340490486472845,0.01415004612073378
2011-11-18,Train,0.01591840200126171,0.03321299822940205
2011-11-21,Train,0.04347022995352745,0.05042329169622395
2011-11-22,Train,0.04228052496910095,0.04695527057587312
2011-11-23,Train,0.056350111961364746,0.05310561020337379
2011-11-25,Train,0.07017778605222702,0.07829045586280658
2011-11-28,Train,0.030008286237716675,0.03033625384467387
2011-11-29,Train,0.030642706900835037,0.02537692582406192
2011-11-30,Train,-0.024015173316001892,-0.02660046136257554
2011-12-01,Train,-0.03224572166800499,-0.0359280934252838
2011-12-02,Train,-0.03225162997841835,-0.03108439340753999
2011-12-05,Train,-0.045105598866939545,-0.05101331058732406
2011-12-06,Train,-0.028755679726600647,-0.02014718796405579
2011-12-07,Train,-0.02491150051355362,-0.03416259110697062
2011-12-08,Train,-0.009598398581147194,-0.009265867207068568
2011-12-09,Train,-0.009854248724877834,-0.01648541948724236
2011-12-12,Train,0.0012621725909411907,-0.002483139180492366
2011-12-13,Train,0.0023573136422783136,-0.003048747741437152
2011-12-14,Train,0.01800834760069847,0.02004012208143346
2011-12-15,Train,0.021170277148485184,0.01991231492812817
2011-12-16,Train,0.038034699857234955,0.03718557952663271
2011-12-19,Train,0.03970111533999443,0.05191457493864671
2011-12-20,Train,0.02443929947912693,0.03003755222615845
2011-12-21,Train,0.039704423397779465,0.04861237535374863
2011-12-22,Train,0.043766364455223083,0.03633094448201968
2011-12-23,Train,0.036290641874074936,0.03495005386014971
2011-12-27,Train,0.037614066153764725,0.03413936898370395
2011-12-28,Train,0.0410696305334568,0.05036875749909853
2011-12-29,Train,0.040535103529691696,0.03911410182277653
2011-12-30,Train,0.050284240394830704,0.05158511837655011
2012-01-03,Train,0.04089977592229843,0.04551845488808848
2012-01-04,Train,0.04735631123185158,0.04760240199085275
2012-01-05,Train,0.04057786241173744,0.03749348766755589
2012-01-06,Train,0.032990772277116776,0.03425012100330305
2012-01-09,Train,0.034391678869724274,0.03575149967854463
2012-01-10,Train,0.03643827512860298,0.04117848642226751
2012-01-11,Train,0.03835867717862129,0.03541955602984204
2012-01-12,Train,0.03940126672387123,0.03442373963420198
2012-01-13,Train,0.03619125112891197,0.03901685193978466
2012-01-17,Train,0.03384695202112198,0.03099982495665832
2012-01-18,Train,0.03437246009707451,0.02571858692434148
2012-01-19,Train,0.03013153374195099,0.02255259706575474
2012-01-20,Train,0.032330192625522614,0.03814620648878919
2012-01-23,Train,0.03689578175544739,0.03696268691473992
2012-01-24,Train,0.03442694619297981,0.04105229139429101
2012-01-25,Train,0.03884946182370186,0.03359256609374883
2012-01-26,Train,0.03481198847293854,0.04466952129161017
2012-01-27,Train,0.03471300005912781,0.03427151726043109
2012-01-30,Train,0.03777898848056793,0.04301072690333352
2012-01-31,Train,0.037218302488327026,0.04427557176975228
2012-02-01,Train,0.0332212932407856,0.02867912138432871
2012-02-02,Train,0.03396696597337723,0.03953605652407965
2012-02-03,Train,0.02607884630560875,0.02224014641552174
2012-02-06,Train,0.0236367154866457,0.02596775177986399
2012-02-07,Train,0.023154662922024727,0.01915336562451286
2012-02-08,Train,0.0226801335811615,0.02049315742485081
2012-02-09,Train,0.023282622918486595,0.01669049816574963
2012-02-10,Train,0.02636069618165493,0.02529216904402842
2012-02-13,Train,0.023767108097672462,0.02616967059710573
2012-02-14,Train,0.019331755116581917,0.01898441061568534
2012-02-15,Train,0.028860295191407204,0.03425199451174632
2012-02-16,Train,0.021444374695420265,0.01948768910343701
2012-02-17,Train,0.016025327146053314,0.0121393132486487
2012-02-21,Train,0.016127342358231544,-0.0006288463314498838
2012-02-22,Train,0.016215896233916283,0.01168663719734697
2012-02-23,Train,0.014788265340030193,0.01584559609251479
2012-02-24,Train,0.019722389057278633,0.01657282010266758
2012-02-27,Train,0.01934191770851612,0.01561280175415325
2012-02-28,Train,0.02241683006286621,0.02411136416646564
2012-02-29,Train,0.025675583630800247,0.03229303032758191
2012-03-01,Train,0.02864849381148815,0.02711032325740836
2012-03-02,Train,0.029422033578157425,0.02543539119198379
2012-03-05,Train,0.03972713276743889,0.04345796025156567
2012-03-06,Train,0.0396091565489769,0.05568665931290795
2012-03-07,Train,0.042024947702884674,0.04776780057147811
2012-03-08,Train,0.03930724784731865,0.03444020628468869
2012-03-09,Train,0.03612517938017845,0.02952946627911879
2012-03-12,Train,0.03530145809054375,0.04704069815583289
2012-03-13,Train,0.02373010478913784,0.02942947306631538
2012-03-14,Train,0.01643647998571396,0.02180786019286107
2012-03-15,Train,0.01207590103149414,0.01499700053124298
2012-03-16,Train,0.014357570558786392,0.01548416206660708
2012-03-19,Train,0.017808053642511368,0.01880880991805367
2012-03-20,Train,0.011487382464110851,0.01668905880488514
2012-03-21,Train,0.008978833444416523,0.002681768441747279
2012-03-22,Train,0.009927491657435894,0.01104804160468786
2012-03-23,Train,-0.006330466829240322,0.004033412507009393
2012-03-26,Train,-0.021013978868722916,-0.02907067008060882
2012-03-27,Train,-0.023719875141978264,-0.02580269989522865
2012-03-28,Train,-0.019652100279927254,-0.01074482382545061
2012-03-29,Train,-0.020180316641926765,-0.02201533476730178
2012-03-30,Train,-0.021554306149482727,-0.03108817185258406
2012-04-02,Train,-0.024667251855134964,-0.0215384794242216
2012-04-03,Train,-0.0192660391330719,-0.02374326054341902
2012-04-04,Train,-0.022935587912797928,-0.02139676636119614
2012-04-05,Train,-0.025001179426908493,-0.03012405314168365
2012-04-09,Train,-0.020885251462459564,-0.03169167210880164
2012-04-10,Train,-0.009063093923032284,-0.02117033047981887
2012-04-11,Train,0.002994218608364463,0.0
2012-04-12,Train,-0.0018779493402689695,-0.005505174105373767
2012-04-13,Train,0.002454655710607767,0.01586335373371184
2012-04-16,Train,0.008703864179551601,0.02001535903850749
2012-04-17,Train,0.000753402360714972,0.001347768327798482
2012-04-18,Train,0.003509258385747671,0.006755696503810693
2012-04-19,Train,-0.006476507056504488,0.007439991789075728
2012-04-20,Train,-0.00887000560760498,-0.01492087929933161
2012-04-23,Train,-0.007124132476747036,-0.004917020372170899
2012-04-24,Train,-0.0119553841650486,-0.003244348879594017
2012-04-25,Train,-0.034605544060468674,-0.03205413621127806
2012-04-26,Train,-0.041022684425115585,-0.03964682887006876
2012-04-27,Train,-0.044990383088588715,-0.0455085909549463
2012-04-30,Train,-0.046739816665649414,-0.04763331640832891
2012-05-01,Train,-0.052822791039943695,-0.05234041679288193
2012-05-02,Train,-0.058281343430280685,-0.06143750494898115
2012-05-03,Train,-0.05822239816188812,-0.07143930629656758
2012-05-04,Train,-0.037709977477788925,-0.06012358204689006
2012-05-07,Train,-0.03806929662823677,-0.03474372669049808
2012-05-08,Train,-0.030802663415670395,-0.03223803664876579
2012-05-09,Train,-0.031860169023275375,-0.02736315811386469
2012-05-10,Train,-0.028918659314513206,-0.03178066424579895
2012-05-11,Train,-0.028487704694271088,-0.03287629480084941
2012-05-14,Train,-0.022821180522441864,-0.01132433469593663
2012-05-15,Train,-0.016037430614233017,-0.01641150573393491
2012-05-16,Train,-0.015182756818830967,-0.01398152641593065
2012-05-17,Train,-0.009289252571761608,-0.0194773697622368
2012-05-18,Train,0.0074380990117788315,0.0009866396520112897
2012-05-21,Train,-0.014427275396883488,-0.02223643300226452
2012-05-22,Train,-0.005951104685664177,0.001281259333988372
2012-05-23,Train,-0.006581698544323444,-0.004635564404753323
2012-05-24,Train,-0.00020663703617174178,0.01158483327962689
2012-05-25,Train,0.007990092970430851,-0.004188792054317991
2012-05-29,Train,0.00019319022248964757,-0.004772498156978111
2012-05-30,Train,0.004075139295309782,-0.003208739885513845
2012-05-31,Train,0.010574862360954285,0.004834019181792382
2012-06-01,Train,0.040763989090919495,0.04270819131884518
2012-06-04,Train,0.03385334461927414,0.04452115897361009
2012-06-05,Train,0.030045557767152786,0.05104710383522515
2012-06-06,Train,0.017535652965307236,0.02831094761362674
2012-06-07,Train,0.013610225170850754,0.006744791486394508
2012-06-08,Train,0.009890844114124775,0.007634794820918778
2012-06-11,Train,0.013479765504598618,0.005177150747686099
2012-06-12,Train,0.008250058628618717,-0.0006394008096108905
2012-06-13,Train,0.010862431488931179,0.01239337589773237
2012-06-14,Train,0.01031661406159401,-0.002565744801893866
2012-06-15,Train,0.010425598360598087,0.01857440788166453
2012-06-18,Train,0.007752546109259129,0.01211067349624262
2012-06-19,Train,0.00890971627086401,0.01011833044044197
2012-06-20,Train,0.007480317261070013,0.0099548822606077
2012-06-21,Train,0.013705690391361713,0.02281072182483346
2012-06-22,Train,0.0076094442047178745,0.0102604821078951
2012-06-25,Train,0.008351345546543598,0.01995811753503873
2012-06-26,Train,0.008594520390033722,0.00799744076038178
2012-06-27,Train,0.003825722262263298,-0.00747219728619164
2012-06-28,Train,0.013999664224684238,0.01897106576691332
2012-06-29,Train,-0.006697874050587416,-0.01496263784873919
2012-07-02,Train,-0.00532368803396821,-0.01274280830253616
2012-07-03,Train,-0.009530576877295971,-0.007705347583648825
2012-07-05,Train,-0.005665292963385582,0.002618176007181727
2012-07-06,Train,0.00267113302834332,0.001871414723136455
2012-07-09,Train,-0.002216384280472994,-0.008437514305114746
2012-07-10,Train,0.005625391378998756,-0.006469936157846745
2012-07-11,Train,0.0073299226351082325,-0.007616622322274114
2012-07-12,Train,0.020927945151925087,0.0150568416164345
2012-07-13,Train,0.02062498778104782,0.02350901945971051
2012-07-16,Train,0.021616255864501,0.02563289418241177
2012-07-17,Train,0.022258872166275978,0.01999062327819234
2012-07-18,Train,0.01106253545731306,0.00341669859898297
2012-07-19,Train,0.004714399576187134,-0.01105992684453505
2012-07-20,Train,0.02206387370824814,0.02117062041682582
2012-07-23,Train,0.041471876204013824,0.04160099949157403
2012-07-24,Train,0.050270840525627136,0.05860868003596087
2012-07-25,Train,0.04816262423992157,0.06523827584469566
2012-07-26,Train,0.04757251217961311,0.05444217801940932
2012-07-27,Train,0.027938302606344223,0.03067670386177657
2012-07-30,Train,0.03261938318610191,0.03394009501079731
2012-07-31,Train,0.03443943336606026,0.03472222058697838
2012-08-01,Train,0.03593693673610687,0.0403962325599081
2012-08-02,Train,0.03946300595998764,0.05653929085023668
2012-08-03,Train,0.03340620547533035,0.04146343420687959
2012-08-06,Train,0.03037072904407978,0.0350983320481093
2012-08-07,Train,0.026907337829470634,0.02250562589135985
2012-08-08,Train,0.016773229464888573,0.02716898054596095
2012-08-09,Train,0.01667068339884281,0.01571390386940008
2012-08-10,Train,0.022320318967103958,0.02138797924202196
2012-08-13,Train,0.01570386253297329,0.02059094228491376
2012-08-14,Train,0.01678912155330181,0.02013420451418901
2012-08-15,Train,0.014477298595011234,0.01755430353685195
2012-08-16,Train,0.009894159622490406,-0.004557447425651229
2012-08-17,Train,0.005390184000134468,-0.00234186231600586
2012-08-20,Train,0.006725663784891367,-0.004823178016459928
2012-08-21,Train,0.007800869178026915,-0.001907628465175226
2012-08-22,Train,0.011531753465533257,0.0160747986148686
2012-08-23,Train,0.014399177394807339,0.0229850817071362
2012-08-24,Train,0.009920417331159115,0.003660858056060645
2012-08-27,Train,0.007773329503834248,0.0004385786349072607
2012-08-28,Train,0.010251760482788086,0.003362510561524479
2012-08-30,Train,0.019142815843224525,0.03647912057452007
2012-08-31,Train,0.018980931490659714,0.03007622230370988
2012-09-04,Train,0.023947160691022873,0.03201645502164108
2012-09-05,Train,0.02056930586695671,0.03498978242091844
2012-09-06,Train,0.006907653994858265,0.01150586891705818
2012-09-07,Train,0.009569366462528706,0.01037017452885491
2012-09-10,Train,0.004657297395169735,0.01750797975216156
2012-09-11,Train,0.002577398670837283,0.004822473032047192
2012-09-12,Train,0.0017801863141357899,-0.006265486265255027
2012-09-13,Train,-0.0070203454233706,-0.006037926734996368
2012-09-14,Train,-0.013454369269311428,-0.02294101743161181
2012-09-17,Train,-0.021535824984312057,-0.0247827643705858
2012-09-18,Train,-0.022584281861782074,-0.02276929771675129
2012-09-19,Train,-0.018775412812829018,-0.01832387624385412
2012-09-20,Train,-0.012808790430426598,-0.01393435705131552
2012-09-21,Train,-0.018707187846302986,-0.01667851950813848
2012-09-24,Train,-0.01758439838886261,-0.01993116478672208
2012-09-25,Train,-0.02512507140636444,-0.02181500804825642
2012-09-26,Train,-0.023486729711294174,-0.0187683113867041
2012-09-27,Train,-0.023186875507235527,-0.03514608514068918
2012-09-28,Train,-0.026588382199406624,-0.02756306545223886
2012-10-01,Train,-0.020484652370214462,-0.01898646164131701
2012-10-02,Train,-0.020164376124739647,-0.008009253488112211
2012-10-03,Train,-0.02765769697725773,-0.01490375879323314
2012-10-04,Train,-0.024184899404644966,-0.02970436343069949
2012-10-05,Train,-0.03353111445903778,-0.04783999552279106
2012-10-08,Train,-0.026044480502605438,-0.03408927407565165
2012-10-09,Train,-0.024644188582897186,-0.02780259719282296
2012-10-10,Train,-0.031983137130737305,-0.0262999784069432
2012-10-11,Train,-0.029643245041370392,-0.02323482901567087
2012-10-12,Train,-0.019059518352150917,-0.01994603816688123
2012-10-15,Train,-0.02496686391532421,-0.03305048803365163
2012-10-16,Train,-0.037391308695077896,-0.03302994582032504
2012-10-17,Train,-0.033246077597141266,-0.04274388342895108
2012-10-18,Train,-0.02664896287024021,-0.02511520907137155
2012-10-19,Train,-0.0029687494970858097,0.0006090273346754937
2012-10-22,Train,-0.01664343848824501,-0.02802178988470738
2012-10-23,Train,-0.022266210988163948,-0.03410306718230904
2012-10-24,Train,-0.0221407487988472,-0.02655008071983267
2012-10-25,Train,-0.03417128324508667,-0.02670358188110233
2012-10-26,Train,-0.03474357724189758,-0.03626624310975768
2012-10-31,Train,-0.036367617547512054,-0.041724332518983
2012-11-01,Train,-0.05527288839221001,-0.05829670270485021
2012-11-02,Train,-0.04213806241750717,-0.04403865294647769
2012-11-05,Train,-0.040581114590168,-0.02774389843228731
2012-11-06,Train,-0.022613832727074623,-0.0292148805231266
2012-11-07,Train,0.0051862746477127075,-0.00374003226769104
2012-11-08,Train,0.028490843251347542,0.02754910833867097
2012-11-09,Train,0.02332933060824871,0.02758946857292077
2012-11-12,Train,0.028977084904909134,0.02428257584342597
2012-11-13,Train,0.03259747847914696,0.04033021783569057
2012-11-14,Train,0.05236799269914627,0.05896532591052761
2012-11-15,Train,0.05419372394680977,0.06077711343949299
2012-11-16,Train,0.05074886605143547,0.05409308143105163
2012-11-19,Train,0.02932186983525753,0.02900593461161383
2012-11-20,Train,0.02302190288901329,0.01724141539141866
2012-11-21,Train,0.012883592396974564,0.02174252124218912
2012-11-23,Train,0.007253151386976242,0.0004622307949393445
2012-11-26,Train,0.00524905463680625,-0.0009204903085737737
2012-11-27,Train,0.00977338943630457,0.01554806266110131
2012-11-28,Train,0.008792567998170853,0.004731459155547624
2012-11-29,Train,-0.0009924301411956549,-0.009103414810771149
2012-11-30,Train,-0.007660356815904379,-0.01686930940532694
2012-12-03,Train,-0.0021320779342204332,-0.001827244107404979
2012-12-04,Train,0.0006918743019923568,0.01401806851808041
2012-12-05,Train,0.014039224945008755,0.02095532478237705
2012-12-06,Train,0.010875485837459564,0.01439072942127906
2012-12-07,Train,0.0070330919697880745,0.004158272628945081
2012-12-10,Train,0.0016224777791649103,-0.000767860099029849
2012-12-11,Train,-0.01303578820079565,-0.02228287393515771
2012-12-12,Train,-0.010446526110172272,-0.02172262289838178
2012-12-13,Train,-0.00675015477463603,-0.02342671622249282
2012-12-14,Train,0.016056356951594353,0.006801589046317558
2012-12-17,Train,0.013932473957538605,0.02517153042970199
2012-12-18,Train,0.000906226341612637,0.004507819813771796
2012-12-19,Train,0.004339690785855055,0.005583988911240789
2012-12-20,Train,0.003702514572069049,0.005885894613263165
2012-12-21,Train,0.02002291940152645,0.02024539504000411
2012-12-24,Train,0.02824929915368557,0.02612566399592908
2012-12-26,Train,0.03883684426546097,0.04139532044876448
2012-12-27,Train,0.03746325895190239,0.0444099463134684
2012-12-28,Train,0.04162639379501343,0.04985889567323132
2012-12-31,Train,0.021637259051203728,0.02303086232544382
2013-01-02,Train,-0.006146232131868601,-0.004464217797425452
2013-01-03,Train,0.006126521620899439,0.005534820568848131
2013-01-04,Train,0.007419981062412262,0.00660366891105757
2013-01-07,Train,0.003332925960421562,0.00795196949982202
2013-01-08,Train,0.009979837574064732,0.01608538407729676
2013-01-09,Train,0.0019373876275494695,-0.001647341418107628
2013-01-10,Train,0.0009359196992591023,-0.002530864576142045
2013-01-11,Train,-0.002095781033858657,-0.001635453566129264
2013-01-14,Train,0.0021026944741606712,0.002986926230157172
2013-01-15,Train,0.005529246758669615,0.005853210351564719
2013-01-16,Train,0.0030517091508954763,-0.0004484122363624943
2013-01-17,Train,0.0015218047192320228,0.006545707132042278
2013-01-18,Train,0.0001486005203332752,-0.008796724922844334
2013-01-22,Train,0.0026529335882514715,0.004167888925646457
2013-01-23,Train,-0.0010701881255954504,-0.005178258515822542
2013-01-24,Train,0.008219211362302303,0.009600950412371745
2013-01-25,Train,0.013940100558102131,0.01477608751894821
2013-01-28,Train,0.01066636573523283,0.01280715697407886
2013-01-29,Train,0.00804970134049654,0.00848718975198337
2013-01-30,Train,0.007854392752051353,0.01417494218473681
2013-01-31,Train,0.010186096653342247,0.01615065286826778
2013-02-01,Train,0.007116579916328192,0.001330126116162456
2013-02-04,Train,0.017527570948004723,0.02647404359152117
2013-02-05,Train,0.0026650396175682545,-0.004002322068346276
2013-02-06,Train,-0.005748586263507605,-0.01145146739335778
2013-02-07,Train,-0.004498754628002644,-0.002377468868557386
2013-02-08,Train,-0.010375258512794971,-0.02470952137021643
2013-02-11,Train,-0.014445092529058456,-0.02132046069829885
2013-02-12,Train,-0.011864000000059605,-0.00723468874764055
2013-02-13,Train,-0.008156542666256428,-0.0127998047808926
2013-02-14,Train,-0.0016719434643164277,-0.00838851685686448
2013-02-15,Train,0.0018540971213951707,-0.001033205827663752
2013-02-19,Train,0.0035162968561053276,0.006447867162666876
2013-02-20,Train,0.018504269421100616,0.0196457753662882
2013-02-21,Train,0.02633773349225521,0.03339854340203718
2013-02-22,Train,0.022703956812620163,0.02427758814768888
2013-02-25,Train,0.03544354811310768,0.04011466988456625
2013-02-26,Train,0.03177117183804512,0.03245197928692667
2013-02-27,Train,0.02257227525115013,0.02067221049686263
2013-02-28,Train,0.020224934443831444,0.02622954062971039
2013-03-01,Train,0.014671211130917072,0.01677062821125563
2013-03-04,Train,0.010396054945886135,0.01004728578767122
2013-03-05,Train,0.001491066417656839,-0.006552081337254712
2013-03-06,Train,-0.0010958018247038126,0.002919237220931681
2013-03-07,Train,-0.007550773210823536,-0.01106423219126773
2013-03-08,Train,-0.005791768431663513,-0.002617424952192859
2013-03-11,Train,-0.004423509351909161,-0.009134476898100874
2013-03-12,Train,-0.0069845207035541534,-0.0001455491276600718
2013-03-13,Train,0.0013888839166611433,0.002477135438488931
2013-03-14,Train,-0.002863289788365364,0.001597452938956634
2013-03-15,Train,0.004052453208714724,-0.0001459952695750388
2013-03-18,Train,0.009700250811874866,0.009947341999771986
2013-03-19,Train,0.005216557998210192,0.002638140060379879
2013-03-20,Train,0.004377096425741911,-0.00407508052725547
2013-03-21,Train,0.004594514612108469,-0.001030468048134003
2013-03-22,Train,0.006984378211200237,-0.005394301457093187
2013-03-25,Train,0.012103118933737278,0.004975182696880687
2013-03-26,Train,0.00641784630715847,0.01906560291149506
2013-03-27,Train,0.009910939261317253,0.0172964354538836
2013-03-28,Train,0.002911926945671439,0.01406410328454455
2013-04-01,Train,0.0020558324176818132,0.0008758767677918833
2013-04-02,Train,0.003349876729771495,0.006228277802341031
2013-04-03,Train,0.004983648657798767,-0.004385368158136504
2013-04-04,Train,0.00263223540969193,-0.0184130079002085
2013-04-05,Train,0.00510750338435173,0.003389267985122624
2013-04-08,Train,0.010896389372646809,0.008355316397315349
2013-04-09,Train,0.00814797356724739,0.01121136633146436
2013-04-10,Train,-0.004900735802948475,-0.008568958910118774
2013-04-11,Train,-0.002939276397228241,-0.002857507563173045
2013-04-12,Train,-0.004702671896666288,-0.005290287870550303
2013-04-15,Train,0.02034119889140129,0.02406653419829485
2013-04-16,Train,0.017095258459448814,0.01799337812056168
2013-04-17,Train,0.03550094738602638,0.0334752423853355
2013-04-18,Train,0.048638809472322464,0.0611880411253567
2013-04-19,Train,0.050330158323049545,0.05918646828372331
2013-04-22,Train,0.049782268702983856,0.05247856610417223
2013-04-23,Train,0.043857790529727936,0.04190070251951283
2013-04-24,Train,0.04609271511435509,0.04739269666243096
2013-04-25,Train,0.041906822472810745,0.04040693018814401
2013-04-26,Train,0.0477859228849411,0.05002160948970791
2013-04-29,Train,0.04022363945841789,0.04173195190688683
2013-04-30,Train,0.036772094666957855,0.03959269476855698
2013-05-01,Train,0.042542289942502975,0.04659751112001342
2013-05-02,Train,0.03341875597834587,0.0324073737114694
2013-05-03,Train,0.025683492422103882,0.03022740186014627
2013-05-06,Train,0.02592816948890686,0.02472376903041251
2013-05-07,Train,0.023489810526371002,0.02639574373416465
2013-05-08,Train,0.015506469644606113,0.01251552294825586
2013-05-09,Train,0.008602403104305267,0.01156860392273384
2013-05-10,Train,0.007410464342683554,0.004928139566215961
2013-05-13,Train,0.0011229550000280142,0.01025430689443163
2013-05-14,Train,-0.002316542901098728,0.000272092945788005
2013-05-15,Train,-0.004197907634079456,0.003529281155053354
2013-05-16,Train,-0.005389770492911339,-0.00462014342723327
2013-05-17,Train,-0.013554653152823448,-0.01238231171671633
2013-05-20,Train,-0.01620595157146454,-0.0160399299399685
2013-05-21,Train,-0.01676267385482788,-0.02989085352969167
2013-05-22,Train,-0.008436325006186962,-0.01657159977163636
2013-05-23,Train,-0.0013436495792120695,-0.0008168490277273843
2013-05-24,Train,-0.003330245381221175,0.0001361463879219205
2013-05-28,Train,-0.01645583286881447,-0.01624031612064547
2013-05-29,Train,-0.009125943295657635,-0.02298072369277626
2013-05-30,Train,-0.01544752437621355,-0.01582575631158767
2013-05-31,Train,-0.018997741863131523,-0.01324233748400172
2013-06-03,Train,-0.010441082529723644,-0.005450993614826594
2013-06-04,Train,-0.009583408944308758,0.007945230562393046
2013-06-05,Train,-0.004053271841257811,0.009854254745313762
2013-06-06,Train,-0.005950583145022392,-0.01892268947110909
2013-06-07,Train,-0.021015696227550507,-0.04033245822441256
2013-06-10,Train,-0.03652254864573479,-0.050258715663827
2013-06-11,Train,-0.02715006284415722,-0.03370483553926984
2013-06-12,Train,-0.0122618917375803,-0.0136394676179713
2013-06-13,Train,-0.031320713460445404,-0.02185272018420437
2013-06-14,Train,-0.017006343230605125,-0.01397346642623021
2013-06-17,Train,-0.012337272055447102,-0.0174020856953041
2013-06-18,Train,-0.0175153948366642,-0.02500684862049807
2013-06-19,Train,-0.008787158876657486,-0.0100330309991854
2013-06-20,Train,0.030398087576031685,0.02182180879059215
2013-06-21,Train,0.03530476614832878,0.03152067600573294
2013-06-24,Train,0.042999785393476486,0.04818575676467307
2013-06-25,Train,0.04515385255217552,0.0465547319463635
2013-06-26,Train,0.051453862339258194,0.05785238204070531
2013-06-27,Train,0.04771386459469795,0.0580301389499629
2013-06-28,Train,0.05606594309210777,0.05893089343992997
2013-07-01,Train,0.04862784966826439,0.05103895842751283
2013-07-02,Train,0.04932304844260216,0.05324783675179634
2013-07-03,Train,0.04573320969939232,0.04636962409952372
2013-07-05,Train,0.028277412056922913,0.02769350311556384
2013-07-08,Train,0.0311486404389143,0.02973153458152966
2013-07-09,Train,0.020637011155486107,0.01600774192039878
2013-07-10,Train,0.018196439370512962,0.01346752598285672
2013-07-11,Train,0.0022063071373850107,0.0
2013-07-12,Train,0.00026165181770920753,0.0009296107833633993
2013-07-15,Train,-0.00015740285743959248,-0.003180043194483173
2013-07-16,Train,0.003226154949516058,0.003449575392880488
2013-07-17,Train,0.008863027207553387,0.002779236252751449
2013-07-18,Train,0.014598052017390728,0.01552339294558891
2013-07-19,Train,0.021754201501607895,0.03190782946323178
2013-07-22,Train,0.02429076097905636,0.02954149387241611
2013-07-23,Train,0.027041388675570488,0.0309721970939878
2013-07-24,Train,0.019200919196009636,0.02577178750262155
2013-07-25,Train,0.01871669292449951,0.02440978793194049
2013-07-26,Train,0.01964680850505829,0.014859958556102
2013-07-29,Train,0.01602829433977604,0.01914123019747271
2013-07-30,Train,0.013746550306677818,0.01943674830209896
2013-07-31,Train,0.010837356559932232,0.01372576166825668
2013-08-01,Train,-0.004151785746216774,-0.01345699982984871
2013-08-02,Train,-0.017205145210027695,-0.01935816344210683
2013-08-05,Train,-0.010502243414521217,-0.02168265699470984
2013-08-06,Train,-0.015152246691286564,-0.01149421736520406
2013-08-07,Train,-0.009577463380992413,-0.01308558000471616
2013-08-08,Train,-0.015867099165916443,-0.0083333250549108
2013-08-09,Train,-0.007096913177520037,0.002353252846161169
2013-08-12,Train,-0.008519715629518032,0.0005217284007128509
2013-08-13,Train,-0.017135752364993095,-0.02542151910846713
2013-08-14,Train,-0.016057362779974937,-0.01796637543654722
2013-08-15,Train,0.00875723548233509,0.005959434982273359
2013-08-16,Train,0.008048503659665585,-0.0001325137226501072
2013-08-19,Train,0.011306901462376118,0.007299310721906815
2013-08-20,Train,0.010004619136452675,0.01360992039037345
2013-08-21,Train,0.01611272245645523,0.01882787328852009
2013-08-22,Train,0.01471172645688057,0.01011024955411721
2013-08-23,Train,0.01595684140920639,0.01512982509212102
2013-08-26,Train,0.017531154677271843,0.01955416527053022
2013-08-27,Train,0.035342175513505936,0.03886076913313863
2013-08-28,Train,0.036908168345689774,0.03420392178995724
2013-08-29,Train,0.02889390103518963,0.02764610978714943
2013-08-30,Train,0.032554883509874344,0.03153567265035484
2013-09-03,Train,0.035591136664152145,0.03254283492815158
2013-09-04,Train,0.026121247559785843,0.03389386657739357
2013-09-05,Train,0.01892765611410141,0.03461743608644219
2013-09-06,Train,0.021757040172815323,0.02677755817524874
2013-09-09,Train,0.014548635110259056,0.01284851569412382
2013-09-10,Train,0.006054464261978865,0.007927410226822529
2013-09-11,Train,0.009742324240505695,0.006405329434255869
2013-09-12,Train,0.012272815220057964,0.01486983721252977
2013-09-13,Train,0.017145123332738876,0.01293879282371657
2013-09-16,Train,0.01691579632461071,0.01323055619120228
2013-09-17,Train,0.008825913071632385,0.01671554820317889
2013-09-18,Train,-0.0007340984884649515,0.004287025315238058
2013-09-19,Train,-0.0057058497332036495,-0.009811305399960668
2013-09-20,Train,-0.0019250315381214023,0.005190576948951087
2013-09-23,Train,-0.0023830451536923647,-0.001141747623931932
2013-09-24,Train,-0.00466940039768815,-0.02042370383045344
2013-09-25,Train,-0.0003576091839931905,-0.0201119431105089
2013-09-26,Train,-0.0019447788363322616,-0.007073355709807383
2013-09-27,Train,0.002599576720967889,0.002023569782811707
2013-09-30,Train,0.00907045416533947,0.0115365579842226
2013-10-01,Train,0.0018147811060771346,-0.002510001850855925
2013-10-02,Train,0.007946008816361427,0.009165043484674396
2013-10-03,Train,0.02557196654379368,0.02693083186373157
2013-10-04,Train,0.025445232167840004,0.03463476003969213
2013-10-07,Train,0.03958342224359512,0.04559314280775495
2013-10-08,Train,0.060127370059490204,0.06772851132948277
2013-10-09,Train,0.05374939739704132,0.06456213788747456
2013-10-10,Train,0.04550410062074661,0.04706776389154443
2013-10-11,Train,0.04221850633621216,0.04632081299317714
2013-10-14,Train,0.041687436401844025,0.03922793855750983
2013-10-15,Train,0.04395943880081177,0.04504270320149462
2013-10-16,Train,0.027446318417787552,0.03234643185316943
2013-10-17,Train,0.016682669520378113,0.02412177963846251
2013-10-18,Train,0.008216343820095062,0.00803403555028459
2013-10-21,Train,0.008697875775396824,0.007287725747320062
2013-10-22,Train,0.007868719287216663,0.006913277330768519
2013-10-23,Train,0.014487127773463726,0.01281272838144187
2013-10-24,Train,0.009020240977406502,-0.01056973809977557
2013-10-25,Train,0.002021268242970109,-0.004342588705974593
2013-10-28,Train,-0.0005340198404155672,-0.006150440401564539
2013-10-29,Train,-0.000347779510775581,-0.006260494321584598
2013-10-30,Train,0.004495305474847555,0.006748584429250526
2013-10-31,Train,0.00711738271638751,0.01219956667546129
2013-11-01,Train,0.010053212754428387,0.01388723052509699
2013-11-04,Train,0.005463923793286085,0.00253224507053984
2013-11-05,Train,0.004811523016542196,-0.001445376078529681
2013-11-06,Train,-0.0004736724658869207,-0.003614494599491702
2013-11-07,Train,0.021359886974096298,0.02578583510765475
2013-11-08,Train,0.021723007783293724,0.01756720295806802
2013-11-11,Train,0.021218182519078255,0.02159930469843285
2013-11-12,Train,0.02330944687128067,0.02532101180892354
2013-11-13,Train,0.02109464816749096,0.02011013031798425
2013-11-14,Train,0.014048878103494644,0.02303102905597454
2013-11-15,Train,0.019988516345620155,0.01810391006473999
2013-11-18,Train,0.022177744656801224,0.02730339534671167
2013-11-19,Train,0.02003275416791439,0.03124241604606137
2013-11-20,Train,0.017935434356331825,0.0324062926731794
2013-11-21,Train,0.0227146428078413,0.02944696022879056
2013-11-22,Train,0.022454096004366875,0.02809859114628677
2013-11-25,Train,0.020935580134391785,0.02494356115006213
2013-11-26,Train,0.009469606913626194,0.006498913737535306
2013-11-27,Train,0.0034030284732580185,-0.003050952035979382
2013-11-29,Train,0.0002585329348221421,-0.01026484134321837
2013-12-02,Train,0.001225155545398593,-0.001871825641387215
2013-12-03,Train,0.0033467854373157024,-0.003044164911396807
2013-12-04,Train,0.0061935377307236195,0.007603246486386661
2013-12-05,Train,0.005247257184237242,0.006090469538403642
2013-12-06,Train,0.007131462916731834,0.005813953488372103
2013-12-09,Train,0.010667328722774982,0.01227568276455693
2013-12-10,Train,0.010063535533845425,0.01344299478974875
2013-12-11,Train,0.026292933151125908,0.0300539745177506
2013-12-12,Train,0.02518618106842041,0.03013179833074675
2013-12-13,Train,0.02384369634091854,0.02993519105721654
2013-12-16,Train,0.020184164866805077,0.03094232769680372
2013-12-17,Train,0.019582422450184822,0.0248971823746027
2013-12-18,Train,0.007082740310579538,0.005804504336461402
2013-12-19,Train,0.006051986012607813,0.00488938488340751
2013-12-20,Train,-0.0003304515266790986,0.00716766181019679
2013-12-23,Train,-0.0015350478934124112,-0.001144103641754879
2013-12-24,Train,-0.006449971813708544,-0.004917099144443382
2013-12-26,Train,-0.005875750444829464,-0.005014757496288991
2013-12-27,Train,0.0022629466839134693,-0.01725313716583154
2013-12-30,Train,0.0032397499307990074,0.002975193249186159
2013-12-31,Train,0.0023309222888201475,0.00466125132306594
2014-01-02,Train,0.00548563152551651,0.01271915495644471
2014-01-03,Train,0.007611752487719059,0.01431207147397195
2014-01-06,Train,0.009060162119567394,0.0258341446341237
2014-01-07,Train,0.011533653363585472,0.01905413200621098
2014-01-08,Train,0.0077820406295359135,0.01340059364398272
2014-01-09,Train,0.0018146517686545849,-0.003217637210966129
2014-01-10,Train,-0.0012290221638977528,-0.01603667212988391
2014-01-13,Train,0.001744666020385921,-0.001860291339790265
2014-01-14,Train,-0.02307896874845028,-0.03103252907417275
2014-01-15,Train,-0.020919427275657654,-0.02116105792080403
2014-01-16,Train,-0.02183637209236622,-0.02387418732658941
2014-01-17,Train,-0.029249807819724083,-0.04085112027869342
2014-01-21,Train,-0.03770667314529419,-0.04110671105816721
2014-01-22,Train,-0.03774941340088844,-0.04606889382886992
2014-01-23,Train,-0.030201636254787445,-0.03062846531475438
2014-01-24,Train,0.007511551026254892,0.006456135598110091
2014-01-27,Train,0.02510126307606697,0.02211876009462577
2014-01-28,Train,0.02841232344508171,0.03436231368747178
2014-01-29,Train,0.03669025003910065,0.04756859650312673
2014-01-30,Train,0.03308406099677086,0.03618493934587241
2014-01-31,Train,0.030464807525277138,0.04103397534804309
2014-02-03,Train,0.06764347106218338,0.07070825744142017
2014-02-04,Train,0.05413442105054855,0.05558819205910437
2014-02-05,Train,0.05463263392448425,0.06328964996854203
2014-02-06,Train,0.046109892427921295,0.04850185175384025
2014-02-07,Train,0.034645725041627884,0.03562428982399601
2014-02-10,Train,0.02681596577167511,0.0285876357584669
2014-02-11,Train,0.0193217471241951,0.01610360648684095
2014-02-12,Train,0.015440143644809723,0.01652243678244503
2014-02-13,Train,0.014094020240008831,0.007921444898243424
2014-02-14,Train,0.0036381862591952085,-0.001558839699968839
2014-02-18,Train,0.0037169347051531076,0.006204959097991791
2014-02-19,Train,0.006390780210494995,0.01595448342068595
2014-02-20,Train,0.0054601081646978855,0.01032759881908341
2014-02-21,Train,0.00913854967802763,0.006671838897865046
2014-02-24,Train,-0.0010264151496812701,0.002212110830009939
2014-02-25,Train,-0.0036550487857311964,-0.0009965268555370832
2014-02-26,Train,-0.004144796170294285,0.003657255783918734
2014-02-27,Train,-0.013278909958899021,-0.01282622325072258
2014-02-28,Train,-0.010207615792751312,-0.01848570109189696
2014-03-03,Train,-0.005731645505875349,-0.002453454055933224
2014-03-04,Train,-0.006412575487047434,-0.003083347503849532
2014-03-05,Train,-0.006865978706628084,-0.01120136910183944
2014-03-06,Train,-0.010455704294145107,-0.007584110968860136
2014-03-07,Train,-0.014027493074536324,-0.01690046172459203
2014-03-10,Train,-0.01923058182001114,-0.02637677269119665
2014-03-11,Train,-0.02228095941245556,-0.01895365840540753
2014-03-12,Train,-0.018843557685613632,-0.03522520867944745
2014-03-13,Train,-0.016800176352262497,-0.02688173788859238
2014-03-14,Train,-0.01747075840830803,-0.01826993516004005
2014-03-17,Train,-0.015848446637392044,-0.01989937216349846
2014-03-18,Train,-0.01920350268483162,-0.01458079876972329
2014-03-19,Train,-0.021642472594976425,-0.006663688005556501
2014-03-20,Train,-0.020204519852995872,-0.0172776336557271
2014-03-21,Train,-0.029848724603652954,-0.02955053093728055
2014-03-24,Train,-0.02031884714961052,-0.03026522480163751
2014-03-25,Train,-0.025514760985970497,-0.02451706864722325
2014-03-26,Train,-0.01218357216566801,0.005150474237106462
2014-03-27,Train,-0.02876763604581356,-0.02048801606317785
2014-03-28,Train,-0.015984732657670975,-0.03377372014172353
2014-03-31,Train,-0.024530814960598946,-0.03307860826334719
2014-04-01,Train,-0.040763162076473236,-0.04663149955618495
2014-04-02,Train,-0.03491012379527092,-0.03644903898975349
2014-04-03,Train,-0.03390756621956825,-0.02851353897186237
2014-04-04,Train,0.013388184830546379,0.005441629921995039
2014-04-07,Train,0.01638377644121647,0.02314430925667144
2014-04-08,Train,0.006234409753233194,0.004864556592012681
2014-04-09,Train,0.0015446060569956899,-0.00261903162984356
2014-04-10,Train,0.021430566906929016,0.01280850748330664
2014-04-11,Train,0.03268617019057274,0.02805850188117964
2014-04-14,Train,0.02989809773862362,0.02819402045167418
2014-04-15,Train,0.02431677281856537,0.02751318346769027
2014-04-16,Train,0.007390747312456369,0.01705733598860104
2014-04-17,Train,0.008458939380943775,0.01496520836656079
2014-04-21,Train,0.005920022260397673,0.0127821356190827
2014-04-22,Train,-0.0017122491262853146,-0.008225765231855808
2014-04-23,Train,0.0018376262160018086,-0.002305262479393111
2014-04-24,Train,0.0018605479272082448,-0.01267259992425485
2014-04-25,Train,0.011860644444823265,0.00707739404887775
2014-04-28,Train,0.009223653934895992,0.02035390437590379
2014-04-29,Train,0.006322817411273718,0.01296463063263054
2014-04-30,Train,0.0070090144872665405,0.005034928990494736
2014-05-01,Train,0.005024586338549852,-0.005818620962372623
2014-05-02,Train,0.007902592420578003,0.002514587107953714
2014-05-05,Train,0.011991982348263264,0.004206967133833617
2014-05-06,Train,0.013385679572820663,0.01370812665445631
2014-05-07,Train,0.02546774223446846,0.02634009754625399
2014-05-08,Train,0.03446630388498306,0.03179925871012945
2014-05-09,Train,0.03508102893829346,0.0354838029190343
2014-05-12,Train,0.026118624955415726,0.03139517780431689
2014-05-13,Train,0.03053262270987034,0.02752293895093194
2014-05-14,Train,0.038167621940374374,0.0395081538012243
2014-05-15,Train,0.03781820833683014,0.04785400732330825
2014-05-16,Train,0.0414758138358593,0.04001826670696951
2014-05-19,Train,0.0355224609375,0.03238225339938672
2014-05-20,Train,0.03672598674893379,0.03999996185302734
2014-05-21,Train,0.03646364435553551,0.03883391174978335
2014-05-22,Train,0.03964779153466225,0.04023306290295747
2014-05-23,Train,0.021979892626404762,0.03193149570855036
2014-05-27,Train,0.014049403369426727,0.02098905123197126
2014-05-28,Train,0.020130855962634087,0.02391973258097901
2014-05-29,Train,0.016783563420176506,0.008214676614795247
2014-05-30,Train,0.013617313466966152,0.01106124371082529
2014-06-02,Train,0.012381395325064659,0.01293576287420573
2014-06-03,Train,0.012410879135131836,0.01392845622741579
2014-06-04,Train,0.015868257731199265,0.01584358206755443
2014-06-05,Train,0.010673586279153824,0.006717983968268948
2014-06-06,Train,0.005412893369793892,-0.0005387098892718489
2014-06-09,Train,0.0053556933999061584,0.0004312767172760523
2014-06-10,Train,0.0071009802632033825,-0.00226032402959464
2014-06-11,Train,0.009914093650877476,0.004306185041524246
2014-06-12,Train,0.011766184121370316,0.01401404935758088
2014-06-13,Train,0.013427718542516232,0.01548960474331484
2014-06-16,Train,0.016904687508940697,0.01634201419149939
2014-06-17,Train,0.01620587892830372,0.02693353786218178
2014-06-18,Train,0.01853378489613533,0.02291058648435995
2014-06-19,Train,0.020351592451334,0.03002898693535005
2014-06-20,Train,0.02211214415729046,0.0284575521674364
2014-06-23,Train,0.01832985132932663,0.01584223737686297
2014-06-24,Train,0.019192880019545555,0.02437974337250859
2014-06-25,Train,0.011546721681952477,0.01468541894240682
2014-06-26,Train,0.013120356947183609,0.02067709857400457
2014-06-27,Train,0.015375456772744656,0.02229329427083337
2014-06-30,Train,0.014598497189581394,0.01703757226842328
2014-07-01,Train,0.007267271168529987,0.01000628737953213
2014-07-02,Train,0.0025285878218710423,-0.005047273766988325
2014-07-03,Train,0.005544616375118494,0.004388775462208283
2014-07-07,Train,0.008347926661372185,0.006183799551880087
2014-07-08,Train,0.017530744895339012,0.02493102504628353
2014-07-09,Train,0.01762993633747101,0.02390484724459219
2014-07-10,Train,0.01903137005865574,0.02598773493875695
2014-07-11,Train,0.016224058344960213,0.01542984436338912
2014-07-14,Train,0.010575889609754086,0.00970367634298519
2014-07-15,Train,0.010343587026000023,0.01141237894996494
2014-07-16,Train,0.006771978922188282,0.01136723301932596
2014-07-17,Train,0.012225956656038761,0.004227371431764437
2014-07-18,Train,-0.011588260531425476,-0.01508535722225912
2014-07-21,Train,-0.009239128790795803,-0.007083336512247684
2014-07-22,Train,-0.012506223283708096,-0.0209088527036454
2014-07-23,Train,-0.012949727475643158,-0.02787212403890071
2014-07-24,Train,-0.01304139755666256,-0.02985998191789552
2014-07-25,Train,-0.017165498808026314,-0.019020016317157
2014-07-28,Train,-0.011214103549718857,-0.01353722852162165
2014-07-29,Train,-0.0043124002404510975,-0.01221532426309402
2014-07-30,Train,-0.005342686083167791,-0.005671303698903118
2014-07-31,Train,0.024278735741972923,0.02010107061236943
2014-08-01,Train,0.027491047978401184,0.02883704879830784
2014-08-04,Train,0.02484295703470707,0.02968948636293756
2014-08-05,Train,0.03311046212911606,0.04345069002508439
2014-08-06,Train,0.037347424775362015,0.0442234495729048
2014-08-07,Train,0.03781600669026375,0.04967098540163728
2014-08-08,Train,0.0386926643550396,0.04373025773605721
2014-08-11,Train,0.039806269109249115,0.04127385794252669
2014-08-12,Train,0.0386476144194603,0.04275835159659991
2014-08-13,Train,0.02897685393691063,0.03204393164068842
2014-08-14,Train,0.025399593636393547,0.02558550860544218
2014-08-15,Train,0.024392010644078255,0.02443528969335396
2014-08-18,Train,0.01311621256172657,0.01956187609879012
2014-08-19,Train,0.003125085262581706,0.00790280073767824
2014-08-20,Train,0.004197825212031603,0.006990906410747844
2014-08-21,Train,0.0066979206167161465,0.01001008946911375
2014-08-22,Train,0.006137170363217592,0.01039877584616189
2014-08-25,Train,0.0038789950776845217,-0.00150906965368458
2014-08-26,Train,0.0049427286721765995,0.005728640148987107
2014-08-27,Train,0.0032177120447158813,0.004722681235499016
2014-08-28,Train,-0.003281546290963888,0.000704151415808596
2014-08-29,Train,-0.004237290471792221,-0.01262780268235386
2014-09-02,Train,-0.006259686779230833,-0.006895197796647268
2014-09-03,Train,-0.001811597147025168,0.0005025675580638822
2014-09-04,Train,-0.006248195189982653,0.008954617115543906
2014-09-05,Train,-0.00716375233605504,0.0009010308122445743
2014-09-08,Train,-0.010048958472907543,-0.01029175420116013
2014-09-09,Train,-0.003544863313436508,-0.004735528672071831
2014-09-10,Train,-0.007395277731120586,-0.002298424679074818
2014-09-11,Train,-0.00883009098470211,-0.0225022507057705
2014-09-12,Train,-0.0052202921360731125,-0.00703663604759952
2014-09-15,Train,-0.006815013941377401,0.001319578636238772
2014-09-16,Train,-0.007997153326869011,-0.005936771525422158
2014-09-17,Train,-0.0182020366191864,-0.02330955212778318
2014-09-18,Train,-0.023360995575785637,-0.03061427734538458
2014-09-19,Train,-0.02088565193116665,-0.01810367200655583
2014-09-22,Train,-0.01445761602371931,-0.01100458287432438
2014-09-23,Train,-0.015949726104736328,-0.02237294099800946
2014-09-24,Train,-0.016685884445905685,-0.01392227003839452
2014-09-25,Train,-0.031401168555021286,-0.00900345071261932
2014-09-26,Train,-0.045619867742061615,-0.04393598290669587
2014-09-29,Train,-0.05038771405816078,-0.05767868579214963
2014-09-30,Train,-0.04723502695560455,-0.05891284179459355
2014-10-01,Train,-0.04169565066695213,-0.04978907914282371
2014-10-02,Train,-0.03457675874233246,-0.05575556239060853
2014-10-03,Train,-0.03380206599831581,-0.05266372889248727
2014-10-06,Train,-0.03981306031346321,-0.03644344352990192
2014-10-07,Train,-0.014770157635211945,0.003106586442019887
2014-10-08,Train,-0.015235718339681625,-0.02112741763469694
2014-10-09,Train,0.014664143323898315,0.009911202544118813
2014-10-10,Train,0.055078282952308655,0.04426090848281361
2014-10-13,Train,0.06964044272899628,0.06163945152072081
2014-10-14,Train,0.07130052149295807,0.07755188759605058
2014-10-15,Train,0.07982546836137772,0.08054557313832089
2014-10-16,Train,0.08396107703447342,0.08966113569508494
2014-10-17,Train,0.07985275238752365,0.09032259705246126
2014-10-20,Train,0.07755274325609207,0.07744461919548895
2014-10-21,Train,0.047145187854766846,0.04635075602832028
2014-10-22,Train,0.04770553857088089,0.05188336471410282
2014-10-23,Train,0.0387921966612339,0.03956248986562616
2014-10-24,Train,0.034580785781145096,0.03021695036043126
2014-10-27,Train,0.0319218635559082,0.03313402130076804
2014-10-28,Train,0.023582488298416138,0.02096225262251861
2014-10-29,Train,0.023077191784977913,0.02655046178438392
2014-10-30,Train,0.02812197618186474,0.02879429093654284
2014-10-31,Train,0.01832079142332077,0.0179487146690005
2014-11-03,Train,0.009395487606525421,0.01189780481982705
2014-11-04,Train,0.015315722674131393,0.02288871034781037
2014-11-05,Train,0.022346574813127518,0.01815129020456374
2014-11-06,Train,0.020661864429712296,0.01947089861345952
2014-11-07,Train,0.02321493625640869,0.02234256207237184
2014-11-10,Train,0.023728137835860252,0.02667714049751635
2014-11-11,Train,0.02170218713581562,0.02502930767644806
2014-11-12,Train,0.020463893190026283,0.02986528973195623
2014-11-13,Train,0.01748262718319893,0.03022352346194479
2014-11-14,Train,0.016318729147315025,0.0154039558136696
2014-11-17,Train,0.020042436197400093,0.02254396669192249
2014-11-18,Train,0.013018322177231312,0.01678238675393473
2014-11-19,Train,0.019417908042669296,0.02092824029909646
2014-11-20,Train,0.02011360414326191,0.0164946379345543
2014-11-21,Train,0.0013547466369345784,0.007316785277171389
2014-11-24,Train,-0.006764962337911129,0.002674806825378129
2014-11-25,Train,-0.008825773373246193,-0.01459365540576529
2014-11-26,Train,-0.021399350836873055,-0.0163001672292189
2014-11-28,Train,-0.022792616859078407,-0.03150649844335451
2014-12-01,Train,-0.02598017081618309,-0.03053140943404031
2014-12-02,Train,-0.030559442937374115,-0.0498907139838467
2014-12-03,Train,-0.022336388006806374,-0.03433878941437774
2014-12-04,Train,-0.01760609820485115,-0.01062923713948905
2014-12-05,Train,-0.007969392463564873,-0.01005881178801582
2014-12-08,Train,-0.006686058826744556,-0.0004778306764378071
2014-12-09,Train,-0.004565704148262739,-0.007145579330620988
2014-12-10,Train,0.012932831421494484,0.00958286241951134
2014-12-11,Train,0.005334590096026659,0.01194602916486653
2014-12-12,Train,0.017969610169529915,0.02288885279080399
2014-12-15,Train,0.027178457006812096,0.02667059411666384
2014-12-16,Train,0.031790249049663544,0.03270650663405505
2014-12-17,Train,0.01253910455852747,0.01119842195946519
2014-12-18,Train,-0.01785515993833542,-0.02705035678488454
2014-12-19,Train,-0.017771204933524132,-0.04074003079402677
2014-12-22,Train,-0.024243494495749474,-0.03078983710389416
2014-12-23,Train,-0.02063966542482376,-0.008732329341805345
2014-12-24,Train,-0.026727614924311638,-0.0161073850049851
2014-12-26,Train,-0.03117808699607849,-0.03322541730151141
2014-12-29,Train,-0.030442284420132637,-0.03332698640141385
2014-12-30,Train,-0.027392681688070297,-0.03220859490204031
2014-12-31,Train,-0.022390393540263176,-0.03486681330867891
2015-01-02,Train,-0.015537021681666374,-0.02059454727319188
2015-01-05,Train,-0.000716456794179976,0.001873237117564708
2015-01-06,Train,0.026580190286040306,0.02068551714936473
2015-01-07,Train,0.023657817393541336,0.02634173394699668
2015-01-08,Train,0.00626639137044549,0.009293311288593564
2015-01-09,Train,0.006246640812605619,0.01481189439080421
2015-01-12,Train,0.0033340712543576956,-0.001083216219063043
2015-01-13,Train,0.00481423968449235,-0.005910150649734769
2015-01-14,Train,0.014961028471589088,0.009211572044465433
2015-01-15,Train,0.01488877646625042,0.01455089740129734
2015-01-16,Train,0.014424111694097519,0.01150568999822088
2015-01-20,Train,0.006852118298411369,0.01318634424004372
2015-01-21,Train,0.004903846886008978,0.007147085973133294
2015-01-22,Train,-0.0026748720556497574,-0.002595372933140272
2015-01-23,Train,-0.0033757691271603107,-0.01083833550411772
2015-01-26,Train,-0.002787106204777956,-0.01286725893743212
2015-01-27,Train,0.031118497252464294,0.02917980099795847
2015-01-28,Train,0.035649411380290985,0.03824812406248479
2015-01-29,Train,0.04223433509469032,0.0403376252328167
2015-01-30,Train,0.03997218608856201,0.05746790579304983
2015-02-02,Train,0.04774186387658119,0.04932338315082907
2015-02-03,Train,0.042800214141607285,0.04079258561561239
2015-02-04,Train,0.04870443791151047,0.04685524998670587
2015-02-05,Train,0.040423862636089325,0.04481497137763868
2015-02-06,Train,0.046159617602825165,0.05226412812175063
2015-02-09,Train,0.04746020957827568,0.056420187258585
2015-02-10,Train,0.044435299932956696,0.03764368053387046
2015-02-11,Train,0.04357471689581871,0.0391295907796021
2015-02-12,Train,0.02907751314342022,0.02264152382904627
2015-02-13,Train,0.016062982380390167,0.02310348430175946
2015-02-17,Train,0.01028467807918787,0.01738155848257694
2015-02-18,Train,0.003800236154347658,0.01203801084404899
2015-02-19,Train,-0.004232245497405529,0.008821589067741664
2015-02-20,Train,-0.006088328547775745,-0.009224240994555988
2015-02-23,Train,-0.011855915188789368,-0.007371871057041623
2015-02-24,Train,-0.019486362114548683,-0.02651931209837222
2015-02-25,Train,-0.01783609390258789,-0.02972400227339478
2015-02-26,Train,-0.021330701187253,-0.0282879709713022
2015-02-27,Train,-0.020656200125813484,-0.02822882975013385
2015-03-02,Train,-0.023564128205180168,-0.02450174046874953
2015-03-03,Train,-0.023006578907370567,-0.01837053320054949
2015-03-04,Train,-0.006534994579851627,-0.0048870336026825
2015-03-05,Train,-0.0040769437327980995,-0.005154616731773531
2015-03-06,Train,0.0046682208776474,0.0104272886975294
2015-03-09,Train,0.0050940727815032005,0.005569982058315937
2015-03-10,Train,0.006002902984619141,0.02090426654327238
2015-03-11,Train,0.0023416378535330296,0.003329830388057564
2015-03-12,Train,-0.002317373175173998,-0.006616300164890121
2015-03-13,Train,0.0013991306768730283,0.001708755567053633
2015-03-16,Train,-0.007001444697380066,0.0002812222075878612
2015-03-17,Train,-0.006689050234854221,-0.0118836365661229
2015-03-18,Train,-0.01767936535179615,-0.02659372837177609
2015-03-19,Train,-0.021465135738253593,-0.02738711171655583
2015-03-20,Train,-0.01383398286998272,-0.02349576569653211
2015-03-23,Train,-0.015405835583806038,-0.02326437084717625
2015-03-24,Train,-0.01352318562567234,-0.01195219968386751
2015-03-25,Train,0.016899973154067993,0.01754218177680111
2015-03-26,Train,0.018794920295476913,0.02521409671125174
2015-03-27,Train,0.018930017948150635,0.0185747420036142
2015-03-30,Train,0.012821354903280735,0.004122503496418517
2015-03-31,Train,0.01764264889061451,0.02121210128917261
2015-04-01,Train,0.023144232109189034,0.02513088351218529
2015-04-02,Train,0.023378567770123482,0.008466508432215303
2015-04-06,Train,0.023286938667297363,0.0152858564434224
2015-04-07,Train,0.022271374240517616,0.02136100606471958
2015-04-08,Train,0.015122951939702034,0.01884848225557634
2015-04-09,Train,0.014337746426463127,0.01630789339124217
2015-04-10,Train,0.014802236109972,0.02589327995849033
2015-04-13,Train,0.014028414152562618,0.02586526509554243
2015-04-14,Train,0.01632499508559704,0.02677990851560619
2015-04-15,Train,0.008558961562812328,0.01400224580404519
2015-04-16,Train,0.006089842412620783,-0.0005572029587512795
2015-04-17,Train,0.021696491166949272,0.0286765480074298
2015-04-20,Train,0.003298275638371706,0.01514874447888159
2015-04-21,Train,0.0006993785500526428,-0.005645017806157226
2015-04-22,Train,-0.011152071878314018,-0.01785552152932246
2015-04-23,Train,-0.011729028075933456,-0.01567943446499653
2015-04-24,Train,-0.014783843420445919,-0.01673600921656249
2015-04-27,Train,-0.012984651140868664,-0.01804829906229577
2015-04-28,Train,-0.014536496251821518,-0.0205380054291836
2015-04-29,Train,-0.006635173689574003,-0.01234566523053571
2015-04-30,Train,0.014661736786365509,0.01811766819100979
2015-05-01,Train,0.011896369978785515,0.004860144561805502
2015-05-04,Train,0.01327021699398756,0.007598591743588567
2015-05-05,Train,0.02208242379128933,0.02317362088305575
2015-05-06,Train,0.031412407755851746,0.03092496560838209
2015-05-07,Train,0.024891072884202003,0.03008852727382427
2015-05-08,Train,0.007586795371025801,0.01637683999737183
2015-05-11,Train,0.008279682137072086,0.008589640103543239
2015-05-12,Train,0.02443184331059456,0.02950454946364878
2015-05-13,Train,0.02103685401380062,0.02509258411548765
2015-05-14,Train,0.002317944075912237,0.004289114919232784
2015-05-15,Train,0.0038068576250225306,0.007665598867078849
2015-05-18,Train,-0.0012291687307879329,9.087894287063136e-05
2015-05-19,Train,-0.00013485610543284565,0.00418409199797698
2015-05-20,Train,-0.0057530771009624004,-0.004090578755552188
2015-05-21,Train,-0.012319833971560001,-0.01157531884700513
2015-05-22,Train,-0.009908909909427166,-0.02063907625692663
2015-05-26,Train,-0.0029045934788882732,-0.01089738869292955
2015-05-27,Train,-0.01446163933724165,-0.01324802841413175
2015-05-28,Train,-0.008664430119097233,-0.009574542203590553
2015-05-29,Train,-0.00865725427865982,-0.01181283976108938
2015-06-01,Train,-0.014083540998399258,-0.02001448216917467
2015-06-02,Train,-0.004695712588727474,-0.01153808164429504
2015-06-03,Train,-0.0026596325915306807,-0.01177538979882242
2015-06-04,Train,0.004370621871203184,0.01031402800285908
2015-06-05,Train,-0.00212458916939795,0.005397953535383193
2015-06-08,Train,0.020324232056736946,0.02319987475917928
2015-06-09,Train,0.018000328913331032,0.02573834574866996
2015-06-10,Train,0.0037765849847346544,0.006667306340090384
2015-06-11,Train,0.004603448323905468,0.003191960503881042
2015-06-12,Train,0.003622356103733182,0.004781578327047509
2015-06-15,Train,-0.002478591399267316,-0.01404673002427292
2015-06-16,Train,-0.007026772480458021,-0.01590076570228227
2015-06-17,Train,-0.004383402410894632,-0.01081576830136877
2015-06-18,Train,-0.0243612602353096,-0.02475386604688612
2015-06-19,Train,-0.02727721445262432,-0.01992904225652903
2015-06-22,Train,-0.02866373024880886,-0.02466120869737221
2015-06-23,Train,-0.031209884211421013,-0.04242264228538339
2015-06-24,Train,-0.03372650593519211,-0.0380149010615255
2015-06-25,Train,-0.02612818405032158,-0.02136362249200996
2015-06-26,Train,-0.011110247112810612,0.002470982710312652
2015-06-29,Train,0.0360807329416275,0.03346142668601826
2015-06-30,Train,0.037843577563762665,0.03091433238094754
2015-07-01,Train,0.03439400717616081,0.0372498548986977
2015-07-02,Train,0.049203697592020035,0.05224640619816401
2015-07-06,Train,0.048777662217617035,0.05831018186295234
2015-07-07,Train,0.04990933835506439,0.0550153040126784
2015-07-08,Train,0.05716307461261749,0.06155157539918954
2015-07-09,Train,0.05653524026274681,0.05819106139752273
2015-07-10,Train,0.03769121319055557,0.03204827588797388
2015-07-13,Train,0.008727539330720901,0.005842608949236494
2015-07-14,Train,0.004440304357558489,0.007890396338942507
2015-07-15,Train,0.00985814817249775,0.01059979912532216
2015-07-16,Train,-0.0004869838594458997,0.001250664522021161
2015-07-17,Train,-0.014062411151826382,-0.01443788575157634
2015-07-20,Train,-0.017815489321947098,-0.02088089851479835
2015-07-21,Train,-0.025049202144145966,-0.02212276526595514
2015-07-22,Train,-0.01477552019059658,-0.003285408786702027
2015-07-23,Train,-0.011159434914588928,-0.01559714837432014
2015-07-24,Train,-0.004910679999738932,-0.00711071940933794
2015-07-27,Train,-0.002334830118343234,0.01261571415681995
2015-07-28,Train,-0.016995029523968697,-0.008908466554821914
2015-07-29,Train,-0.015130968764424324,-0.009233584764793745
2015-07-30,Train,-0.019913513213396072,-0.01552467402513857
2015-07-31,Train,-0.005695940461009741,-0.01286283922524334
2015-08-03,Train,-0.013833983801305294,-0.001523281104566787
2015-08-04,Train,-0.005686921998858452,-0.004758046343486422
2015-08-05,Train,-0.011645572260022163,-0.01888643872233431
2015-08-06,Train,-0.03477929159998894,-0.03051150031961258
2015-08-07,Train,-0.05805513262748718,-0.07170697314641195
2015-08-10,Train,-0.07433104515075684,-0.1175047113579919
2015-08-11,Train,-0.07353277504444122,-0.1094062385921017
2015-08-12,Train,-0.06935704499483109,-0.06777052199846789
2015-08-13,Train,-0.058082204312086105,-0.04259558731404645
2015-08-14,Train,-0.056895408779382706,-0.04424938281713475
2015-08-17,Train,-0.07307212054729462,-0.0638966411835441
2015-08-18,Train,-0.07349303364753723,-0.08848996486184157
2015-08-19,Train,-0.06044042482972145,-0.05656947137847779
2015-08-20,Train,-0.019155466929078102,-0.03446023887100924
2015-08-21,Train,0.013960772193968296,-0.002343729103450043
2015-08-24,Train,0.0547553151845932,0.06682918842411789
2015-08-25,Train,0.06052817031741142,0.05882357516443371
2015-08-26,Train,0.02207109145820141,0.01902357670285149
2015-08-27,Train,0.004677711986005306,-0.0006626249075033508
2015-08-28,Train,0.003964033909142017,-0.003503150321533255
2015-08-31,Train,0.02267831191420555,0.02089924605693927
2015-09-01,Train,0.05078985542058945,0.05977232165979385
2015-09-02,Train,0.02244338020682335,0.03108754263814473
2015-09-03,Train,0.0226068664342165,0.01895733722839044
2015-09-04,Train,0.035816214978694916,0.03445572158267218
2015-09-08,Train,-0.015381190925836563,-0.008948994984893432
2015-09-09,Train,-0.002215034095570445,0.003081067715614116
2015-09-10,Train,-0.024232134222984314,-0.011334363617721
2015-09-11,Train,-0.02554539404809475,-0.02510184269716187
2015-09-14,Train,-0.030385319143533707,-0.04997626732760541
2015-09-15,Train,-0.05077790468931198,-0.06592165258606675
2015-09-16,Train,-0.0461701974272728,-0.04977116802621739
2015-09-17,Train,-0.039095040410757065,-0.04583213066924807
2015-09-18,Train,-0.01319903414696455,-0.01271947183008071
2015-09-21,Train,-0.01367432065308094,-0.001703257992581308
2015-09-22,Train,0.00912723783403635,0.008645547925753672
2015-09-23,Train,0.011166881769895554,0.01391818913413978
2015-09-24,Train,0.021954383701086044,0.0216762999407436
2015-09-25,Train,0.03299790993332863,0.03507579357342849
2015-09-28,Train,0.06701013445854187,0.06800683265362606
2015-09-29,Train,0.06679640710353851,0.06665323385999966
2015-09-30,Train,0.0508996956050396,0.04097875473079049
2015-10-01,Train,0.053128089755773544,0.05331634595146495
2015-10-02,Train,0.03810572624206543,0.03951543626514264
2015-10-05,Train,0.026535823941230774,0.03071088022530355
2015-10-06,Train,0.031123144552111626,0.03028571719215023
2015-10-07,Train,0.028249159455299377,0.01789263882222891
2015-10-08,Train,0.05422065034508705,0.03451198422812474
2015-10-09,Train,0.05359107628464699,0.05866892022545134
2015-10-12,Train,0.055318206548690796,0.05674686306433596
2015-10-13,Train,0.055870506912469864,0.06578702598790409
2015-10-14,Train,0.05705586448311806,0.07637115372967052
2015-10-15,Train,0.0574728362262249,0.05730471137618065
2015-10-16,Train,0.056692417711019516,0.04818718971626512
2015-10-19,Train,0.050474777817726135,0.05398200167279765
2015-10-20,Train,0.05860704928636551,0.06313553163049779
2015-10-21,Train,0.059941139072179794,0.0697544664635521
2015-10-22,Train,0.04363284260034561,0.0455746973085851
2015-10-23,Train,0.004303877241909504,0.01782232805449757
2015-10-26,Train,0.002734476001933217,0.00638016154575527
2015-10-27,Train,0.0024213509168475866,0.001768632339969267
2015-10-28,Train,-0.005242100916802883,-0.007717920358941588
2015-10-29,Train,-0.005695226136595011,-0.01581162579293027
2015-10-30,Train,-0.012582436203956604,-0.0307950713560099
2015-11-02,Train,-0.01880500093102455,-0.02783354353388012
2015-11-03,Train,-0.02058660425245762,-0.03060607083800815
2015-11-04,Train,-0.01812024973332882,-0.01208484985408165
2015-11-05,Train,-0.010916353203356266,-0.008717635846754668
2015-11-06,Train,-0.008699148893356323,-0.00270056238453964
2015-11-09,Train,0.0023838458582758904,0.005106998614186953
2015-11-10,Train,0.0032266052439808846,0.006797354173362358
2015-11-11,Train,0.0026421239599585533,0.008927012035346404
2015-11-12,Train,0.013164293952286243,0.02026059107923306
2015-11-13,Train,0.020347783342003822,0.03805535728822518
2015-11-16,Train,0.02138480544090271,0.03356673446981318
2015-11-17,Train,0.02207624912261963,0.02654945861681246
2015-11-18,Train,0.00022744919988326728,-0.009856509233998167
2015-11-19,Train,0.006067178677767515,0.01257585363371128
2015-11-20,Train,-0.005292748101055622,0.001222915666869273
2015-11-23,Train,-0.0006182064535096288,0.004204955945009248
2015-11-24,Train,-0.008152492344379425,-0.01017100947891203
2015-11-25,Train,-0.01409451849758625,-0.006570302146075457
2015-11-27,Train,-0.016216931864619255,-0.03079342768126736
2015-11-30,Train,-0.01305447332561016,-0.02096123013518592
2015-12-01,Train,-0.017338354140520096,-0.02474822866346738
2015-12-02,Train,-0.013683883473277092,-0.004106540881090082
2015-12-03,Train,0.001370322541333735,-0.001688760446170723
2015-12-04,Train,-0.017921365797519684,-0.04611774871236574
2015-12-07,Train,-0.017487475648522377,-0.03114639338054526
2015-12-08,Train,-0.012990711256861687,-0.02486258869762048
2015-12-09,Train,-0.01092365849763155,-0.002480279748522607
2015-12-10,Train,-0.009082192555069923,-0.007142902796200001
2015-12-11,Train,0.007888661697506905,0.01570536916139398
2015-12-14,Train,0.009973966516554356,0.02391835406282872
2015-12-15,Train,0.002830255776643753,0.008547761600402604
2015-12-16,Train,-0.022313252091407776,-0.01859977789211975
2015-12-17,Train,-0.020347408950328827,-0.02510683495803256
2015-12-18,Train,-0.01734333485364914,-0.004734628642370731
2015-12-21,Train,-0.04284605756402016,-0.02512382565380922
2015-12-22,Train,-0.06091638654470444,-0.06181782168702854
2015-12-23,Train,-0.07464346289634705,-0.07636975781465849
2015-12-24,Train,-0.07492877542972565,-0.07336348499423606
2015-12-28,Train,-0.0719824954867363,-0.06211675055181409
2015-12-29,Train,-0.08904584497213364,-0.1084864496483336
2015-12-30,Train,-0.0801510214805603,-0.0812218347391056
2015-12-31,Train,-0.07898752391338348,-0.0985160398027134
2016-01-04,Train,-0.07113804668188095,-0.07707764786672378
2016-01-05,Train,-0.06209899112582207,-0.07830937471209176
2016-01-06,Train,-0.046559665352106094,-0.06844636537864557
2016-01-07,Train,-0.019983835518360138,-0.01048923500244192
2016-01-08,Train,-0.012330002151429653,-0.01711372697565627
2016-01-11,Train,-0.018765775486826897,-0.01131026823028913
2016-01-12,Train,-0.033085741102695465,-0.04699639038702086
2016-01-13,Train,0.005354088731110096,0.0009813392799185028
2016-01-14,Train,-0.003095060819759965,0.0005765115669231768
2016-01-15,Train,0.017834480851888657,0.03540269192649026
2016-01-19,Train,0.009465133771300316,0.01078571139538353
2016-01-20,Train,0.010819800198078156,0.009032294412996356
2016-01-21,Train,0.015539159066975117,0.00793260350879521
2016-01-22,Train,-0.052781570702791214,-0.05444727839703456
2016-01-25,Train,-0.04021351784467697,-0.05487626358344511
2016-01-26,Train,-0.060189712792634964,-0.06621426786252771
2016-01-27,Train,-0.031924813985824585,-0.03867567427750207
2016-01-28,Train,-0.04557211324572563,-0.05343134262982541
2016-01-29,Train,-0.04969547316431999,-0.05867666159139373
2016-02-01,Train,-0.044724319130182266,-0.04003448097466844
2016-02-02,Train,-0.021472100168466568,0.003426318833998465
2016-02-03,Train,-0.003093116218224168,-0.003246132393930679
2016-02-04,Train,0.004603260196745396,-0.0001967955943005251
2016-02-05,Train,0.03800833597779274,0.05258862503338646
2016-02-08,Train,0.06612850725650787,0.05133511636800403
2016-02-09,Train,0.06661031395196915,0.06468026761495471
2016-02-10,Train,0.07187430560588837,0.07105176278540992
2016-02-11,Train,0.07442919164896011,0.0712583846292556
2016-02-12,Train,0.05553159490227699,0.04570499398451555
2016-02-16,Train,0.04381874203681946,0.05547238723313019
2016-02-17,Train,0.030538998544216156,0.03248782274199691
2016-02-18,Train,0.03595057874917984,0.04243556049206987
2016-02-19,Train,0.042511291801929474,0.03975205180271191
2016-02-22,Train,0.017458319664001465,0.01684738462756763
2016-02-23,Train,0.031217634677886963,0.02530025249555101
2016-02-24,Train,0.025369886308908463,0.0221355102439218
2016-02-25,Train,0.020769484341144562,0.01062192091008152
2016-02-26,Train,0.02663017436861992,0.02958520303166456
2016-02-29,Train,0.03134443983435631,0.04068290896532023
2016-03-01,Train,0.011242668144404888,0.007940224318188305
2016-03-02,Train,0.014970800839364529,0.01653595360220894
2016-03-03,Train,0.014310605823993683,0.01789263882222891
2016-03-04,Train,0.015674995258450508,0.0160878641723714
2016-03-07,Train,0.025626905262470245,0.02637596992004676
2016-03-08,Train,0.02293580397963524,0.0381181100579886
2016-03-09,Train,0.02303222194314003,0.02299183046294528
2016-03-10,Train,0.01811128668487072,0.02484233119764734
2016-03-11,Train,0.01880022883415222,0.005822168832937624
2016-03-14,Train,0.026052989065647125,0.02024940188607038
2016-03-15,Train,0.023812800645828247,0.02560258301841123
2016-03-16,Train,0.015269085764884949,0.01505851542679437
2016-03-17,Train,0.020745260640978813,0.02641372819897958
2016-03-18,Train,0.01776042953133583,0.02393591905636816
2016-03-21,Train,0.017251353710889816,0.0101122212508824
2016-03-22,Train,0.018042415380477905,0.02358486272276661
2016-03-23,Train,0.017432667315006256,0.01725261975384873
2016-03-24,Train,0.01562036294490099,0.01622224341893608
2016-03-28,Train,0.011078705079853535,0.01391091266248701
2016-03-29,Train,0.015845298767089844,0.006248279828492409
2016-03-30,Train,0.01745247095823288,0.01417340017471713
2016-03-31,Train,0.016395412385463715,0.01575092736969919
2016-04-01,Train,0.0044411905109882355,0.002537140066585009
2016-04-04,Train,0.005955862812697887,0.01173368097944927
2016-04-05,Train,0.007965411059558392,0.01533804041575149
2016-04-06,Train,-0.001116516417823732,-0.0002710651467715541
2016-04-07,Train,0.004024076275527477,0.01439310293793228
2016-04-08,Train,-0.005296132992953062,-0.000183455440976199
2016-04-11,Train,-0.0023659924045205116,0.003499124200292192
2016-04-12,Train,-0.006899655796587467,-0.009679528511647995
2016-04-13,Train,-0.025589967146515846,-0.030024359580761
2016-04-14,Train,-0.033966660499572754,-0.04183194614357211
2016-04-15,Train,-0.0348956398665905,-0.04446853033339437
2016-04-18,Train,-0.03478320315480232,-0.04054663310364215
2016-04-19,Train,-0.043515950441360474,-0.04360017694949836
2016-04-20,Train,-0.04763079807162285,-0.05052418988366003
2016-04-21,Train,-0.047902047634124756,-0.05088120022750975
2016-04-22,Train,-0.02854054421186447,-0.03119839806522262
2016-04-25,Train,-0.02815103344619274,-0.02844564147573403
2016-04-26,Train,-0.020566167309880257,-0.01032729505489993
2016-04-27,Train,-0.007734065875411034,-0.01134040899738076
2016-04-28,Train,-0.006019635125994682,-0.003669546425742021
2016-04-29,Train,-0.009220069274306297,-0.00208098011883151
2016-05-02,Train,-0.005568280350416899,0.0009370171755742618
2016-05-03,Train,0.010776063427329063,-0.002364513308072302
2016-05-04,Train,0.017610710114240646,0.007710590528918537
2016-05-05,Train,0.012057699263095856,0.002761387590907827
2016-05-06,Train,0.01016841921955347,0.00842962089612942
2016-05-09,Train,0.005092719104140997,0.004250137790990483
2016-05-10,Train,0.011309363879263401,0.010528251506011
2016-05-11,Train,0.02629232592880726,0.02707782283650784
2016-05-12,Train,0.038595717400312424,0.03465859089715018
2016-05-13,Train,0.033754248172044754,0.04388622989021762
2016-05-16,Train,0.03108845092356205,0.03295259926158711
2016-05-17,Train,0.040045443922281265,0.04616984226581722
2016-05-18,Train,0.038249168545007706,0.04458720190335597
2016-05-19,Train,0.03292326629161835,0.04510492935257293
2016-05-20,Train,0.028979996219277382,0.03747532467383574
2016-05-23,Train,0.03043779730796814,0.03620801662580875
2016-05-24,Train,0.014453191310167313,0.0176102127810438
2016-05-25,Train,0.01047544740140438,0.008696490261940859
2016-05-26,Train,-0.001851916778832674,-0.005658955193531434
2016-05-27,Train,-0.0072985803708434105,-0.01906836036042781
2016-05-31,Train,-0.010498402640223503,-0.02093526948759283
2016-06-01,Train,-0.0214131698012352,-0.02383323325586406
2016-06-02,Train,-0.023956069722771645,-0.0229698035220508
2016-06-03,Train,-0.02432795614004135,-0.03243685057255818
2016-06-06,Train,-0.025494618341326714,-0.02987502670391717
2016-06-07,Train,-0.021709663793444633,-0.02432383642905001
2016-06-08,Train,-0.021590737625956535,-0.02835919910230711
2016-06-09,Train,-0.0204179584980011,-0.01288688417168282
2016-06-10,Train,-0.026635104790329933,-0.04268405931402397
2016-06-13,Train,-0.030879953876137733,-0.05378133503882987
2016-06-14,Train,-0.024259530007839203,-0.03304637355516093
2016-06-15,Train,-0.014469095505774021,-0.01308952512189887
2016-06-16,Train,-0.009948663413524628,-0.00462791554760289
2016-06-17,Train,0.005652322433888912,0.01493101698921251
2016-06-20,Train,0.0014410106232389808,0.002426227117868773
2016-06-21,Train,0.0015161029295995831,0.007441888853561007
2016-06-22,Train,0.005833462346345186,0.01286837849964861
2016-06-23,Train,0.0036548476200550795,0.01406643795082752
2016-06-24,Train,0.06114248186349869,0.06366860994686063
2016-06-27,Train,0.07565978169441223,0.0906867201366155
2016-06-28,Train,0.06095919758081436,0.06471378705224695
2016-06-29,Train,0.04916004464030266,0.05333464329368232
2016-06-30,Train,0.04292488098144531,0.03961318672088066
2016-07-01,Train,0.043561048805713654,0.04126571991962313
2016-07-05,Train,0.04683826491236687,0.04384657572852491
2016-07-06,Train,0.045398954302072525,0.04746075018291518
2016-07-07,Train,0.03771375119686127,0.04198119539025003
2016-07-08,Train,0.0318823866546154,0.03037169883439739
2016-07-11,Train,0.027589615434408188,0.02461014468063794
2016-07-12,Train,0.0269978865981102,0.02062968065142678
2016-07-13,Train,0.026597177609801292,0.03021039897027178
2016-07-14,Train,0.025914914906024933,0.02679049750014362
2016-07-15,Train,0.024912210181355476,0.03067978722315301
2016-07-18,Train,0.02555244229733944,0.0293228664965115
2016-07-19,Train,0.028190189972519875,0.02523857933090623
2016-07-20,Train,0.02152261696755886,0.01674888800770047
2016-07-21,Train,0.023386189714074135,0.0220003344853823
2016-07-22,Train,0.023942090570926666,0.02754067057979981
2016-07-25,Train,0.021834369748830795,0.02630650859961481
2016-07-26,Train,0.020971722900867462,0.02750678643320814
2016-07-27,Train,0.017198918387293816,0.01780416200843904
2016-07-28,Train,0.01782471314072609,0.0186119266582836
2016-07-29,Train,0.01834825426340103,0.01709618618344044
2016-08-01,Train,0.01814373955130577,0.01605663561077963
2016-08-02,Train,0.017021089792251587,0.01818027125895694
2016-08-03,Train,0.013845345005393028,0.01664648742241281
2016-08-04,Train,0.01040501520037651,0.01400538404276519
2016-08-05,Train,0.009481355547904968,0.004110321647123438
2016-08-08,Train,0.007936379872262478,0.006000831025166242
2016-08-09,Train,-0.0008645178750157356,0.005473823124113153
2016-08-10,Train,-0.0019070516573265195,0.001543477113158165
2016-08-11,Train,-0.0018240177305415273,-0.004354526334276021
2016-08-12,Train,-0.002369931433349848,-0.003583602217419823
2016-08-15,Train,-0.002430747263133526,-0.006457047804089067
2016-08-16,Train,-0.0038739056326448917,-0.004186292015279869
2016-08-17,Train,-0.003895348869264126,-0.006993004263052605
2016-08-18,Train,-0.003840015269815922,-0.004689257800875368
2016-08-19,Train,-0.0028896667063236237,-0.001193922796332458
2016-08-22,Train,-0.0005434804479591548,0.00426075847039975
2016-08-23,Train,-0.0011573676019906998,0.003062271332322286
2016-08-24,Train,3.7805180909344926e-05,0.003681509365930813
2016-08-25,Train,-0.008000630885362625,-0.01998114929130579
2016-08-26,Train,-0.0032611126080155373,-0.003853373462459397
2016-08-29,Train,-0.006383104249835014,-0.01410981265119826
2016-08-30,Train,-0.004642362240701914,-0.006177086786066432
2016-08-31,Train,0.0012269695289433002,0.01030571043526085
2016-09-01,Train,0.0005890699685551226,0.00471135053813887
2016-09-02,Train,0.0016892810817807913,-0.002903039270079621
2016-09-06,Train,-0.004212333355098963,-0.007212545482618293
2016-09-07,Train,-0.0025027606170624495,0.001950503396413339
2016-09-08,Train,0.00674798060208559,0.01586618551305374
2016-09-09,Train,0.027140313759446144,0.03543929904636567
2016-09-12,Train,0.017130151391029358,0.008682149840440578
2016-09-13,Train,0.02387695200741291,0.02784282295933549
2016-09-14,Train,0.02317155711352825,0.02468923256876931
2016-09-15,Train,0.007275829557329416,0.001700076073442913
2016-09-16,Train,0.013874637894332409,0.01219200523500441
2016-09-19,Train,0.015061984769999981,0.01515674165921244
2016-09-20,Train,0.011904123239219189,0.01170942518446183
2016-09-21,Train,0.005446671508252621,0.005416837760330084
2016-09-22,Train,-0.002301948145031929,-0.003022864993090013
2016-09-23,Train,-0.004085426218807697,0.001183126742855256
2016-09-26,Train,0.003959217574447393,0.0160218590547665
2016-09-27,Train,-0.002713178750127554,-0.008270070522646389
2016-09-28,Train,-0.007953562773764133,-0.01078347777763633
2016-09-29,Train,-0.0033255363814532757,-0.007128278716863168
2016-09-30,Train,-0.0029669678770005703,-0.01330864062338943
2016-10-03,Train,-0.009917603805661201,-0.01459302667565765
2016-10-04,Train,-0.0073171332478523254,-0.004308542066374099
2016-10-05,Train,-0.008014735765755177,-0.007913144491636936
2016-10-06,Train,-0.00826054997742176,-0.008590956317878096
2016-10-07,Train,-0.005633278749883175,-0.002701103161365515
2016-10-10,Train,-0.0077178287319839,0.00293573620648746
2016-10-11,Train,0.007150748744606972,0.01421039692004089
2016-10-12,Train,0.005417099688202143,0.008175771584422842
2016-10-13,Train,0.0032005147077143192,0.007179455879407159
2016-10-14,Train,0.00011672051914501935,-0.0003414795606604404
2016-10-17,Train,-0.005759956780821085,0.001455214598437005
2016-10-18,Train,-0.013568402267992496,-0.01484812481704922
2016-10-19,Train,-0.01564260944724083,-0.02265590329669476
2016-10-20,Train,-0.0155496159568429,-0.03109333158764449
2016-10-21,Train,-0.023534078150987625,-0.03808717682508322
2016-10-24,Train,-0.016644218936562538,-0.02692984217547434
2016-10-25,Train,-0.01825794391334057,-0.01745114345540189
2016-10-26,Train,-0.01794692501425743,-0.006166546244939952
2016-10-27,Train,-0.014176465570926666,-0.01773588257672576
2016-10-28,Train,-0.013165204785764217,-0.01110158359780489
2016-10-31,Train,-0.010348445735871792,-0.02017266991576228
2016-11-01,Train,-0.00424149027094245,0.000947382738552438
2016-11-02,Train,0.01867033913731575,0.01501999784988595
2016-11-03,Train,0.02846118062734604,0.03252958338623624
2016-11-04,Train,0.0323670469224453,0.03229210840010088
2016-11-07,Train,0.016782116144895554,0.01882253949400226
2016-11-08,Train,0.007309909909963608,0.01528478273587441
2016-11-09,Train,0.005196216516196728,0.006544807760984428
2016-11-10,Train,0.02642187476158142,0.0263499183737177
2016-11-11,Train,0.02300153486430645,0.02357509201721575
2016-11-14,Train,0.03425924852490425,0.03759927847210842
2016-11-15,Train,0.01651882380247116,0.01101358428714994
2016-11-16,Train,-0.004604516085237265,-0.01231718754853617
2016-11-17,Train,-0.012314199469983578,-0.01749325026000903
2016-11-18,Train,-0.0037046470679342747,-0.006137071450528553
2016-11-21,Train,-0.005897384602576494,-0.0140037426125238
2016-11-22,Train,-0.004117402248084545,-0.00454163926490625
2016-11-23,Train,-0.00026290712412446737,0.001266690830926231
2016-11-25,Train,0.002395549789071083,0.005892230052698011
2016-11-28,Train,0.00677676685154438,0.003627776171468922
2016-11-29,Train,0.00669335899874568,0.01277952422958117
2016-11-30,Train,0.012695028446614742,0.02306382199551194
2016-12-01,Train,0.03888561204075813,0.04269507450470056
2016-12-02,Train,0.02806376852095127,0.03370787924587026
2016-12-05,Train,0.028732484206557274,0.02993137143603075
2016-12-06,Train,0.028757555410265923,0.03139977656213122
2016-12-07,Train,0.018722115084528923,0.01774246758442
2016-12-08,Train,0.013995779678225517,0.0130724724276563
2016-12-09,Train,0.006040672305971384,0.005857715048051881
2016-12-12,Train,0.007944183424115181,0.01563551298475363
2016-12-13,Train,0.000350344053003937,-0.004814891544602795
2016-12-14,Train,-0.0006988528766669333,-0.004159387769803069
2016-12-15,Train,0.0006157694733701646,-0.01594682844362449
2016-12-16,Train,0.005780135281383991,-0.0005016518341071086
2016-12-19,Train,0.0034704310819506645,0.0008327596516386482
2016-12-20,Train,0.009099026210606098,0.002654497608654882
2016-12-21,Train,0.011829439550638199,0.01220323121264744
2016-12-22,Train,0.01448766328394413,0.01839826035581349
2016-12-23,Train,0.01643252745270729,0.01996673533121918
2016-12-27,Train,0.013613609597086906,0.0174640011230025
2016-12-28,Train,0.016746604815125465,0.02385719616180615
2016-12-29,Train,0.0191323384642601,0.02881968594120732
2016-12-30,Train,0.024365771561861038,0.03637742603373684
2017-01-03,Train,0.024305641651153564,0.02927890223518803
2017-01-04,Train,0.025175239890813828,0.02321325284012277
2017-01-05,Train,0.022359471768140793,0.01969055348172621
2017-01-06,Train,0.02155095897614956,0.01164601136218502
2017-01-09,Train,0.021074442192912102,0.01512301517559078
2017-01-10,Train,0.0224614255130291,0.02308321261237256
2017-01-11,Train,0.017288407310843468,0.02139426703724845
2017-01-12,Train,0.018562721088528633,0.0249307906244598
2017-01-13,Train,0.016840511932969093,0.01347836946537506
2017-01-17,Train,0.017373422160744667,0.01449628443704798
2017-01-18,Train,0.017012950032949448,0.01942457226808125
2017-01-19,Train,0.018306061625480652,0.01902745384628979
2017-01-20,Train,0.015250569209456444,0.01971602681684215
2017-01-23,Train,0.019150741398334503,0.02010541862676951
2017-01-24,Train,0.021550195291638374,0.01699146887716352
2017-01-25,Train,0.014059361070394516,0.008530652094561608
2017-01-26,Train,0.012408073991537094,0.01115006015531006
2017-01-27,Train,0.016183331608772278,0.01255957204555957
2017-01-30,Train,0.029946353286504745,0.02627789149744264
2017-01-31,Train,0.03273473680019379,0.03178934811089351
2017-02-01,Train,0.030860930681228638,0.03077408093411083
2017-02-02,Train,0.030343402177095413,0.03135972163059364
2017-02-03,Train,0.02856936678290367,0.03286121294867539
2017-02-06,Train,0.03038032352924347,0.03671616506364295
2017-02-07,Train,0.026760438457131386,0.03333596527003468
2017-02-08,Train,0.025412611663341522,0.02774699214890064
2017-02-09,Train,0.025425758212804794,0.02599240269502223
2017-02-10,Train,0.02457575872540474,0.02386560669709681
2017-02-13,Train,0.01741809956729412,0.01498827539004011
2017-02-14,Train,0.013697534799575806,0.02264065735429011
2017-02-15,Train,0.011895055882632732,0.01152452293710393
2017-02-16,Train,0.011617569252848625,0.01369442377145802
2017-02-17,Train,0.006912935059517622,0.007087267438935507
2017-02-21,Train,0.006151946727186441,0.0004599276350887305
2017-02-22,Train,0.002763070398941636,0.001839122552981243
2017-02-23,Train,0.006232771091163158,0.0063841386518253
2017-02-24,Train,0.003551111090928316,0.008674995627711235
2017-02-27,Train,0.0034461673349142075,0.009124386275981555
2017-02-28,Train,0.006269693840295076,0.009767643223657974
2017-03-01,Train,0.004355252720415592,0.005021330263620394
2017-03-02,Train,0.006822941824793816,0.009405075233368088
2017-03-03,Train,0.004025571048259735,0.005113708953573326
2017-03-06,Train,0.0021644176449626684,0.008261316196365387
2017-03-07,Train,0.0021242364309728146,-0.005363550514941751
2017-03-08,Train,9.350180334877223e-05,-0.0003824617535328478
2017-03-09,Train,0.004532713908702135,-0.003668570322330811
2017-03-10,Train,0.0034446227364242077,-0.005784264482581403
2017-03-13,Train,0.003960391506552696,-0.005850651689765063
2017-03-14,Train,-0.002107414649799466,0.002665900840994162
2017-03-15,Train,-0.00015576650912407786,0.001135457150295949
2017-03-16,Train,-0.0005772067815996706,0.003484635504953149
2017-03-17,Train,0.002468724036589265,0.005239596238243438
2017-03-20,Train,0.004377934616059065,0.003717513862681265
2017-03-21,Train,0.012066646479070187,0.02079960711056517
2017-03-22,Train,0.009891297668218613,0.009794159885112563
2017-03-23,Train,0.010030635632574558,0.0128873325246659
2017-03-24,Train,0.008468438871204853,0.01025795213812275
2017-03-27,Train,0.0030029623303562403,0.00901870962700868
2017-03-28,Train,-0.004258918575942516,-0.001443348847517512
2017-03-29,Train,-0.0032069790177047253,-0.01005672462045137
2017-03-30,Train,-0.006416119635105133,-0.01562623465798862
2017-03-31,Train,-0.0027601050678640604,-0.00679867897021269
2017-04-03,Train,-0.002631017006933689,-0.00770978268278566
2017-04-04,Train,0.0013943666126579046,-0.00769744967138497
2017-04-05,Train,0.001803889637812972,0.004698000389881329
2017-04-06,Train,0.008958801627159119,0.003938233102860567
2017-04-07,Train,0.01392371766269207,0.0165946989554373
2017-04-10,Train,0.024037828668951988,0.0235570406734209
2017-04-11,Train,0.03075040876865387,0.02655006142402749
2017-04-12,Train,0.03152728080749512,0.0368927734387976
2017-04-13,Train,0.03785182908177376,0.0428681890975946
2017-04-17,Train,0.040518034249544144,0.04350472624410839
2017-04-18,Train,0.04217985272407532,0.0468463890437989
2017-04-19,Train,0.04100540280342102,0.04182827416708812
2017-04-20,Train,0.03472089394927025,0.03356208666679406
2017-04-21,Train,0.03420000150799751,0.03756786224545472
2017-04-24,Train,0.03083009272813797,0.02742987906477357
2017-04-25,Train,0.023645637556910515,0.02360691427616457
2017-04-26,Train,0.022235335782170296,0.02564096185325426
2017-04-27,Train,0.018581612035632133,0.01871081610410918
2017-04-28,Train,0.01703142747282982,0.01919259140321716
2017-05-01,Train,0.015704136341810226,0.01341105232374562
2017-05-02,Train,0.01714036799967289,0.01593540390104509
2017-05-03,Train,0.00040610256837680936,-0.006715805037260325
2017-05-04,Train,0.006585759576410055,0.001605379680979402
2017-05-05,Train,0.00372424372471869,0.002181205950284593
2017-05-08,Train,0.007999951019883156,0.00841558105722684
2017-05-09,Train,0.00893075205385685,0.005928224566296159
2017-05-10,Train,0.010813355445861816,0.009971133986065528
2017-05-11,Train,0.013693648390471935,0.01937962300009066
2017-05-12,Train,0.014118350110948086,0.01890328284134934
2017-05-15,Train,0.013954872265458107,0.01654202504904179
2017-05-16,Train,0.011076738126575947,0.01196102440444591
2017-05-17,Train,0.03189652040600777,0.04240456164541473
2017-05-18,Train,0.034027084708213806,0.04516984157916792
2017-05-19,Train,0.03492977097630501,0.04055424032504851
2017-05-22,Train,0.030604327097535133,0.02776978856368029
2017-05-23,Train,0.03535589948296547,0.03076037658524888
2017-05-24,Train,0.00803450495004654,0.0271140977108324
2017-05-25,Train,-0.00642608106136322,-0.007022809708386868
2017-05-26,Train,-0.014352680183947086,-0.01409152723383722
2017-05-30,Train,-0.0072756074368953705,-0.006933605157285139
2017-05-31,Train,-0.006348862778395414,-0.01089952126343519
2017-06-01,Train,-0.017320184037089348,-0.01910597521888246
2017-06-02,Train,-0.028567928820848465,-0.03701388936899819
2017-06-05,Train,-0.026038125157356262,-0.02070686825333401
2017-06-06,Train,-0.01799648627638817,-0.02449950990512872
2017-06-07,Train,-0.019183699041604996,-0.01868632485006927
2017-06-08,Train,-0.012725219130516052,-0.01999031991058775
2017-06-09,Train,0.001217008219100535,0.009001355937154898
2017-06-12,Train,0.00106632721144706,0.009696230301963649
2017-06-13,Train,-0.002465987578034401,-0.01660018396211693
2017-06-14,Train,-0.002934203017503023,0.001932052039076426
2017-06-15,Train,-0.004185572732239962,-0.01106884561830501
2017-06-16,Train,-0.00643499381840229,-0.003691599923037803
2017-06-19,Train,-0.019554441794753075,-0.0304001428759676
2017-06-20,Train,-0.010297470726072788,-0.01313147117565927
2017-06-21,Train,-0.01994449645280838,-0.03161867296678056
2017-06-22,Train,-0.018005291000008583,-0.020895540193137
2017-06-23,Train,-0.018398279324173927,-0.01826679220272021
2017-06-26,Train,-0.01808891072869301,-0.01088347388937716
2017-06-27,Train,0.014968865551054478,0.01934360785740874
2017-06-28,Train,0.0026546004228293896,0.007070348551401207
2017-06-29,Train,0.03184787929058075,0.03292389635778603
2017-06-30,Train,0.03334743529558182,0.03305727311780271
2017-07-03,Train,0.056833405047655106,0.05103162364089342
2017-07-05,Train,0.046628836542367935,0.04689883665739658
2017-07-06,Train,0.05040536820888519,0.05781792700120603
2017-07-07,Train,0.041734643280506134,0.04609470351859324
2017-07-10,Train,0.0394761748611927,0.04406462172928105
2017-07-11,Train,0.03825705125927925,0.03847530188643833
2017-07-12,Train,0.02072041667997837,0.02963751428139183
2017-07-13,Train,0.013747107237577438,0.02092058947557951
2017-07-14,Train,0.011725946329534054,0.01210245764000262
2017-07-17,Train,0.010276682674884796,0.007314109770561128
2017-07-18,Train,0.00621010409668088,0.002934177523656434
2017-07-19,Train,-0.00021183400531299412,-0.0002083538004379326
2017-07-20,Train,-0.0022940475028008223,-0.005410271132713973
2017-07-21,Train,-0.0015629071276634932,-0.003192052681416424
2017-07-24,Train,-0.005287971347570419,-0.001450623110240135
2017-07-25,Train,-0.006788475438952446,-0.0006232433635360302
2017-07-26,Train,-0.005359875503927469,-0.005177055465442004
2017-07-27,Train,-0.007605400402098894,-0.02035292996612559
2017-07-28,Train,-0.008415340445935726,-0.01209670660924955
2017-07-31,Train,-0.005080327857285738,0.004887223131485374
2017-08-01,Train,-0.003918403293937445,0.003273901007913471
2017-08-02,Train,-0.007721791509538889,0.002292475429320984
2017-08-03,Train,-0.009956351481378078,-0.01436639631328751
2017-08-04,Train,-0.010138812474906445,-0.01684648988352333
2017-08-07,Train,-0.01271915715187788,-0.02428053795043295
2017-08-08,Train,-0.010546241886913776,-0.00769177901136664
2017-08-09,Train,-0.009170467033982277,-0.00992223649895696
2017-08-10,Train,0.017168032005429268,0.008792494532348316
2017-08-11,Train,-0.001220120582729578,-0.0009148830206087144
2017-08-14,Train,-0.004625037778168917,-0.01056061343027948
2017-08-15,Train,-0.0024378355592489243,-0.007359560977418522
2017-08-16,Train,0.0022655308712273836,0.002564424177418312
2017-08-17,Train,0.03550434857606888,0.03445832487152356
2017-08-18,Train,0.03497135266661644,0.03377472503548917
2017-08-21,Train,0.016835566610097885,0.02580644672735488
2017-08-22,Train,0.01543116569519043,0.01347770932752113
2017-08-23,Train,0.018872765824198723,0.01948278598171904
2017-08-24,Train,0.01252242736518383,0.0136360608922943
2017-08-25,Train,0.02169831655919552,0.02747054915088398
2017-08-28,Train,0.020289693027734756,0.02675372137222598
2017-08-29,Train,0.0196077898144722,0.02413091500864173
2017-08-30,Train,0.0055320714600384235,0.006291072938175102
2017-08-31,Train,-0.003260462312027812,-0.0009575881844785528
2017-09-01,Train,-0.001421959139406681,-0.003082170878371149
2017-09-05,Train,0.00294914236292243,0.007671577798203932
2017-09-06,Train,0.001828113105148077,0.001515890672509679
2017-09-07,Train,-0.005911714863032103,-0.006942974485190212
2017-09-08,Train,-0.0003209333517588675,0.0007627807033516731
2017-09-11,Train,-0.01253203209489584,-0.02104608328096091
2017-09-12,Train,-0.015380832366645336,-0.02085900031661314
2017-09-13,Train,-0.013845579698681831,-0.0133860912415571
2017-09-14,Train,-0.003495058510452509,-0.007900480322703074
2017-09-15,Train,-0.002166725927963853,-0.004176370125618112
2017-09-18,Train,0.00030296965269371867,0.0002061063460521151
2017-09-19,Train,0.0026545317377895117,0.0006172588203490204
2017-09-20,Train,0.0065874396823346615,0.004678311986426653
2017-09-21,Train,0.023536505177617073,0.0207669933585295
2017-09-22,Train,0.01933170296251774,0.02314298897163458
2017-09-25,Train,0.03126021847128868,0.03284315364969825
2017-09-26,Train,0.02810358628630638,0.03094229231841417
2017-09-27,Train,0.02819203957915306,0.02478185245662168
2017-09-28,Train,0.02641221322119236,0.0232670904033303
2017-09-29,Train,0.016034511849284172,0.01986936713843201
2017-10-02,Train,0.013622581958770752,0.02246190569674389
2017-10-03,Train,0.014324823394417763,0.02159156837112075
2017-10-04,Train,0.019623979926109314,0.01937959223934405
2017-10-05,Train,0.010393977165222168,0.005764212708710081
2017-10-06,Train,0.012281389907002449,0.00711095100715653
2017-10-09,Train,0.008067704737186432,0.001695030108406881
2017-10-10,Train,0.006241972092539072,0.002642272178328575
2017-10-11,Train,0.006277131382375956,-0.004120512280573752
2017-10-12,Train,0.012345441617071629,-0.005481474826922628
2017-10-13,Train,0.020276285707950592,0.01954974536110798
2017-10-16,Train,0.020862383767962456,0.0183405818985356
2017-10-17,Train,0.0201514083892107,0.02086688640934686
2017-10-18,Train,0.019978251308202744,0.02176545398279917
2017-10-19,Train,0.02465355210006237,0.02359921824297273
2017-10-20,Train,0.023597555235028267,0.03066369008622027
2017-10-23,Train,0.04048491269350052,0.04095023397876263
2017-10-24,Train,0.03593979403376579,0.03979998088398284
2017-10-25,Train,0.04295094683766365,0.04795501373839617
2017-10-26,Train,0.04455990344285965,0.04579474292378372
2017-10-27,Train,0.016856493428349495,0.01613321273469182
2017-10-30,Train,0.017577586695551872,0.01510748950039686
2017-10-31,Train,0.009470026008784771,0.007624079583588905
2017-11-01,Train,0.010857942514121532,0.003221500425460322
2017-11-02,Train,0.012874456122517586,0.01798297721785658
2017-11-03,Train,-0.001036873902194202,0.004436567213585096
2017-11-06,Train,0.001243425183929503,0.0002601505082806543
2017-11-07,Train,0.0025836171116679907,0.01052765184418347
2017-11-08,Train,0.005986516363918781,0.007702281174150505
2017-11-09,Train,0.005508584436029196,0.01672192090965385
2017-11-10,Train,0.012723801657557487,0.0163327035739802
2017-11-13,Train,0.016343049705028534,0.01767726851899609
2017-11-14,Train,0.009724686853587627,0.003587522408951882
2017-11-15,Train,0.016458436846733093,0.01677696847783494
2017-11-16,Train,-0.0013203514972701669,-0.0003234618554447399
2017-11-17,Train,-0.002290384378284216,-0.008054499895780332
2017-11-20,Train,-0.003579379990696907,-0.006630723918089609
2017-11-21,Train,-0.008879906497895718,-0.01286173633440513
2017-11-22,Train,-0.0100227827206254,-0.01072643164466403
2017-11-24,Train,-0.008634818717837334,-0.009983345791846343
2017-11-27,Train,0.000592603930272162,-0.001856767657268388
2017-11-28,Train,0.007044569589197636,-0.00574745461097248
2017-11-29,Train,0.016169041395187378,0.01384378574264211
2017-11-30,Train,0.017826655879616737,0.004705195069586665
2017-12-01,Train,0.01866241544485092,0.02045432255137136
2017-12-04,Train,0.027353713288903236,0.03883172297210535
2017-12-05,Train,0.025512266904115677,0.03200052004302534
2017-12-06,Train,0.021156759932637215,0.02625406370877448
2017-12-07,Train,0.016927257180213928,0.02291909285401861
2017-12-08,Train,0.01768171228468418,0.01725919988116487
2017-12-11,Train,0.009674652479588985,0.00397697498556826
2017-12-12,Train,0.011186623945832253,0.005459508198327967
2017-12-13,Train,0.011420183815062046,0.00474383106812204
2017-12-14,Train,0.010914858430624008,-0.0007698894804807344
2017-12-15,Train,0.013486077077686787,0.00532833256708698
2017-12-18,Train,0.01793074794113636,0.008761972989134614
2017-12-19,Train,0.024191612377762794,0.01655041636562737
2017-12-20,Train,0.02633470483124256,0.02786770407964601
2017-12-21,Train,0.032909441739320755,0.03173595622437042
2017-12-22,Train,0.03248986601829529,0.03297961874842437
2017-12-26,Train,0.03801606968045235,0.03616143782789405
2017-12-27,Train,0.04017499461770058,0.04311997118628952
2017-12-28,Train,0.03728468716144562,0.04951196310318973
2017-12-29,Train,0.04265662655234337,0.05303036759713353
2018-01-02,Train,0.03805571421980858,0.04605960969118406
2018-01-03,Train,0.03476906940340996,0.03618076978746387
2018-01-04,Train,0.040087804198265076,0.03761461462871574
2018-01-05,Train,0.03249898925423622,0.03829049541967744
2018-01-08,Train,0.030697716400027275,0.04281754121445314
2018-01-09,Train,0.03547649458050728,0.0359867506851248
2018-01-10,Train,0.035199303179979324,0.03804423299037274
2018-01-11,Train,0.035664886236190796,0.04678792151250133
2018-01-12,Train,0.020466569811105728,0.0341054193142738
2018-01-16,Train,0.02082015573978424,0.02853306032114911
2018-01-17,Train,0.010937721468508244,0.02177453861235845
2018-01-18,Train,-0.006185668520629406,0.0129055559952076
2018-01-19,Train,-0.010205261409282684,-0.01040035929798189
2018-01-22,Train,-0.04623117297887802,-0.05948132459217315
2018-01-23,Train,-0.04579780623316765,-0.04247535355770327
2018-01-24,Train,-0.05354155972599983,-0.04869067614709111
2018-01-25,Train,-0.055710844695568085,-0.08850613967968413
2018-01-26,Train,-0.071477510035038,-0.0867605874201085
2018-01-29,Train,-0.06521608680486679,-0.06602005046075088
2018-01-30,Train,-0.05245840549468994,-0.05340838571325068
2018-01-31,Train,-0.033979110419750214,-0.03966943012294044
2018-02-01,Train,-0.01734047755599022,-0.01345564226771612
2018-02-02,Train,0.0007933133747428656,0.002126274844893139
2018-02-05,Train,0.04229404777288437,0.04534529718162084
2018-02-06,Train,0.01673910580575466,0.01546429550477257
2018-02-07,Train,0.02547014132142067,0.02864987295137111
2018-02-08,Train,0.07774091511964798,0.0959270219188606
2018-02-09,Train,0.07277419418096542,0.09160786184393799
2018-02-12,Train,0.058756135404109955,0.05929375249238733
2018-02-13,Train,0.04897315800189972,0.04709126531086505
2018-02-14,Train,0.02134796231985092,0.01106468608801325
2018-02-15,Train,0.00911976769566536,0.001750202475938822
2018-02-16,Train,0.020510971546173096,0.0173981268209189
2018-02-20,Train,0.01987883448600769,0.01966241231780996
2018-02-21,Train,0.029311958700418472,0.02493620415558961
2018-02-22,Train,0.02810485102236271,0.03070386811221471
2018-02-23,Train,0.021876562386751175,0.02967238834212904
2018-02-26,Train,0.011702483519911766,0.02159629146938746
2018-02-27,Train,0.021958939731121063,0.02032214370535712
2018-02-28,Train,0.024484597146511078,0.02673276587784112
2018-03-01,Train,0.03974173218011856,0.04286237375295254
2018-03-02,Train,0.029727380722761154,0.03030302194612577
2018-03-05,Train,-0.006869300734251738,-0.004349614011646796
2018-03-06,Train,-0.012961240485310555,-0.005280642133036473
2018-03-07,Train,-0.01492491364479065,-0.01189838746215788
2018-03-08,Train,-0.023265415802598,-0.04156362612283837
2018-03-09,Train,-0.08573944121599197,-0.08460388568632915
2018-03-12,Train,-0.07244589924812317,-0.0556066626421845
2018-03-13,Train,-0.08005011081695557,-0.07355427400255588
2018-03-14,Train,-0.08296696096658707,-0.0840516850617089
2018-03-15,Train,-0.07379861921072006,-0.0664606423227021
2018-03-16,Train,-0.07912362366914749,-0.09069120207081272
2018-03-19,Train,-0.048624735325574875,-0.0588869613241304
2018-03-20,Train,-0.04061545431613922,-0.04718156093822667
2018-03-21,Train,-0.03688214719295502,-0.03756293039324654
2018-03-22,Train,-0.02717752195894718,-0.0378992509415601
2018-03-23,Train,-0.004639294929802418,-0.004920817653950804
2018-03-26,Train,-0.01918826624751091,-0.01940381569980953
2018-03-27,Train,0.014734430238604546,0.00754335513219706
2018-03-28,Train,0.02515721321105957,0.0315421730611587
2018-03-29,Train,0.013639544136822224,0.007743647015326482
2018-04-02,Train,0.05074483901262283,0.04559199953137427
2018-04-03,Train,0.04662157595157623,0.05621271719105536
2018-04-04,Train,0.03252212330698967,0.04194313708427222
2018-04-05,Train,0.018152736127376556,0.02651733537176448
2018-04-06,Train,0.02860773541033268,0.03619994887433919
2018-04-09,Train,0.029055822640657425,0.02637420766367926
2018-04-10,Train,-0.006217519752681255,-0.01705849442014473
2018-04-11,Train,0.0002512882056180388,-0.01016973356143458
2018-04-12,Train,-0.006676023360341787,-0.001356274037342176
2018-04-13,Train,0.0022126631811261177,0.004461803572468614
2018-04-16,Train,-0.006481783464550972,-0.01020912422999898
2018-04-17,Train,-0.021857306361198425,-0.01998800242156329
2018-04-18,Train,-0.023153068497776985,-0.02775772079680139
2018-04-19,Train,-0.012300700880587101,-0.01885877473342223
2018-04-20,Train,0.012401716783642769,0.01583482450465579
2018-04-23,Train,0.03353136405348778,0.02687013478235745
2018-04-24,Train,0.050103623420000076,0.04802473992124101
2018-04-25,Train,0.05095156654715538,0.05817845156899604
2018-04-26,Train,0.04365795850753784,0.0471016072923427
2018-04-27,Train,0.046303119510412216,0.04546863188653005
2018-04-30,Train,0.050006646662950516,0.05474088122871268
2018-05-01,Train,0.038317691534757614,0.03126917542733132
2018-05-02,Train,0.043578099459409714,0.04424662019063397
2018-05-03,Train,0.03783518448472023,0.04035845893777901
2018-05-04,Train,0.020610693842172623,0.01570941756162925
2018-05-07,Train,0.012798047624528408,0.01299319256464493
2018-05-08,Train,0.019777564331889153,0.01270539687183359
2018-05-09,Train,0.0075670513324439526,0.01024542036381137
2018-05-10,Train,-0.0040810601785779,-0.0004126404164870312
2018-05-11,Train,-0.004722817800939083,0.001534252900597055
2018-05-14,Train,-0.0016853210981935263,-0.004594985445047883
2018-05-15,Train,0.016929058358073235,0.01376063397738925
2018-05-16,Train,0.01867314614355564,0.006450536301570331
2018-05-17,Train,0.027281925082206726,0.02619856005547661
2018-05-18,Train,0.03192470595240593,0.0408455515565449
2018-05-21,Train,0.03756565973162651,0.03824229616875718
2018-05-22,Train,0.04099703207612038,0.04566540771217587
2018-05-23,Train,0.03387521207332611,0.02847869338706066
2018-05-24,Train,0.03818197920918465,0.02884104571885904
2018-05-25,Train,0.033735837787389755,0.0305797926236
2018-05-29,Train,0.03686729446053505,0.04059892620460626
2018-05-30,Train,0.02217705547809601,0.03314146721808009
2018-05-31,Train,0.035113316029310226,0.04427587731528582
2018-06-01,Train,0.022016329690814018,0.02454550248664189
2018-06-04,Train,0.011313208378851414,0.01262189850673101
2018-06-05,Train,0.0012393903452903032,0.006634658467205456
2018-06-06,Train,-0.00294365081936121,0.007904011058934346
2018-06-07,Train,0.0012544174678623676,0.00733826802633164
2018-06-08,Train,-0.010904921218752861,0.005044742435772909
2018-06-11,Train,-0.016406331211328506,-0.02023902847638404
2018-06-12,Train,-0.0262648593634367,-0.02138426018131256
2018-06-13,Train,-0.025620630010962486,-0.0346377621600793
2018-06-14,Train,-0.027780210599303246,-0.03609236172195429
2018-06-15,Train,-0.02236778847873211,-0.03011640840618068
2018-06-18,Train,-0.021960889920592308,-0.02096315551412009
2018-06-19,Train,-0.020680295303463936,-0.02954543720592151
2018-06-20,Train,-0.011949916370213032,-0.0244287832499559
2018-06-21,Train,-0.0015294654294848442,-0.0005691542865767785
2018-06-22,Train,0.003919616341590881,0.01066618206175018
2018-06-25,Train,0.0367838479578495,0.03472026828828745
2018-06-26,Train,0.03545231372117996,0.02528035485306979
2018-06-27,Train,0.04986801743507385,0.05732640800832467
2018-06-28,Train,0.047933805733919144,0.04918510455554936
2018-06-29,Train,0.04634645953774452,0.04386833118000544
2018-07-02,Train,0.03723526746034622,0.04322917296746609
2018-07-03,Train,0.04330604523420334,0.05345427084832521
2018-07-05,Train,0.029328549280762672,0.03533426252053284
2018-07-06,Train,0.01675350032746792,0.01924722322797634
2018-07-09,Train,0.011022479273378849,0.013375444915247
2018-07-10,Train,0.015957333147525787,0.01680575008149154
2018-07-11,Train,0.018830902874469757,0.03627711836355751
2018-07-12,Train,-0.0053792293183505535,0.003287620170611794
2018-07-13,Train,-0.008137600496411324,-0.01107959181783646
2018-07-16,Train,-0.0031015241984277964,-0.0227145453275811
2018-07-17,Train,-0.006120320875197649,-0.02119047669431007
2018-07-18,Train,0.0017546023009344935,-0.01561717152769038
2018-07-19,Train,0.005176196806132793,0.00279282803669334
2018-07-20,Train,0.003990861587226391,0.006089705036252724
2018-07-23,Train,0.003861010540276766,0.008799297463451428
2018-07-24,Train,0.004764464218169451,0.008319467413261172
2018-07-25,Train,-0.003168314229696989,-0.004375905369804811
2018-07-26,Train,0.006830856669694185,0.01033046697487072
2018-07-27,Train,0.021925680339336395,0.01632704219679826
2018-07-30,Train,0.03140963986515999,0.02975276509455504
2018-07-31,Train,0.019658932462334633,0.02833663976467315
2018-08-01,Train,0.0156997237354517,0.0119128312359964
2018-08-02,Train,0.004100424237549305,0.00161537652143795
2018-08-03,Train,0.004907325841486454,-0.001221686019914237
2018-08-06,Train,-0.004575799219310284,-0.007949665707509879
2018-08-07,Train,-0.004457717761397362,-0.007920805375323803
2018-08-08,Train,-0.0013367203064262867,-0.0052741824598036
2018-08-09,Train,-0.00042963953455910087,-0.006101921763540519
2018-08-10,Train,0.009426728822290897,0.01085747512015289
2018-08-13,Train,0.01666959933936596,0.02229363825636854
2018-08-14,Train,0.015580740757286549,0.01741528638884882
2018-08-15,Train,0.02102673053741455,0.04190152287366855
2018-08-16,Train,0.031555816531181335,0.03664773701187074
2018-08-17,Train,0.01850823685526848,0.03775154710936901
2018-08-20,Train,0.024043017998337746,0.03422375770570985
2018-08-21,Train,0.019552437588572502,0.01713238150052043
2018-08-22,Train,0.00684322090819478,0.004142273335430158
2018-08-23,Train,0.0022016337607055902,0.001714588237617498
2018-08-24,Train,-0.0005675460561178625,-0.004164809977147743
2018-08-27,Train,-0.008469223976135254,-0.006618212243353239
2018-08-28,Train,-0.00928281620144844,-0.01099614740580335
2018-08-29,Train,-0.014964140951633453,-0.01183467199773691
2018-08-30,Train,-0.015251647680997849,-0.0129821260737264
2018-08-31,Train,-0.015627523884177208,-0.02844895650807611
2018-09-04,Train,-0.014496828429400921,-0.01619590888766753
2018-09-05,Train,0.0027869287878274918,-0.004088307508730016
2018-09-06,Train,0.010528136976063251,0.01600574061485016
2018-09-07,Train,0.007776746526360512,0.01435594994618428
2018-09-10,Train,0.005282838363200426,0.01194143822566796
2018-09-11,Train,0.006976929027587175,0.005570141435446097
2018-09-12,Train,0.007202218286693096,0.009256229731939847
2018-09-13,Train,0.005069664213806391,0.007044941529060766
2018-09-14,Train,0.006498489063233137,0.009783073749816351
2018-09-17,Train,0.012100554071366787,0.02663506081722278
2018-09-18,Train,0.006510852370411158,0.01591557493105422
2018-09-19,Train,0.014362110756337643,0.01778872498241313
2018-09-20,Train,-0.005960412323474884,-0.01266780165887293
2018-09-21,Train,-0.01617422141134739,-0.01937843714157395
2018-09-24,Train,-0.03188303858041763,-0.02632006283079624
2018-09-25,Train,-0.03549584373831749,-0.02449220441938083
2018-09-26,Train,-0.04606286808848381,-0.06805235933234288
2018-09-27,Train,-0.06399770826101303,-0.08733786561706214
2018-09-28,Train,-0.06171419098973274,-0.06173629569085182
2018-10-01,Train,-0.056596457958221436,-0.07498518339356552
2018-10-02,Train,-0.056186139583587646,-0.04592193151707602
2018-10-03,Train,-0.04280882701277733,-0.04657167950650642
2018-10-04,Train,-0.03963534161448479,-0.0504441932268983
2018-10-05,Train,-0.0338301956653595,-0.03957807308125905
2018-10-08,Train,-0.028135308995842934,-0.0287070611675031
2018-10-09,Train,-0.029617391526699066,-0.03540611500011215
2018-10-10,Train,-0.01601399853825569,-0.03720957053878104
2018-10-11,Train,0.0003290667955297977,0.008608439873445617
2018-10-12,Train,-0.034854430705308914,-0.04394219447147274
2018-10-15,Train,-0.035746313631534576,-0.05214569790505097
2018-10-16,Train,-0.050494253635406494,-0.06376257179732903
2018-10-17,Train,-0.0447215773165226,-0.04213427855377072
2018-10-18,Train,-0.01876179501414299,-0.006467231577289012
2018-10-19,Train,-0.017121555283665657,-0.0210380262383788
2018-10-22,Train,-0.024661991745233536,-0.0284629799551932
2018-10-23,Train,-0.015338439494371414,-0.01748715129326317
2018-10-24,Train,0.048804424703121185,0.06193302116831712
2018-10-25,Train,0.0074926940724253654,0.01987612068162714
2018-10-26,Train,0.019107233732938766,0.02916116946813974
2018-10-29,Train,0.02375187911093235,0.01899164482421534
2018-10-30,Train,0.011081837117671967,0.003314868959905404
2018-10-31,Train,-0.024147624149918556,-0.02720533610127618
2018-11-01,Train,-0.03437752276659012,-0.02307335392906285
2018-11-02,Train,-0.03155609220266342,-0.01109933184919443
2018-11-05,Train,-0.04256467893719673,-0.04083812074509774
2018-11-06,Train,-0.04979301989078522,-0.06508459512179465
2018-11-07,Train,-0.08205367624759674,-0.0866272158289556
2018-11-08,Train,-0.07127892225980759,-0.08741258404862728
2018-11-09,Train,-0.043298088014125824,-0.05031485930412916
2018-11-12,Train,-0.005331739783287048,-0.017375093836552
2018-11-13,Train,0.001785198925063014,0.01339578128904173
2018-11-14,Train,0.030314769595861435,0.01785712471390921
2018-11-15,Train,0.006949961185455322,0.007614961075517179
2018-11-16,Train,0.008771325461566448,0.02883583182719218
2018-11-19,Train,0.02093658782541752,0.02258425100115202
2018-11-20,Train,0.040978364646434784,0.04856745130484885
2018-11-21,Train,0.025245364755392075,0.006297997109041109
2018-11-23,Train,0.0325189046561718,0.02424471105819848
2018-11-26,Train,0.0002889152383431792,0.004420168355337761
2018-11-27,Train,-0.0034638489596545696,0.009850713327838712
2018-11-28,Train,-0.03464159369468689,-0.02133960231090615
2018-11-29,Train,-0.038170672953128815,-0.04204574678594442
2018-11-30,Train,-0.060924921184778214,-0.07049656247049507
2018-12-03,Train,-0.07172519713640213,-0.08071724896600518
2018-12-04,Train,-0.0787128433585167,-0.06752354790598625
2018-12-06,Train,-0.08297335356473923,-0.08748280997609736
2018-12-07,Train,-0.08308636397123337,-0.08557440290463492
2018-12-10,Train,-0.1008516475558281,-0.1200098512616689
2018-12-11,Train,-0.08061134070158005,-0.06814983103043226
2018-12-12,Train,-0.0718613862991333,-0.07270523949179775
2018-12-13,Train,-0.0728164091706276,-0.07347065072309655
2018-12-14,Train,-0.06004452705383301,-0.04233925531843341
2018-12-17,Train,-0.020841794088482857,-0.01619759837136192
2018-12-18,Train,-0.04849035665392876,-0.05428601782683518
2018-12-19,Train,0.02247283048927784,0.01100108044827053
2018-12-20,Train,0.050113044679164886,0.03808525384107386
2018-12-21,Train,0.07435053586959839,0.08097849396989898
2018-12-24,Train,0.10998766124248505,0.1206969151513502
2018-12-26,Train,0.06032952293753624,0.05785118507821396
2018-12-27,Train,0.04915255308151245,0.04991832236073046
2018-12-28,Train,0.053488634526729584,0.04118456561079742
2018-12-31,Train,0.05313160642981529,0.05263847183410042
2019-01-02,Train,0.051100123673677444,0.04823089479081033
2019-01-03,Train,0.07837075740098953,0.0921772586001024
2019-01-04,Train,0.045261405408382416,0.05773541905609214
2019-01-07,Train,0.025107968598604202,0.02435325569422431
2019-01-08,Train,0.013573678210377693,0.01648689539608705
2019-01-09,Train,0.023701835423707962,0.01479908914085115
2019-01-10,Train,0.019803645089268684,0.02399550562052877
2019-01-11,Train,0.014193695969879627,0.01506004189543608
2019-01-14,Train,0.030926281586289406,0.0144409053183876
2019-01-15,Train,0.019794857129454613,0.02032262405306806
2019-01-16,Train,0.0372292585670948,0.03578686381378549
2019-01-17,Train,0.032638054341077805,0.02334530313169325
2019-01-18,Train,0.02675497904419899,0.02590014389892215
2019-01-22,Train,0.04205705597996712,0.05613187724373159
2019-01-23,Train,0.04056224599480629,0.05161893734834133
2019-01-24,Train,0.038501422852277756,0.03082107152791247
2019-01-25,Train,0.030880115926265717,0.02064791878979277
2019-01-28,Train,0.0356602817773819,0.03243205975315955
2019-01-29,Train,0.0417240671813488,0.05768392426155855
2019-01-30,Train,0.02678355574607849,0.0321704615323406
2019-01-31,Train,0.01904889941215515,0.01819694036604758
2019-02-01,Train,0.02592790126800537,0.02681400761417696
2019-02-04,Train,0.01596253365278244,0.01622131787767001
2019-02-05,Train,0.01324378326535225,0.007133258664624442
2019-02-06,Train,0.010641989298164845,0.006450802352602425
2019-02-07,Train,0.024356268346309662,0.02770019485500441
2019-02-08,Train,0.028235333040356636,0.02942576403480923
2019-02-11,Train,0.02568363957107067,0.03147270334828955
2019-02-12,Train,0.01986684277653694,0.01579961939192187
2019-02-13,Train,0.017325110733509064,0.01274783933452017
2019-02-14,Train,0.012253036722540855,0.01851418144109918
2019-02-15,Train,0.01690591312944889,0.01442361109878543
2019-02-19,Train,0.009067920967936516,0.01317624964328545
2019-02-20,Train,0.01164277084171772,0.007605210790094352
2019-02-21,Train,0.003168349154293537,-0.001107111332082855
2019-02-22,Train,0.005227475892752409,-0.009948529277432061
2019-02-25,Train,0.010292716324329376,0.006973210150330589
2019-02-26,Train,0.01572836935520172,0.01145656608017687
2019-02-27,Train,0.016548942774534225,0.01970158558151214
2019-02-28,Train,0.023110542446374893,0.02032452348773317
2019-03-01,Train,0.022232631221413612,0.02270776264537466
2019-03-04,Train,0.026953773573040962,0.02310514173606038
2019-03-05,Train,0.03008604794740677,0.02578057818002821
2019-03-06,Train,0.03282260522246361,0.03572249962811314
2019-03-07,Train,0.03803190961480141,0.06498288003491992
2019-03-08,Train,0.03612016886472702,0.04317345018812513
2019-03-11,Train,0.02395499125123024,0.01997370559435097
2019-03-12,Train,0.02142268419265747,0.01912459766441255
2019-03-13,Train,0.014577639289200306,0.005027961229692401
2019-03-14,Train,0.016794759780168533,0.00905433073361439
2019-03-15,Train,0.011540500447154045,0.007345093993624152
2019-03-18,Train,0.014536402188241482,0.02011765984468949
2019-03-19,Train,0.016874657943844795,0.02055287692297592
2019-03-20,Train,0.01788581907749176,0.02236317531878917
2019-03-21,Train,0.011412984691560268,0.006244176720790584
2019-03-22,Train,0.030613310635089874,0.03416222102889499
2019-03-25,Train,0.035528119653463364,0.03877232417674725
2019-03-26,Train,0.033714551478624344,0.03032668295577534
2019-03-27,Train,0.035996828228235245,0.04255203813342212
2019-03-28,Train,0.033835168927907944,0.03768718138473925
2019-03-29,Train,0.027637839317321777,0.03434263633072931
2019-04-01,Train,0.023897454142570496,0.02098444004123001
2019-04-02,Train,0.022491933777928352,0.02063155672636374
2019-04-03,Train,0.021463191136717796,0.01833711578828856
2019-04-04,Train,0.023069677874445915,0.02003153089811227
2019-04-05,Train,0.02431810274720192,0.01765403683626632
2019-04-08,Train,0.026114972308278084,0.02798029784021328
2019-04-09,Train,0.02292989008128643,0.02835001684438665
2019-04-10,Train,0.021871043369174004,0.02701242504912815
2019-04-11,Train,0.02558601088821888,0.03037342676465671
2019-04-12,Train,0.024936210364103317,0.02792876494789409
2019-04-15,Train,0.0224527046084404,0.01979980987676955
2019-04-16,Train,0.016639862209558487,0.01302945134467159
2019-04-17,Train,0.005067847203463316,0.005129611248601895
2019-04-18,Train,0.008326123468577862,0.01985165287805968
2019-04-22,Train,-0.008234652690589428,0.0107492778423981
2019-04-23,Train,-0.02615111693739891,-0.02138611800557977
2019-04-24,Train,-0.027855727821588516,-0.02076855359216145
2019-04-25,Train,-0.03290208801627159,-0.02997685627442814
2019-04-26,Train,-0.03587177395820618,-0.02963542657941076
2019-04-29,Train,-0.03941813483834267,-0.06512408210222043
2019-04-30,Train,-0.04066178575158119,-0.04748338249866579
2019-05-01,Train,-0.032980453222990036,-0.03091090120303197
2019-05-02,Train,-0.027364714071154594,-0.01690504451784747
2019-05-03,Train,-0.037861764430999756,-0.04222702788156252
2019-05-06,Train,-0.039692193269729614,-0.05259558473600545
2019-05-07,Train,-0.020869238302111626,-0.02367914267630988
2019-05-08,Train,-0.026626242324709892,-0.02556925171317415
2019-05-09,Train,-0.031211933121085167,-0.03528713601611744
2019-05-10,Train,-0.03869617357850075,-0.03697295317778715
2019-05-13,Train,-0.013468118384480476,-0.006103686452651136
2019-05-14,Train,-0.02224903739988804,-0.02498058421708349
2019-05-15,Train,-0.040824227035045624,-0.03451850014659574
2019-05-16,Train,-0.04983961209654808,-0.05937379636838658
2019-05-17,Train,-0.05611472204327583,-0.07058565692115404
2019-05-20,Train,-0.03480926528573036,-0.02800774310422705
2019-05-21,Train,-0.023734213784337044,-0.03090796381561534
2019-05-22,Train,-0.01763625256717205,-0.01883771727779227
2019-05-23,Train,0.02677437663078308,0.01565213624758943
2019-05-24,Train,0.025587843731045723,0.02800847626742753
2019-05-28,Train,0.03348005563020706,0.03329758420424378
2019-05-29,Train,0.034421179443597794,0.03584614896524041
2019-05-30,Train,0.043502140790224075,0.03761947013495881
2019-05-31,Train,0.04696205258369446,0.04995689907365675
2019-06-03,Train,0.07441090047359467,0.08006119660769095
2019-06-04,Train,0.05744035542011261,0.06574809764577938
2019-06-05,Train,0.05456733703613281,0.06185797333396614
2019-06-06,Train,0.05331171676516533,0.0632847556699403
2019-06-07,Train,0.03752022981643677,0.0415930972013725
2019-06-10,Train,0.026179878041148186,0.02735468158659415
2019-06-11,Train,0.02260204218327999,0.008342414559514344
2019-06-12,Train,0.028478313237428665,0.01892068124126234
2019-06-13,Train,0.02130448818206787,0.0167920720848429
2019-06-14,Train,0.025871489197015762,0.02244856612580559
2019-06-17,Train,0.022540977224707603,0.03004239059891201
2019-06-18,Train,0.01837936043739319,0.0193122191620787
2019-06-19,Train,0.008926021866500378,0.02314147729640448
2019-06-20,Train,-0.0016567445127293468,0.01164944070500207
2019-06-21,Train,0.0012904247269034386,0.006045496873150036
2019-06-24,Train,0.009992716833949089,0.01328656436725728
2019-06-25,Train,0.030309217050671577,0.04125888273942357
2019-06-26,Train,0.032426752150058746,0.03568547888691564
2019-06-27,Train,0.03261665999889374,0.03769436342786525
2019-06-28,Train,0.03310660645365715,0.03968077640220247
2019-07-01,Train,0.02511599101126194,0.0205537329734411
2019-07-02,Train,0.014651699922978878,0.01152572235523874
2019-07-03,Train,0.012981274165213108,0.005119074984545113
2019-07-05,Train,0.00917892623692751,-0.0002094139978162657
2019-07-08,Train,0.017419463023543358,0.01486475128158626
2019-07-09,Train,0.012983950786292553,0.01641660318841942
2019-07-10,Train,0.007012545596808195,0.01345033428920006
2019-07-11,Train,0.007655212190002203,0.004573354595086565
2019-07-12,Train,0.0032355368603020906,0.009094168955392945
2019-07-15,Train,-0.0008136623655445874,0.002420815016629385
2019-07-16,Train,-0.00041224141023121774,0.003261739076989789
2019-07-17,Train,-0.013139437884092331,-0.005723157451572591
2019-07-18,Train,-0.01683063432574272,-0.01179713280356576
2019-07-19,Train,-0.01687142252922058,-0.0191612402941006
2019-07-22,Train,-0.039875492453575134,-0.0612891659823076
2019-07-23,Train,-0.044354263693094254,-0.05433716468398464
2019-07-24,Train,-0.046307168900966644,-0.05585444139068829
2019-07-25,Train,-0.03926675394177437,-0.02607350473539505
2019-07-26,Train,-0.0444311648607254,-0.04506113009116286
2019-07-29,Train,-0.04686053469777107,-0.05276944441134102
2019-07-30,Train,-0.03523994982242584,-0.02781504501807386
2019-07-31,Train,-0.030916057527065277,-0.04364213150344975
2019-08-01,Train,-0.026314467191696167,-0.03996839909899719
2019-08-02,Train,-0.010847201570868492,-0.009981373445717034
2019-08-05,Train,0.0408448688685894,0.04260497499181248
2019-08-06,Train,0.024066969752311707,0.02024449866350286
2019-08-07,Train,0.01705414056777954,0.02377207534769332
2019-08-08,Train,-0.006940289866179228,-0.00127478084233279
2019-08-09,Train,-0.011033043265342712,-0.02370099221809141
2019-08-12,Train,-0.0014783620135858655,0.002549504774299827
2019-08-13,Train,-0.013680667616426945,-0.02102025970962862
2019-08-14,Train,0.013986332342028618,0.01274897078729964
2019-08-15,Train,0.019566796720027924,0.02941657095269923
2019-08-16,Train,0.00498234573751688,0.01072894942313507
2019-08-19,Train,-0.004712534602731466,-0.01475348345462302
2019-08-20,Train,0.010837183333933353,0.007273897424572295
2019-08-21,Train,0.012319782748818398,0.01669932574322597
2019-08-22,Train,0.02005741186439991,0.01898729914002328
2019-08-23,Train,0.04138761758804321,0.0500905956517439
2019-08-26,Train,0.033777881413698196,0.03149005429493368
2019-08-27,Train,0.03983497992157936,0.04337689268395506
2019-08-28,Train,0.03837818652391434,0.04397860257551933
2019-08-29,Train,0.0210485327988863,0.02458490401343028
2019-08-30,Train,0.021765952929854393,0.02245688071512753
2019-09-03,Train,0.03427723050117493,0.03743610253446317
2019-09-04,Train,0.016837872564792633,0.02224819413087986
2019-09-05,Train,0.0003957476874347776,0.005527153849936184
2019-09-06,Train,-0.0020233679097145796,-0.004123353521754747
2019-09-09,Train,0.002413154114037752,-0.003608988088264264
2019-09-10,Train,-0.004613214172422886,-0.01400544574849749
2019-09-11,Train,-0.013264584355056286,-0.01221218590745354
2019-09-12,Train,-0.027591891586780548,-0.01992439543472946
2019-09-13,Train,-0.02726142108440399,-0.02861740261228507
2019-09-16,Train,-0.024438373744487762,-0.01497284655077158
2019-09-17,Train,-0.023857271298766136,-0.02767394424790415
2019-09-18,Train,-0.02934306114912033,-0.04399543441062925
2019-09-19,Train,-0.020873598754405975,-0.03510676800579082
2019-09-20,Train,-0.018938682973384857,-0.0104297980153818
2019-09-23,Train,-0.01568523421883583,-0.01186348822486061
2019-09-24,Train,-0.012074488215148449,-0.01356601072084773
2019-09-25,Train,-0.002413230249658227,-0.01499371883449763
2019-09-26,Train,0.0037692359182983637,-0.00369633640818845
2019-09-27,Train,0.015000712126493454,0.02181469206910092
2019-09-30,Train,0.014531939290463924,0.01207562527820771
2019-10-01,Train,0.022001218050718307,0.0333742716794454
2019-10-02,Train,0.04056447744369507,0.04884536857001232
2019-10-03,Train,0.03665636479854584,0.04019990021554354
2019-10-04,Train,0.025929203256964684,0.01525345543166345
2019-10-07,Train,0.03354114294052124,0.02735865781023583
2019-10-08,Train,0.03847493603825569,0.03467807139503698
2019-10-09,Train,0.0345202274620533,0.0266517417456209
2019-10-10,Train,0.027857225388288498,0.02867290583059146
2019-10-11,Train,0.029142918065190315,0.0237036197207332
2019-10-14,Train,0.02965601719915867,0.03391078083894028
2019-10-15,Train,0.016746779903769493,0.01302185282160262
2019-10-16,Train,0.02012167125940323,0.02046214434527238
2019-10-17,Train,0.019775746390223503,0.0182381747540088
2019-10-18,Train,0.03205318748950958,0.03745627098093429
2019-10-21,Train,0.031128857284784317,0.03469676164767788
2019-10-22,Train,0.03336459398269653,0.04357571198533505
2019-10-23,Train,0.03284689038991928,0.03922585182733163
2019-10-24,Train,0.030923325568437576,0.03266524013351702
2019-10-25,Train,0.027890890836715698,0.02857287035028677
2019-10-28,Train,0.020171092823147774,0.01715847175166285
2019-10-29,Train,0.02844897098839283,0.02805549983860889
2019-10-30,Train,0.02846783958375454,0.0233513920323547
2019-10-31,Train,0.02598891593515873,0.02207220826218359
2019-11-01,Train,0.021539365872740746,0.02031482196467715
2019-11-04,Train,0.010438640601933002,0.0148425843583766
2019-11-05,Train,0.013234901241958141,0.0157833689493676
2019-11-06,Train,0.013148996978998184,0.01196435450225564
2019-11-07,Train,0.010126350447535515,0.006336398337924098
2019-11-08,Train,0.010627450421452522,0.00298169316828889
2019-11-11,Train,0.016891635954380035,0.01622210588138362
2019-11-12,Train,0.01581737957894802,0.01523274499597793
2019-11-13,Train,0.015325360000133514,0.0220744929266401
2019-11-14,Train,0.009625183418393135,0.01821979626262293
2019-11-15,Train,0.0050744665786623955,0.0004435283439276905
2019-11-18,Train,-0.0012931696837767959,-0.008174538839992418
2019-11-19,Train,0.0025949347764253616,-0.00462212943883189
2019-11-20,Train,0.00633789598941803,0.003363878086083627
2019-11-21,Train,0.007291741669178009,0.01636094745506922
2019-11-22,Train,0.017410283908247948,0.01109847630601069
2019-11-25,Train,0.00488637201488018,-0.001566973471285538
2019-11-26,Train,0.013838246464729309,0.001808294394622934
2019-11-27,Train,0.005630532279610634,0.002281116462911292
2019-11-29,Train,0.013886064291000366,0.01019013298729887
2019-12-02,Train,0.023471318185329437,0.03088672055399466
2019-12-03,Train,0.03388981521129608,0.03962065231340994
2019-12-04,Train,0.03411129489541054,0.03517270480457024
2019-12-05,Train,0.027834957465529442,0.03958979789383132
2019-12-06,Train,0.03320193290710449,0.03273174006764479
2019-12-09,Train,0.036659326404333115,0.03792811268967111
2019-12-10,Train,0.03619701415300369,0.03933302850677145
2019-12-11,Train,0.03586670383810997,0.04297979189298085
2019-12-12,Train,0.03184577822685242,0.03438093212132931
2019-12-13,Train,0.022545667365193367,0.02422898891504488
2019-12-16,Train,0.020207693800330162,0.0159602249233104
2019-12-17,Train,0.02980399876832962,0.03233203253352523
2019-12-18,Train,0.029529493302106857,0.02209491556475829
2019-12-19,Train,0.015930797904729843,0.02228965633423918
2019-12-20,Train,0.020367469638586044,0.01804351208864929
2019-12-23,Train,0.026104208081960678,0.02521125725622753
2019-12-24,Train,0.031357135623693466,0.03336168075361368
2019-12-26,Train,0.025252053514122963,0.02170353868451813
2019-12-27,Train,0.02934902161359787,0.03436166994484302
2019-12-30,Train,0.03311893716454506,0.03708588128833612
2019-12-31,Train,0.034355733543634415,0.03555805247585164
2020-01-02,Train,0.028993509709835052,0.0283123381453767
2020-01-03,Train,0.03726799413561821,0.04295458269511632
2020-01-06,Train,0.02646053396165371,0.03581370063155931
2020-01-07,Train,0.03066042996942997,0.03869529246567116
2020-01-08,Train,0.028337711468338966,0.03426204306021252
2020-01-09,Train,0.01947687566280365,0.01694137340525304
2020-01-10,Train,0.005717483349144459,-0.001510720062859794
2020-01-13,Train,0.007986513897776604,0.002262955451034054
2020-01-14,Train,0.008588491007685661,0.007860758420327185
2020-01-15,Train,0.004214713349938393,0.01103696214188843
2020-01-16,Train,0.0003052078536711633,-0.01444120691338202
2020-01-17,Train,0.002919964026659727,-0.00447667641750038
2020-01-21,Train,0.016212891787290573,0.01876568642204224
2020-01-22,Train,0.02007196843624115,0.01943094741766793
2020-01-23,Train,0.013101790100336075,0.02493435235241082
2020-01-24,Train,0.02016722969710827,0.02918724781801707
2020-01-27,Train,0.05309082940220833,0.06359465717118984
2020-01-28,Train,0.05893396586179733,0.04768569746723395
2020-01-29,Train,0.053901590406894684,0.05617423403368349
2020-01-30,Train,0.04432035982608795,0.05107814378001452
2020-01-31,Train,0.05436842143535614,0.07107313436287255
2020-02-03,Train,0.04493425041437149,0.0555355273565834
2020-02-04,Train,0.020234983414411545,0.04180768653361389
2020-02-05,Train,0.02140050008893013,0.0287441833472335
2020-02-06,Train,-0.008631411008536816,0.0003475469403804166
2020-02-07,Train,-0.024796433746814728,-0.0340750334318608
2020-02-10,Train,-0.06370000541210175,-0.07156100364771689
2020-02-11,Train,-0.07685703784227371,-0.0669367662902095
2020-02-12,Train,-0.09500537812709808,-0.1222094350991483
2020-02-13,Train,-0.1062062606215477,-0.1204000428344344
2020-02-14,Train,-0.08580417931079865,-0.07765087482141775
2020-02-18,Train,-0.10059219598770142,-0.1075704019920348
2020-02-19,Train,-0.09724125266075134,-0.07916277679574568
2020-02-20,Train,-0.10309295356273651,-0.09877333061580695
2020-02-21,Train,-0.08469808846712112,-0.09662569847210001
2020-02-24,Train,-0.1055464819073677,-0.1256605634496897
2020-02-25,Train,-0.07098676264286041,-0.05228209482341828
2020-02-26,Train,-0.100583516061306,-0.09820766318562613
2020-02-27,Train,-0.1049140989780426,-0.1377163594120068
2020-02-28,Train,-0.0911862924695015,-0.06540333583222568
2020-03-02,Train,-0.19159626960754395,-0.2177247736616462
2020-03-03,Train,-0.15558971464633942,-0.1305136380346813
2020-03-04,Train,-0.19392436742782593,-0.1907249330234121
2020-03-05,Train,-0.17640537023544312,-0.1603572629284328
2020-03-06,Train,-0.15593893826007843,-0.1794058578872908
2020-03-09,Train,-0.10262773931026459,-0.1193883336050281
2020-03-10,Train,-0.10114160925149918,-0.1001910581896547
2020-03-11,Train,-0.06780069321393967,-0.06618173388052995
2020-03-12,Train,0.08186548948287964,0.08222414826324154
2020-03-13,Train,-0.035918399691581726,-0.03660181667969564
2020-03-16,Train,0.10811416059732437,0.1343177189868272
2020-03-17,Train,0.047002021223306656,0.04534970096911817
2020-03-18,Train,0.05451774224638939,0.03233290632918306
2020-03-19,Train,0.05823834240436554,0.04699983492405724
2020-03-20,Train,0.10635613650083542,0.07422377501733046
2020-03-23,Train,0.11451248079538345,0.1526457115383599
2020-03-24,Train,0.07761058956384659,0.06936725460276882
2020-03-25,Train,0.09914270043373108,0.1002194402995913
2020-03-26,Train,0.05756630003452301,0.04669102135928394
2020-03-27,Train,0.10254698246717453,0.09568265210760263
2020-03-30,Train,0.09328421205282211,0.1032077068170256
2020-03-31,Train,0.0995168387889862,0.09994747578428487
2020-04-01,Train,0.15572351217269897,0.1697109475933281
2020-04-02,Train,0.1483118236064911,0.1574108899735536
2020-04-03,Train,0.1568494439125061,0.1601680272566233
2020-04-06,Train,0.0641569122672081,0.04280335833156079
2020-04-07,Train,0.06373529136180878,0.07418537564669214
2020-04-08,Train,0.05568304657936096,0.04960859841899556
2020-04-09,Train,0.05584775283932686,0.06462210339588204
2020-04-13,Train,0.05741108953952789,0.06171501184373041
2020-04-14,Train,0.01324479840695858,-0.001699238220119081
2020-04-15,Train,0.03127559274435043,0.04569549567350695
2020-04-16,Train,0.025689952075481415,0.02654163499230666
2020-04-17,Train,0.00866992212831974,-0.01184443249798273
2020-04-20,Train,0.01790558360517025,0.01165740182148656
2020-04-21,Train,0.052632223814725876,0.06232614725219299
2020-04-22,Train,0.04138975962996483,0.03806227773064474
2020-04-23,Train,0.0461982898414135,0.05367662370523729
2020-04-24,Train,0.04419149458408356,0.0515338779516632
2020-04-27,Train,0.052204012870788574,0.05246797961908234
2020-04-28,Train,0.047733500599861145,0.05021274287086297
2020-04-29,Train,0.01897498220205307,0.001552494693564554
2020-04-30,Train,0.020229939371347427,0.01333880645058305
2020-05-01,Train,0.05138322710990906,0.04949703162264529
2020-05-04,Train,0.04800641909241676,0.05673260563992399
2020-05-05,Train,0.048064224421978,0.04226774232037633
2020-05-06,Train,0.042282283306121826,0.05657533967876005
2020-05-07,Train,0.032391082495450974,0.03178247029207015
2020-05-08,Train,0.018000110983848572,0.02134662918584396
2020-05-11,Train,0.010621454566717148,0.009564941224706303
2020-05-12,Train,0.041323281824588776,0.03678191224808436
2020-05-13,Train,0.04801235720515251,0.04855479772538707
2020-05-14,Train,0.04464459419250488,0.05197673301232753
2020-05-15,Train,0.05048435181379318,0.04832710655106887
2020-05-18,Train,0.03646837919950485,0.0360551047403892
2020-05-19,Train,0.044100429862737656,0.04333069648509102
2020-05-20,Train,0.027284367009997368,0.01573101430161161
2020-05-21,Train,0.04638935625553131,0.04727577906697045
2020-05-22,Train,0.04496949166059494,0.05177218148590534
2020-05-26,Train,0.05362294614315033,0.06225991173432499
2020-05-27,Train,0.0526113398373127,0.06917368708581906
2020-05-28,Train,0.024566074833273888,0.01752249525215421
2020-05-29,Train,0.025153450667858124,0.01079878413554125
2020-06-01,Train,0.023428557440638542,0.02003760783699127
2020-06-02,Train,0.019695162773132324,0.03064126414755153
2020-06-03,Train,0.019513893872499466,0.02927877225189013
2020-06-04,Train,0.03113880194723606,0.03935667807532162
2020-06-05,Train,0.015543866902589798,0.01898286539034966
2020-06-08,Train,0.020793145522475243,0.02148624456980097
2020-06-09,Train,0.027443235740065575,0.02277021461834616
2020-06-10,Train,0.007229443173855543,-0.01019411296560779
2020-06-11,Train,0.041782885789871216,0.05132037555581426
2020-06-12,Train,0.03582895174622536,0.01839917012061609
2020-06-15,Train,0.029654119163751602,0.01713087471367802
2020-06-16,Train,0.017808912321925163,0.01955939831426345
2020-06-17,Train,0.035968564450740814,0.02819969835674585
2020-06-18,Train,0.035534199327230453,0.03238088955967267
2020-06-19,Train,0.04586391896009445,0.05793485439333357
2020-06-22,Train,0.04142932966351509,0.04000153861823552
2020-06-23,Train,0.04066769406199455,0.04480788482790454
2020-06-24,Train,0.0702163353562355,0.07578673609245401
2020-06-25,Train,0.060050901025533676,0.07291794712196653
2020-06-26,Train,0.06916867941617966,0.07626345529566114
2020-06-29,Train,0.06381212919950485,0.07218744458760984
2020-06-30,Train,0.058450378477573395,0.05371561981064055
2020-07-01,Train,0.030806977301836014,0.03445243097437256
2020-07-02,Train,0.036201976239681244,0.02866890406572686
2020-07-06,Train,0.022243935614824295,0.03247023358187695
2020-07-07,Train,0.02404051087796688,0.02879862464554139
2020-07-08,Train,0.01275858748704195,0.01900074090142057
2020-07-09,Train,-0.0003974699357058853,-0.01590503862479298
2020-07-10,Train,-0.015378215350210667,-0.03185969475022976
2020-07-13,Train,0.006071824114769697,0.006111187901469695
2020-07-14,Train,-0.001452030730433762,-0.01367284105448274
2020-07-15,Train,-0.0023215601686388254,-0.004331180181095906
2020-07-16,Train,0.013257574290037155,0.007757061606596505
2020-07-17,Train,0.01301885861903429,0.02455475594585144
2020-07-20,Train,0.012861032970249653,0.009745880933399897
2020-07-21,Train,0.026293234899640083,0.02416668516216847
2020-07-22,Train,0.03139412775635719,0.02310042383414501
2020-07-23,Train,0.04765376076102257,0.06445488257575405
2020-07-24,Train,0.055001821368932724,0.06225545396032328
2020-07-27,Train,0.04135393351316452,0.03917423740076398
2020-07-28,Train,0.04360031709074974,0.03263114739487705
2020-07-29,Train,0.04653864726424217,0.04654115890675237
2020-07-30,Train,0.044575341045856476,0.04346496339480099
2020-07-31,Train,0.039036206901073456,0.02396627003422847
2020-08-03,Train,0.02207685448229313,0.02205064345436591
2020-08-04,Train,0.02492070570588112,0.02807158887795813
2020-08-05,Train,0.013714294880628586,0.01863131724028766
2020-08-06,Train,0.01470711175352335,0.0192614977614074
2020-08-07,Train,0.03415540233254433,0.03830991951125107
2020-08-10,Train,0.039742566645145416,0.04927678385750944
2020-08-11,Train,0.07119201123714447,0.07794405037845764
2020-08-12,Train,0.06663189828395844,0.07393514009618896
2020-08-13,Train,0.07596070319414139,0.06815170308978136
2020-08-14,Train,0.07949575036764145,0.07484566006428017
2020-08-17,Train,0.07499371469020844,0.07104459188670509
2020-08-18,Train,0.06316782534122467,0.07896539954181359
2020-08-19,Train,0.07445049285888672,0.09655922880390655
2020-08-20,Train,0.03907439857721329,0.02672100590161341
2020-08-21,Train,0.0024363999255001545,0.00606659624898076
2020-08-24,Train,-0.029203373938798904,-0.04823182470216225
2020-08-25,Train,-0.027538811787962914,-0.02791569606685551
2020-08-26,Train,-0.06430228799581528,-0.06720097167904693
2020-08-27,Train,-0.06706741452217102,-0.07077813588705861
2020-08-28,Train,-0.06754669547080994,-0.05937850883557594
2020-08-31,Train,-0.06682556867599487,-0.05364896589209478
2020-09-01,Train,-0.08653993159532547,-0.08438926027945892
2020-09-02,Train,-0.09078775346279144,-0.1071475802452212
2020-09-03,Train,-0.07117979973554611,-0.07146587899935986
2020-09-04,Train,-0.04747084528207779,-0.05666823318840053
2020-09-08,Train,0.005914509762078524,0.009372100999782695
2020-09-09,Train,-0.03855806216597557,-0.04937383395573613
2020-09-10,Train,-0.010615519247949123,-0.02551950423334193
2020-09-11,Train,0.0013412355910986662,0.004104216311562991
2020-09-14,Train,-0.0021296567283570766,0.007413899250513722
2020-09-15,Train,-0.007805457804352045,-0.01114450433158021
2020-09-16,Train,0.016062941402196884,0.0117621760264579
2020-09-17,Train,0.0349571630358696,0.04413285125977584
2020-09-18,Train,0.037832729518413544,0.02787875211725921
2020-09-21,Train,0.04579667001962662,0.04728792730996312
2020-09-22,Train,0.021021537482738495,0.009835556986658167
2020-09-23,Train,0.05356248840689659,0.05966084777082248
2020-09-24,Train,0.05659826844930649,0.0603639478858824
2020-09-25,Train,0.049203891307115555,0.05210632649763247
2020-09-28,Train,0.03933259844779968,0.06251798632433836
2020-09-29,Train,0.056978777050971985,0.0672947127565573
2020-09-30,Train,0.04209950938820839,0.05118054062817401
2020-10-01,Train,0.025600319728255272,0.02781224483087907
2020-10-02,Train,0.04582058638334274,0.0517662948248836
2020-10-05,Train,0.029590653255581856,0.01299251885807884
2020-10-06,Train,0.037728533148765564,0.03361680432072833
2020-10-07,Train,0.01233566552400589,0.01525431840826297
2020-10-08,Train,0.010776553303003311,0.009843249982675939
2020-10-09,Train,-0.010648421943187714,-0.003395055299827088
2020-10-12,Train,-0.0511980839073658,-0.04773706453287108
2020-10-13,Train,-0.05754828825592995,-0.04026886389368955
2020-10-14,Train,-0.05486365407705307,-0.0699170823832509
2020-10-15,Train,-0.04717420041561127,-0.0472595352176105
2020-10-16,Train,-0.0441741906106472,-0.06630620857263503
2020-10-19,Train,-0.047039277851581573,-0.04869618534558307
2020-10-20,Train,-0.014727919362485409,-0.03431668942707189
2020-10-21,Train,-0.0028785374015569687,0.00957106582686329
2020-10-22,Train,0.014675525948405266,0.03592801124569234
2020-10-23,Train,0.022858252748847008,0.03466318555768488
2020-10-26,Train,0.03464699909090996,0.02895138546670384
2020-10-27,Train,0.02638390101492405,0.002688777173206036
2020-10-28,Train,0.06620005518198013,0.06670591275235638
2020-10-29,Train,0.050732649862766266,0.04345301426074788
2020-10-30,Train,0.06423033773899078,0.07999846834342272
2020-11-02,Train,0.07092942297458649,0.08600637186387483
2020-11-03,Train,0.06252948194742203,0.06415436194704038
2020-11-04,Train,0.016423208639025688,0.01115325937962663
2020-11-05,Train,-0.00812107976526022,-0.006827710403239595
2020-11-06,Train,-0.007092273328453302,-0.01435789918560393
2020-11-09,Train,0.017498444765806198,0.006237285884432842
2020-11-10,Train,0.03289031982421875,0.03898802931849499
2020-11-11,Train,0.02326803095638752,0.02250134177916974
2020-11-12,Train,0.029772887006402016,0.03678923749543794
2020-11-13,Train,0.020834296941757202,0.02986973725699915
2020-11-16,Train,0.029664145782589912,0.0349931064832365
2020-11-17,Train,0.03223586454987526,0.03962095844641111
2020-11-18,Train,0.04717202112078667,0.0488435908559397
2020-11-19,Train,0.043288301676511765,0.04494145944120209
2020-11-20,Train,0.048441629856824875,0.05809626983096039
2020-11-23,Train,0.04836120456457138,0.06164121696179925
2020-11-24,Train,0.04288941249251366,0.02322816011660245
2020-11-25,Train,0.029146678745746613,0.02106112548968664
2020-11-27,Train,0.023203805088996887,0.009497997542345482
2020-11-30,Train,0.021644646301865578,0.01475206428064202
2020-12-01,Train,0.010670267045497894,0.01262115994757318
2020-12-02,Train,0.018598204478621483,0.01688334632142419
2020-12-03,Train,0.012516247108578682,0.02208492588294431
2020-12-04,Train,0.01026285532861948,0.014859939474267
2020-12-07,Train,0.007326363120228052,0.005435356965775018
2020-12-08,Train,0.0034305881708860397,0.004768241525702654
2020-12-09,Train,0.02849101833999157,0.02286686370935187
2020-12-10,Train,0.025571856647729874,0.02327121777266661
2020-12-11,Train,0.032279834151268005,0.03587870251210679
2020-12-14,Train,0.029755812138319016,0.0293381879340342
2020-12-15,Train,0.016429763287305832,0.01848414370085494
2020-12-16,Train,0.010811577551066875,0.0154054601553415
2020-12-17,Train,0.005300151649862528,-0.005434091451467005
2020-12-18,Train,0.003348775440827012,0.005805288676842713
2020-12-21,Train,0.0019192168256267905,-0.004467191579788365
2020-12-22,Train,0.017284169793128967,0.01685175960787433
2020-12-23,Train,0.020633092150092125,0.03513947483230684
2020-12-24,Train,0.01757640391588211,0.0156997541913364
2020-12-28,Train,0.014734474942088127,0.003965782208645852
2020-12-29,Train,0.010499224998056889,0.00984156816826176
2020-12-30,Train,0.0096796415746212,0.0044093838943986
2020-12-31,Train,0.006354114972054958,-0.005992238609455192
2021-01-04,Train,0.025832638144493103,0.02295433758868604
2021-01-05,Train,0.027564479038119316,0.03819022709400532
2021-01-06,Train,0.03468462452292442,0.06119521455333388
2021-01-07,Train,0.025725334882736206,0.03314496817977264
2021-01-08,Train,0.028033146634697914,0.02846123125414013
2021-01-11,Train,0.031252868473529816,0.04506705141214895
2021-01-12,Train,0.02319992333650589,0.01755217575293355
2021-01-13,Train,0.01966976746916771,0.01670674166731767
2021-01-14,Train,0.01931745931506157,0.0006680179767801775
2021-01-15,Train,0.02553754672408104,0.03386143965942745
2021-01-19,Train,0.02357896789908409,0.03561830815471612
2021-01-20,Train,0.0197804793715477,0.008061327354927927
2021-01-21,Train,0.01693583093583584,0.01188872734699031
2021-01-22,Train,0.01781739667057991,0.01825324712288223
2021-01-25,Train,0.0116975586861372,0.01667124276892129
2021-01-26,Train,0.013169781304895878,0.01497310777128802
2021-01-27,Train,0.03600835055112839,0.04169930072201589
2021-01-28,Train,0.03069394640624523,0.04126720697683561
2021-01-29,Train,0.049186017364263535,0.06958931465645124
2021-02-01,Train,0.025672344490885735,0.04069224790888537
2021-02-02,Train,0.014102105051279068,0.01907348675445064
2021-02-03,Train,0.017830850556492805,0.01865922007102494
2021-02-04,Train,0.004344223532825708,0.002361914978084023
2021-02-05,Train,-0.018427031114697456,-0.02691931224191846
2021-02-08,Train,-0.029566651210188866,-0.03627308613526847
2021-02-09,Train,-0.04043685272336006,-0.02812510751747543
2021-02-10,Train,-0.05501047149300575,-0.05986480368966007
2021-02-11,Train,-0.05464984476566315,-0.06109143626082758
2021-02-12,Train,-0.052054136991500854,-0.0382226642964939
2021-02-16,Train,-0.054811179637908936,-0.05108188058635876
2021-02-17,Train,-0.07210022211074829,-0.07417719149810398
2021-02-18,Train,-0.0635404884815216,-0.08533099230915175
2021-02-19,Train,-0.06159689277410507,-0.06748836045960938
2021-02-22,Train,-0.036285869777202606,-0.06978042373662585
2021-02-23,Train,-0.033636175096035004,-0.03020412355612745
2021-02-24,Train,-0.03501902520656586,-0.04087865918118405
2021-02-25,Train,0.014334501698613167,0.01665448389313129
2021-02-26,Train,0.0076215630397200584,0.004201874148754392
2021-03-01,Train,-0.010982225649058819,-0.01471000284154222
2021-03-02,Train,-0.0007933802553452551,0.006846710796388988
2021-03-03,Train,0.02396721951663494,0.04120840368568168
2021-03-04,Train,0.04073219373822212,0.0261098397962658
2021-03-05,Train,0.02620110847055912,0.0144486914554931
2021-03-08,Train,0.052830155938863754,0.06224572500563164
2021-03-09,Train,0.01566345989704132,0.01748087500106443
2021-03-10,Train,0.015001601539552212,0.003184477029161803
2021-03-11,Train,-0.0068009039387106895,-0.02109804361833456
2021-03-12,Train,-0.0024282706435769796,0.001711813096903603
2021-03-15,Train,-0.009679545648396015,-0.009158432497359925
2021-03-16,Train,-0.008922100067138672,-0.01952704320372711
2021-03-17,Train,-0.00011834726319648325,-0.00860512291454918
2021-03-18,Train,0.03780811280012131,0.04015510330782801
2021-03-19,Train,0.050108589231967926,0.0571947764792653
2021-03-22,Train,0.030353670939803123,0.03832278501624287
2021-03-23,Train,0.059500694274902344,0.04539434411787191
2021-03-24,Train,0.07050863653421402,0.0744220085884082
2021-03-25,Train,0.0758061334490776,0.08280602541095994
2021-03-26,Train,0.0662197470664978,0.06541143489789358
2021-03-29,Train,0.07431165874004364,0.07815517759866242
2021-03-30,Train,0.07032722234725952,0.07059685010288708
2021-03-31,Train,0.061915475875139236,0.07044145058376716
2021-04-01,Train,0.05052558705210686,0.05373263717489807
2021-04-05,Train,0.02358986623585224,0.02365206880702408
2021-04-06,Train,0.01857714168727398,0.01689739500069654
2021-04-07,Train,0.014447254128754139,0.02312892328770455
2021-04-08,Train,0.007173968479037285,0.0003581999509831846
2021-04-09,Train,0.009091440588235855,0.006852446312923144
2021-04-12,Train,-0.00039868283784016967,0.01473250143242355
2021-04-13,Train,-0.005413940642029047,-0.001321233702193392
2021-04-14,Train,-0.0035441212821751833,0.007399453692653157
2021-04-15,Train,-0.008317377418279648,-0.004068921256587088
2021-04-16,Train,-0.010437753051519394,-0.0117540990510917
2021-04-19,Train,-0.008117062970995903,-0.00793792021555384
2021-04-20,Train,-0.012200893834233284,-0.01863793866239916
2021-04-21,Train,-0.028642524033784866,-0.03023964604683183
2021-04-22,Train,-0.025494026020169258,-0.01100836010449535
2021-04-23,Train,-0.03214992955327034,-0.01537917922984977
2021-04-26,Train,-0.038466088473796844,-0.04645375081334346
2021-04-27,Train,-0.04177777096629143,-0.04362780127641808
2021-04-28,Train,-0.039355549961328506,-0.06522119572732299
2021-04-29,Train,-0.04428619518876076,-0.0613720675089513
2021-04-30,Train,-0.028722163289785385,-0.03432047078640887
2021-05-03,Train,-0.029688028618693352,-0.03503970580252447
2021-05-04,Train,-0.007687158416956663,-0.0239898621079554
2021-05-05,Train,-0.013890302740037441,-0.01957269083457036
2021-05-06,Train,-0.014120116829872131,-0.008084290411786155
2021-05-07,Train,-0.017590055242180824,-0.02151406995446836
2021-05-10,Train,0.017946481704711914,0.0207207754102674
2021-05-11,Train,0.020134858787059784,0.02354678220650031
2021-05-12,Train,0.04294330254197121,0.05440370298035835
2021-05-13,Train,0.03495045378804207,0.04239997714096333
2021-05-14,Train,0.024263791739940643,0.02310112959633659
2021-05-17,Train,0.02750474214553833,0.0259239960764861
2021-05-18,Train,0.035485610365867615,0.03491403375762014
2021-05-19,Train,0.03254031389951706,0.02297034547329213
2021-05-20,Train,0.021377768367528915,0.02058820608734901
2021-05-21,Train,0.025535210967063904,0.02932630822146387
2021-05-24,Train,0.015864012762904167,0.01278157010369596
2021-05-25,Train,0.0176268070936203,0.01162265400186113
2021-05-26,Train,0.018750466406345367,0.01861551231498848
2021-05-27,Train,0.029093056917190552,0.02511411087759852
2021-05-28,Train,0.027285438030958176,0.03168333878926566
2021-06-01,Train,0.023114843294024467,0.02836368677863232
2021-06-02,Train,0.028798552230000496,0.02261075514235422
2021-06-03,Train,0.038915473967790604,0.04648483738754727
2021-06-04,Train,0.027652688324451447,0.02094755259667203
2021-06-07,Train,0.03116486966609955,0.0230540080431858
2021-06-08,Train,0.031148698180913925,0.03210000369734267
2021-06-09,Train,0.02953467145562172,0.03235955947924429
2021-06-10,Train,0.03074490651488304,0.02802999375301995
2021-06-11,Train,0.027604393661022186,0.0240886222481056
2021-06-14,Train,0.028053373098373413,0.02670454102541742
2021-06-15,Train,0.03448556363582611,0.03719388799605117
2021-06-16,Train,0.03979896381497383,0.03935363340032083
2021-06-17,Train,0.030229127034544945,0.02672731535358341
2021-06-18,Train,0.03835625201463699,0.04672681766764941
2021-06-21,Train,0.041076768189668655,0.04596938600076506
2021-06-22,Train,0.03298047557473183,0.03849585580130754
2021-06-23,Train,0.024697139859199524,0.03171909785774907
2021-06-24,Train,0.02681184560060501,0.03178140173094302
2021-06-25,Train,0.026983020827174187,0.03708585328664782
2021-06-28,Train,0.023213636130094528,0.02462475526016461
2021-06-29,Train,0.01763080433011055,0.02276125330888656
2021-06-30,Train,0.015404813922941685,0.01718250843252278
2021-07-01,Train,0.01503696758300066,0.008545558611014359
2021-07-02,Train,0.008354656398296356,-0.01106959920407868
2021-07-06,Train,0.0017118750838562846,-0.003886820530817237
2021-07-07,Train,0.007662878837436438,0.001689944122269749
2021-07-08,Train,0.01707606203854084,0.01443828456109242
2021-07-09,Train,0.01650382950901985,0.01991635203155218
2021-07-12,Train,0.009462805464863777,0.01674845919581358
2021-07-13,Train,0.0081606674939394,0.005545994077525318
2021-07-14,Train,0.009185316041111946,0.007601782555346714
2021-07-15,Train,0.01408908050507307,0.01653173791822748
2021-07-16,Train,0.014042018912732601,0.01949105453506483
2021-07-19,Train,0.02030157297849655,0.02799783545220569
2021-07-20,Train,0.017216501757502556,0.02235287723366941
2021-07-21,Train,0.012757248245179653,0.01598627840006039
2021-07-22,Train,0.013643808662891388,0.01571644739346612
2021-07-23,Train,0.005797129590064287,-0.0004074535825331349
2021-07-26,Train,-0.0012693864991888404,0.0006513630174878049
2021-07-27,Train,0.006468122825026512,0.006613077163090342
2021-07-28,Train,0.003217994002625346,0.001038747223465863
2021-07-29,Train,-0.0020272377878427505,0.002865061562683513
2021-07-30,Train,0.008378852158784866,0.01165756895690095
2021-08-02,Train,0.012263326905667782,0.01201317830359261
2021-08-03,Train,-0.0031852182000875473,-0.002944267003227252
2021-08-04,Train,-0.003838622709736228,-0.01396527721989127
2021-08-05,Train,-0.00720357708632946,-0.01544626765831114
2021-08-06,Train,0.0035880114883184433,-0.0008693840979574485
2021-08-09,Train,0.004629444796591997,0.01220405138155911
2021-08-10,Train,0.01939752697944641,0.02052665700160206
2021-08-11,Train,0.021459272131323814,0.02345647726256628
2021-08-12,Train,0.020466474816203117,0.01330507622419685
2021-08-13,Train,0.01603199541568756,0.01957594782637773
2021-08-16,Train,0.030980119481682777,0.03057075842440371
2021-08-17,Train,0.03892636299133301,0.03888114399568576
2021-08-18,Train,0.035773977637290955,0.05071642293298195
2021-08-19,Train,0.032491400837898254,0.04516980664737535
2021-08-20,Train,0.030635379254817963,0.03763629816551783
2021-08-23,Train,0.022962091490626335,0.02379223027046362
2021-08-24,Train,0.02296987734735012,0.01712210846412221
2021-08-25,Train,0.005221194587647915,0.01246001488749782
2021-08-26,Train,0.005803627427667379,0.01119698931262025
2021-08-27,Train,0.00397423654794693,0.0007711361045485976
2021-08-30,Train,-0.0065342700108885765,-0.01314889778465467
2021-08-31,Train,-0.007773174438625574,-0.00500072207663782
2021-09-01,Train,-0.01333655882626772,-0.005964551720432754
2021-09-02,Train,-0.020832249894738197,-0.01727131290650497
2021-09-03,Train,-0.029564330354332924,-0.04159130647735321
2021-09-07,Train,-0.029761452227830887,-0.04176805649398052
2021-09-08,Train,-0.023704281076788902,-0.02943954905986412
2021-09-09,Train,-0.02500067837536335,-0.01710277548553929
2021-09-10,Train,-0.026494795456528664,-0.008656655241314426
2021-09-13,Train,-0.027985675260424614,-0.01589025770499342
2021-09-14,Train,-0.039032187312841415,-0.04101160328288
2021-09-15,Train,-0.040373269468545914,-0.04964948980226092
2021-09-16,Train,-0.041079796850681305,-0.05379188029616833
2021-09-17,Train,-0.03195062652230263,-0.03651390842571067
2021-09-20,Train,-0.023504283279180527,-0.03576706768726834
2021-09-21,Train,-0.02107594721019268,-0.02395190266246805
2021-09-22,Train,-0.028185052797198296,-0.02678787158125429
2021-09-23,Train,-0.03131942078471184,-0.02683792554768283
2021-09-24,Train,-0.03189129754900932,-0.0325984607395059
2021-09-27,Train,-0.017661383375525475,-0.03229375255291667
2021-09-28,Train,-0.0016882172785699368,-0.007586018578350839
2021-09-29,Train,0.007749991025775671,0.002004011420478236
2021-09-30,Train,0.02210177853703499,0.02422062139540082
2021-10-01,Train,0.017395850270986557,0.02432120035470819
2021-10-04,Train,0.03934963420033455,0.05680335504695422
2021-10-05,Train,0.04261652007699013,0.05061837845075434
2021-10-06,Train,0.03755052015185356,0.04256678896493504
2021-10-07,Train,0.035375069826841354,0.03939716159703699
2021-10-08,Train,0.0408281534910202,0.03582900185567772
2021-10-11,Train,0.0577319972217083,0.05452154699820944
2021-10-12,Train,0.05635971203446388,0.06154443514369778
2021-10-13,Train,0.061874981969594955,0.05555555555555558
2021-10-14,Train,0.05539952218532562,0.04797751439769082
2021-10-15,Train,0.05379822850227356,0.04653868595580968
2021-10-18,Train,0.04794560745358467,0.0396618784955689
2021-10-19,Train,0.03251488879323006,0.03616796688980561
2021-10-20,Train,0.05170087888836861,0.04853587166308104
2021-10-21,Train,0.0483601950109005,0.05553055588069067
2021-10-22,Train,0.0511256568133831,0.06549050949018342
2021-10-25,Train,0.04887845739722252,0.05326384587867738
2021-10-26,Train,0.03343299776315689,0.0427305666165767
2021-10-27,Train,0.0364307276904583,0.02502634148848681
2021-10-28,Train,0.021453138440847397,0.01657903049541787
2021-10-29,Train,0.018629347905516624,0.02224761643407724
2021-11-01,Train,0.0205722413957119,0.01853236148856907
2021-11-02,Train,0.01566869579255581,0.02151401078881343
2021-11-03,Train,0.014639342203736305,0.01131800267034633
2021-11-04,Train,0.00693209795281291,0.008864443695635549
2021-11-05,Train,0.008902782574295998,0.01352228812926715
2021-11-08,Train,0.00878487154841423,0.003115083761192183
2021-11-09,Train,0.008090781047940254,0.005463937119524198
2021-11-10,Train,0.01848450116813183,0.02374778508404929
2021-11-11,Train,0.0006409439374692738,0.001561780575181304
2021-11-12,Train,0.0037453535478562117,0.01264248816835001
2021-11-15,Train,-0.008137259632349014,-0.002001921027517728
2021-11-16,Train,-0.01788129098713398,-0.02591721091675669
2021-11-17,Train,-0.025094352662563324,-0.01941503690844038
2021-11-18,Train,-0.03065662831068039,-0.0463472187111077
2021-11-19,Train,-0.03213529661297798,-0.04403569013435926
2021-11-22,Train,-0.01128511130809784,-0.00368144569407125
2021-11-23,Train,-0.0062817116267979145,0.005358695547856396
2021-11-24,Train,-0.009233782067894936,-0.01261410035137001
2021-11-26,Train,0.008159573189914227,0.01740796867610972
2021-11-29,Train,-0.016641534864902496,-0.01858938835196533
2021-11-30,Train,-0.006747403182089329,-0.0142704662349995
2021-12-01,Train,0.005805396940559149,0.02565094234611998
2021-12-02,Train,-0.001916217152029276,-0.007873630569579237
2021-12-03,Train,0.011110130697488785,0.004645939385095499
2021-12-06,Train,-0.0006651224102824926,-0.01426724389296818
2021-12-07,Train,-0.011659791693091393,-0.02166753489715056
2021-12-08,Train,-0.006132432259619236,-0.01416374302947365
2021-12-09,Train,0.012857395224273205,0.008102004806326502
2021-12-10,Train,0.007492529693990946,0.01374337601188524
2021-12-13,Train,0.022305438295006752,0.02383616823831747
2021-12-14,Train,0.02225642092525959,0.03438942598182559
2021-12-15,Train,0.0067304689437150955,0.00831134217857632
2021-12-16,Train,0.020176295191049576,0.02846140489570304
2021-12-17,Train,0.038841575384140015,0.04356859747504327
2021-12-20,Train,0.03642641007900238,0.04145104593789717
2021-12-21,Train,-0.014009176753461361,-0.01264094709327135
2021-12-22,Train,-0.023035118356347084,-0.02520630254008183
2021-12-23,Train,-0.02261076122522354,-0.04298102262177295
2021-12-27,Train,-0.06366083770990372,-0.0579211485040767
2021-12-28,Train,-0.053081490099430084,-0.03931669680354555
2021-12-29,Train,-0.04587765038013458,-0.03536292397243046
2021-12-30,Train,-0.053365558385849,-0.05667541425124756
2021-12-31,Train,-0.05867169424891472,-0.04484101059244139
2022-01-03,Train,-0.06779516488313675,-0.07749951566031643
2022-01-04,Train,-0.07240227609872818,-0.07564252059938437
2022-01-05,Train,-0.06706763058900833,-0.05873170476036571
2022-01-06,Train,-0.08316557109355927,-0.08418829096710023
2022-01-07,Train,-0.0768573135137558,-0.06992049329442351
2022-01-10,Train,-0.08159517496824265,-0.09207861237222859
2022-01-11,Train,-0.10143943130970001,-0.1069151397463328
2022-01-12,Train,-0.10265452414751053,-0.1194010565928328
2022-01-13,Train,-0.054890744388103485,-0.06847433039871875
2022-01-14,Train,-0.04434933513402939,-0.04463046113736979
2022-01-18,Train,-0.02397855371236801,-0.01357441356092337
2022-01-19,Train,-0.004462624434381723,0.005484553557606908
2022-01-20,Train,-0.015133526176214218,-0.02258656806414594
2022-01-21,Train,0.02531728893518448,0.01797039233514086
2022-01-24,Train,0.009210553951561451,0.005179782488178741
2022-01-25,Train,0.037883952260017395,0.04059578209930104
2022-01-26,Train,0.046567920595407486,0.06431205035572995
2022-01-27,Train,0.047158289700746536,0.05080617491107997
2022-01-28,Train,-0.003818189725279808,-0.01347353723378875
2022-01-31,Train,-0.0379696786403656,-0.04285910503174817
2022-02-01,Train,-0.03030271641910076,-0.02568938611592086
2022-02-02,Train,-0.03314400091767311,-0.03378648543895157
2022-02-03,Train,-0.036094482988119125,-0.02291041115996495
2022-02-04,Train,-0.046896420419216156,-0.04608809684064952
2022-02-07,Train,-0.04188883677124977,-0.04801063857212828
2022-02-08,Train,-0.0559682622551918,-0.08270211097480518
2022-02-09,Train,-0.06172286346554756,-0.07155133194957253
2022-02-10,Train,-0.04087761417031288,-0.03532071512096091
2022-02-11,Train,-0.006045820657163858,-0.0007491781462976022
2022-02-14,Train,-0.014407663606107235,-0.01726668441860191
2022-02-15,Train,-0.032246414572000504,-0.02501896369288314
2022-02-16,Train,-0.04469430819153786,-0.03870351210138856
2022-02-17,Train,-0.028613341972231865,-0.02359248552921778
2022-02-18,Train,-0.03945353999733925,-0.04875413293299735
2022-02-22,Train,-0.0335407480597496,-0.04356951329209025
2022-02-23,Train,0.023041950538754463,0.01690843476291248
2022-02-24,Train,-0.027208363637328148,-0.0270786263477425
2022-02-25,Train,-0.05662308260798454,-0.06180407726577597
2022-02-28,Train,-0.06148628890514374,-0.08255471560836902
2022-03-01,Train,-0.037703026086091995,-0.03906409183102255
2022-03-02,Train,-0.024057796224951744,-0.01987210953351315
2022-03-03,Train,0.002028374234214425,0.006369405170280062
2022-03-04,Train,0.02862384356558323,0.04206938320470943
2022-03-07,Train,0.08091282844543457,0.07763344935637462
2022-03-08,Train,0.0926491841673851,0.1039430484525885
2022-03-09,Train,0.07183524966239929,0.05027014785160766
2022-03-10,Train,0.08578243851661682,0.08567031673261893
2022-03-11,Train,0.10280383378267288,0.1077374009389893
2022-03-14,Train,0.13277484476566315,0.1469025623465645
2022-03-15,Train,0.12742361426353455,0.1311595591816435
2022-03-16,Train,0.07567242532968521,0.07866122601533809
2022-03-17,Train,0.05675864219665527,0.05254908249687018
2022-03-18,Train,0.02757257968187332,0.02947456871313037
2022-03-21,Train,0.03535759076476097,0.05490174233863443
2022-03-22,Train,0.0071464115753769875,0.01159797945859853
2022-03-23,Train,0.015101226978003979,0.004064529028044106
2022-03-24,Train,-0.03161058947443962,-0.01543163599932151
2022-03-25,Train,-0.025177504867315292,-0.02838461676300352
2022-03-28,Train,-0.05145920068025589,-0.06582441909680647
2022-03-29,Train,-0.06784185767173767,-0.08550874222261762
2022-03-30,Train,-0.06176590919494629,-0.05649838034617738
2022-03-31,Train,-0.057176630944013596,-0.06650304876945234
2022-04-01,Train,-0.05901901051402092,-0.06400443076262907
2022-04-04,Train,-0.06802327185869217,-0.06238824475743032
2022-04-05,Train,-0.06739933788776398,-0.05508173445650866
2022-04-06,Train,-0.06740080565214157,-0.0540961765862471
2022-04-07,Train,-0.07714656740427017,-0.08105058376825114
2022-04-08,Train,-0.05374225974082947,-0.05605043009114541
2022-04-11,Train,-0.06878159940242767,-0.0696705652246622
2022-04-12,Train,-0.0625624805688858,-0.06684342797303411
2022-04-13,Train,-0.05739659070968628,-0.05295220445992788
2022-04-14,Train,-0.06633956730365753,-0.07440236746364226
2022-04-18,Train,-0.06115325540304184,-0.05967105999408551
2022-04-19,Train,-0.07521206885576248,-0.07924681357220464
2022-04-20,Train,-0.05853140726685524,-0.03402592433490037
2022-04-21,Train,-0.06881119310855865,-0.06329491031813805
2022-04-22,Train,-0.05461028590798378,-0.04963120528398657
2022-04-25,Train,-0.08079158514738083,-0.09839794282736414
2022-04-26,Train,-0.05926604941487312,-0.05164912696674495
2022-04-27,Train,-0.06549781560897827,-0.07867158940351415
2022-04-28,Train,-0.1000538170337677,-0.1123746677593115
2022-04-29,Train,-0.05297548696398735,-0.03610533937300475
2022-05-02,Train,-0.05831814184784889,-0.06292391312992685
2022-05-03,Train,-0.058816246688365936,-0.03967754095062226
2022-05-04,Train,-0.10220882296562195,-0.1166868651179551
2022-05-05,Train,-0.06975075602531433,-0.07482432405026962
2022-05-06,Train,-0.039916783571243286,-0.06651578762883992
2022-05-09,Train,-0.01514506060630083,-0.01235060738865346
2022-05-10,Train,-0.03048115409910679,-0.04495284975481229
2022-05-11,Train,0.011133678257465363,-0.001987344365212085
2022-05-12,Train,0.023348137736320496,0.02809545886059528
2022-05-13,Train,0.008271765895187855,0.023713332464117
2022-05-16,Train,0.02335675247013569,0.03297143900748534
2022-05-17,Train,0.003127416828647256,-0.000555290917719109
2022-05-18,Train,0.067193903028965,0.0798241020302144
2022-05-19,Train,0.06141931936144829,0.05739355758488518
2022-05-20,Train,0.06892631202936172,0.06422339273696842
2022-05-23,Train,0.0504266582429409,0.05584702029884725
2022-05-24,Train,0.052820004522800446,0.07102083660919556
2022-05-25,Train,0.03214927762746811,0.02794748286045023
2022-05-26,Train,-0.028607824817299843,-0.03504490263237448
2022-05-27,Train,-0.09879931807518005,-0.1089938588681997
2022-05-31,Train,-0.09861573576927185,-0.1050019308594904
2022-06-01,Train,-0.07708939909934998,-0.07581703335631129
2022-06-02,Train,-0.1152714267373085,-0.1367453068473609
2022-06-03,Train,-0.1048617884516716,-0.1029066247858936
2022-06-06,Train,-0.08976640552282333,-0.08508565374836652
2022-06-07,Train,-0.09533518552780151,-0.09423300787289912
2022-06-08,Train,-0.06509289145469666,-0.0740801178642696
2022-06-09,Train,-0.02111213095486164,-0.01599869286095579
2022-06-10,Train,-0.00759673397988081,0.01249832403722073
2022-06-13,Train,0.021431896835565567,0.0295196426226656
2022-06-14,Train,0.03253711014986038,0.02859622350091295
2022-06-15,Train,0.0014458829537034035,-0.008910852625342747
2022-06-16,Train,0.05015227571129799,0.03957400661291
2022-06-17,Train,0.044235702604055405,0.04466849504757331
2022-06-21,Train,0.027877114713191986,0.02746549590686809
2022-06-22,Train,0.03613194823265076,0.05098513155655726
2022-06-23,Train,0.02858242206275463,0.03686150526598286
2022-06-24,Train,-0.021739015355706215,-0.01890627298322523
2022-06-27,Train,-0.004296393133699894,-0.02123447328926786
2022-06-28,Train,0.018905680626630783,0.00744157892351982
2022-06-29,Train,0.016225086525082588,0.01011284622344411
2022-06-30,Train,0.02611583098769188,0.0413514927514218
2022-07-01,Train,0.0274282768368721,0.02576822347091934
2022-07-05,Train,0.03417019918560982,0.0395176912307158
2022-07-06,Train,0.040311019867658615,0.0492728933095703
2022-07-07,Train,0.03791306912899017,0.04203672599720365
2022-07-08,Train,0.03928527981042862,0.02248174705820771
2022-07-11,Train,0.040412724018096924,0.03885268522265717
2022-07-12,Train,0.03909642994403839,0.02840275698778361
2022-07-13,Train,0.06723489612340927,0.07407668165320347
2022-07-14,Train,0.07314694672822952,0.08071993249022769
2022-07-15,Train,0.08093301951885223,0.08082364317174529
2022-07-18,Train,0.08973294496536255,0.08939183021006203
2022-07-19,Train,0.06782805174589157,0.05373784591108421
2022-07-20,Train,0.06307332217693329,0.06553811817029076
2022-07-21,Train,0.04473414272069931,0.05537116514836637
2022-07-22,Train,0.06831441074609756,0.06543266467305497
2022-07-25,Train,0.0652657300233841,0.06807207909304447
2022-07-26,Train,0.06509394943714142,0.07714777943328555
2022-07-27,Train,0.05003344267606735,0.06231868345012459
2022-07-28,Train,0.04820217564702034,0.04606045358808353
2022-07-29,Train,0.04327704757452011,0.04732778671708493
2022-08-01,Train,0.05294506251811981,0.05642785283996821
2022-08-02,Train,0.036125972867012024,0.05710563094146437
2022-08-03,Train,0.025921935215592384,0.01734329131247603
2022-08-04,Train,0.015139331109821796,0.01504317193165461
2022-08-05,Train,0.007272445596754551,0.003449837922494092
2022-08-08,Train,-0.016245996579527855,-0.01979983871006108
2022-08-09,Train,-0.01593303680419922,-0.009398197915183926
2022-08-10,Train,-0.03900425508618355,-0.03350407497176522
2022-08-11,Train,-0.035939063876867294,-0.01079980296536931
2022-08-12,Train,-0.05990351736545563,-0.06946339534943868
2022-08-15,Train,-0.06917720288038254,-0.08602051914518527
2022-08-16,Train,-0.07667727768421173,-0.0940773139534894
2022-08-17,Train,-0.09112253785133362,-0.08895248588809324
2022-08-18,Train,-0.08819670230150223,-0.09074345539839446
2022-08-19,Train,-0.07465479522943497,-0.08576464467616352
2022-08-22,Train,-0.055417750030756,-0.06778851810532394
2022-08-23,Train,-0.054090846329927444,-0.04816938742059818
2022-08-24,Train,-0.04864605888724327,-0.04599860418001966
2022-08-25,Train,-0.05137912929058075,-0.04207995133636977
2022-08-26,Train,-0.006801273208111525,0.01073376192676068
2022-08-29,Train,-0.030684271827340126,-0.03518278416029341
2022-08-30,Train,-0.03131024166941643,-0.01657693979301944
2022-08-31,Train,-0.024066919460892677,-0.02729970665312187
2022-09-01,Train,-0.025167293846607208,-0.0336672905068619
2022-09-02,Train,-0.020993011072278023,-0.01395814428071751
2022-09-06,Train,-0.02239786833524704,-0.01474143315676424
2022-09-07,Train,-0.052451688796281815,-0.05154364517908117
2022-09-08,Train,-0.07273787260055542,-0.06804865711785568
2022-09-09,Train,-0.08720635622739792,-0.102836259561898
2022-09-12,Train,-0.0885816439986229,-0.1170431751952992
2022-09-13,Train,-0.05836183577775955,-0.06544092755145958
2022-09-14,Train,-0.05213552340865135,-0.05435258725209946
2022-09-15,Train,-0.06106853112578392,-0.06605980962944369
2022-09-16,Train,-0.058757297694683075,-0.0762477429840267
2022-09-19,Train,-0.057463016360998154,-0.06019580741619646
2022-09-20,Train,-0.025001758709549904,-0.02285874641492724
2022-09-21,Train,-0.016433224081993103,-0.005571965671706369
2022-09-22,Train,-0.017843307927250862,-0.00110685739453309
2022-09-23,Train,-0.01781715266406536,-0.02326595562739198
2022-09-26,Train,-0.022937821224331856,-0.0290118875851505
2022-09-27,Train,-0.035562802106142044,-0.04273539243960611
2022-09-28,Train,-0.055309440940618515,-0.06172750813958328
2022-09-29,Train,-0.020670384168624878,-0.01121855242486058
2022-09-30,Train,-0.017547987401485443,-0.02439579171222717
2022-10-03,Train,-0.011096503585577011,-0.0152816608578058
2022-10-04,Train,-0.04105788469314575,-0.03774853334337136
2022-10-05,Train,-0.045117031782865524,-0.0407476427558201
2022-10-06,Train,-0.030677713453769684,-0.03806843023413098
2022-10-07,Train,0.019657423719763756,0.02348571973568681
2022-10-10,Train,0.03305085748434067,0.04519353019563166
2022-10-11,Train,0.07338902354240417,0.08167456310210519
2022-10-12,Train,0.05951082333922386,0.05813595066158395
2022-10-13,Train,0.020711956545710564,0.01506579749506565
2022-10-14,Train,0.05850944295525551,0.0785457227635813
2022-10-17,Train,0.020031379535794258,0.03192873921900152
2022-10-18,Train,0.012658528052270412,0.01337105576224973
2022-10-19,Train,-0.01794423721730709,-0.01778253440885547
2022-10-20,Train,-0.015088751912117004,-0.03203149487718349
2022-10-21,Train,-0.038938891142606735,-0.03899506291604737
2022-10-24,Train,-0.0324467308819294,-0.03900167137024957
2022-10-25,Train,-0.03882155194878578,-0.05161670367410343
2022-10-26,Train,-0.026762625202536583,-0.05256714185793454
2022-10-27,Train,0.027268920093774796,0.03620773650312636
2022-10-28,Train,0.009153171442449093,0.02396696609458226
2022-10-31,Train,0.03106892853975296,0.0269472563606008
2022-11-01,Train,0.03778402507305145,0.05190661937852448
2022-11-02,Train,0.08369069546461105,0.0743752270037843
2022-11-03,Train,0.09036652743816376,0.09336254073462436
2022-11-04,Train,0.08828997611999512,0.07609194198938929
2022-11-07,Train,0.06262744963169098,0.0534400332831948
2022-11-08,Train,0.057674795389175415,0.06088151347436965
2022-11-09,Train,0.0792219266295433,0.09684034365304628
2022-11-10,Train,0.008216623216867447,0.01474805809985624
2022-11-11,Train,-0.01573476754128933,-0.01823169938806934
2022-11-14,Train,0.002355834934860468,-0.01706136167157291
2022-11-15,Train,0.004362642765045166,0.01371840942040747
2022-11-16,Train,0.020392000675201416,0.02900784300895798
2022-11-17,Train,0.019186699762940407,0.02717597802297189
2022-11-18,Train,0.0055040521547198296,0.009901015559657056
2022-11-21,Train,0.011639300733804703,-0.0007450493516706347
2022-11-22,Train,-0.010788335464894772,-0.01895440879999066
2022-11-23,Train,-0.01846587471663952,-0.01720795337811898
2022-11-25,Train,-0.0074419728480279446,-0.0170082415113284
2022-11-28,Train,-0.006132591050118208,0.01015172864042024
2022-11-29,Train,0.010930545628070831,0.02879846869351432
2022-11-30,Train,-0.03531574457883835,-0.02335006793011829
2022-12-01,Train,-0.051985446363687515,-0.05729942292768642
2022-12-02,Train,-0.052527621388435364,-0.06255337055737376
2022-12-05,Train,-0.055013444274663925,-0.06219584806482237
2022-12-06,Train,-0.041600365191698074,-0.0430984963310217
2022-12-07,Train,-0.03853560611605644,-0.0252378947102756
2022-12-08,Train,-0.06320575624704361,-0.060207842065919
2022-12-09,Train,-0.060421932488679886,-0.05204943535881801
2022-12-12,Train,-0.06259505450725555,-0.07703621063947674
2022-12-13,Train,-0.07509694993495941,-0.09890867277553916
2022-12-14,Train,-0.06650876253843307,-0.07004993417380667
2022-12-15,Train,-0.040028154850006104,-0.0383185211016438
2022-12-16,Train,-0.03573981299996376,-0.03562439020482
2022-12-19,Train,-0.020803309977054596,-0.01486565251390171
2022-12-20,Train,-0.026523228734731674,-0.02953187549272351
2022-12-21,Train,-0.017832007259130478,-0.01700502543968407
2022-12-22,Train,0.001982790417969227,0.01417003539105433
2022-12-23,Train,0.03867926821112633,0.02045931149162206
2022-12-27,Train,0.04704172909259796,0.05300099374909473
2022-12-28,Train,0.06601731479167938,0.0728565215100816
2022-12-29,Train,0.05012788623571396,0.0545338486944813
2022-12-30,Train,0.06268583238124847,0.05730813367726162
2023-01-03,Train,0.058310434222221375,0.05066543156328396
2023-01-04,Train,0.05246368423104286,0.03541056674913712
2023-01-05,Train,0.07849672436714172,0.08066368677515934
2023-01-06,Train,0.0702584832906723,0.07500001702989922
2023-01-09,Train,0.06236531212925911,0.06590517486919145
2023-01-10,Train,0.059178244322538376,0.05461285469849142
2023-01-11,Train,0.058413539081811905,0.05689068362236793
2023-01-12,Train,0.05226819962263107,0.06167361664758286
2023-01-13,Train,0.05444043502211571,0.03309957558658927
2023-01-17,Train,0.05950455367565155,0.04645871341649332
2023-01-18,Train,0.0858517438173294,0.08291351712995065
2023-01-19,Train,0.0916069969534874,0.1329093517551629
2023-01-20,Train,0.06989987939596176,0.08313287324495322
2023-01-23,Train,0.0436815470457077,0.0506298633563147
2023-01-24,Train,0.060513898730278015,0.07459170555134831
2023-01-25,Train,0.062466561794281006,0.05783193791227448
2023-01-26,Train,0.032092440873384476,0.02843115988957745
2023-01-27,Train,0.029583973810076714,0.01161143025725164
2023-01-30,Train,0.047495074570178986,0.04902336281708375
2023-01-31,Train,0.036054324358701706,0.04117169602826065
2023-02-01,Train,0.013032701797783375,0.02718327898036499
2023-02-02,Train,-0.02993812970817089,-0.02701146347607275
2023-02-03,Train,-0.023434249684214592,-0.01639554880709537
2023-02-06,Train,-0.01754780113697052,-0.03148983060678201
2023-02-07,Train,-0.038750484585762024,-0.05043889452862027
2023-02-08,Train,-0.027177684009075165,-0.02480529590330305
2023-02-09,Train,-0.026593327522277832,-0.03258415145491611
2023-02-10,Train,-0.0223559383302927,-0.01921925102107103
2023-02-13,Train,-0.02929186262190342,-0.03592775842826357
2023-02-14,Train,-0.04198606312274933,-0.05069270674154447
2023-02-15,Train,-0.04262306168675423,-0.05011329811092147
2023-02-16,Train,-0.021455837413668633,-0.01193536189542643
2023-02-17,Train,-0.0211280919611454,-0.00378541185607284
2023-02-21,Train,0.00016178310033865273,0.007856332919035536
2023-02-22,Train,4.6913140977267176e-05,0.01213256524798223
2023-02-23,Train,-0.010582436807453632,-0.01401524007633814
2023-02-24,Train,-0.0034397910349071026,-0.01130724084815127
2023-02-27,Train,0.0054719713516533375,-0.01105667814181854
2023-02-28,Train,0.014716456644237041,0.01297859923109335
2023-03-01,Train,0.023143092170357704,0.0265452614859587
2023-03-02,Train,0.023671528324484825,0.04495764063073615
2023-03-03,Train,0.013078722171485424,0.01895352647691206
2023-03-06,Train,0.022550130262970924,0.01983205261286813
2023-03-07,Train,0.04407448694109917,0.04724303223665105
2023-03-08,Train,0.043364427983760834,0.0278691410544929
2023-03-09,Train,0.05950948968529701,0.05839539439636532
2023-03-10,Train,0.06701148301362991,0.07742168705790231
2023-03-13,Train,0.06509153544902802,0.06216246576234097
2023-03-14,Train,0.03755640238523483,0.032787437065255
2023-03-15,Train,0.04449385404586792,0.04613123099989003
2023-03-16,Train,0.025032050907611847,0.02891038488891984
2023-03-17,Train,0.046782951802015305,0.05098902302570174
2023-03-20,Train,0.042320288717746735,0.04634438872833457
2023-03-21,Train,0.029907796531915665,0.02813047331747431
2023-03-22,Train,0.03590597212314606,0.03201364976761889
2023-03-23,Train,0.023326311260461807,0.02679576365768765
2023-03-24,Train,0.020031211897730827,0.02245160712750183
2023-03-27,Train,0.022232914343476295,0.02289796794606702
2023-03-28,Train,0.027175284922122955,0.01927589711466182
2023-03-29,Train,0.017342975363135338,0.02062551861682538
2023-03-30,Train,0.01830420456826687,0.009154886959864106
2023-03-31,Train,-0.0011999162379652262,-0.006512312297349054
2023-04-03,Train,-0.00549916410818696,-0.004029388004108458
2023-04-04,Train,-0.0032452561426907778,-0.001128328770728992
2023-04-05,Train,-0.005965049844235182,0.00113948257869656
2023-04-06,Train,0.0003890052030328661,-0.004527597851516352
2023-04-10,Train,-0.003906229743734002,-0.006040151444455799
2023-04-11,Train,-0.0023481897078454494,-0.01849094951772212
2023-04-12,Train,0.002200891263782978,-0.003737584320844034
2023-04-13,Train,-0.0006489381194114685,0.003697066222195122
2023-04-14,Train,0.00515306182205677,0.01252468889927316
2023-04-17,Train,0.003020878881216049,0.01050685654871675
2023-04-18,Train,-0.0016063590301200747,0.001630871088062813
2023-04-19,Train,0.0025896637234836817,-0.004455407574997183
2023-04-20,Train,0.007760191336274147,-0.0003477467812919022
2023-04-21,Train,0.019057629629969597,0.01983522184210851
2023-04-24,Train,0.02114192768931389,0.024497515224982
2023-04-25,Train,0.024727387353777885,0.03758193742079952
2023-04-26,Train,0.030699675902724266,0.04254984364963899
2023-04-27,Train,0.021083243191242218,0.01826129543329968
2023-04-28,Train,0.01965346187353134,0.007657493921745306
2023-05-01,Train,0.017176257446408272,0.01427730863359788
2023-05-02,Train,0.029520634561777115,0.02435969271824501
2023-05-03,Train,0.04142091050744057,0.04358784140631888
2023-05-04,Train,0.046714261174201965,0.06673616943360194
2023-05-05,Train,0.04036080464720726,0.04218153085971688
2023-05-08,Train,0.03986020013689995,0.04309682752576349
2023-05-09,Train,0.040707942098379135,0.03643816120309307
2023-05-10,Train,0.03596602752804756,0.02002207958034896
2023-05-11,Train,0.05644243583083153,0.04144692982136089
2023-05-12,Train,0.06213224679231644,0.07190104053458857
2023-05-15,Train,0.06432303041219711,0.07096300937921263
2023-05-16,Train,0.06149475276470184,0.06366911095214078
2023-05-17,Train,0.05684860050678253,0.06308895553421423
2023-05-18,Train,0.04949994385242462,0.05153143015671025
2023-05-19,Train,0.052287984639406204,0.05464914444496838
2023-05-22,Train,0.048710715025663376,0.05094177509547371
2023-05-23,Train,0.0500563383102417,0.0463763578473646
2023-05-24,Train,0.05191069841384888,0.06482737945326367
2023-05-25,Train,0.049617961049079895,0.04350641329974225
2023-05-26,Train,0.040968552231788635,0.03470148263401751
2023-05-30,Train,0.03953923285007477,0.0379450207509584
2023-05-31,Train,0.044849567115306854,0.05146700814597227
2023-06-01,Train,0.041704319417476654,0.0518451165981082
2023-06-02,Train,0.035511527210474014,0.03744536587577962
2023-06-05,Train,0.03327050805091858,0.03381234208614869
2023-06-06,Train,0.025458242744207382,0.01989628461125048
2023-06-07,Train,0.03978249430656433,0.049739136916505
2023-06-08,Train,0.01739770919084549,0.02658930995533271
2023-06-09,Train,0.017107384279370308,0.008970360157351864
2023-06-12,Train,0.014332101680338383,0.009265156948516484
2023-06-13,Train,0.008368655107915401,0.003523643519479869
2023-06-14,Train,0.003126210067421198,-0.005711933240649114
2023-06-15,Train,0.005776633508503437,-0.00226866611498866
2023-06-16,Train,0.006837309803813696,0.006414306841302508
2023-06-20,Train,0.004784624557942152,0.00921233289463097
2023-06-21,Train,0.0160208772867918,0.0153633535572375
2023-06-22,Train,0.01112413965165615,0.0001911046892824064
2023-06-23,Train,0.015692973509430885,0.01053670413362751
2023-06-26,Train,0.02338809333741665,0.02932794947091666
2023-06-27,Train,0.023720545694231987,0.02470940022467749
2023-06-28,Train,0.03495404124259949,0.0400778652798055
2023-06-29,Train,0.036824777722358704,0.04194499840034571
2023-06-30,Train,0.03834402561187744,0.03570454075144025
2023-07-03,Train,0.03799015283584595,0.04172400370770135
2023-07-05,Train,0.030490020290017128,0.04150911517731926
2023-07-06,Train,0.02859535627067089,0.0253089275752727
2023-07-07,Train,0.024277711287140846,0.02563896597536597
2023-07-10,Train,0.024727774783968925,0.02694078510046416
2023-07-11,Train,0.021658996120095253,0.02881816814134708
2023-07-12,Train,0.00954431388527155,0.01260657045523272
2023-07-13,Train,-0.001041240873746574,-0.006672817671171116
2023-07-14,Train,-0.00020731387485284358,0.01163374463001898
2023-07-17,Train,-0.0012233048910275102,0.002796600625139423
2023-07-18,Train,-0.00855685118585825,-0.007647591030581768
2023-07-19,Train,-0.018743548542261124,-0.02919740548749827
2023-07-20,Train,-0.011153892613947392,-0.007883005477547056
2023-07-21,Train,-0.009970934130251408,-0.009557267234311162
2023-07-24,Train,-0.014979548752307892,-0.002764289170328005
2023-07-25,Train,-0.024723904207348824,-0.01789956914606616
2023-07-26,Train,-0.02253861539065838,-0.02545556694009776
2023-07-27,Train,-0.025620920583605766,-0.02132122267379433
2023-07-28,Train,-0.035828642547130585,-0.04495676504131463
2023-07-31,Train,-0.03384280949831009,-0.03474245941077725
2023-08-01,Train,-0.0356404148042202,-0.04276494880159976
2023-08-02,Train,-0.03332473337650299,-0.03165150148206575
2023-08-03,Train,-0.03139883279800415,-0.04069135510567912
2023-08-04,Train,-0.03131169080734253,-0.03738846183912448
2023-08-07,Train,-0.025204475969076157,-0.03009144292613464
2023-08-08,Train,-0.018311386927962303,-0.02317202988491263
2023-08-09,Train,-0.0027379037346690893,0.003261617454020538
2023-08-10,Train,-0.007137673906981945,-0.01999510347652333
2023-08-11,Train,-0.002746458165347576,-0.006061602446205905
2023-08-14,Train,-0.0002316811151104048,-0.009693523096330647
2023-08-15,Train,0.014799940399825573,0.02278798995673381
2023-08-16,Train,0.036010630428791046,0.03949902485001533
2023-08-17,Train,0.04740314930677414,0.0541301923948776
2023-08-18,Train,0.044969167560338974,0.05433778569166758
2023-08-21,Train,0.036540184170007706,0.03893930658258049
2023-08-22,Train,0.031720954924821854,0.03126199900631854
2023-08-23,Train,0.005725699942559004,0.007992230836620262
2023-08-24,Train,0.03198009356856346,0.03144893780292524
2023-08-25,Train,0.03513190522789955,0.0355750030159605
2023-08-28,Train,0.021719077602028847,0.01644126572891702
2023-08-29,Train,0.0076976981945335865,-0.001494243335939394
2023-08-30,Train,-0.01635703444480896,0.001087946924709593
2023-08-31,Train,-0.02414899319410324,-0.01899519262753291
2023-09-01,Train,-0.023129060864448547,-0.01835322106780568
2023-09-05,Train,-0.024566730484366417,-0.02168913705973829
2023-09-06,Train,-0.025890322402119637,-0.02721882359839345
2023-09-07,Train,-0.040343865752220154,-0.03816592028223875
2023-09-08,Train,-0.03678242489695549,-0.03937404970438707
2023-09-11,Train,-0.04459574446082115,-0.04605145187395676
2023-09-12,Train,-0.039809394627809525,-0.04984043741506239
2023-09-13,Train,-0.049967482686042786,-0.05122787565242626
2023-09-14,Train,-0.04524150490760803,-0.0510509179338644
2023-09-15,Train,-0.027297168970108032,-0.03381788146890607
2023-09-18,Train,-0.027148712426424026,-0.02536015163117877
2023-09-19,Train,-0.02901236154139042,-0.04041955791714458
2023-09-20,Train,-0.009912097826600075,-0.0131398706112984
2023-09-21,Train,0.007661182899028063,0.002319390610348249
2023-09-22,Train,0.019300565123558044,0.01897127343591132
2023-09-25,Train,0.011934039182960987,0.0193265273216392
2023-09-26,Train,0.04047027975320816,0.04059740049607319
2023-09-27,Train,0.03826367110013962,0.04557230815223479
2023-09-28,Train,0.025540607050061226,0.03329511070922231
2023-09-29,Train,0.019814440980553627,0.01956627677613687
2023-10-02,Train,0.02256464771926403,0.02255991163199011
2023-10-03,Train,0.021489499136805534,0.03741687782281344
2023-10-04,Train,0.011491344310343266,0.010062529860146
2023-10-05,Train,0.002971398178488016,0.003568537652526294
2023-10-06,Train,-0.022711047902703285,-0.02769401087319434
2023-10-09,Train,-0.023000972345471382,-0.02970859941998616
2023-10-10,Train,-0.04084177687764168,-0.02566535052244345
2023-10-11,Train,-0.04719436541199684,-0.05624698242053672
2023-10-12,Train,-0.059792667627334595,-0.07101340668177658
2023-10-13,Train,-0.03134071081876755,-0.05467039336246016
2023-10-16,Train,-0.04342421889305115,-0.05470883640055324
2023-10-17,Train,-0.028822578489780426,-0.04706685636962837
2023-10-18,Train,-0.012723696418106556,-0.01764043192405618
2023-10-19,Train,0.006898143794387579,0.0096396955550071
2023-10-20,Train,0.03863416239619255,0.0369711932484722
2023-10-23,Train,0.030254656448960304,0.03806893332629757
2023-10-24,Train,0.03538048639893532,0.03778577991178089
2023-10-25,Train,0.06484285742044449,0.06450878101202795
2023-10-26,Train,0.08571494370698929,0.07684922126718008
2023-10-27,Train,0.09329944103956223,0.09579802879651811
2023-10-30,Train,0.08736585080623627,0.08021185071276715
2023-10-31,Train,0.09443198889493942,0.09821299038000886
2023-11-01,Train,0.07723061740398407,0.08028912020443091
2023-11-02,Train,0.0594196617603302,0.06193597186444566
2023-11-03,Train,0.049160435795784,0.04984911347475052
2023-11-06,Train,0.05196716636419296,0.0583136948554559
2023-11-07,Train,0.043543990701436996,0.04231282129637237
2023-11-08,Train,0.046028345823287964,0.04590549419508116
2023-11-09,Train,0.04705964773893356,0.05253060787597108
2023-11-10,Train,0.01921403780579567,0.02848912064794473
2023-11-13,Train,0.024202436208724976,0.03441057045243689
2023-11-14,Train,0.009655053727328777,0.01162642706886219
2023-11-15,Train,0.0029766487423330545,0.008324234987095558
2023-11-16,Train,0.007158274296671152,0.01033810107054656
2023-11-17,Train,0.0015568974195048213,0.0007253102608515416
2023-11-20,Train,-0.0014188886852934957,-0.008829353983920929
2023-11-21,Train,-0.0031032408587634563,-0.008803803168809798
2023-11-22,Train,0.0016890274127945304,0.0009485595023928095
2023-11-24,Train,0.007802063133567572,0.006829102193573799
2023-11-27,Train,0.016931060701608658,0.01631671343330932
2023-11-28,Train,0.023709885776042938,0.02173302989125547
2023-11-29,Train,0.03394937887787819,0.0357353396860669
2023-11-30,Train,0.035985056310892105,0.03744574384431076
2023-12-01,Train,0.04205058142542839,0.03949323947290684
2023-12-04,Train,0.049143385142087936,0.05373777918425038
2023-12-05,Train,0.04997151717543602,0.05646929854801774
2023-12-06,Train,0.048999954015016556,0.04682508596517887
2023-12-07,Train,0.046404704451560974,0.04441256220879009
2023-12-08,Train,0.03804979845881462,0.0413340921030545
2023-12-11,Train,0.035097885876894,0.03883499265724777
2023-12-12,Train,0.03307409957051277,0.03218197040192305
2023-12-13,Train,0.019234810024499893,0.01872491638543194
2023-12-14,Train,0.022429723292589188,0.0151961480022671
2024-01-02,Test,0.0224081389605999,0.01147568285156786
2024-01-03,Test,0.025168776512145996,0.0368036656950248
2024-01-04,Test,0.020017750561237335,0.06283434433528434
2024-01-05,Test,0.023548178374767303,0.06296159038772053
2024-01-08,Test,0.012811396270990372,0.04575873125254626
2024-01-09,Test,0.006834161933511496,0.04948856826189929
2024-01-10,Test,-0.000464463431853801,0.04369646536968319
2024-01-11,Test,-0.0029290213715285063,0.03532427321235088
2024-01-12,Test,-0.008451600559055805,0.04539016615076297
2024-01-16,Test,-0.013032462447881699,0.03853291463819142
2024-01-17,Test,-0.006973499897867441,0.02396800169551261
2024-01-18,Test,-0.01025567390024662,0.02152598091637126
2024-01-19,Test,-0.0159919373691082,0.01859066723492542
2024-01-22,Test,-0.013444889336824417,0.01593436806877135
2024-01-23,Test,-0.012276452034711838,0.009705264109136857
2024-01-24,Test,-0.03136662021279335,0.01446587571649083
2024-01-25,Test,-0.02899535745382309,0.01510496622308621
2024-01-26,Test,-0.027045652270317078,0.03124039147411684
2024-01-29,Test,-0.02982151322066784,0.01679318590191214
2024-01-30,Test,-0.023676812648773193,0.007641664926597791
2024-01-31,Test,-0.009962032549083233,0.03897162854024794
2024-02-01,Test,-0.015806429088115692,0.029937434191319
2024-02-02,Test,-0.013433784246444702,0.003636273101054188
2024-02-05,Test,0.0018533222610130906,-0.002637425255262893
2024-02-06,Test,0.009370962157845497,-0.004630629816613996
2024-02-07,Test,0.002965280320495367,0.01407443974927536
2024-02-08,Test,-4.5090528146829456e-05,0.009219229084769465
2024-02-09,Test,-0.0011144565651193261,-0.001144033895355778
2024-02-12,Test,-0.015760254114866257,0.005191367171949235
2024-02-13,Test,-0.0034923707135021687,0.015680787334311
2024-02-14,Test,-0.023488352075219154,0.01334194811645428
2024-02-15,Test,-0.018918119370937347,0.02554596059116077
2024-02-16,Test,-0.025483841076493263,0.03123761864658925
2024-02-20,Test,-0.01977561227977276,0.02042960853486631
2024-02-21,Test,-0.018063241615891457,0.03096737305745401
2024-02-22,Test,-0.03589204326272011,0.01684663355040072
2024-02-23,Test,-0.025707287713885307,0.005128417602992874
2024-02-26,Test,-0.027340011671185493,0.00192423978686973
2024-02-27,Test,-0.026982519775629044,0.01384825748188012
2024-02-28,Test,-0.02568422257900238,0.01144119997248816
2024-02-29,Test,-0.03317907825112343,0.0003189399736618359
2024-03-01,Test,-0.03495527058839798,-0.02623363997241979
2024-03-04,Test,-0.02780916355550289,-0.01472901713697938
2024-03-05,Test,-0.0184518713504076,0.00577919871986432
2024-03-06,Test,-0.019459856674075127,0.01134934791533704
2024-03-07,Test,-0.016768600791692734,0.0009428283727626052
2024-03-08,Test,-0.018922585994005203,0.01676464865683247
2024-03-11,Test,-0.019905077293515205,0.01684993911694876
2024-03-12,Test,-0.024367835372686386,-0.0007663443517201829
2024-03-13,Test,-0.022810399532318115,0.01040314951110877
2024-03-14,Test,-0.03122364729642868,0.01108984595969065
2024-03-15,Test,-0.023913461714982986,0.02541942855358492
2024-03-18,Test,-0.019867032766342163,0.008297463367641367
2024-03-19,Test,-0.024687625467777252,0.008048883234934134
2024-03-20,Test,-0.026955869048833847,-0.0189963108918606
2024-03-21,Test,-0.0195828415453434,-0.01211113991885704
2024-03-22,Test,-0.02004324644804001,-0.01294860593232505
2024-03-25,Test,-0.022467978298664093,-0.00568845832301812
2024-03-26,Test,-0.022038187831640244,-0.01116577669685703
2024-03-27,Test,-0.016010252758860588,0.001213966147118439
2024-03-28,Test,-0.013994635082781315,-0.01292768321818472
2024-04-01,Test,-0.014701875858008862,-0.03121702273821847
2024-04-02,Test,-0.012631027959287167,-0.02269270608342489
2024-04-03,Test,-0.01473354920744896,-0.03677903085533507
2024-04-04,Test,-0.018824918195605278,-0.02740385164730363
2024-04-05,Test,-0.037750132381916046,-0.0586192186815494
2024-04-08,Test,-0.03473716229200363,-0.04943258846478504
2024-04-09,Test,-0.034870218485593796,-0.03880334494675419
2024-04-10,Test,-0.03792043402791023,-0.02705473796944524
2024-04-11,Test,-0.036319535225629807,-0.04697214257698634
2024-04-12,Test,-0.03556288406252861,-0.01658792341687143
2024-04-15,Test,-0.03451766446232796,0.003920573588312548
2024-04-16,Test,-0.03675352409482002,-0.01510092710149913
2024-04-17,Test,-0.035109877586364746,-0.01014467255628793
2024-04-18,Test,-0.028844699263572693,0.00824257859802513
2024-04-19,Test,-0.03351987525820732,0.05023518002280225
2024-04-22,Test,-0.033795785158872604,0.05116754763626119
2024-04-23,Test,-0.04771054536104202,0.03587644326165829
2024-04-24,Test,-0.03873590752482414,0.03176944850699925
2024-04-25,Test,-0.03420662879943848,0.0390387002711603
2024-04-26,Test,-0.030346598476171494,0.02566124723571628
2024-04-29,Test,-0.03155169263482094,0.02387056400292464
2024-04-30,Test,-0.044012680649757385,0.05026024287418251
2024-05-01,Test,-0.03572220355272293,0.07444487972264269
2024-05-02,Test,-0.027310287579894066,0.05874916244652195
2024-05-03,Test,-0.02891119010746479,0.03738403225999742
2024-05-06,Test,-0.02490386925637722,0.03329927010132727
2024-05-07,Test,-0.0272828359156847,0.03515620505827188
2024-05-08,Test,-0.020528258755803108,0.03556331860043827
2024-05-09,Test,-0.022288361564278603,0.02866086563719361
2024-05-10,Test,-0.023032626137137413,0.0359453801207863
2024-05-13,Test,-0.021040743216872215,0.03746503251463884
2024-05-14,Test,-0.023779356852173805,0.02356874383478935
2024-05-15,Test,-0.025701625272631645,-0.002980803978160806
2024-05-16,Test,-0.02910287119448185,-0.002809901987653185
2024-05-17,Test,-0.026412956416606903,0.003032572798770339
2024-05-20,Test,-0.027496110647916794,-0.001187066761721423
2024-05-21,Test,-0.025932392105460167,0.01695921718593651
2024-05-22,Test,-0.029698068276047707,0.01680894385846377
2024-05-23,Test,-0.026730090379714966,0.02049990679781311
2024-05-24,Test,-0.025239253416657448,0.01502341780072736
2024-05-28,Test,-0.03232457488775253,0.01814304836141289
2024-05-29,Test,-0.034088294953107834,0.03880026150282823
2024-05-30,Test,-0.03588859364390373,0.05574136664416107
2024-05-31,Test,-0.03550644963979721,0.06318921596209326
2024-06-03,Test,-0.04111260920763016,0.07046541242405469
2024-06-04,Test,-0.04280379042029381,0.06787419211063139
2024-06-05,Test,-0.03751140460371971,0.03870300193871179
2024-06-06,Test,-0.03415587171912193,0.03627769975555384
2024-06-07,Test,-0.03518252074718475,0.02376015250351782
2024-06-10,Test,-0.040290240198373795,0.03130180653326864
2024-06-11,Test,-0.03643360733985901,0.02638777486735688
2024-06-12,Test,-0.037786949425935745,0.01573339987579292
2024-06-13,Test,-0.038714971393346786,0.005013391770304354
2024-06-14,Test,-0.036113206297159195,0.005697136777518486
2024-06-17,Test,-0.03884062170982361,0.003958300905863688
2024-06-18,Test,-0.03995470330119133,0.01201545143858307
2024-06-20,Test,-0.043460264801979065,0.03051073255688141
2024-06-21,Test,-0.04588695243000984,0.0357366069470868
2024-06-24,Test,-0.03350150212645531,0.05023630261595713
2024-06-25,Test,-0.03259533271193504,0.04918850667964314
2024-06-26,Test,-0.04236526042222977,0.02406477855839784
2024-06-27,Test,-0.044064998626708984,0.02742887891540136
2024-06-28,Test,-0.042817939072847366,0.03556596411243285
2024-07-01,Test,-0.04299187287688255,0.02992194245595203
2024-07-02,Test,-0.044387172907590866,-0.01069863619679967
2024-07-03,Test,-0.0479305274784565,-0.02352154225634806
2024-07-05,Test,-0.04793180897831917,-0.04216384487529379
2024-07-08,Test,-0.048435527831315994,-0.0302006456835765
2024-07-09,Test,-0.049605127424001694,-0.03445365183720095
2024-07-10,Test,-0.054596707224845886,-0.07869410538551891
2024-07-11,Test,-0.029713070020079613,-0.06842437778396215
2024-07-12,Test,-0.03755228593945503,-0.06436685184931634
2024-07-15,Test,-0.03835449367761612,-0.06500050467949525
2024-07-16,Test,-0.045260727405548096,-0.0781923637928491
2024-07-17,Test,-0.03886587917804718,-0.02220973064627629
2024-07-18,Test,-0.041607815772295,-0.04135641405688728
2024-07-19,Test,-0.030957341194152832,-0.05574023815064655
2024-07-22,Test,-0.03202922269701958,-0.09734203743174008
2024-07-23,Test,-0.02100943960249424,-0.08549373050505693
2024-07-24,Test,-0.041244376450777054,-0.06174201641776933
2024-07-25,Test,-0.04146929085254669,-0.02225758163087743
2024-07-26,Test,-0.042732808738946915,-0.02712918229145966
2024-07-29,Test,-0.04124971479177475,-0.02698855179650128
2024-07-30,Test,-0.04256318509578705,0.01103750094298128
2024-07-31,Test,-0.06430201232433319,-0.01770436709665224
2024-08-01,Test,-0.06503870338201523,0.03211071149987399
2024-08-02,Test,-0.05719898268580437,0.05856267137447779
2024-08-05,Test,-0.052013248205184937,0.1054275545197587
2024-08-06,Test,-0.05953662842512131,0.09266719245431987
2024-08-07,Test,-0.04820984601974487,0.1097822117267326
2024-08-08,Test,-0.07960249483585358,0.05976744334935846
2024-08-09,Test,-0.0752890557050705,0.06569569080905358
2024-08-12,Test,-0.06930771470069885,0.05308164118013736
2024-08-13,Test,-0.08313875645399094,0.0306542081477279
2024-08-14,Test,-0.07197877019643784,0.01862856290391379
2024-08-15,Test,-0.09072750806808472,-0.007925487245908025
2024-08-16,Test,-0.08795829862356186,0.002610340899651398
2024-08-19,Test,-0.09065274894237518,-0.04043466640203341
2024-08-20,Test,-0.07617351412773132,-0.04091538752862656
2024-08-21,Test,-0.06871851533651352,-0.04447666622814117
2024-08-22,Test,-0.05729449540376663,-0.05509108839814691
2024-08-23,Test,-0.05814283341169357,-0.05320835113525391
2024-08-26,Test,-0.05125480517745018,-0.03509065680205137
2024-08-27,Test,-0.0522024966776371,-0.01707361037356958
2024-08-28,Test,-0.04657556861639023,0.003967317477400867
2024-08-29,Test,-0.04289797693490982,0.00994346797978829
2024-08-30,Test,-0.044241439551115036,-0.006361935140133057
2024-09-03,Test,-0.04219910502433777,0.0252917709394096
2024-09-04,Test,-0.03939279541373253,0.02351233675834807
2024-09-05,Test,-0.019231272861361504,0.0484122340642068
2024-09-06,Test,-0.005925191566348076,0.07521897037232828
2024-09-09,Test,-0.02970942109823227,0.06288786169787364
2024-09-10,Test,-0.0164814293384552,0.05823483896964143
2024-09-11,Test,-0.053006939589977264,0.03670353887210909
2024-09-12,Test,-0.05035470426082611,0.03433920789079492
2024-09-13,Test,-0.049640536308288574,0.02400387880257115
2024-09-16,Test,-0.059735964983701706,0.03133720183389221
2024-09-17,Test,-0.056141022592782974,0.01643117898954061
2024-09-18,Test,-0.04984140396118164,0.02229341954691511
2024-09-19,Test,-0.061911020427942276,-0.003661844313373463
2024-09-20,Test,-0.05565064400434494,0.01011525756180465
2024-09-23,Test,-0.059355348348617554,-0.001946013631951238
2024-09-24,Test,-0.0519556999206543,0.008096900746475733
2024-09-25,Test,-0.05272167548537254,0.01508786476834789
2024-09-26,Test,-0.04764864593744278,0.006374231534938657
2024-09-27,Test,-0.0215524323284626,0.01357983636684645
2024-09-30,Test,-0.017366329208016396,0.01932098374059077
2024-10-01,Test,-0.02736329287290573,0.01990570222231658
2024-10-02,Test,-0.010872101411223412,0.01859112195899093
2024-10-03,Test,-0.01007266715168953,0.02005856378987536
2024-10-04,Test,-0.026553282514214516,0.01467207130637549
2024-10-07,Test,-0.022180603817105293,0.02762913743120499
2024-10-08,Test,-0.03301076591014862,0.01361128924639865
2024-10-09,Test,-0.03907879814505577,-0.009713086493370882
2024-10-10,Test,-0.017733776941895485,-0.000548100886496039
2024-10-11,Test,-0.020701784640550613,0.003972802884002702
2024-10-14,Test,-0.02590343728661537,-0.004221117796011309
2024-10-15,Test,-0.03168954700231552,0.01896709268173136
2024-10-16,Test,-0.026103554293513298,0.01114257436169108
2024-10-17,Test,-0.02452525869011879,-0.0150636008070929
2024-10-18,Test,-0.016587788239121437,-0.01423748362396537
2024-10-21,Test,-0.014060838147997856,-0.01899399177882022
2024-10-22,Test,-0.015242055989801884,-0.007561093766854099
2024-10-23,Test,-0.007651675026863813,0.03526087668363487
2024-10-24,Test,-0.010945071466267109,0.04310198729979819
2024-10-25,Test,-0.013424091041088104,0.03799565340775723
2024-10-28,Test,-0.011892808601260185,0.03722251349651295
2024-10-29,Test,-0.010698139667510986,0.02549178140808572
2024-10-30,Test,-0.009439490735530853,0.03197146331656553
2024-10-31,Test,0.002338979160413146,0.0513382164401095
2024-11-01,Test,-0.0033779817167669535,0.01875144079309266
2024-11-04,Test,-0.0070837633684277534,0.02882652407674291
2024-11-05,Test,-0.005974200088530779,0.02285609840373737
2024-11-06,Test,-0.017226776108145714,-0.00476674949273681
2024-11-07,Test,-0.023962870240211487,-0.01666855046786608
2024-11-08,Test,-0.029774382710456848,-0.01624072405495469
2024-11-11,Test,-0.025988848879933357,-0.01410950906636432
2024-11-12,Test,-0.03436770290136337,-0.007018727992101348
2024-11-13,Test,-0.02745153196156025,-0.01356761777848947
2024-11-14,Test,-0.028744010254740715,0.002064101491929149
2024-11-15,Test,-0.02974594570696354,0.037698552927105
2024-11-18,Test,-0.03383353352546692,0.03369866500088037
2024-11-19,Test,-0.03670058399438858,0.03932788830612277
2024-11-20,Test,-0.03321017324924469,0.03704510132445815
2024-11-21,Test,-0.034530527889728546,0.04257588224220621
2024-11-22,Test,-0.029181256890296936,0.03280016619074266
2024-11-25,Test,-0.028073888272047043,0.02765545973928463
2024-11-26,Test,-0.02908027172088623,0.04046648495092886
2024-11-27,Test,-0.020020313560962677,0.04195529926614072
2024-11-29,Test,-0.02807367779314518,0.04078557590300269
2024-12-02,Test,-0.03556305542588234,0.04440219266519163
2024-12-03,Test,-0.030965037643909454,0.03662428242035864
2024-12-04,Test,-0.03468405827879906,-0.01297641504372049
2024-12-05,Test,-0.02903778851032257,-0.01464137269156018
2024-12-06,Test,-0.03052765689790249,-0.01485338021258897
2024-12-09,Test,-0.0322597436606884,0.0009379957689708007
2024-12-10,Test,-0.031912948936223984,0.01797934465168582
2024-12-11,Test,-0.038334526121616364,-0.0006038785751414366
2024-12-12,Test,-0.03904295340180397,-0.007483385453763036
2024-12-13,Test,-0.03503349795937538,-0.02812290185550181
2024-12-16,Test,-0.03977218642830849,-0.05005848111065225
2024-12-17,Test,-0.04271310567855835,-0.04772298878162862
2024-12-18,Test,-0.04939979314804077,0.004085516112090959
2024-12-19,Test,-0.023332322016358376,0.02016841795877355
2024-12-20,Test,-0.038684722036123276,-0.006709560500016143
2024-12-23,Test,-0.04187397658824921,-0.0145351151469959
2024-12-24,Test,-0.04494691640138626,-0.04296554190350765
2024-12-26,Test,-0.04621138051152229,-0.04539270984811972
2024-12-27,Test,-0.05025973170995712,-0.03345072540568539
2024-12-30,Test,-0.05047547444701195,0.002114053037055807
2024-12-31,Test,-0.04820724204182625,0.003618735331962109
