Date,Type,Prediction,Actual
2009-01-02,Train,-0.05086203292012215,-0.05188529083869675
2009-01-05,Train,-0.08589902520179749,-0.09864607763167066
2009-01-06,Train,-0.06850073486566544,-0.06958188032187862
2009-01-07,Train,-0.0612458661198616,-0.05519054782197275
2009-01-08,Train,-0.0650491714477539,-0.0604681598345741
2009-01-09,Train,-0.0288686640560627,-0.03192547702745385
2009-01-12,Train,0.00021915670367889106,-0.006775093490449247
2009-01-13,Train,0.02695765532553196,0.02776836016786999
2009-01-14,Train,0.025912897661328316,0.03318200456817677
2009-01-15,Train,0.0011253933189436793,-0.001374601890136606
2009-01-16,Train,0.0035765792708843946,-0.000339912605571091
2009-01-20,Train,0.060912106186151505,0.06831193910236721
2009-01-21,Train,0.025355983525514603,0.02607204935943508
2009-01-22,Train,0.0653369277715683,0.06293461236223208
2009-01-23,Train,0.07659647613763809,0.08546717139468041
2009-01-26,Train,0.06633678078651428,0.08210234763095636
2009-01-27,Train,0.035969432443380356,0.03478855622033761
2009-01-28,Train,-0.008513701148331165,-0.004942326742831127
2009-01-29,Train,0.0157198254019022,0.03346855218632894
2009-01-30,Train,0.045631371438503265,0.04714387007608201
2009-02-02,Train,-0.0025954388547688723,-0.00646040581582441
2009-02-03,Train,-0.022475197911262512,-0.02109143121575496
2009-02-04,Train,-0.03401453047990799,-0.03744563482442376
2009-02-05,Train,-0.061844054609537125,-0.05561003835661293
2009-02-06,Train,-0.09240599721670151,-0.1118903453930418
2009-02-09,Train,-0.08919484913349152,-0.08634918455093621
2009-02-10,Train,-0.06225578859448433,-0.05767963056027647
2009-02-11,Train,-0.07450953125953674,-0.07980131743471974
2009-02-12,Train,-0.10044724494218826,-0.09944386779609327
2009-02-13,Train,-0.1117272898554802,-0.1245481721169326
2009-02-17,Train,-0.08240114152431488,-0.08898010045239146
2009-02-18,Train,-0.06872117519378662,-0.06532147272103306
2009-02-19,Train,-0.07458528876304626,-0.07919418597224959
2009-02-20,Train,-0.06621778756380081,-0.08901979658692294
2009-02-23,Train,-0.05827506631612778,-0.07609478796801239
2009-02-24,Train,-0.04852589964866638,-0.05038223517528551
2009-02-25,Train,-0.031083807349205017,-0.02938090759372924
2009-02-26,Train,0.03303127735853195,0.03166603568821436
2009-02-27,Train,0.03942215442657471,0.04395201795471126
2009-03-02,Train,0.06893667578697205,0.06081084370680911
2009-03-03,Train,0.10087357461452484,0.1018031179202135
2009-03-04,Train,0.08417582511901855,0.08671792337539164
2009-03-05,Train,0.11716213077306747,0.1195775197632902
2009-03-06,Train,0.11317285150289536,0.1095057472114636
2009-03-09,Train,0.1835249811410904,0.2004661963207142
2009-03-10,Train,0.10912132263183594,0.1097694843898553
2009-03-11,Train,0.09586046636104584,0.09801799327403571
2009-03-12,Train,0.08746793121099472,0.0955702742876432
2009-03-13,Train,0.07147007435560226,0.07237299722584956
2009-03-16,Train,0.07232126593589783,0.0636942400029048
2009-03-17,Train,0.042651258409023285,0.03375382794726822
2009-03-18,Train,0.050841718912124634,0.03602692482619041
2009-03-19,Train,0.07183699309825897,0.07008085924255636
2009-03-20,Train,0.09354911744594574,0.1086359882039836
2009-03-23,Train,0.04704990237951279,0.04433659728629347
2009-03-24,Train,0.0456683486700058,0.03593802028782545
2009-03-25,Train,0.05028223618865013,0.04857241493065279
2009-03-26,Train,0.05359719321131706,0.04871056309231192
2009-03-27,Train,0.06766723841428757,0.06716416986765394
2009-03-30,Train,0.07757537066936493,0.08083839839310625
2009-03-31,Train,0.06989900022745132,0.06860164419492909
2009-04-01,Train,0.07087975740432739,0.08027303165281263
2009-04-02,Train,0.04414159432053566,0.04880356212968917
2009-04-03,Train,0.00954555906355381,-0.003400210226973899
2009-04-06,Train,0.01713467575609684,0.01301512745545264
2009-04-07,Train,0.043463606387376785,0.04360282736813392
2009-04-08,Train,0.03253118321299553,0.03630672362166742
2009-04-09,Train,0.027198366820812225,0.02276867125889526
2009-04-13,Train,0.02790694497525692,0.02553968282687968
2009-04-14,Train,0.02838335745036602,0.03047084680286938
2009-04-15,Train,0.03742385655641556,0.04753077247851456
2009-04-16,Train,0.03053896874189377,0.03128751649563832
2009-04-17,Train,0.030998317524790764,0.03182220098746935
2009-04-20,Train,0.07358446717262268,0.08715872866937713
2009-04-21,Train,0.06383198499679565,0.0712756784624331
2009-04-22,Train,0.062360282987356186,0.06831344316031429
2009-04-23,Train,0.030894193798303604,0.03322254466456243
2009-04-24,Train,0.019240738824009895,0.01602852293081547
2009-04-27,Train,0.017820114269852638,0.01838123155348437
2009-04-28,Train,0.015088710002601147,0.0134408831867443
2009-04-29,Train,-0.01914895884692669,-0.02710660595670511
2009-04-30,Train,-0.02543717809021473,-0.02596264356304312
2009-05-01,Train,-0.02470841258764267,-0.02909514201562302
2009-05-04,Train,-0.021776322275400162,-0.02310977392938973
2009-05-05,Train,-0.015612033195793629,-0.01770413831469031
2009-05-06,Train,-0.011096767149865627,-0.02141022055767983
2009-05-07,Train,-0.012428736314177513,-0.01636941168022199
2009-05-08,Train,-0.0035003586672246456,-0.02015771650413245
2009-05-11,Train,0.008168641477823257,0.01280938750951455
2009-05-12,Train,0.01302782166749239,0.01827288318032205
2009-05-13,Train,0.05840567871928215,0.05844943302300898
2009-05-14,Train,0.05803044140338898,0.05959873359817247
2009-05-15,Train,0.07745598256587982,0.09050046612012586
2009-05-18,Train,0.06258849799633026,0.06425224417047115
2009-05-19,Train,0.05665016174316406,0.05610465754554839
2009-05-20,Train,0.05880942940711975,0.07176204745536974
2009-05-21,Train,0.0841512382030487,0.0930162588851835
2009-05-22,Train,0.09249939024448395,0.09332132283779804
2009-05-26,Train,0.053532104939222336,0.06208680053377247
2009-05-27,Train,0.06516364961862564,0.0657018960315554
2009-05-28,Train,0.0463356077671051,0.05350497542385435
2009-05-29,Train,0.02762444131076336,0.03589599828780687
2009-06-01,Train,-0.0068447040393948555,-0.01346517922473278
2009-06-02,Train,-0.012389087118208408,-0.0244236943795082
2009-06-03,Train,-0.016121242195367813,-0.01211126945306507
2009-06-04,Train,-0.026831774041056633,-0.02504088028340479
2009-06-05,Train,-0.023857824504375458,-0.01685695901202033
2009-06-08,Train,-0.035144247114658356,-0.04335959687167756
2009-06-09,Train,-0.03734610974788666,-0.05277403850273499
2009-06-10,Train,-0.033841438591480255,-0.03340574558476239
2009-06-11,Train,-0.02135823853313923,-0.01439431786229417
2009-06-12,Train,-0.01154125016182661,-0.00763990674861037
2009-06-15,Train,0.007228604052215815,0.01532031235887477
2009-06-16,Train,0.02242789790034294,0.02334745003846361
2009-06-17,Train,0.0091429827734828,0.01421014613830196
2009-06-18,Train,0.0004451952991075814,-0.006141854343312936
2009-06-19,Train,-0.014505278319120407,-0.02074115053000136
2009-06-22,Train,0.0020907996222376823,-0.01567853543470799
2009-06-23,Train,0.003996419720351696,-0.00828574044363839
2009-06-24,Train,-0.018140267580747604,-0.02304017115224977
2009-06-25,Train,-0.029812123626470566,-0.03775152141139382
2009-06-26,Train,-0.014852287247776985,-0.02144621397316204
2009-06-29,Train,-0.007230840623378754,-0.02002742186437911
2009-06-30,Train,0.01805761270225048,0.0148432403786638
2009-07-01,Train,0.023119335994124413,0.0263736001162016
2009-07-02,Train,0.05614396557211876,0.05505626357244697
2009-07-06,Train,0.0637906864285469,0.07088388399743639
2009-07-07,Train,0.09419867396354675,0.1057052318248948
2009-07-08,Train,0.10934513062238693,0.1091904642896628
2009-07-09,Train,0.1137186735868454,0.1317226907120954
2009-07-10,Train,0.11259137094020844,0.11827036897694
2009-07-13,Train,0.10499202460050583,0.1056476062212042
2009-07-14,Train,0.1014888808131218,0.09406496348057569
2009-07-15,Train,0.06514919549226761,0.06554718590636677
2009-07-16,Train,0.05380997434258461,0.05915415011691194
2009-07-17,Train,0.049300383776426315,0.05031947072803944
2009-07-20,Train,0.049497172236442566,0.05590724812635184
2009-07-21,Train,0.04337545111775398,0.04871662114940878
2009-07-22,Train,0.03801732882857323,0.03194804005808649
2009-07-23,Train,0.008992472663521767,0.0007624547689339956
2009-07-24,Train,0.014226868748664856,0.02125484884176321
2009-07-27,Train,0.006705437321215868,0.006353240398838
2009-07-28,Train,-0.00033064562012441456,0.004605846521109402
2009-07-29,Train,0.005774033721536398,0.01347226174990257
2009-07-30,Train,0.004955771379172802,0.01314128030765915
2009-07-31,Train,0.0029342519119381905,0.004562745290106029
2009-08-03,Train,-0.021950505673885345,-0.03896107236815904
2009-08-04,Train,-0.021860769018530846,-0.02522482800041081
2009-08-05,Train,-0.0001070970538421534,-0.0108230634314167
2009-08-06,Train,0.008603815920650959,0.009649498301452342
2009-08-07,Train,0.007412343751639128,0.01028083842605287
2009-08-10,Train,0.012710228562355042,0.01641418057891308
2009-08-11,Train,0.018272828310728073,0.02827306820700382
2009-08-12,Train,0.011554522439837456,0.0107850593603076
2009-08-13,Train,0.013954545371234417,0.007732635872065519
2009-08-14,Train,0.01926608383655548,0.02043899916130565
2009-08-17,Train,0.028119061142206192,0.04028064593294078
2009-08-18,Train,0.010412740521132946,0.006405329434255869
2009-08-19,Train,0.007287484128028154,-0.001272245242524006
2009-08-20,Train,0.002750927349552512,-0.00628772662358501
2009-08-21,Train,0.0025993140880018473,0.001737396208329134
2009-08-24,Train,0.008464976213872433,0.01217395474451677
2009-08-25,Train,0.014777169562876225,0.01783505671917318
2009-08-26,Train,0.022147322073578835,0.02928040514925456
2009-08-27,Train,0.02401193603873253,0.0277227447916637
2009-08-28,Train,0.027625633403658867,0.03066275273431462
2009-08-31,Train,0.034732088446617126,0.04446671616974274
2009-09-01,Train,0.061156775802373886,0.0799388871494422
2009-09-02,Train,0.06530238687992096,0.08050955025253792
2009-09-03,Train,0.06394029408693314,0.07415845177545632
2009-09-04,Train,0.05325990542769432,0.05475716181990919
2009-09-08,Train,0.04563475400209427,0.04688266491706217
2009-09-09,Train,0.029587382450699806,0.03309809212219994
2009-09-10,Train,0.015708087012171745,0.0142237261113547
2009-09-11,Train,0.013701079413294792,0.004335267417901134
2009-09-14,Train,0.013754206709563732,0.01751438428242236
2009-09-15,Train,0.01609048806130886,0.009806262471783178
2009-09-16,Train,-0.006593166384845972,-0.004007500619596094
2009-09-17,Train,-0.023476215079426765,-0.03324687225855172
2009-09-18,Train,-0.026379819959402084,-0.03675771934667282
2009-09-21,Train,-0.02372021973133087,-0.03194739535121294
2009-09-22,Train,-0.020048899576067924,-0.01664719516455615
2009-09-23,Train,-0.00944925844669342,-0.009187264608695234
2009-09-24,Train,0.015357794240117073,0.00404093142086448
2009-09-25,Train,0.02943411096930504,0.01870500635554162
2009-09-28,Train,0.007140940520912409,0.003772691534727146
2009-09-29,Train,0.011927356012165546,0.008526778776478006
2009-09-30,Train,0.015088476240634918,0.02153845792691378
2009-10-01,Train,0.04124337434768677,0.05024393593392729
2009-10-02,Train,0.04985830560326576,0.04647743790455916
2009-10-05,Train,0.040453627705574036,0.04853191080883978
2009-10-06,Train,0.028544675558805466,0.03051985302591276
2009-10-07,Train,0.02768639288842678,0.02567755542307815
2009-10-08,Train,0.02121611125767231,0.02533143116255343
2009-10-09,Train,0.010761438868939877,0.01530135435224356
2009-10-12,Train,0.009734034538269043,0.009866149557281823
2009-10-13,Train,-0.011982192285358906,-0.005636488213858093
2009-10-14,Train,-0.029078271239995956,-0.04101020537584177
2009-10-15,Train,-0.026373734697699547,-0.02252673455103027
2009-10-16,Train,-0.03328420966863632,-0.04254323858711739
2009-10-19,Train,-0.03563646972179413,-0.04813696043573534
2009-10-20,Train,-0.038122326135635376,-0.04534944108773065
2009-10-21,Train,-0.031075194478034973,-0.04195636495600097
2009-10-22,Train,-0.01896754465997219,-0.0221658478118163
2009-10-23,Train,-0.008101687766611576,-0.01228849016620948
2009-10-26,Train,0.0032431285362690687,0.01209575768234661
2009-10-27,Train,0.02227642759680748,0.0302314306727427
2009-10-28,Train,0.05537335202097893,0.06064271981744018
2009-10-29,Train,0.04303206130862236,0.03706346798849092
2009-10-30,Train,0.07728071510791779,0.07446287366292337
2009-11-02,Train,0.07717066258192062,0.08096275054412527
2009-11-03,Train,0.0768996849656105,0.08095007970091883
2009-11-04,Train,0.05986660346388817,0.07307032444400297
2009-11-05,Train,0.03361792489886284,0.03093273720166767
2009-11-06,Train,0.022230803966522217,0.01971831414731584
2009-11-09,Train,0.018608976155519485,0.01447945512338578
2009-11-10,Train,0.011416768655180931,0.008482410720821232
2009-11-11,Train,0.004593242891132832,0.006378104090311254
2009-11-12,Train,-0.0008840154041536152,-0.003207404340242692
2009-11-13,Train,-0.011555271223187447,-0.01022487992284271
2009-11-16,Train,-0.012793092988431454,-0.01012147485843318
2009-11-17,Train,-0.012973029166460037,-0.01188338110828424
2009-11-18,Train,-0.009094536304473877,-0.01037202029986706
2009-11-19,Train,0.011990656144917011,0.01053593875584768
2009-11-20,Train,0.015280690044164658,0.01081954962158194
2009-11-23,Train,0.0007890777778811753,-0.01132759417566409
2009-11-24,Train,0.006154752802103758,0.002045922917796705
2009-11-25,Train,0.004486506339162588,0.002716136963690996
2009-11-27,Train,0.011829369701445103,0.01424966146861895
2009-11-30,Train,0.011438257060945034,0.02272722296966112
2009-12-01,Train,0.012555904686450958,0.006589432551408425
2009-12-02,Train,0.006139079574495554,0.006580461028716567
2009-12-03,Train,0.0052404580637812614,-0.001594889400721389
2009-12-04,Train,0.013615576550364494,0.007706259311402119
2009-12-07,Train,0.019266823306679726,0.02391253110246661
2009-12-08,Train,0.03521363437175751,0.03643446780077286
2009-12-09,Train,0.022145980969071388,0.03357530582482093
2009-12-10,Train,0.03180085867643356,0.03792325810629649
2009-12-11,Train,0.04142950102686882,0.04736007482442495
2009-12-14,Train,0.03133584186434746,0.03322109018141428
2009-12-15,Train,0.03829663246870041,0.04221216623228208
2009-12-16,Train,0.03188677877187729,0.03133452142748783
2009-12-17,Train,0.046652890741825104,0.05933360320009751
2009-12-18,Train,0.0417502298951149,0.04408455071599793
2009-12-21,Train,0.021013639867305756,0.02624555892358327
2009-12-22,Train,0.014497959986329079,0.02078263621982135
2009-12-23,Train,0.008797962218523026,0.02172953981405956
2009-12-24,Train,0.0066334037110209465,0.00826448612219255
2009-12-28,Train,0.001239167177118361,-0.0095197410165615
2009-12-29,Train,0.002861215267330408,0.006951981388453765
2009-12-30,Train,0.002235487336292863,0.004765025545335755
2009-12-31,Train,-0.0003692971949931234,0.002185758997182319
2010-01-04,Train,-0.0020808998961001635,0.003662257439646099
2010-01-05,Train,-0.011118830181658268,-0.01077121972689987
2010-01-06,Train,-0.012151502072811127,-0.01408751018162058
2010-01-07,Train,-0.028367457911372185,-0.04353472820549431
2010-01-08,Train,-0.0378592349588871,-0.04812025564946021
2010-01-11,Train,-0.04114677011966705,-0.04335638718222234
2010-01-12,Train,-0.030333731323480606,-0.0235910451104212
2010-01-13,Train,-0.05711892619729042,-0.06040991001593865
2010-01-14,Train,-0.05874789506196976,-0.07760289979491586
2010-01-15,Train,-0.0475897416472435,-0.05648855482622872
2010-01-19,Train,-0.0650714784860611,-0.06310364063275664
2010-01-20,Train,-0.050723783671855927,-0.04420729225267517
2010-01-21,Train,-0.059058595448732376,-0.06309084723425229
2010-01-22,Train,-0.014977809973061085,-0.02672102149576738
2010-01-25,Train,-0.01668262481689453,-0.03701203235200656
2010-01-26,Train,-0.017087740823626518,-0.02795936654863895
2010-01-27,Train,-0.015376917086541653,-0.03758389880316648
2010-01-28,Train,0.010946407914161682,0.002755429023811429
2010-01-29,Train,0.023344634100794792,0.02266878675512896
2010-02-01,Train,0.02146291360259056,0.02450303778128871
2010-02-02,Train,0.02141752652823925,0.0210767041646005
2010-02-03,Train,0.016420848667621613,0.0218728434227109
2010-02-04,Train,0.039700835943222046,0.05185365918713303
2010-02-05,Train,0.032251499593257904,0.0409493288733267
2010-02-08,Train,0.03751260042190552,0.03491918777608949
2010-02-09,Train,0.03617090359330177,0.03479471071127338
2010-02-10,Train,0.0324050672352314,0.03672705717213187
2010-02-11,Train,0.027048537507653236,0.02495993126381713
2010-02-12,Train,0.03111540898680687,0.03770570359156022
2010-02-16,Train,0.027486873790621758,0.02775269744372255
2010-02-17,Train,0.02841934561729431,0.02310968782475631
2010-02-18,Train,0.027605200186371803,0.0200669243366467
2010-02-19,Train,0.04310282692313194,0.03591337786961724
2010-02-22,Train,0.04318486154079437,0.04000887424399902
2010-02-23,Train,0.05400702357292175,0.05955618381346883
2010-02-24,Train,0.053056247532367706,0.05738618075696045
2010-02-25,Train,0.05070919170975685,0.06165919493462924
2010-02-26,Train,0.05046582967042923,0.05808763150841201
2010-03-01,Train,0.042458426207304,0.04029953396176844
2010-03-02,Train,0.04479791224002838,0.0436882922458468
2010-03-03,Train,0.04530632495880127,0.04539473166866403
2010-03-04,Train,0.04105902090668678,0.0454645208973703
2010-03-05,Train,0.01876445859670639,0.02260988550404308
2010-03-08,Train,0.01803264208137989,0.02987318775230463
2010-03-09,Train,0.021470479667186737,0.03120322838010781
2010-03-10,Train,0.01722589135169983,0.01801997714254666
2010-03-11,Train,0.016887744888663292,0.01267164325562309
2010-03-12,Train,0.01445606630295515,0.01351350045186761
2010-03-15,Train,0.017778603360056877,0.02095677029200438
2010-03-16,Train,0.015743210911750793,0.01787964782818241
2010-03-17,Train,0.015164367854595184,0.01027903707338518
2010-03-18,Train,0.01509096473455429,0.006899393763835526
2010-03-19,Train,0.01992087811231613,0.02358388907770048
2010-03-22,Train,0.01808561384677887,0.01732057309619384
2010-03-23,Train,0.017371902242302895,0.007875669805497143
2010-03-24,Train,0.016859063878655434,0.01499377788087286
2010-03-25,Train,0.02312152460217476,0.02252342021216713
2010-03-26,Train,0.019526446238160133,0.02229166030883789
2010-03-29,Train,0.019822197034955025,0.0226000448462238
2010-03-30,Train,0.019390344619750977,0.03141145850249449
2010-03-31,Train,0.024028955027461052,0.04090534109104627
2010-04-01,Train,0.022208252921700478,0.02844682176547764
2010-04-05,Train,0.022854981943964958,0.01830897713378987
2010-04-06,Train,0.019575290381908417,0.02051282051282044
2010-04-07,Train,0.023511525243520737,0.02878876579132061
2010-04-08,Train,0.022548092529177666,0.03221172837008424
2010-04-09,Train,0.023412330076098442,0.03038959240390504
2010-04-12,Train,0.018954947590827942,0.02730793073001037
2010-04-13,Train,0.0020535695366561413,0.0004055242880662835
2010-04-14,Train,-0.00035385851515457034,-0.01081949343174249
2010-04-15,Train,-0.0048028514720499516,0.001994783003998357
2010-04-16,Train,-0.004952562972903252,-0.005854978961786217
2010-04-19,Train,-0.008232508786022663,0.008686874852035897
2010-04-20,Train,-0.01920907385647297,-0.02653265718239639
2010-04-21,Train,-0.03771227225661278,-0.03697778371497085
2010-04-22,Train,-0.06314662098884583,-0.07433912892819594
2010-04-23,Train,-0.08672679960727692,-0.1011480713390667
2010-04-26,Train,-0.05270395800471306,-0.05237054944732289
2010-04-27,Train,-0.03340359032154083,-0.03283337914217244
2010-04-28,Train,-0.02583763189613819,-0.01519141211720032
2010-04-29,Train,-0.04558398202061653,-0.04738206430031899
2010-04-30,Train,-0.035227060317993164,-0.04691310508832103
2010-05-03,Train,-0.05011463165283203,-0.05707988096738825
2010-05-04,Train,-0.04528941214084625,-0.04129671665077927
2010-05-05,Train,-0.04491204395890236,-0.04400163799204093
2010-05-06,Train,-0.04050954803824425,-0.04767020045632198
2010-05-07,Train,-0.01342880167067051,-0.0125522945769555
2010-05-10,Train,-0.06216974928975105,-0.06510363367279637
2010-05-11,Train,-0.06401318311691284,-0.06328584200566734
2010-05-12,Train,-0.0736178308725357,-0.09090905524571491
2010-05-13,Train,-0.05192573368549347,-0.04137930209772478
2010-05-14,Train,-0.04031657427549362,-0.02834011980409057
2010-05-17,Train,-0.03305034711956978,-0.04035687026302615
2010-05-18,Train,-0.007559734862297773,-0.003876810337985592
2010-05-19,Train,0.0026776092126965523,0.01367775151182005
2010-05-20,Train,0.008248288184404373,0.01668549501526129
2010-05-21,Train,-0.00674176961183548,-0.01271185755763926
2010-05-24,Train,-0.007988504134118557,-0.01052398616903172
2010-05-25,Train,-0.010521507821977139,-0.01968682445403536
2010-05-26,Train,0.016465675085783005,0.01968323341329525
2010-05-27,Train,-0.0015018671983852983,-0.008066251155449122
2010-05-28,Train,0.0014120199484750628,-0.002412210511733237
2010-06-01,Train,0.012690858915448189,0.03386451458526429
2010-06-02,Train,0.004582245834171772,0.01405408704603039
2010-06-03,Train,0.0017331636045128107,0.007710443798248923
2010-06-04,Train,0.03201989084482193,0.04235972146703326
2010-06-07,Train,0.05000922083854675,0.05263153359531558
2010-06-08,Train,0.04813351109623909,0.04639065660705333
2010-06-09,Train,0.052905045449733734,0.05088999447208398
2010-06-10,Train,0.008782812394201756,0.006212531200195048
2010-06-11,Train,-0.0013396290596574545,-0.005054934994205063
2010-06-14,Train,-0.010676947422325611,-0.008353507454257003
2010-06-15,Train,-0.061117131263017654,-0.07150503571082656
2010-06-16,Train,-0.07863026112318039,-0.08933906833871319
2010-06-17,Train,-0.08031327277421951,-0.09479275572356616
2010-06-18,Train,-0.08204758912324905,-0.09638295275099729
2010-06-21,Train,-0.07770181447267532,-0.08583691268190419
2010-06-22,Train,-0.05045110732316971,-0.04930801278616515
2010-06-23,Train,-0.0412345789372921,-0.04017369174313112
2010-06-24,Train,-0.010192693211138248,-0.01609701360084725
2010-06-25,Train,-0.0006538620800711215,-0.01148664573681257
2010-06-28,Train,0.0012947904178872705,0.004876994407591262
2010-06-29,Train,0.04336424916982651,0.05049579191472398
2010-06-30,Train,0.0576210655272007,0.06766563923198743
2010-07-01,Train,0.046493832021951675,0.04108945747194759
2010-07-02,Train,0.047458846122026443,0.05297857158768293
2010-07-06,Train,0.0567474402487278,0.06244131320868518
2010-07-07,Train,0.022685812786221504,0.01546861508957509
2010-07-08,Train,0.028020696714520454,0.03552035447340129
2010-07-09,Train,0.02864961326122284,0.03227257902010505
2010-07-12,Train,0.03401828557252884,0.03776533244042413
2010-07-13,Train,0.025913048535585403,0.02404580396782352
2010-07-14,Train,0.01888049766421318,0.0107550010755002
2010-07-15,Train,0.013278963975608349,0.002412294167377871
2010-07-16,Train,0.03602628409862518,0.03315293675336917
2010-07-19,Train,0.03184855729341507,0.04360458173108084
2010-07-20,Train,0.018356671556830406,0.02673448837920622
2010-07-21,Train,0.040933139622211456,0.05152328110456672
2010-07-22,Train,0.01797047257423401,0.02315930440658787
2010-07-23,Train,0.01530504785478115,0.01519750167980005
2010-07-26,Train,0.011266959831118584,0.01378129249077142
2010-07-27,Train,-0.00010489911073818803,0.005385609863449936
2010-07-28,Train,-0.012563230469822884,-0.01411504282194487
2010-07-29,Train,-0.01593047007918358,-0.01465758438776488
2010-07-30,Train,-0.01734837517142296,-0.02379393407360608
2010-08-02,Train,-0.031237797811627388,-0.04006854521646586
2010-08-03,Train,-0.025056293234229088,-0.0236712343430775
2010-08-04,Train,-0.03363659605383873,-0.02961225884777774
2010-08-05,Train,-0.03869073465466499,-0.04206707545752741
2010-08-06,Train,-0.039818502962589264,-0.03934987636089293
2010-08-09,Train,-0.04251929372549057,-0.05522519515076485
2010-08-10,Train,-0.04419413581490517,-0.06470959420512556
2010-08-11,Train,-0.021435623988509178,-0.02929519353202137
2010-08-12,Train,-0.024010689929127693,-0.03330372934079762
2010-08-13,Train,-0.014950264245271683,-0.01453491744490354
2010-08-16,Train,-0.02685529924929142,-0.02656246979853882
2010-08-17,Train,-0.02631676010787487,-0.04209830047119123
2010-08-18,Train,-0.0037009601946920156,-0.01734359887507042
2010-08-19,Train,0.019473334774374962,0.008916578371364059
2010-08-20,Train,0.02545042149722576,0.02426536502713939
2010-08-23,Train,0.0443609319627285,0.02742808528009677
2010-08-24,Train,0.05745023116469383,0.0595646823191891
2010-08-25,Train,0.060243792831897736,0.05355118281584037
2010-08-26,Train,0.07569374889135361,0.07028014456247944
2010-08-27,Train,0.07042025774717331,0.07215793798948567
2010-08-30,Train,0.08322546631097794,0.08805320107416836
2010-08-31,Train,0.08895013481378555,0.09871148195813162
2010-09-01,Train,0.059281207621097565,0.07104558588971033
2010-09-02,Train,0.054924361407756805,0.06031823813910187
2010-09-03,Train,0.05339771881699562,0.06129110220379408
2010-09-07,Train,0.05490196868777275,0.06827131028004141
2010-09-08,Train,0.04824577644467354,0.05275672706397794
2010-09-09,Train,0.04616978019475937,0.04824462306798272
2010-09-10,Train,0.04205535352230072,0.065665267671422
2010-09-13,Train,0.03271391987800598,0.04529099237351186
2010-09-14,Train,0.03389037400484085,0.04046360670335147
2010-09-15,Train,0.02914029359817505,0.03225132807387099
2010-09-16,Train,0.02661215327680111,0.02357115353536265
2010-09-17,Train,0.021228786557912827,0.0212543573117665
2010-09-20,Train,0.016513625159859657,-0.007167771363788211
2010-09-21,Train,0.01642002910375595,0.01720606632197397
2010-09-22,Train,0.014918768778443336,0.01109059212893726
2010-09-23,Train,0.018049120903015137,0.01520447311089002
2010-09-24,Train,0.01570802740752697,0.001812326880073156
2010-09-27,Train,0.015727782621979713,0.007693886876112721
2010-09-28,Train,0.015777932479977608,0.01498889395334535
2010-09-29,Train,0.020852619782090187,0.02495434204483549
2010-09-30,Train,0.033476121723651886,0.0275116870290808
2010-10-01,Train,0.04112514480948448,0.05060198820378181
2010-10-04,Train,0.04480418935418129,0.05816831108604692
2010-10-05,Train,0.030987422913312912,0.02335883711188846
2010-10-06,Train,0.03686496987938881,0.03981310385329362
2010-10-07,Train,0.03071015141904354,0.03804899967458097
2010-10-08,Train,0.030981363728642464,0.03798993748037049
2010-10-11,Train,0.037501007318496704,0.04259591947731356
2010-10-12,Train,0.03160138055682182,0.03831566844061629
2010-10-13,Train,0.030506568029522896,0.03305617881657552
2010-10-14,Train,0.031606417149305344,0.0372868134944353
2010-10-15,Train,0.025082489475607872,0.01340063321453622
2010-10-18,Train,0.0256803035736084,0.01793376213109066
2010-10-19,Train,0.03466392681002617,0.03856747532944738
2010-10-20,Train,0.03473324328660965,0.03574920648854762
2010-10-21,Train,0.04169159010052681,0.04640275318648812
2010-10-22,Train,0.030138326808810234,0.03931058875465054
2010-10-25,Train,0.02216222509741783,0.03565238602002019
2010-10-26,Train,0.020317936316132545,0.02729198571896974
2010-10-27,Train,0.018436849117279053,0.02931601138634909
2010-10-28,Train,0.015964381396770477,0.02065013091413936
2010-10-29,Train,0.005394160281866789,0.006324224117045363
2010-11-01,Train,0.0002633108524605632,0.001723480476522932
2010-11-02,Train,-0.01411034632474184,-0.02519890199162178
2010-11-03,Train,-0.016902219504117966,-0.0267823834662877
2010-11-04,Train,-0.016247350722551346,-0.02310411600660389
2010-11-05,Train,-0.019801001995801926,-0.02235880359944808
2010-11-08,Train,-0.018029682338237762,-0.01544476749406698
2010-11-09,Train,-0.02026345580816269,-0.02581854159807762
2010-11-10,Train,-0.016725920140743256,-0.01116906692450192
2010-11-11,Train,-0.013738414272665977,-0.0114275121421068
2010-11-12,Train,0.003386078169569373,0.004189701537524293
2010-11-15,Train,6.5598615037743e-06,-0.004205720033023219
2010-11-16,Train,0.017891038209199905,0.0338191999604962
2010-11-17,Train,0.01209494099020958,0.04127909168802568
2010-11-18,Train,0.01901291310787201,0.02746516533143772
2010-11-19,Train,0.02283616177737713,0.02630069032423554
2010-11-22,Train,0.020922694355249405,0.01833304145720138
2010-11-23,Train,0.03245362266898155,0.03860192333418166
2010-11-24,Train,0.018916944041848183,0.01901359481436704
2010-11-26,Train,0.02657821588218212,0.03259429990113016
2010-11-29,Train,0.02882968820631504,0.02977431648878848
2010-11-30,Train,0.030504966154694557,0.04434634990447872
2010-12-01,Train,0.024495556950569153,0.01823653404300041
2010-12-02,Train,0.018339289352297783,0.01581988267374146
2010-12-03,Train,0.01453560870140791,0.01206611358394105
2010-12-06,Train,0.016515441238880157,0.01318482672773214
2010-12-07,Train,0.01808430626988411,0.01874532853583943
2010-12-08,Train,0.013272914104163647,0.01479288479981444
2010-12-09,Train,0.010712247341871262,0.01126917787391069
2010-12-10,Train,0.0071979910135269165,0.005138534972876085
2010-12-13,Train,0.006315798498690128,0.006813976741867789
2010-12-14,Train,0.008073306642472744,0.00716910622627287
2010-12-15,Train,0.006560968235135078,0.009231905491297487
2010-12-16,Train,0.0055077834986150265,-0.002198657796925074
2010-12-17,Train,0.011281738989055157,0.01449011204868489
2010-12-20,Train,0.015263929963111877,0.01301317937319957
2010-12-21,Train,0.022217346355319023,0.0154855583579887
2010-12-22,Train,0.02295912429690361,0.01895038412151751
2010-12-23,Train,0.024537591263651848,0.0206429890166131
2010-12-27,Train,0.021933572366833687,0.02391822826989443
2010-12-28,Train,0.02470678649842739,0.02725446731975878
2010-12-29,Train,0.02347145974636078,0.03230517299119184
2010-12-30,Train,0.028970615938305855,0.0351262712953242
2010-12-31,Train,0.03363041952252388,0.04663975318081737
2011-01-03,Train,0.024062449112534523,0.03344781103213723
2011-01-04,Train,0.022641243413090706,0.02243527869548534
2011-01-05,Train,0.013839378952980042,0.006637942603932467
2011-01-06,Train,0.0043418980203568935,-0.004291807432547645
2011-01-07,Train,0.005880008917301893,0.01038127514127596
2011-01-10,Train,0.008977054618299007,0.008024196389968763
2011-01-11,Train,0.0038879611529409885,0.011930234783885
2011-01-12,Train,0.005228580441325903,0.01096179131596609
2011-01-13,Train,-0.002674184972420335,-0.01502301628332259
2011-01-14,Train,-0.0029586046002805233,-0.01754385964912286
2011-01-18,Train,-0.0011413104366511106,-0.001924433356284228
2011-01-19,Train,0.011690168641507626,0.007963206092822972
2011-01-20,Train,0.015482242219150066,0.01693104175023286
2011-01-21,Train,0.021020444110035896,0.03053162273027921
2011-01-24,Train,0.016760965809226036,0.02125776344944308
2011-01-25,Train,0.020160842686891556,0.02653458398002573
2011-01-26,Train,0.018788279965519905,0.01935594648388705
2011-01-27,Train,0.013608284294605255,0.01469045379686462
2011-01-28,Train,0.02995842695236206,0.04862729421734202
2011-01-31,Train,0.025349820032715797,0.04607146126883377
2011-02-01,Train,0.016323111951351166,0.02541631520298981
2011-02-02,Train,0.024016305804252625,0.03370790053551764
2011-02-03,Train,0.02280609682202339,0.03154572719486648
2011-02-04,Train,0.012384946458041668,0.02352733441950483
2011-02-07,Train,-0.010698256082832813,-0.01075460069682244
2011-02-08,Train,-0.013876044191420078,-0.02533168080179771
2011-02-09,Train,-0.01310697477310896,-0.01847056256149582
2011-02-10,Train,-0.011824288405478,-0.006377092881171387
2011-02-11,Train,-0.01372277457267046,-0.01146471910831126
2011-02-14,Train,-0.016743019223213196,-0.02970299802115028
2011-02-15,Train,-0.018554404377937317,-0.02324787368122327
2011-02-16,Train,-0.018623603507876396,-0.01036006452591409
2011-02-17,Train,-0.01924201287329197,-0.01512061468602699
2011-02-18,Train,-0.020650651305913925,-0.02622170828419357
2011-02-22,Train,-0.007212758529931307,0.006838495493533436
2011-02-23,Train,-0.007411968894302845,0.008309713482924419
2011-02-24,Train,-0.010834994725883007,-0.01266270159997229
2011-02-25,Train,-0.015534543432295322,-0.02012141919703836
2011-02-28,Train,-0.019154967740178108,-0.02561882517758285
2011-03-01,Train,-0.027249135076999664,-0.02375085275328992
2011-03-02,Train,-0.03863115981221199,-0.05232757955386336
2011-03-03,Train,-0.040073610842227936,-0.06212457359612822
2011-03-04,Train,-0.039170507341623306,-0.06072106923652365
2011-03-07,Train,-0.023944338783621788,-0.02955059743470112
2011-03-08,Train,-0.025683144107460976,-0.0351793226659991
2011-03-09,Train,-0.017064033076167107,-0.02314570792702542
2011-03-10,Train,0.009940912015736103,0.009975086914487452
2011-03-11,Train,0.004008050542324781,0.006195759669352485
2011-03-14,Train,-0.0031324923038482666,0.004263596728834473
2011-03-15,Train,0.010866046883165836,0.02865381338067063
2011-03-16,Train,0.04144357889890671,0.05909504816380973
2011-03-17,Train,0.044850219041109085,0.05086914367203521
2011-03-18,Train,0.043896809220314026,0.05528004186148539
2011-03-21,Train,0.02835846319794655,0.03189190013988608
2011-03-22,Train,0.030449438840150833,0.03104688372982078
2011-03-23,Train,0.028673242777585983,0.02782263978698496
2011-03-24,Train,0.007294792216271162,0.009171083787772316
2011-03-25,Train,0.00605887733399868,0.001935267594234125
2011-03-28,Train,0.010684319771826267,0.004068628112558148
2011-03-29,Train,0.00269479863345623,-0.01243873294313103
2011-03-30,Train,0.0021526191849261522,-0.008718396047135424
2011-03-31,Train,0.00018930273654405028,-0.01184050673101766
2011-04-01,Train,-0.001294380403123796,-0.01409672070135193
2011-04-04,Train,-0.0027644368819892406,-0.01781037977319233
2011-04-05,Train,0.0025564252864569426,-0.009103649640886169
2011-04-06,Train,0.00778155168518424,0.01082785128809327
2011-04-07,Train,0.012179375626146793,0.01957355658845272
2011-04-08,Train,0.018273085355758667,0.027041279980623
2011-04-11,Train,0.016574345529079437,0.03629318946807492
2011-04-12,Train,0.023587260395288467,0.05055884943801736
2011-04-13,Train,0.025355253368616104,0.04010558760229399
2011-04-14,Train,0.03296272084116936,0.04105730098774774
2011-04-15,Train,0.04153291881084442,0.04095321504562355
2011-04-18,Train,0.03667913377285004,0.04337775336371519
2011-04-19,Train,0.0321585088968277,0.03533568999855086
2011-04-20,Train,0.014220432378351688,0.006910810362821262
2011-04-21,Train,0.002273122314363718,0.002228335066424725
2011-04-25,Train,0.0031218635849654675,0.003419335655717948
2011-04-26,Train,0.003969188779592514,0.006290359296233117
2011-04-27,Train,-0.005620834417641163,-0.007767694861328445
2011-04-28,Train,0.0018182219937443733,-0.0003382455166985876
2011-04-29,Train,-0.010831432417035103,-0.01134058840347563
2011-05-02,Train,-0.014068804681301117,-0.02662370124342184
2011-05-03,Train,-0.01431382354348898,-0.01925365956481251
2011-05-04,Train,-0.016512928530573845,-0.009556272579786085
2011-05-05,Train,-0.014813646674156189,-0.001201092935662285
2011-05-06,Train,-0.017633598297834396,-0.01197196422653046
2011-05-09,Train,-0.02267702855169773,-0.03015846820889467
2011-05-10,Train,-0.026136834174394608,-0.04426421680473758
2011-05-11,Train,-0.02749551087617874,-0.03352616511705941
2011-05-12,Train,-0.027194596827030182,-0.03332771443683813
2011-05-13,Train,-0.01947677880525589,-0.01677794118809173
2011-05-16,Train,0.003271276829764247,0.01672472228140687
2011-05-17,Train,-0.014119955711066723,-0.008165413646449515
2011-05-18,Train,-0.01890619844198227,-0.01430051374848684
2011-05-19,Train,-0.024062855169177055,-0.03195328362146821
2011-05-20,Train,-0.028430089354515076,-0.03254286053692734
2011-05-23,Train,-0.023808367550373077,-0.01985237684063168
2011-05-24,Train,-0.018145035952329636,-0.02085911811103902
2011-05-25,Train,-0.027511578053236008,-0.02289134030820394
2011-05-26,Train,-0.03308091312646866,-0.04375218807672765
2011-05-27,Train,-0.03419007360935211,-0.04858089675607924
2011-05-31,Train,-0.026013368740677834,-0.05174777974947453
2011-06-01,Train,-0.028302351012825966,-0.04904535346955363
2011-06-02,Train,-0.027866393327713013,-0.05471066777673628
2011-06-03,Train,-0.025745129212737083,-0.04543030395589875
2011-06-06,Train,-0.020231425762176514,-0.03256395982643912
2011-06-07,Train,-0.014059302397072315,-0.01003766560496966
2011-06-08,Train,-0.007984385825693607,-0.0101100842167261
2011-06-09,Train,-0.004574288614094257,-0.002703217180422546
2011-06-10,Train,0.013680490665137768,-0.004758388075356779
2011-06-13,Train,0.017839090898633003,0.01116399372557697
2011-06-14,Train,0.009006301872432232,0.0131911734771144
2011-06-15,Train,0.04178515076637268,0.03702336134900164
2011-06-16,Train,0.05419217422604561,0.05491858922793869
2011-06-17,Train,0.07460343092679977,0.07659414132293607
2011-06-20,Train,0.06883266568183899,0.076382487357598
2011-06-21,Train,0.05322839319705963,0.05721527926132874
2011-06-22,Train,0.05955683812499046,0.07951845066663621
2011-06-23,Train,0.05368613451719284,0.06667868840864877
2011-06-24,Train,0.06633070856332779,0.06583298907760571
2011-06-27,Train,0.04238039627671242,0.04108598113599404
2011-06-28,Train,0.03401971608400345,0.03014087098104601
2011-06-29,Train,0.0251618642359972,0.0140319880325559
2011-06-30,Train,0.019466208294034004,0.01402277384327921
2011-07-01,Train,0.00496398750692606,-0.006389206231388056
2011-07-05,Train,0.005979669280350208,0.0111683454065441
2011-07-06,Train,0.0035459271166473627,0.003596490609141689
2011-07-07,Train,-0.003402483416721225,-0.003378897666538205
2011-07-08,Train,0.0023888982832431793,0.00965610209404466
2011-07-11,Train,0.021148862317204475,0.02622499105889187
2011-07-12,Train,0.019558759406208992,0.03668290322599899
2011-07-13,Train,0.012491760775446892,0.005713328266002682
2011-07-14,Train,0.018441207706928253,0.01926779595692873
2011-07-15,Train,0.001848194282501936,0.002592939150136919
2011-07-18,Train,0.005791180767118931,0.003302026828048144
2011-07-19,Train,-0.04509845748543739,-0.04384023930760095
2011-07-20,Train,-0.03544382378458977,-0.03054602640681936
2011-07-21,Train,-0.07639428228139877,-0.08170882136592539
2011-07-22,Train,-0.10013154149055481,-0.09681202669110467
2011-07-25,Train,-0.12237140536308289,-0.1494619949237846
2011-07-26,Train,-0.11269892752170563,-0.110682578745541
2011-07-27,Train,-0.11182469874620438,-0.1244620334523141
2011-07-28,Train,-0.08713334798812866,-0.08747207892614728
2011-07-29,Train,-0.08308593928813934,-0.07637931560647904
2011-08-01,Train,-0.05573325604200363,-0.05837517683365323
2011-08-02,Train,-0.03911697492003441,-0.04211833859258074
2011-08-03,Train,-0.04469890892505646,-0.05685617785876163
2011-08-04,Train,-0.043363116681575775,-0.05944244996950776
2011-08-05,Train,-0.04254517704248428,-0.07059266064459946
2011-08-08,Train,-0.0007237793179228902,-0.007511386973099166
2011-08-09,Train,-0.016791433095932007,-0.0141429382852033
2011-08-10,Train,0.033543661236763,0.03598108522210608
2011-08-11,Train,-0.008047598414123058,-0.02391707494465101
2011-08-12,Train,-0.003914329223334789,-0.008213526772737567
2011-08-15,Train,0.0011400880757719278,0.004598969779120887
2011-08-16,Train,0.01396959275007248,0.01985157077055888
2011-08-17,Train,0.021200338378548622,0.02762223761960625
2011-08-18,Train,0.06977293640375137,0.07085378913237306
2011-08-19,Train,0.06820549815893173,0.06496102497098
2011-08-22,Train,0.06381382793188095,0.06134239966571076
2011-08-23,Train,0.037533294409513474,0.04514155825279276
2011-08-24,Train,0.030488349497318268,0.03226420207340275
2011-08-25,Train,0.03049657493829727,0.02604666074528716
2011-08-26,Train,0.02250232920050621,0.01373987441295998
2011-08-29,Train,-0.0004356656863819808,-0.0005493275766634831
2011-08-30,Train,0.007370574399828911,0.007094767709438399
2011-08-31,Train,0.004875054117292166,0.02034142578914033
2011-09-01,Train,0.0232275128364563,0.03720672155794014
2011-09-02,Train,0.05237056314945221,0.06250003579858632
2011-09-06,Train,0.05172007530927658,0.05760930084596216
2011-09-07,Train,0.008056293241679668,0.01354322267080743
2011-09-08,Train,-0.009307035245001316,-0.01489239874394832
2011-09-09,Train,0.019617991521954536,0.01823996267650863
2011-09-12,Train,0.010116888210177422,0.01708128775565765
2011-09-13,Train,0.005102251190692186,0.01410766979176414
2011-09-14,Train,-0.01606721431016922,-0.01499280747658605
2011-09-15,Train,-0.03072051890194416,-0.04093982243799754
2011-09-16,Train,-0.06501655280590057,-0.07245093590856966
2011-09-19,Train,-0.07187958806753159,-0.09662605832409932
2011-09-20,Train,-0.06844675540924072,-0.07398867882334048
2011-09-21,Train,-0.030354633927345276,-0.03340560225961231
2011-09-22,Train,0.010340264067053795,0.01586409938546218
2011-09-23,Train,0.005068778060376644,-0.001477411427522335
2011-09-26,Train,0.009535393677651882,0.02117560922346184
2011-09-27,Train,0.013015872798860073,0.01752486445246504
2011-09-28,Train,0.03388269990682602,0.03796075080071559
2011-09-29,Train,0.05484088137745857,0.06013358944951608
2011-09-30,Train,0.10625729709863663,0.1084015706755677
2011-10-03,Train,0.11245470494031906,0.1200625628261403
2011-10-04,Train,0.10877437889575958,0.1111324622413303
2011-10-05,Train,0.07394349575042725,0.06239492301052807
2011-10-06,Train,0.042975086718797684,0.0396839947694565
2011-10-07,Train,0.05536450073122978,0.05973736934467766
2011-10-10,Train,0.03037443943321705,0.04558461055342766
2011-10-11,Train,0.02876545861363411,0.01811080368058682
2011-10-12,Train,0.016977518796920776,0.01183749119620425
2011-10-13,Train,0.014032596722245216,0.03028710739822205
2011-10-14,Train,0.0014074861537665129,0.01306287929781247
2011-10-17,Train,0.00873363297432661,0.01169696225420913
2011-10-18,Train,-0.00931304506957531,-0.02672879818752216
2011-10-19,Train,0.0032703035976737738,0.0008791847722808832
2011-10-20,Train,0.008529217913746834,0.02668312983675003
2011-10-21,Train,0.004668411333113909,0.008726003606586596
2011-10-24,Train,-0.0032172880601137877,-0.004787187313369912
2011-10-25,Train,0.014032800681889057,0.02685735806468847
2011-10-26,Train,0.004670211113989353,-0.008032112463695618
2011-10-27,Train,-0.021452628076076508,-0.03517416734912049
2011-10-28,Train,-0.021383870393037796,-0.01849338612121976
2011-10-31,Train,-0.005834899842739105,-0.00793786157750731
2011-11-01,Train,0.009800595231354237,0.02994334660749787
2011-11-02,Train,-0.001809520646929741,0.004392129445576654
2011-11-03,Train,-0.040813446044921875,-0.03907051123379135
2011-11-04,Train,-0.04029519110918045,-0.04152245229862905
2011-11-07,Train,-0.055801235139369965,-0.06648340478873282
2011-11-08,Train,-0.06607285141944885,-0.07404892206621572
2011-11-09,Train,-0.05389567092061043,-0.06196092893281613
2011-11-10,Train,-0.0529925562441349,-0.06868611826394855
2011-11-11,Train,-0.053588975220918655,-0.05410539906614098
2011-11-14,Train,-0.047223757952451706,-0.05409637362241426
2011-11-15,Train,-0.031766947358846664,-0.02993293732143421
2011-11-16,Train,-0.01605532132089138,-0.006821749206566974
2011-11-17,Train,0.010627096518874168,0.01415004612073378
2011-11-18,Train,0.01973928138613701,0.03321299822940205
2011-11-21,Train,0.03884047642350197,0.05042329169622395
2011-11-22,Train,0.04612207040190697,0.04695527057587312
2011-11-23,Train,0.055354759097099304,0.05310561020337379
2011-11-25,Train,0.0739525705575943,0.07829045586280658
2011-11-28,Train,0.031406499445438385,0.03033625384467387
2011-11-29,Train,0.02810540422797203,0.02537692582406192
2011-11-30,Train,-0.019500982016324997,-0.02660046136257554
2011-12-01,Train,-0.030617747455835342,-0.0359280934252838
2011-12-02,Train,-0.029636170715093613,-0.03108439340753999
2011-12-05,Train,-0.036787617951631546,-0.05101331058732406
2011-12-06,Train,-0.024495121091604233,-0.02014718796405579
2011-12-07,Train,-0.025796297937631607,-0.03416259110697062
2011-12-08,Train,-0.013256588019430637,-0.009265867207068568
2011-12-09,Train,-0.014205013401806355,-0.01648541948724236
2011-12-12,Train,-0.006255060434341431,-0.002483139180492366
2011-12-13,Train,-0.00023972394410520792,-0.003048747741437152
2011-12-14,Train,0.025921888649463654,0.02004012208143346
2011-12-15,Train,0.030060667544603348,0.01991231492812817
2011-12-16,Train,0.03767284378409386,0.03718557952663271
2011-12-19,Train,0.04390683397650719,0.05191457493864671
2011-12-20,Train,0.025865603238344193,0.03003755222615845
2011-12-21,Train,0.044518012553453445,0.04861237535374863
2011-12-22,Train,0.040291208773851395,0.03633094448201968
2011-12-23,Train,0.03695261478424072,0.03495005386014971
2011-12-27,Train,0.036764055490493774,0.03413936898370395
2011-12-28,Train,0.04178713262081146,0.05036875749909853
2011-12-29,Train,0.044100891798734665,0.03911410182277653
2011-12-30,Train,0.04489696025848389,0.05158511837655011
2012-01-03,Train,0.03798163682222366,0.04551845488808848
2012-01-04,Train,0.03778969869017601,0.04760240199085275
2012-01-05,Train,0.036790236830711365,0.03749348766755589
2012-01-06,Train,0.035470861941576004,0.03425012100330305
2012-01-09,Train,0.036118004471063614,0.03575149967854463
2012-01-10,Train,0.038256626576185226,0.04117848642226751
2012-01-11,Train,0.03707458823919296,0.03541955602984204
2012-01-12,Train,0.03108985535800457,0.03442373963420198
2012-01-13,Train,0.03466305881738663,0.03901685193978466
2012-01-17,Train,0.03457971289753914,0.03099982495665832
2012-01-18,Train,0.03229714557528496,0.02571858692434148
2012-01-19,Train,0.02956579439342022,0.02255259706575474
2012-01-20,Train,0.036431048065423965,0.03814620648878919
2012-01-23,Train,0.03888695314526558,0.03696268691473992
2012-01-24,Train,0.034884776920080185,0.04105229139429101
2012-01-25,Train,0.037234239280223846,0.03359256609374883
2012-01-26,Train,0.03511165454983711,0.04466952129161017
2012-01-27,Train,0.03636007755994797,0.03427151726043109
2012-01-30,Train,0.03786555305123329,0.04301072690333352
2012-01-31,Train,0.03204592689871788,0.04427557176975228
2012-02-01,Train,0.030858902260661125,0.02867912138432871
2012-02-02,Train,0.031012102961540222,0.03953605652407965
2012-02-03,Train,0.025665950030088425,0.02224014641552174
2012-02-06,Train,0.025945961475372314,0.02596775177986399
2012-02-07,Train,0.020978961139917374,0.01915336562451286
2012-02-08,Train,0.019074605777859688,0.02049315742485081
2012-02-09,Train,0.01962045580148697,0.01669049816574963
2012-02-10,Train,0.025220749899744987,0.02529216904402842
2012-02-13,Train,0.021502846851944923,0.02616967059710573
2012-02-14,Train,0.020925892516970634,0.01898441061568534
2012-02-15,Train,0.023607246577739716,0.03425199451174632
2012-02-16,Train,0.019781284034252167,0.01948768910343701
2012-02-17,Train,0.018022265285253525,0.0121393132486487
2012-02-21,Train,0.015601908788084984,-0.0006288463314498838
2012-02-22,Train,0.01788095198571682,0.01168663719734697
2012-02-23,Train,0.019182080402970314,0.01584559609251479
2012-02-24,Train,0.01916925236582756,0.01657282010266758
2012-02-27,Train,0.015101710334420204,0.01561280175415325
2012-02-28,Train,0.020854122936725616,0.02411136416646564
2012-02-29,Train,0.0258443932980299,0.03229303032758191
2012-03-01,Train,0.026744898408651352,0.02711032325740836
2012-03-02,Train,0.02640501968562603,0.02543539119198379
2012-03-05,Train,0.03110332414507866,0.04345796025156567
2012-03-06,Train,0.04104531183838844,0.05568665931290795
2012-03-07,Train,0.0408334918320179,0.04776780057147811
2012-03-08,Train,0.03749716281890869,0.03444020628468869
2012-03-09,Train,0.03225520998239517,0.02952946627911879
2012-03-12,Train,0.03579194098711014,0.04704069815583289
2012-03-13,Train,0.0231619905680418,0.02942947306631538
2012-03-14,Train,0.017082516103982925,0.02180786019286107
2012-03-15,Train,0.013155004940927029,0.01499700053124298
2012-03-16,Train,0.014866294339299202,0.01548416206660708
2012-03-19,Train,0.012780326418578625,0.01880880991805367
2012-03-20,Train,0.010288634337484837,0.01668905880488514
2012-03-21,Train,0.008699816651642323,0.002681768441747279
2012-03-22,Train,0.0064765396527945995,0.01104804160468786
2012-03-23,Train,-0.004084825050085783,0.004033412507009393
2012-03-26,Train,-0.0209482591599226,-0.02907067008060882
2012-03-27,Train,-0.020491359755396843,-0.02580269989522865
2012-03-28,Train,-0.015529331751167774,-0.01074482382545061
2012-03-29,Train,-0.019068732857704163,-0.02201533476730178
2012-03-30,Train,-0.02206028811633587,-0.03108817185258406
2012-04-02,Train,-0.020566966384649277,-0.0215384794242216
2012-04-03,Train,-0.020418480038642883,-0.02374326054341902
2012-04-04,Train,-0.02340388111770153,-0.02139676636119614
2012-04-05,Train,-0.02464340068399906,-0.03012405314168365
2012-04-09,Train,-0.02357436716556549,-0.03169167210880164
2012-04-10,Train,-0.01305335946381092,-0.02117033047981887
2012-04-11,Train,-0.0034662852995097637,0.0
2012-04-12,Train,-0.0055063036270439625,-0.005505174105373767
2012-04-13,Train,0.005493989214301109,0.01586335373371184
2012-04-16,Train,0.009140820242464542,0.02001535903850749
2012-04-17,Train,0.0013975363690406084,0.001347768327798482
2012-04-18,Train,0.0023118637036532164,0.006755696503810693
2012-04-19,Train,-0.0003340748662594706,0.007439991789075728
2012-04-20,Train,-0.009182555601000786,-0.01492087929933161
2012-04-23,Train,-0.006557804066687822,-0.004917020372170899
2012-04-24,Train,-0.004623184446245432,-0.003244348879594017
2012-04-25,Train,-0.033951546996831894,-0.03205413621127806
2012-04-26,Train,-0.0351618267595768,-0.03964682887006876
2012-04-27,Train,-0.038737088441848755,-0.0455085909549463
2012-04-30,Train,-0.03946219012141228,-0.04763331640832891
2012-05-01,Train,-0.04389261081814766,-0.05234041679288193
2012-05-02,Train,-0.05713990330696106,-0.06143750494898115
2012-05-03,Train,-0.05842472240328789,-0.07143930629656758
2012-05-04,Train,-0.03193892538547516,-0.06012358204689006
2012-05-07,Train,-0.02804652787744999,-0.03474372669049808
2012-05-08,Train,-0.02296941913664341,-0.03223803664876579
2012-05-09,Train,-0.029872901737689972,-0.02736315811386469
2012-05-10,Train,-0.02820832096040249,-0.03178066424579895
2012-05-11,Train,-0.029850013554096222,-0.03287629480084941
2012-05-14,Train,-0.020330160856246948,-0.01132433469593663
2012-05-15,Train,-0.014884558506309986,-0.01641150573393491
2012-05-16,Train,-0.014209041371941566,-0.01398152641593065
2012-05-17,Train,-0.007297820411622524,-0.0194773697622368
2012-05-18,Train,0.0018444014713168144,0.0009866396520112897
2012-05-21,Train,-0.010936264880001545,-0.02223643300226452
2012-05-22,Train,-0.008478265255689621,0.001281259333988372
2012-05-23,Train,-0.005237285979092121,-0.004635564404753323
2012-05-24,Train,0.002003392204642296,0.01158483327962689
2012-05-25,Train,0.0009444566676393151,-0.004188792054317991
2012-05-29,Train,-0.004877111874520779,-0.004772498156978111
2012-05-30,Train,0.0013268478214740753,-0.003208739885513845
2012-05-31,Train,0.00552439596503973,0.004834019181792382
2012-06-01,Train,0.03766912221908569,0.04270819131884518
2012-06-04,Train,0.039039772003889084,0.04452115897361009
2012-06-05,Train,0.03560313954949379,0.05104710383522515
2012-06-06,Train,0.017384517937898636,0.02831094761362674
2012-06-07,Train,0.007744728587567806,0.006744791486394508
2012-06-08,Train,0.0038297756109386683,0.007634794820918778
2012-06-11,Train,0.008390979841351509,0.005177150747686099
2012-06-12,Train,0.009138374589383602,-0.0006394008096108905
2012-06-13,Train,0.011773851700127125,0.01239337589773237
2012-06-14,Train,0.007215868216007948,-0.002565744801893866
2012-06-15,Train,0.010019617155194283,0.01857440788166453
2012-06-18,Train,0.00896426197141409,0.01211067349624262
2012-06-19,Train,0.01158735528588295,0.01011833044044197
2012-06-20,Train,0.007717412896454334,0.0099548822606077
2012-06-21,Train,0.01134730689227581,0.02281072182483346
2012-06-22,Train,0.010597985237836838,0.0102604821078951
2012-06-25,Train,0.014559405855834484,0.01995811753503873
2012-06-26,Train,0.009690705686807632,0.00799744076038178
2012-06-27,Train,0.006016780622303486,-0.00747219728619164
2012-06-28,Train,0.015135476365685463,0.01897106576691332
2012-06-29,Train,5.129841156303883e-06,-0.01496263784873919
2012-07-02,Train,0.0003291610919404775,-0.01274280830253616
2012-07-03,Train,-0.002225597156211734,-0.007705347583648825
2012-07-05,Train,-0.00040265906136482954,0.002618176007181727
2012-07-06,Train,0.0014124014414846897,0.001871414723136455
2012-07-09,Train,-6.726855644956231e-05,-0.008437514305114746
2012-07-10,Train,0.0034675418864935637,-0.006469936157846745
2012-07-11,Train,0.008195328526198864,-0.007616622322274114
2012-07-12,Train,0.015536925755441189,0.0150568416164345
2012-07-13,Train,0.01989041641354561,0.02350901945971051
2012-07-16,Train,0.02153855189681053,0.02563289418241177
2012-07-17,Train,0.012598772533237934,0.01999062327819234
2012-07-18,Train,0.015038581565022469,0.00341669859898297
2012-07-19,Train,0.012026666663587093,-0.01105992684453505
2012-07-20,Train,0.02829824574291706,0.02117062041682582
2012-07-23,Train,0.04440696910023689,0.04160099949157403
2012-07-24,Train,0.0502653531730175,0.05860868003596087
2012-07-25,Train,0.0546550415456295,0.06523827584469566
2012-07-26,Train,0.044829852879047394,0.05444217801940932
2012-07-27,Train,0.03148731216788292,0.03067670386177657
2012-07-30,Train,0.03464483469724655,0.03394009501079731
2012-07-31,Train,0.03352395445108414,0.03472222058697838
2012-08-01,Train,0.029508911073207855,0.0403962325599081
2012-08-02,Train,0.03295155614614487,0.05653929085023668
2012-08-03,Train,0.02864350564777851,0.04146343420687959
2012-08-06,Train,0.02692936174571514,0.0350983320481093
2012-08-07,Train,0.022976890206336975,0.02250562589135985
2012-08-08,Train,0.02174612693488598,0.02716898054596095
2012-08-09,Train,0.01712670736014843,0.01571390386940008
2012-08-10,Train,0.02161889150738716,0.02138797924202196
2012-08-13,Train,0.018178347498178482,0.02059094228491376
2012-08-14,Train,0.017212852835655212,0.02013420451418901
2012-08-15,Train,0.01316437404602766,0.01755430353685195
2012-08-16,Train,0.006192111410200596,-0.004557447425651229
2012-08-17,Train,0.005223657935857773,-0.00234186231600586
2012-08-20,Train,0.005700553301721811,-0.004823178016459928
2012-08-21,Train,0.008133570663630962,-0.001907628465175226
2012-08-22,Train,0.010533706285059452,0.0160747986148686
2012-08-23,Train,0.011516904458403587,0.0229850817071362
2012-08-24,Train,0.008054333738982677,0.003660858056060645
2012-08-27,Train,0.008398247882723808,0.0004385786349072607
2012-08-28,Train,0.00982375256717205,0.003362510561524479
2012-08-30,Train,0.0137698445469141,0.03647912057452007
2012-08-31,Train,0.018235480412840843,0.03007622230370988
2012-09-04,Train,0.020078904926776886,0.03201645502164108
2012-09-05,Train,0.015760913491249084,0.03498978242091844
2012-09-06,Train,0.008418108336627483,0.01150586891705818
2012-09-07,Train,0.004272706340998411,0.01037017452885491
2012-09-10,Train,0.004130777902901173,0.01750797975216156
2012-09-11,Train,-0.0026744678616523743,0.004822473032047192
2012-09-12,Train,-0.003522370243445039,-0.006265486265255027
2012-09-13,Train,-0.008128167130053043,-0.006037926734996368
2012-09-14,Train,-0.010408827103674412,-0.02294101743161181
2012-09-17,Train,-0.01561239268630743,-0.0247827643705858
2012-09-18,Train,-0.018955368548631668,-0.02276929771675129
2012-09-19,Train,-0.017747877165675163,-0.01832387624385412
2012-09-20,Train,-0.015014056116342545,-0.01393435705131552
2012-09-21,Train,-0.019520781934261322,-0.01667851950813848
2012-09-24,Train,-0.019529519602656364,-0.01993116478672208
2012-09-25,Train,-0.020517095923423767,-0.02181500804825642
2012-09-26,Train,-0.020887987688183784,-0.0187683113867041
2012-09-27,Train,-0.022048456594347954,-0.03514608514068918
2012-09-28,Train,-0.02310793101787567,-0.02756306545223886
2012-10-01,Train,-0.01972769945859909,-0.01898646164131701
2012-10-02,Train,-0.0204924363642931,-0.008009253488112211
2012-10-03,Train,-0.02438664622604847,-0.01490375879323314
2012-10-04,Train,-0.025959717109799385,-0.02970436343069949
2012-10-05,Train,-0.026814399287104607,-0.04783999552279106
2012-10-08,Train,-0.028067706152796745,-0.03408927407565165
2012-10-09,Train,-0.02409704029560089,-0.02780259719282296
2012-10-10,Train,-0.02508317306637764,-0.0262999784069432
2012-10-11,Train,-0.025868691504001617,-0.02323482901567087
2012-10-12,Train,-0.02198437601327896,-0.01994603816688123
2012-10-15,Train,-0.024919621646404266,-0.03305048803365163
2012-10-16,Train,-0.024103499948978424,-0.03302994582032504
2012-10-17,Train,-0.025107190012931824,-0.04274388342895108
2012-10-18,Train,-0.023046135902404785,-0.02511520907137155
2012-10-19,Train,-0.014596105553209782,0.0006090273346754937
2012-10-22,Train,-0.024879585951566696,-0.02802178988470738
2012-10-23,Train,-0.027358703315258026,-0.03410306718230904
2012-10-24,Train,-0.02168867737054825,-0.02655008071983267
2012-10-25,Train,-0.03576026111841202,-0.02670358188110233
2012-10-26,Train,-0.03641011565923691,-0.03626624310975768
2012-10-31,Train,-0.036246199160814285,-0.041724332518983
2012-11-01,Train,-0.04123873636126518,-0.05829670270485021
2012-11-02,Train,-0.037171751260757446,-0.04403865294647769
2012-11-05,Train,-0.029504727572202682,-0.02774389843228731
2012-11-06,Train,-0.03205595910549164,-0.0292148805231266
2012-11-07,Train,-0.0035986239090561867,-0.00374003226769104
2012-11-08,Train,0.026514463126659393,0.02754910833867097
2012-11-09,Train,0.027127187699079514,0.02758946857292077
2012-11-12,Train,0.027934297919273376,0.02428257584342597
2012-11-13,Train,0.03693351149559021,0.04033021783569057
2012-11-14,Train,0.05572770535945892,0.05896532591052761
2012-11-15,Train,0.059930745512247086,0.06077711343949299
2012-11-16,Train,0.05049348250031471,0.05409308143105163
2012-11-19,Train,0.024481676518917084,0.02900593461161383
2012-11-20,Train,0.01839926466345787,0.01724141539141866
2012-11-21,Train,0.015179499983787537,0.02174252124218912
2012-11-23,Train,0.0018459626007825136,0.0004622307949393445
2012-11-26,Train,0.0017835611943155527,-0.0009204903085737737
2012-11-27,Train,0.010858660563826561,0.01554806266110131
2012-11-28,Train,0.003681306494399905,0.004731459155547624
2012-11-29,Train,-0.00599675951525569,-0.009103414810771149
2012-11-30,Train,-0.00415872922167182,-0.01686930940532694
2012-12-03,Train,0.0046791681088507175,-0.001827244107404979
2012-12-04,Train,0.007834304124116898,0.01401806851808041
2012-12-05,Train,0.017031308263540268,0.02095532478237705
2012-12-06,Train,0.010103211738169193,0.01439072942127906
2012-12-07,Train,0.006964880041778088,0.004158272628945081
2012-12-10,Train,0.0008687605732120574,-0.000767860099029849
2012-12-11,Train,-0.011756309308111668,-0.02228287393515771
2012-12-12,Train,-0.013666246086359024,-0.02172262289838178
2012-12-13,Train,-0.013108480721712112,-0.02342671622249282
2012-12-14,Train,0.0045754010789096355,0.006801589046317558
2012-12-17,Train,0.01123697217553854,0.02517153042970199
2012-12-18,Train,0.006527637131512165,0.004507819813771796
2012-12-19,Train,0.0090412562713027,0.005583988911240789
2012-12-20,Train,0.011507568880915642,0.005885894613263165
2012-12-21,Train,0.017797566950321198,0.02024539504000411
2012-12-24,Train,0.023048315197229385,0.02612566399592908
2012-12-26,Train,0.03716814145445824,0.04139532044876448
2012-12-27,Train,0.0364733450114727,0.0444099463134684
2012-12-28,Train,0.040245648473501205,0.04985889567323132
2012-12-31,Train,0.020184092223644257,0.02303086232544382
2013-01-02,Train,0.0020786873064935207,-0.004464217797425452
2013-01-03,Train,0.002339430619031191,0.005534820568848131
2013-01-04,Train,0.004343078937381506,0.00660366891105757
2013-01-07,Train,0.0014208739157766104,0.00795196949982202
2013-01-08,Train,0.005241737235337496,0.01608538407729676
2013-01-09,Train,0.005706200376152992,-0.001647341418107628
2013-01-10,Train,0.004437312483787537,-0.002530864576142045
2013-01-11,Train,0.0010861086193472147,-0.001635453566129264
2013-01-14,Train,0.003397721331566572,0.002986926230157172
2013-01-15,Train,0.006208258680999279,0.005853210351564719
2013-01-16,Train,0.002056645229458809,-0.0004484122363624943
2013-01-17,Train,0.003072381019592285,0.006545707132042278
2013-01-18,Train,0.0012351635377854109,-0.008796724922844334
2013-01-22,Train,0.001770335715264082,0.004167888925646457
2013-01-23,Train,-0.00154437858145684,-0.005178258515822542
2013-01-24,Train,0.002282645320519805,0.009600950412371745
2013-01-25,Train,0.00514500867575407,0.01477608751894821
2013-01-28,Train,0.0039759143255651,0.01280715697407886
2013-01-29,Train,0.004683053120970726,0.00848718975198337
2013-01-30,Train,0.005271214991807938,0.01417494218473681
2013-01-31,Train,0.012339591979980469,0.01615065286826778
2013-02-01,Train,0.0027140998281538486,0.001330126116162456
2013-02-04,Train,0.009865690022706985,0.02647404359152117
2013-02-05,Train,0.00026751129189506173,-0.004002322068346276
2013-02-06,Train,-0.005654511973261833,-0.01145146739335778
2013-02-07,Train,-0.003518129466101527,-0.002377468868557386
2013-02-08,Train,-0.011644205078482628,-0.02470952137021643
2013-02-11,Train,-0.014234185218811035,-0.02132046069829885
2013-02-12,Train,-0.009863059036433697,-0.00723468874764055
2013-02-13,Train,-0.0034114138688892126,-0.0127998047808926
2013-02-14,Train,-0.000606105662882328,-0.00838851685686448
2013-02-15,Train,0.0005009478190913796,-0.001033205827663752
2013-02-19,Train,-0.00034296518424525857,0.006447867162666876
2013-02-20,Train,0.012496450915932655,0.0196457753662882
2013-02-21,Train,0.023394422605633736,0.03339854340203718
2013-02-22,Train,0.0188505370169878,0.02427758814768888
2013-02-25,Train,0.029069071635603905,0.04011466988456625
2013-02-26,Train,0.02655738592147827,0.03245197928692667
2013-02-27,Train,0.02224305272102356,0.02067221049686263
2013-02-28,Train,0.020722882822155952,0.02622954062971039
2013-03-01,Train,0.015721715986728668,0.01677062821125563
2013-03-04,Train,0.010258020833134651,0.01004728578767122
2013-03-05,Train,0.008128337562084198,-0.006552081337254712
2013-03-06,Train,0.006669868249446154,0.002919237220931681
2013-03-07,Train,-0.0017946421867236495,-0.01106423219126773
2013-03-08,Train,-0.0010416972218081355,-0.002617424952192859
2013-03-11,Train,-0.0009753089398145676,-0.009134476898100874
2013-03-12,Train,-0.001689435914158821,-0.0001455491276600718
2013-03-13,Train,0.004741979297250509,0.002477135438488931
2013-03-14,Train,0.002902819775044918,0.001597452938956634
2013-03-15,Train,0.0049733747728168964,-0.0001459952695750388
2013-03-18,Train,0.007661596406251192,0.009947341999771986
2013-03-19,Train,0.00251178746111691,0.002638140060379879
2013-03-20,Train,0.001958755310624838,-0.00407508052725547
2013-03-21,Train,0.005270056892186403,-0.001030468048134003
2013-03-22,Train,0.0024939454160630703,-0.005394301457093187
2013-03-25,Train,0.010465322062373161,0.004975182696880687
2013-03-26,Train,0.00892072543501854,0.01906560291149506
2013-03-27,Train,0.006606212351471186,0.0172964354538836
2013-03-28,Train,0.00717976363375783,0.01406410328454455
2013-04-01,Train,0.007268715649843216,0.0008758767677918833
2013-04-02,Train,0.004602213855832815,0.006228277802341031
2013-04-03,Train,0.004653457552194595,-0.004385368158136504
2013-04-04,Train,-0.0001542053505545482,-0.0184130079002085
2013-04-05,Train,0.005366784520447254,0.003389267985122624
2013-04-08,Train,0.009471754543483257,0.008355316397315349
2013-04-09,Train,0.0064906952902674675,0.01121136633146436
2013-04-10,Train,-0.001951752114109695,-0.008568958910118774
2013-04-11,Train,0.0005281619960442185,-0.002857507563173045
2013-04-12,Train,7.20206371624954e-05,-0.005290287870550303
2013-04-15,Train,0.016200736165046692,0.02406653419829485
2013-04-16,Train,0.013783132657408714,0.01799337812056168
2013-04-17,Train,0.03356575220823288,0.0334752423853355
2013-04-18,Train,0.05503173545002937,0.0611880411253567
2013-04-19,Train,0.05068492889404297,0.05918646828372331
2013-04-22,Train,0.05020707845687866,0.05247856610417223
2013-04-23,Train,0.04312664642930031,0.04190070251951283
2013-04-24,Train,0.043951719999313354,0.04739269666243096
2013-04-25,Train,0.04102160036563873,0.04040693018814401
2013-04-26,Train,0.04607011750340462,0.05002160948970791
2013-04-29,Train,0.03188110142946243,0.04173195190688683
2013-04-30,Train,0.03387442231178284,0.03959269476855698
2013-05-01,Train,0.03275091201066971,0.04659751112001342
2013-05-02,Train,0.029055915772914886,0.0324073737114694
2013-05-03,Train,0.02174830250442028,0.03022740186014627
2013-05-06,Train,0.02314615622162819,0.02472376903041251
2013-05-07,Train,0.021646149456501007,0.02639574373416465
2013-05-08,Train,0.013562086038291454,0.01251552294825586
2013-05-09,Train,0.01573043130338192,0.01156860392273384
2013-05-10,Train,0.010392636992037296,0.004928139566215961
2013-05-13,Train,0.007415967993438244,0.01025430689443163
2013-05-14,Train,0.0027511443477123976,0.000272092945788005
2013-05-15,Train,0.0005355252651497722,0.003529281155053354
2013-05-16,Train,-0.006152974907308817,-0.00462014342723327
2013-05-17,Train,-0.013530646450817585,-0.01238231171671633
2013-05-20,Train,-0.014445723965764046,-0.0160399299399685
2013-05-21,Train,-0.017989283427596092,-0.02989085352969167
2013-05-22,Train,-0.01267170812934637,-0.01657159977163636
2013-05-23,Train,-0.0016959859058260918,-0.0008168490277273843
2013-05-24,Train,0.0005383245879784226,0.0001361463879219205
2013-05-28,Train,-0.00953424908220768,-0.01624031612064547
2013-05-29,Train,-0.010030392557382584,-0.02298072369277626
2013-05-30,Train,-0.010839984752237797,-0.01582575631158767
2013-05-31,Train,-0.01248900406062603,-0.01324233748400172
2013-06-03,Train,-0.009206184186041355,-0.005450993614826594
2013-06-04,Train,-0.0006869772914797068,0.007945230562393046
2013-06-05,Train,-0.00040430709486827254,0.009854254745313762
2013-06-06,Train,-0.007712210062891245,-0.01892268947110909
2013-06-07,Train,-0.02182806469500065,-0.04033245822441256
2013-06-10,Train,-0.03932017460465431,-0.050258715663827
2013-06-11,Train,-0.03196105733513832,-0.03370483553926984
2013-06-12,Train,-0.005996586289256811,-0.0136394676179713
2013-06-13,Train,-0.022002914920449257,-0.02185272018420437
2013-06-14,Train,-0.020203491672873497,-0.01397346642623021
2013-06-17,Train,-0.01836147904396057,-0.0174020856953041
2013-06-18,Train,-0.018723372370004654,-0.02500684862049807
2013-06-19,Train,-0.008008132688701153,-0.0100330309991854
2013-06-20,Train,0.028822164982557297,0.02182180879059215
2013-06-21,Train,0.03495235741138458,0.03152067600573294
2013-06-24,Train,0.048129063099622726,0.04818575676467307
2013-06-25,Train,0.04753579944372177,0.0465547319463635
2013-06-26,Train,0.04963228106498718,0.05785238204070531
2013-06-27,Train,0.049510322511196136,0.0580301389499629
2013-06-28,Train,0.04357913136482239,0.05893089343992997
2013-07-01,Train,0.04461917653679848,0.05103895842751283
2013-07-02,Train,0.046578507870435715,0.05324783675179634
2013-07-03,Train,0.04309998080134392,0.04636962409952372
2013-07-05,Train,0.032738614827394485,0.02769350311556384
2013-07-08,Train,0.03278321400284767,0.02973153458152966
2013-07-09,Train,0.0241103433072567,0.01600774192039878
2013-07-10,Train,0.013072707690298557,0.01346752598285672
2013-07-11,Train,0.004351943265646696,0.0
2013-07-12,Train,0.003292370354756713,0.0009296107833633993
2013-07-15,Train,0.002307186834514141,-0.003180043194483173
2013-07-16,Train,0.005697431042790413,0.003449575392880488
2013-07-17,Train,0.008099319413304329,0.002779236252751449
2013-07-18,Train,0.01274321973323822,0.01552339294558891
2013-07-19,Train,0.026228852570056915,0.03190782946323178
2013-07-22,Train,0.02036464959383011,0.02954149387241611
2013-07-23,Train,0.021928898990154266,0.0309721970939878
2013-07-24,Train,0.01799737475812435,0.02577178750262155
2013-07-25,Train,0.013103937730193138,0.02440978793194049
2013-07-26,Train,0.014816329814493656,0.014859958556102
2013-07-29,Train,0.014817348681390285,0.01914123019747271
2013-07-30,Train,0.01570124179124832,0.01943674830209896
2013-07-31,Train,0.011560674756765366,0.01372576166825668
2013-08-01,Train,-0.004320104606449604,-0.01345699982984871
2013-08-02,Train,-0.01152914110571146,-0.01935816344210683
2013-08-05,Train,-0.012629051692783833,-0.02168265699470984
2013-08-06,Train,-0.010938534513115883,-0.01149421736520406
2013-08-07,Train,-0.01117581594735384,-0.01308558000471616
2013-08-08,Train,-0.00964378658682108,-0.0083333250549108
2013-08-09,Train,6.345855217659846e-05,0.002353252846161169
2013-08-12,Train,-0.0088626928627491,0.0005217284007128509
2013-08-13,Train,-0.015249780379235744,-0.02542151910846713
2013-08-14,Train,-0.010968728922307491,-0.01796637543654722
2013-08-15,Train,0.007571479305624962,0.005959434982273359
2013-08-16,Train,0.011041468940675259,-0.0001325137226501072
2013-08-19,Train,0.012739429250359535,0.007299310721906815
2013-08-20,Train,0.016079477965831757,0.01360992039037345
2013-08-21,Train,0.01983533799648285,0.01882787328852009
2013-08-22,Train,0.01772909052670002,0.01011024955411721
2013-08-23,Train,0.01826506480574608,0.01512982509212102
2013-08-26,Train,0.019542492926120758,0.01955416527053022
2013-08-27,Train,0.03434908390045166,0.03886076913313863
2013-08-28,Train,0.03395955637097359,0.03420392178995724
2013-08-29,Train,0.030507169663906097,0.02764610978714943
2013-08-30,Train,0.030843112617731094,0.03153567265035484
2013-09-03,Train,0.029337238520383835,0.03254283492815158
2013-09-04,Train,0.024577030912041664,0.03389386657739357
2013-09-05,Train,0.023768296465277672,0.03461743608644219
2013-09-06,Train,0.02423904463648796,0.02677755817524874
2013-09-09,Train,0.01788395084440708,0.01284851569412382
2013-09-10,Train,0.013822541572153568,0.007927410226822529
2013-09-11,Train,0.0082834018394351,0.006405329434255869
2013-09-12,Train,0.01129200030118227,0.01486983721252977
2013-09-13,Train,0.012711146846413612,0.01293879282371657
2013-09-16,Train,0.016663890331983566,0.01323055619120228
2013-09-17,Train,0.010538741946220398,0.01671554820317889
2013-09-18,Train,0.0007423094939440489,0.004287025315238058
2013-09-19,Train,-0.0027099596336483955,-0.009811305399960668
2013-09-20,Train,0.002675437368452549,0.005190576948951087
2013-09-23,Train,0.0018870127387344837,-0.001141747623931932
2013-09-24,Train,-0.005351003725081682,-0.02042370383045344
2013-09-25,Train,-0.0009352756896987557,-0.0201119431105089
2013-09-26,Train,-0.001320406561717391,-0.007073355709807383
2013-09-27,Train,0.006200821604579687,0.002023569782811707
2013-09-30,Train,0.010988861322402954,0.0115365579842226
2013-10-01,Train,0.0027722909580916166,-0.002510001850855925
2013-10-02,Train,0.006530466955155134,0.009165043484674396
2013-10-03,Train,0.025220781564712524,0.02693083186373157
2013-10-04,Train,0.028893260285258293,0.03463476003969213
2013-10-07,Train,0.039777688682079315,0.04559314280775495
2013-10-08,Train,0.06229890510439873,0.06772851132948277
2013-10-09,Train,0.05546699836850166,0.06456213788747456
2013-10-10,Train,0.03920004889369011,0.04706776389154443
2013-10-11,Train,0.036601513624191284,0.04632081299317714
2013-10-14,Train,0.03126389533281326,0.03922793855750983
2013-10-15,Train,0.03445114940404892,0.04504270320149462
2013-10-16,Train,0.022444795817136765,0.03234643185316943
2013-10-17,Train,0.018344305455684662,0.02412177963846251
2013-10-18,Train,0.006265045143663883,0.00803403555028459
2013-10-21,Train,0.008345939218997955,0.007287725747320062
2013-10-22,Train,0.0058482326567173,0.006913277330768519
2013-10-23,Train,0.009552224539220333,0.01281272838144187
2013-10-24,Train,0.0012739051599055529,-0.01056973809977557
2013-10-25,Train,-0.002222339389845729,-0.004342588705974593
2013-10-28,Train,-0.002759015653282404,-0.006150440401564539
2013-10-29,Train,0.0018148807575926185,-0.006260494321584598
2013-10-30,Train,0.011897929012775421,0.006748584429250526
2013-10-31,Train,0.012132859788835049,0.01219956667546129
2013-11-01,Train,0.007927082479000092,0.01388723052509699
2013-11-04,Train,0.005952876061201096,0.00253224507053984
2013-11-05,Train,0.005772164091467857,-0.001445376078529681
2013-11-06,Train,0.0043623186647892,-0.003614494599491702
2013-11-07,Train,0.022124692797660828,0.02578583510765475
2013-11-08,Train,0.018525606021285057,0.01756720295806802
2013-11-11,Train,0.017773086205124855,0.02159930469843285
2013-11-12,Train,0.022792264819145203,0.02532101180892354
2013-11-13,Train,0.01905970275402069,0.02011013031798425
2013-11-14,Train,0.017517197877168655,0.02303102905597454
2013-11-15,Train,0.01975238136947155,0.01810391006473999
2013-11-18,Train,0.017814256250858307,0.02730339534671167
2013-11-19,Train,0.01927371323108673,0.03124241604606137
2013-11-20,Train,0.018250808119773865,0.0324062926731794
2013-11-21,Train,0.015529603697359562,0.02944696022879056
2013-11-22,Train,0.01744179055094719,0.02809859114628677
2013-11-25,Train,0.01705658808350563,0.02494356115006213
2013-11-26,Train,0.008335568010807037,0.006498913737535306
2013-11-27,Train,0.003086850279942155,-0.003050952035979382
2013-11-29,Train,0.0008140739519149065,-0.01026484134321837
2013-12-02,Train,0.004584319423884153,-0.001871825641387215
2013-12-03,Train,0.00433179410174489,-0.003044164911396807
2013-12-04,Train,0.004412906244397163,0.007603246486386661
2013-12-05,Train,0.005288245622068644,0.006090469538403642
2013-12-06,Train,0.005744771100580692,0.005813953488372103
2013-12-09,Train,0.00864741113036871,0.01227568276455693
2013-12-10,Train,0.0104576600715518,0.01344299478974875
2013-12-11,Train,0.01944587752223015,0.0300539745177506
2013-12-12,Train,0.023981066420674324,0.03013179833074675
2013-12-13,Train,0.02475999854505062,0.02993519105721654
2013-12-16,Train,0.02313043922185898,0.03094232769680372
2013-12-17,Train,0.01989140547811985,0.0248971823746027
2013-12-18,Train,0.0019051390700042248,0.005804504336461402
2013-12-19,Train,0.00127055449411273,0.00488938488340751
2013-12-20,Train,-2.330449569853954e-05,0.00716766181019679
2013-12-23,Train,-0.002848912263289094,-0.001144103641754879
2013-12-24,Train,2.911235969804693e-05,-0.004917099144443382
2013-12-26,Train,-0.0007774071418680251,-0.005014757496288991
2013-12-27,Train,0.0014305532677099109,-0.01725313716583154
2013-12-30,Train,0.0038015039172023535,0.002975193249186159
2013-12-31,Train,0.005354736465960741,0.00466125132306594
2014-01-02,Train,0.008170375600457191,0.01271915495644471
2014-01-03,Train,0.013294795528054237,0.01431207147397195
2014-01-06,Train,0.01294524222612381,0.0258341446341237
2014-01-07,Train,0.011269692331552505,0.01905413200621098
2014-01-08,Train,0.005813903175294399,0.01340059364398272
2014-01-09,Train,0.0021915717516094446,-0.003217637210966129
2014-01-10,Train,-0.0002700848854146898,-0.01603667212988391
2014-01-13,Train,0.003985803574323654,-0.001860291339790265
2014-01-14,Train,-0.018781034275889397,-0.03103252907417275
2014-01-15,Train,-0.016875287517905235,-0.02116105792080403
2014-01-16,Train,-0.018766680732369423,-0.02387418732658941
2014-01-17,Train,-0.0194413885474205,-0.04085112027869342
2014-01-21,Train,-0.028672149404883385,-0.04110671105816721
2014-01-22,Train,-0.034474216401576996,-0.04606889382886992
2014-01-23,Train,-0.029677534475922585,-0.03062846531475438
2014-01-24,Train,0.0018122373148798943,0.006456135598110091
2014-01-27,Train,0.016864286735653877,0.02211876009462577
2014-01-28,Train,0.022686516866087914,0.03436231368747178
2014-01-29,Train,0.036359965801239014,0.04756859650312673
2014-01-30,Train,0.023583844304084778,0.03618493934587241
2014-01-31,Train,0.026812855154275894,0.04103397534804309
2014-02-03,Train,0.04684044420719147,0.07070825744142017
2014-02-04,Train,0.04692162573337555,0.05558819205910437
2014-02-05,Train,0.0491570420563221,0.06328964996854203
2014-02-06,Train,0.04178842529654503,0.04850185175384025
2014-02-07,Train,0.031138526275753975,0.03562428982399601
2014-02-10,Train,0.020886288955807686,0.0285876357584669
2014-02-11,Train,0.012941972352564335,0.01610360648684095
2014-02-12,Train,0.015499560162425041,0.01652243678244503
2014-02-13,Train,0.008048798888921738,0.007921444898243424
2014-02-14,Train,0.0060912612825632095,-0.001558839699968839
2014-02-18,Train,0.0046476759016513824,0.006204959097991791
2014-02-19,Train,0.006317164283245802,0.01595448342068595
2014-02-20,Train,0.006200023461133242,0.01032759881908341
2014-02-21,Train,0.011318381875753403,0.006671838897865046
2014-02-24,Train,0.0035631267819553614,0.002212110830009939
2014-02-25,Train,0.0026034212205559015,-0.0009965268555370832
2014-02-26,Train,-0.0014834364410489798,0.003657255783918734
2014-02-27,Train,-0.0077577331103384495,-0.01282622325072258
2014-02-28,Train,-0.0031710981857031584,-0.01848570109189696
2014-03-03,Train,0.0014466288266703486,-0.002453454055933224
2014-03-04,Train,-0.004322107415646315,-0.003083347503849532
2014-03-05,Train,-0.009246391244232655,-0.01120136910183944
2014-03-06,Train,-0.004740136209875345,-0.007584110968860136
2014-03-07,Train,-0.016425972804427147,-0.01690046172459203
2014-03-10,Train,-0.018004246056079865,-0.02637677269119665
2014-03-11,Train,-0.017947258427739143,-0.01895365840540753
2014-03-12,Train,-0.022975942119956017,-0.03522520867944745
2014-03-13,Train,-0.017892315983772278,-0.02688173788859238
2014-03-14,Train,-0.015526780858635902,-0.01826993516004005
2014-03-17,Train,-0.016020283102989197,-0.01989937216349846
2014-03-18,Train,-0.014459306374192238,-0.01458079876972329
2014-03-19,Train,-0.018721729516983032,-0.006663688005556501
2014-03-20,Train,-0.01528074685484171,-0.0172776336557271
2014-03-21,Train,-0.02849636599421501,-0.02955053093728055
2014-03-24,Train,-0.027449259534478188,-0.03026522480163751
2014-03-25,Train,-0.024809978902339935,-0.02451706864722325
2014-03-26,Train,-0.007202976383268833,0.005150474237106462
2014-03-27,Train,-0.02267976850271225,-0.02048801606317785
2014-03-28,Train,-0.02750008925795555,-0.03377372014172353
2014-03-31,Train,-0.027259595692157745,-0.03307860826334719
2014-04-01,Train,-0.035846855491399765,-0.04663149955618495
2014-04-02,Train,-0.03211255371570587,-0.03644903898975349
2014-04-03,Train,-0.029630931094288826,-0.02851353897186237
2014-04-04,Train,0.012475804425776005,0.005441629921995039
2014-04-07,Train,0.019183235242962837,0.02314430925667144
2014-04-08,Train,0.010489908047020435,0.004864556592012681
2014-04-09,Train,0.006151954643428326,-0.00261903162984356
2014-04-10,Train,0.020676076412200928,0.01280850748330664
2014-04-11,Train,0.031350549310445786,0.02805850188117964
2014-04-14,Train,0.025832340121269226,0.02819402045167418
2014-04-15,Train,0.022673865780234337,0.02751318346769027
2014-04-16,Train,0.013613848946988583,0.01705733598860104
2014-04-17,Train,0.014110568910837173,0.01496520836656079
2014-04-21,Train,0.010289142839610577,0.0127821356190827
2014-04-22,Train,0.0027551651000976562,-0.008225765231855808
2014-04-23,Train,0.001292141037993133,-0.002305262479393111
2014-04-24,Train,0.00021411097259260714,-0.01267259992425485
2014-04-25,Train,0.012455111369490623,0.00707739404887775
2014-04-28,Train,0.01130109466612339,0.02035390437590379
2014-04-29,Train,0.011454201303422451,0.01296463063263054
2014-04-30,Train,0.0082411402836442,0.005034928990494736
2014-05-01,Train,0.006789836101233959,-0.005818620962372623
2014-05-02,Train,0.009072680957615376,0.002514587107953714
2014-05-05,Train,0.012975516729056835,0.004206967133833617
2014-05-06,Train,0.015648480504751205,0.01370812665445631
2014-05-07,Train,0.022897988557815552,0.02634009754625399
2014-05-08,Train,0.028859514743089676,0.03179925871012945
2014-05-09,Train,0.035322993993759155,0.0354838029190343
2014-05-12,Train,0.027422631159424782,0.03139517780431689
2014-05-13,Train,0.03061678633093834,0.02752293895093194
2014-05-14,Train,0.036015819758176804,0.0395081538012243
2014-05-15,Train,0.038999009877443314,0.04785400732330825
2014-05-16,Train,0.036296844482421875,0.04001826670696951
2014-05-19,Train,0.03064608946442604,0.03238225339938672
2014-05-20,Train,0.02995402365922928,0.03999996185302734
2014-05-21,Train,0.030551278963685036,0.03883391174978335
2014-05-22,Train,0.035244714468717575,0.04023306290295747
2014-05-23,Train,0.020746970549225807,0.03193149570855036
2014-05-27,Train,0.01953762024641037,0.02098905123197126
2014-05-28,Train,0.0196597408503294,0.02391973258097901
2014-05-29,Train,0.013508009724318981,0.008214676614795247
2014-05-30,Train,0.013189099729061127,0.01106124371082529
2014-06-02,Train,0.01548807229846716,0.01293576287420573
2014-06-03,Train,0.015978572890162468,0.01392845622741579
2014-06-04,Train,0.016535509377717972,0.01584358206755443
2014-06-05,Train,0.011132725514471531,0.006717983968268948
2014-06-06,Train,0.006236222572624683,-0.0005387098892718489
2014-06-09,Train,0.007840371690690517,0.0004312767172760523
2014-06-10,Train,0.010055698454380035,-0.00226032402959464
2014-06-11,Train,0.010168422944843769,0.004306185041524246
2014-06-12,Train,0.015576169826090336,0.01401404935758088
2014-06-13,Train,0.015516619198024273,0.01548960474331484
2014-06-16,Train,0.01752653904259205,0.01634201419149939
2014-06-17,Train,0.018882660195231438,0.02693353786218178
2014-06-18,Train,0.02047877199947834,0.02291058648435995
2014-06-19,Train,0.02240113541483879,0.03002898693535005
2014-06-20,Train,0.022539883852005005,0.0284575521674364
2014-06-23,Train,0.018146300688385963,0.01584223737686297
2014-06-24,Train,0.019475247710943222,0.02437974337250859
2014-06-25,Train,0.01557861641049385,0.01468541894240682
2014-06-26,Train,0.01574735902249813,0.02067709857400457
2014-06-27,Train,0.015538094565272331,0.02229329427083337
2014-06-30,Train,0.013286245986819267,0.01703757226842328
2014-07-01,Train,0.010377475991845131,0.01000628737953213
2014-07-02,Train,0.0073191700503230095,-0.005047273766988325
2014-07-03,Train,0.0023277930449694395,0.004388775462208283
2014-07-07,Train,0.008993907831609249,0.006183799551880087
2014-07-08,Train,0.01798420585691929,0.02493102504628353
2014-07-09,Train,0.016707520931959152,0.02390484724459219
2014-07-10,Train,0.014982287771999836,0.02598773493875695
2014-07-11,Train,0.014221089892089367,0.01542984436338912
2014-07-14,Train,0.007500804960727692,0.00970367634298519
2014-07-15,Train,0.009554605931043625,0.01141237894996494
2014-07-16,Train,0.006695146672427654,0.01136723301932596
2014-07-17,Train,0.005663882475346327,0.004227371431764437
2014-07-18,Train,-0.011626648716628551,-0.01508535722225912
2014-07-21,Train,-0.010027899406850338,-0.007083336512247684
2014-07-22,Train,-0.014294455759227276,-0.0209088527036454
2014-07-23,Train,-0.01662062481045723,-0.02787212403890071
2014-07-24,Train,-0.016267359256744385,-0.02985998191789552
2014-07-25,Train,-0.012514393776655197,-0.019020016317157
2014-07-28,Train,-0.013871208764612675,-0.01353722852162165
2014-07-29,Train,-0.010077355429530144,-0.01221532426309402
2014-07-30,Train,-0.003775920020416379,-0.005671303698903118
2014-07-31,Train,0.022064557299017906,0.02010107061236943
2014-08-01,Train,0.02815445326268673,0.02883704879830784
2014-08-04,Train,0.02675442025065422,0.02968948636293756
2014-08-05,Train,0.036510270088911057,0.04345069002508439
2014-08-06,Train,0.03845557942986488,0.0442234495729048
2014-08-07,Train,0.04194750636816025,0.04967098540163728
2014-08-08,Train,0.03999057412147522,0.04373025773605721
2014-08-11,Train,0.03765280917286873,0.04127385794252669
2014-08-12,Train,0.03759608790278435,0.04275835159659991
2014-08-13,Train,0.025461653247475624,0.03204393164068842
2014-08-14,Train,0.020365789532661438,0.02558550860544218
2014-08-15,Train,0.022014357149600983,0.02443528969335396
2014-08-18,Train,0.01735684648156166,0.01956187609879012
2014-08-19,Train,0.006855634041130543,0.00790280073767824
2014-08-20,Train,0.006940027698874474,0.006990906410747844
2014-08-21,Train,0.006822311785072088,0.01001008946911375
2014-08-22,Train,0.006824979558587074,0.01039877584616189
2014-08-25,Train,0.002521022455766797,-0.00150906965368458
2014-08-26,Train,0.0022248851601034403,0.005728640148987107
2014-08-27,Train,-0.000865926849655807,0.004722681235499016
2014-08-28,Train,-0.0014627064811065793,0.000704151415808596
2014-08-29,Train,-0.007603425532579422,-0.01262780268235386
2014-09-02,Train,-0.006799511145800352,-0.006895197796647268
2014-09-03,Train,0.00236565712839365,0.0005025675580638822
2014-09-04,Train,0.003285672515630722,0.008954617115543906
2014-09-05,Train,-0.0031780689023435116,0.0009010308122445743
2014-09-08,Train,-0.008974624797701836,-0.01029175420116013
2014-09-09,Train,-0.008371984586119652,-0.004735528672071831
2014-09-10,Train,-0.006952080875635147,-0.002298424679074818
2014-09-11,Train,-0.015989534556865692,-0.0225022507057705
2014-09-12,Train,-0.010872890241444111,-0.00703663604759952
2014-09-15,Train,-0.008246611803770065,0.001319578636238772
2014-09-16,Train,-0.008569465950131416,-0.005936771525422158
2014-09-17,Train,-0.016440078616142273,-0.02330955212778318
2014-09-18,Train,-0.020758872851729393,-0.03061427734538458
2014-09-19,Train,-0.018660100176930428,-0.01810367200655583
2014-09-22,Train,-0.013798149302601814,-0.01100458287432438
2014-09-23,Train,-0.015498737804591656,-0.02237294099800946
2014-09-24,Train,-0.015154033899307251,-0.01392227003839452
2014-09-25,Train,-0.01843380369246006,-0.00900345071261932
2014-09-26,Train,-0.0429878793656826,-0.04393598290669587
2014-09-29,Train,-0.048802368342876434,-0.05767868579214963
2014-09-30,Train,-0.05263552442193031,-0.05891284179459355
2014-10-01,Train,-0.04847726970911026,-0.04978907914282371
2014-10-02,Train,-0.04563446342945099,-0.05575556239060853
2014-10-03,Train,-0.041233569383621216,-0.05266372889248727
2014-10-06,Train,-0.037110041826963425,-0.03644344352990192
2014-10-07,Train,-0.0029371583368629217,0.003106586442019887
2014-10-08,Train,-0.01614191383123398,-0.02112741763469694
2014-10-09,Train,0.014543432742357254,0.009911202544118813
2014-10-10,Train,0.047321874648332596,0.04426090848281361
2014-10-13,Train,0.06716963648796082,0.06163945152072081
2014-10-14,Train,0.0728410854935646,0.07755188759605058
2014-10-15,Train,0.08328571170568466,0.08054557313832089
2014-10-16,Train,0.08503251522779465,0.08966113569508494
2014-10-17,Train,0.0832025408744812,0.09032259705246126
2014-10-20,Train,0.07417605817317963,0.07744461919548895
2014-10-21,Train,0.04164833202958107,0.04635075602832028
2014-10-22,Train,0.044958293437957764,0.05188336471410282
2014-10-23,Train,0.03450966998934746,0.03956248986562616
2014-10-24,Train,0.02976522408425808,0.03021695036043126
2014-10-27,Train,0.031517524272203445,0.03313402130076804
2014-10-28,Train,0.024784846231341362,0.02096225262251861
2014-10-29,Train,0.02587694302201271,0.02655046178438392
2014-10-30,Train,0.02451426535844803,0.02879429093654284
2014-10-31,Train,0.021208278834819794,0.0179487146690005
2014-11-03,Train,0.015239248052239418,0.01189780481982705
2014-11-04,Train,0.021008189767599106,0.02288871034781037
2014-11-05,Train,0.023561498150229454,0.01815129020456374
2014-11-06,Train,0.020044192671775818,0.01947089861345952
2014-11-07,Train,0.022140275686979294,0.02234256207237184
2014-11-10,Train,0.02319633588194847,0.02667714049751635
2014-11-11,Train,0.02694392204284668,0.02502930767644806
2014-11-12,Train,0.021971603855490685,0.02986528973195623
2014-11-13,Train,0.020562762394547462,0.03022352346194479
2014-11-14,Train,0.014163834974169731,0.0154039558136696
2014-11-17,Train,0.019343197345733643,0.02254396669192249
2014-11-18,Train,0.008278174325823784,0.01678238675393473
2014-11-19,Train,0.013209610246121883,0.02092824029909646
2014-11-20,Train,0.006286443676799536,0.0164946379345543
2014-11-21,Train,0.00343425408937037,0.007316785277171389
2014-11-24,Train,-0.003744946327060461,0.002674806825378129
2014-11-25,Train,-0.010893270373344421,-0.01459365540576529
2014-11-26,Train,-0.015980256721377373,-0.0163001672292189
2014-11-28,Train,-0.025036310777068138,-0.03150649844335451
2014-12-01,Train,-0.022949427366256714,-0.03053140943404031
2014-12-02,Train,-0.030198492109775543,-0.0498907139838467
2014-12-03,Train,-0.022183742374181747,-0.03433878941437774
2014-12-04,Train,-0.010650613345205784,-0.01062923713948905
2014-12-05,Train,-0.010244108736515045,-0.01005881178801582
2014-12-08,Train,-0.005997962784022093,-0.0004778306764378071
2014-12-09,Train,-0.008353663608431816,-0.007145579330620988
2014-12-10,Train,0.005462687462568283,0.00958286241951134
2014-12-11,Train,0.003646617755293846,0.01194602916486653
2014-12-12,Train,0.01066716481000185,0.02288885279080399
2014-12-15,Train,0.019953306764364243,0.02667059411666384
2014-12-16,Train,0.030674442648887634,0.03270650663405505
2014-12-17,Train,0.007897044532001019,0.01119842195946519
2014-12-18,Train,-0.017220765352249146,-0.02705035678488454
2014-12-19,Train,-0.018818750977516174,-0.04074003079402677
2014-12-22,Train,-0.02127004787325859,-0.03078983710389416
2014-12-23,Train,-0.014702252112329006,-0.008732329341805345
2014-12-24,Train,-0.01800396852195263,-0.0161073850049851
2014-12-26,Train,-0.02692018821835518,-0.03322541730151141
2014-12-29,Train,-0.02761438861489296,-0.03332698640141385
2014-12-30,Train,-0.021950766444206238,-0.03220859490204031
2014-12-31,Train,-0.016083858907222748,-0.03486681330867891
2015-01-02,Train,-0.014148913323879242,-0.02059454727319188
2015-01-05,Train,0.0043520452454686165,0.001873237117564708
2015-01-06,Train,0.02166370488703251,0.02068551714936473
2015-01-07,Train,0.020553968846797943,0.02634173394699668
2015-01-08,Train,0.010418013669550419,0.009293311288593564
2015-01-09,Train,0.00944556575268507,0.01481189439080421
2015-01-12,Train,0.005912501364946365,-0.001083216219063043
2015-01-13,Train,0.004981650970876217,-0.005910150649734769
2015-01-14,Train,0.018408959731459618,0.009211572044465433
2015-01-15,Train,0.017062123864889145,0.01455089740129734
2015-01-16,Train,0.01901402324438095,0.01150568999822088
2015-01-20,Train,0.007465627044439316,0.01318634424004372
2015-01-21,Train,0.005155717488378286,0.007147085973133294
2015-01-22,Train,-0.002711116336286068,-0.002595372933140272
2015-01-23,Train,-0.004203552845865488,-0.01083833550411772
2015-01-26,Train,-0.005948900245130062,-0.01286725893743212
2015-01-27,Train,0.03481849282979965,0.02917980099795847
2015-01-28,Train,0.035336196422576904,0.03824812406248479
2015-01-29,Train,0.03751135617494583,0.0403376252328167
2015-01-30,Train,0.04268251731991768,0.05746790579304983
2015-02-02,Train,0.04334881901741028,0.04932338315082907
2015-02-03,Train,0.03295579552650452,0.04079258561561239
2015-02-04,Train,0.045757923275232315,0.04685524998670587
2015-02-05,Train,0.03260757029056549,0.04481497137763868
2015-02-06,Train,0.047551386058330536,0.05226412812175063
2015-02-09,Train,0.045465949922800064,0.056420187258585
2015-02-10,Train,0.03976477310061455,0.03764368053387046
2015-02-11,Train,0.04082852974534035,0.0391295907796021
2015-02-12,Train,0.019325751811265945,0.02264152382904627
2015-02-13,Train,0.015136577188968658,0.02310348430175946
2015-02-17,Train,0.015183213166892529,0.01738155848257694
2015-02-18,Train,0.011833577416837215,0.01203801084404899
2015-02-19,Train,0.003741095308214426,0.008821589067741664
2015-02-20,Train,-0.006087692454457283,-0.009224240994555988
2015-02-23,Train,-0.009261959232389927,-0.007371871057041623
2015-02-24,Train,-0.021387429907917976,-0.02651931209837222
2015-02-25,Train,-0.0211448036134243,-0.02972400227339478
2015-02-26,Train,-0.022805122658610344,-0.0282879709713022
2015-02-27,Train,-0.017841586843132973,-0.02822882975013385
2015-03-02,Train,-0.023884108290076256,-0.02450174046874953
2015-03-03,Train,-0.01832006685435772,-0.01837053320054949
2015-03-04,Train,-0.006701712496578693,-0.0048870336026825
2015-03-05,Train,-0.00743474205955863,-0.005154616731773531
2015-03-06,Train,0.0004704854218289256,0.0104272886975294
2015-03-09,Train,-0.0006522184703499079,0.005569982058315937
2015-03-10,Train,0.009350606240332127,0.02090426654327238
2015-03-11,Train,0.0035570247564464808,0.003329830388057564
2015-03-12,Train,-0.0006221903022378683,-0.006616300164890121
2015-03-13,Train,0.001101743197068572,0.001708755567053633
2015-03-16,Train,-0.002557433908805251,0.0002812222075878612
2015-03-17,Train,-0.00730971060693264,-0.0118836365661229
2015-03-18,Train,-0.0201003085821867,-0.02659372837177609
2015-03-19,Train,-0.021043896675109863,-0.02738711171655583
2015-03-20,Train,-0.01507208589464426,-0.02349576569653211
2015-03-23,Train,-0.019444381818175316,-0.02326437084717625
2015-03-24,Train,-0.010892374441027641,-0.01195219968386751
2015-03-25,Train,0.013662095181643963,0.01754218177680111
2015-03-26,Train,0.01724305748939514,0.02521409671125174
2015-03-27,Train,0.014087227173149586,0.0185747420036142
2015-03-30,Train,0.00714201619848609,0.004122503496418517
2015-03-31,Train,0.016183292493224144,0.02121210128917261
2015-04-01,Train,0.020226432010531425,0.02513088351218529
2015-04-02,Train,0.01762552559375763,0.008466508432215303
2015-04-06,Train,0.017450187355279922,0.0152858564434224
2015-04-07,Train,0.017566153779625893,0.02136100606471958
2015-04-08,Train,0.01559152640402317,0.01884848225557634
2015-04-09,Train,0.01567508839070797,0.01630789339124217
2015-04-10,Train,0.014455785043537617,0.02589327995849033
2015-04-13,Train,0.014608888886868954,0.02586526509554243
2015-04-14,Train,0.018069444224238396,0.02677990851560619
2015-04-15,Train,0.011701423674821854,0.01400224580404519
2015-04-16,Train,0.004059045109897852,-0.0005572029587512795
2015-04-17,Train,0.018896428868174553,0.0286765480074298
2015-04-20,Train,0.005629393272101879,0.01514874447888159
2015-04-21,Train,-0.0024455133825540543,-0.005645017806157226
2015-04-22,Train,-0.01005046907812357,-0.01785552152932246
2015-04-23,Train,-0.010012119077146053,-0.01567943446499653
2015-04-24,Train,-0.013147981837391853,-0.01673600921656249
2015-04-27,Train,-0.011303909122943878,-0.01804829906229577
2015-04-28,Train,-0.011180900037288666,-0.0205380054291836
2015-04-29,Train,-0.009392441250383854,-0.01234566523053571
2015-04-30,Train,0.009964794851839542,0.01811766819100979
2015-05-01,Train,0.006237040273845196,0.004860144561805502
2015-05-04,Train,0.006106452085077763,0.007598591743588567
2015-05-05,Train,0.031032122671604156,0.02317362088305575
2015-05-06,Train,0.033612679690122604,0.03092496560838209
2015-05-07,Train,0.026938552036881447,0.03008852727382427
2015-05-08,Train,0.009670413099229336,0.01637683999737183
2015-05-11,Train,0.006154282484203577,0.008589640103543239
2015-05-12,Train,0.027330217882990837,0.02950454946364878
2015-05-13,Train,0.02387216128408909,0.02509258411548765
2015-05-14,Train,0.0020728774834424257,0.004289114919232784
2015-05-15,Train,0.0008640341693535447,0.007665598867078849
2015-05-18,Train,-0.003436362138018012,9.087894287063136e-05
2015-05-19,Train,0.0006276110070757568,0.00418409199797698
2015-05-20,Train,-0.00796984601765871,-0.004090578755552188
2015-05-21,Train,-0.011387462727725506,-0.01157531884700513
2015-05-22,Train,-0.010291791521012783,-0.02063907625692663
2015-05-26,Train,-0.005323817953467369,-0.01089738869292955
2015-05-27,Train,-0.010362483561038971,-0.01324802841413175
2015-05-28,Train,-0.00982625875622034,-0.009574542203590553
2015-05-29,Train,-0.008375358767807484,-0.01181283976108938
2015-06-01,Train,-0.012925355695188046,-0.02001448216917467
2015-06-02,Train,-0.006265268661081791,-0.01153808164429504
2015-06-03,Train,-0.0064936052076518536,-0.01177538979882242
2015-06-04,Train,0.002475434448570013,0.01031402800285908
2015-06-05,Train,0.0027490502689033747,0.005397953535383193
2015-06-08,Train,0.015918252989649773,0.02319987475917928
2015-06-09,Train,0.01879056729376316,0.02573834574866996
2015-06-10,Train,0.0031665931455790997,0.006667306340090384
2015-06-11,Train,0.0027818605303764343,0.003191960503881042
2015-06-12,Train,0.0027430730406194925,0.004781578327047509
2015-06-15,Train,0.001459730789065361,-0.01404673002427292
2015-06-16,Train,-0.004002073314040899,-0.01590076570228227
2015-06-17,Train,-0.008760047145187855,-0.01081576830136877
2015-06-18,Train,-0.01451973244547844,-0.02475386604688612
2015-06-19,Train,-0.024867022410035133,-0.01992904225652903
2015-06-22,Train,-0.027349187061190605,-0.02466120869737221
2015-06-23,Train,-0.03399050235748291,-0.04242264228538339
2015-06-24,Train,-0.0331747867166996,-0.0380149010615255
2015-06-25,Train,-0.019076582044363022,-0.02136362249200996
2015-06-26,Train,-0.008621824905276299,0.002470982710312652
2015-06-29,Train,0.02452951669692993,0.03346142668601826
2015-06-30,Train,0.03718514367938042,0.03091433238094754
2015-07-01,Train,0.03025650605559349,0.0372498548986977
2015-07-02,Train,0.05145309865474701,0.05224640619816401
2015-07-06,Train,0.05356574058532715,0.05831018186295234
2015-07-07,Train,0.05075637623667717,0.0550153040126784
2015-07-08,Train,0.05756053328514099,0.06155157539918954
2015-07-09,Train,0.058581024408340454,0.05819106139752273
2015-07-10,Train,0.0355655737221241,0.03204827588797388
2015-07-13,Train,0.002761631039902568,0.005842608949236494
2015-07-14,Train,0.003772778669372201,0.007890396338942507
2015-07-15,Train,0.00322469649836421,0.01059979912532216
2015-07-16,Train,-0.0017604936147108674,0.001250664522021161
2015-07-17,Train,-0.016397491097450256,-0.01443788575157634
2015-07-20,Train,-0.020573168992996216,-0.02088089851479835
2015-07-21,Train,-0.02117169089615345,-0.02212276526595514
2015-07-22,Train,-0.009953833185136318,-0.003285408786702027
2015-07-23,Train,-0.01171894557774067,-0.01559714837432014
2015-07-24,Train,-0.0023619169369339943,-0.00711071940933794
2015-07-27,Train,0.0041605629958212376,0.01261571415681995
2015-07-28,Train,-0.010403352789580822,-0.008908466554821914
2015-07-29,Train,-0.012262566015124321,-0.009233584764793745
2015-07-30,Train,-0.016927987337112427,-0.01552467402513857
2015-07-31,Train,-0.00988681148737669,-0.01286283922524334
2015-08-03,Train,-0.006442962680011988,-0.001523281104566787
2015-08-04,Train,-0.0001666644384386018,-0.004758046343486422
2015-08-05,Train,-0.010338768362998962,-0.01888643872233431
2015-08-06,Train,-0.03115709498524666,-0.03051150031961258
2015-08-07,Train,-0.061595696955919266,-0.07170697314641195
2015-08-10,Train,-0.08982033282518387,-0.1175047113579919
2015-08-11,Train,-0.09355136752128601,-0.1094062385921017
2015-08-12,Train,-0.06833799928426743,-0.06777052199846789
2015-08-13,Train,-0.04826459661126137,-0.04259558731404645
2015-08-14,Train,-0.04912852123379707,-0.04424938281713475
2015-08-17,Train,-0.06460993736982346,-0.0638966411835441
2015-08-18,Train,-0.07678569108247757,-0.08848996486184157
2015-08-19,Train,-0.059307098388671875,-0.05656947137847779
2015-08-20,Train,-0.022338565438985825,-0.03446023887100924
2015-08-21,Train,0.0025547132827341557,-0.002343729103450043
2015-08-24,Train,0.06287925690412521,0.06682918842411789
2015-08-25,Train,0.06064600870013237,0.05882357516443371
2015-08-26,Train,0.015389709733426571,0.01902357670285149
2015-08-27,Train,-0.0011063977144658566,-0.0006626249075033508
2015-08-28,Train,0.004283723421394825,-0.003503150321533255
2015-08-31,Train,0.015487981028854847,0.02089924605693927
2015-09-01,Train,0.054168667644262314,0.05977232165979385
2015-09-02,Train,0.022957084700465202,0.03108754263814473
2015-09-03,Train,0.021822448819875717,0.01895733722839044
2015-09-04,Train,0.03448096662759781,0.03445572158267218
2015-09-08,Train,-0.005750442389398813,-0.008948994984893432
2015-09-09,Train,-0.0009580682963132858,0.003081067715614116
2015-09-10,Train,-0.009915461763739586,-0.011334363617721
2015-09-11,Train,-0.023751376196742058,-0.02510184269716187
2015-09-14,Train,-0.027753939852118492,-0.04997626732760541
2015-09-15,Train,-0.04570302367210388,-0.06592165258606675
2015-09-16,Train,-0.03815937042236328,-0.04977116802621739
2015-09-17,Train,-0.04011956602334976,-0.04583213066924807
2015-09-18,Train,-0.013180800713598728,-0.01271947183008071
2015-09-21,Train,-0.007189636584371328,-0.001703257992581308
2015-09-22,Train,0.007617651950567961,0.008645547925753672
2015-09-23,Train,0.00751875527203083,0.01391818913413978
2015-09-24,Train,0.02264687977731228,0.0216762999407436
2015-09-25,Train,0.030590355396270752,0.03507579357342849
2015-09-28,Train,0.06429383903741837,0.06800683265362606
2015-09-29,Train,0.06843878328800201,0.06665323385999966
2015-09-30,Train,0.05268854647874832,0.04097875473079049
2015-10-01,Train,0.053136348724365234,0.05331634595146495
2015-10-02,Train,0.03498784452676773,0.03951543626514264
2015-10-05,Train,0.030027728527784348,0.03071088022530355
2015-10-06,Train,0.029154743999242783,0.03028571719215023
2015-10-07,Train,0.02510368451476097,0.01789263882222891
2015-10-08,Train,0.045006971806287766,0.03451198422812474
2015-10-09,Train,0.05113239586353302,0.05866892022545134
2015-10-12,Train,0.05589044839143753,0.05674686306433596
2015-10-13,Train,0.05664949119091034,0.06578702598790409
2015-10-14,Train,0.06454185396432877,0.07637115372967052
2015-10-15,Train,0.05052648112177849,0.05730471137618065
2015-10-16,Train,0.04902171716094017,0.04818718971626512
2015-10-19,Train,0.044113535434007645,0.05398200167279765
2015-10-20,Train,0.05365681275725365,0.06313553163049779
2015-10-21,Train,0.054256733506917953,0.0697544664635521
2015-10-22,Train,0.02890145778656006,0.0455746973085851
2015-10-23,Train,0.007215345744043589,0.01782232805449757
2015-10-26,Train,0.0037250989116728306,0.00638016154575527
2015-10-27,Train,-0.0008343146182596684,0.001768632339969267
2015-10-28,Train,-0.004168941173702478,-0.007717920358941588
2015-10-29,Train,-0.004837881773710251,-0.01581162579293027
2015-10-30,Train,-0.014233464375138283,-0.0307950713560099
2015-11-02,Train,-0.015632135793566704,-0.02783354353388012
2015-11-03,Train,-0.01905778981745243,-0.03060607083800815
2015-11-04,Train,-0.016662796959280968,-0.01208484985408165
2015-11-05,Train,-0.009463682770729065,-0.008717635846754668
2015-11-06,Train,-0.009611454792320728,-0.00270056238453964
2015-11-09,Train,0.0068282014690339565,0.005106998614186953
2015-11-10,Train,0.005853076931089163,0.006797354173362358
2015-11-11,Train,0.004630056209862232,0.008927012035346404
2015-11-12,Train,0.01032768189907074,0.02026059107923306
2015-11-13,Train,0.01598227769136429,0.03805535728822518
2015-11-16,Train,0.008075515739619732,0.03356673446981318
2015-11-17,Train,0.010241594165563583,0.02654945861681246
2015-11-18,Train,-0.0027530568186193705,-0.009856509233998167
2015-11-19,Train,-0.0022061308845877647,0.01257585363371128
2015-11-20,Train,-0.0036048353649675846,0.001222915666869273
2015-11-23,Train,-0.004034596495330334,0.004204955945009248
2015-11-24,Train,-0.004220190923660994,-0.01017100947891203
2015-11-25,Train,-0.003838444361463189,-0.006570302146075457
2015-11-27,Train,-0.014404824003577232,-0.03079342768126736
2015-11-30,Train,-0.012757418677210808,-0.02096123013518592
2015-12-01,Train,-0.01290940586477518,-0.02474822866346738
2015-12-02,Train,-0.010853363201022148,-0.004106540881090082
2015-12-03,Train,-0.004317659884691238,-0.001688760446170723
2015-12-04,Train,-0.017886929214000702,-0.04611774871236574
2015-12-07,Train,-0.01749175600707531,-0.03114639338054526
2015-12-08,Train,-0.015206056647002697,-0.02486258869762048
2015-12-09,Train,0.0019159914227202535,-0.002480279748522607
2015-12-10,Train,-0.0014606524491682649,-0.007142902796200001
2015-12-11,Train,0.012385948561131954,0.01570536916139398
2015-12-14,Train,0.010837678797543049,0.02391835406282872
2015-12-15,Train,0.002741484669968486,0.008547761600402604
2015-12-16,Train,0.0018334622727707028,-0.01859977789211975
2016-01-04,Test,0.02323320508003235,-0.07707764786672378
2016-01-05,Test,0.025268808007240295,-0.07830937471209176
2016-01-06,Test,0.04194151610136032,-0.06844636537864557
2016-01-07,Test,0.05735383182764053,-0.01048923500244192
2016-01-08,Test,0.0649203434586525,-0.01711372697565627
2016-01-11,Test,0.06408344209194183,-0.01131026823028913
2016-01-12,Test,0.047909025102853775,-0.04699639038702086
2016-01-13,Test,0.0759364441037178,0.0009813392799185028
2016-01-14,Test,0.05848308280110359,0.0005765115669231768
2016-01-15,Test,0.06865080446004868,0.03540269192649026
2016-01-19,Test,0.06516613066196442,0.01078571139538353
2016-01-20,Test,0.07669311761856079,0.009032294412996356
2016-01-21,Test,0.0856073796749115,0.00793260350879521
2016-01-22,Test,0.050292596220970154,-0.05444727839703456
2016-01-25,Test,0.0640014111995697,-0.05487626358344511
2016-01-26,Test,0.04825666919350624,-0.06621426786252771
2016-01-27,Test,0.06299108266830444,-0.03867567427750207
2016-01-28,Test,0.04887930676341057,-0.05343134262982541
2016-01-29,Test,0.026276174932718277,-0.05867666159139373
2016-02-01,Test,0.03334935009479523,-0.04003448097466844
2016-02-02,Test,0.05702623724937439,0.003426318833998465
2016-02-03,Test,0.05746440589427948,-0.003246132393930679
2016-02-04,Test,0.06403253227472305,-0.0001967955943005251
2016-02-05,Test,0.09349803626537323,0.05258862503338646
2016-02-08,Test,0.0983661562204361,0.05133511636800403
2016-02-09,Test,0.09715782850980759,0.06468026761495471
2016-02-10,Test,0.0864604264497757,0.07105176278540992
2016-02-11,Test,0.0842193067073822,0.0712583846292556
2016-02-12,Test,0.08260958641767502,0.04570499398451555
2016-02-16,Test,0.06427028030157089,0.05547238723313019
2016-02-17,Test,0.03604014590382576,0.03248782274199691
2016-02-18,Test,0.053040243685245514,0.04243556049206987
2016-02-19,Test,0.043367013335227966,0.03975205180271191
2016-02-22,Test,0.038736678659915924,0.01684738462756763
2016-02-23,Test,0.04117346927523613,0.02530025249555101
2016-02-24,Test,0.04101761430501938,0.0221355102439218
2016-02-25,Test,0.020676232874393463,0.01062192091008152
2016-02-26,Test,0.04368913173675537,0.02958520303166456
2016-02-29,Test,0.052407387644052505,0.04068290896532023
2016-03-01,Test,0.029707055538892746,0.007940224318188305
2016-03-02,Test,0.019022246822714806,0.01653595360220894
2016-03-03,Test,0.01741982437670231,0.01789263882222891
2016-03-04,Test,0.01750890351831913,0.0160878641723714
2016-03-07,Test,0.03409116715192795,0.02637596992004676
2016-03-08,Test,0.035073693841695786,0.0381181100579886
2016-03-09,Test,0.03625218942761421,0.02299183046294528
2016-03-10,Test,0.032297953963279724,0.02484233119764734
2016-03-11,Test,0.0308882724493742,0.005822168832937624
2016-03-14,Test,0.03373352438211441,0.02024940188607038
2016-03-15,Test,0.03822769597172737,0.02560258301841123
2016-03-16,Test,0.027604781091213226,0.01505851542679437
2016-03-17,Test,0.03092021681368351,0.02641372819897958
2016-03-18,Test,0.01338280364871025,0.02393591905636816
2016-03-21,Test,0.018395399674773216,0.0101122212508824
2016-03-22,Test,0.022194981575012207,0.02358486272276661
2016-03-23,Test,0.018161427229642868,0.01725261975384873
2016-03-24,Test,0.01798844151198864,0.01622224341893608
2016-03-28,Test,0.01463637687265873,0.01391091266248701
2016-03-29,Test,0.015414387919008732,0.006248279828492409
2016-03-30,Test,0.01134746614843607,0.01417340017471713
2016-03-31,Test,0.010975567623972893,0.01575092736969919
2016-04-01,Test,0.009141226299107075,0.002537140066585009
2016-04-04,Test,0.006821395363658667,0.01173368097944927
2016-04-05,Test,0.010140851140022278,0.01533804041575149
2016-04-06,Test,0.020946582779288292,-0.0002710651467715541
2016-04-07,Test,0.020253412425518036,0.01439310293793228
2016-04-08,Test,0.019175775349140167,-0.000183455440976199
2016-04-11,Test,0.021166373044252396,0.003499124200292192
2016-04-12,Test,0.022861255332827568,-0.009679528511647995
2016-04-13,Test,0.03216630965471268,-0.030024359580761
2016-04-14,Test,0.03559627756476402,-0.04183194614357211
2016-04-15,Test,0.030448416247963905,-0.04446853033339437
2016-04-18,Test,0.030514037236571312,-0.04054663310364215
2016-04-19,Test,0.025486495345830917,-0.04360017694949836
2016-04-20,Test,0.025583835318684578,-0.05052418988366003
2016-04-21,Test,0.026643317192792892,-0.05088120022750975
2016-04-22,Test,0.027295541018247604,-0.03119839806522262
2016-04-25,Test,0.03963847458362579,-0.02844564147573403
2016-04-26,Test,0.043108463287353516,-0.01032729505489993
2016-04-27,Test,0.04374268651008606,-0.01134040899738076
2016-04-28,Test,0.048580653965473175,-0.003669546425742021
2016-04-29,Test,0.054524749517440796,-0.00208098011883151
2016-05-02,Test,0.04767951741814613,0.0009370171755742618
2016-05-03,Test,0.05843004211783409,-0.002364513308072302
2016-05-04,Test,0.055241212248802185,0.007710590528918537
2016-05-05,Test,0.056397732347249985,0.002761387590907827
2016-05-06,Test,0.04791655018925667,0.00842962089612942
2016-05-09,Test,0.05387765169143677,0.004250137790990483
2016-05-10,Test,0.049250129610300064,0.010528251506011
2016-05-11,Test,0.06299667060375214,0.02707782283650784
2016-05-12,Test,0.05836893618106842,0.03465859089715018
2016-05-13,Test,0.0539979450404644,0.04388622989021762
2016-05-16,Test,0.04919418692588806,0.03295259926158711
2016-05-17,Test,0.05566423386335373,0.04616984226581722
2016-05-18,Test,0.0581347830593586,0.04458720190335597
2016-05-19,Test,0.06263058632612228,0.04510492935257293
2016-05-20,Test,0.05246104672551155,0.03747532467383574
2016-05-23,Test,0.06212395429611206,0.03620801662580875
2016-05-24,Test,0.05542329326272011,0.0176102127810438
2016-05-25,Test,0.04417148604989052,0.008696490261940859
2016-05-26,Test,0.044209714978933334,-0.005658955193531434
2016-05-27,Test,0.03508461266756058,-0.01906836036042781
2016-05-31,Test,0.03512676805257797,-0.02093526948759283
2016-06-01,Test,0.03469561040401459,-0.02383323325586406
2016-06-02,Test,0.033151473850011826,-0.0229698035220508
2016-06-03,Test,0.03537444770336151,-0.03243685057255818
2016-06-06,Test,0.028060324490070343,-0.02987502670391717
2016-06-07,Test,0.026709284633398056,-0.02432383642905001
2016-06-08,Test,0.02515225298702717,-0.02835919910230711
2016-06-09,Test,0.02113296650350094,-0.01288688417168282
2016-06-10,Test,0.02746080793440342,-0.04268405931402397
2016-06-13,Test,0.03537186607718468,-0.05378133503882987
2016-06-14,Test,0.03786369040608406,-0.03304637355516093
2016-06-15,Test,0.0356643944978714,-0.01308952512189887
2016-06-16,Test,0.02983894571661949,-0.00462791554760289
2016-06-17,Test,0.039400599896907806,0.01493101698921251
2016-06-20,Test,0.03766150400042534,0.002426227117868773
2016-06-21,Test,0.03474272042512894,0.007441888853561007
2016-06-22,Test,0.0356857068836689,0.01286837849964861
2016-06-23,Test,0.031211018562316895,0.01406643795082752
2016-06-24,Test,0.022504005581140518,0.06366860994686063
2016-06-27,Test,0.03224245458841324,0.0906867201366155
2016-06-28,Test,0.019305914640426636,0.06471378705224695
2016-06-29,Test,0.011573802679777145,0.05333464329368232
2016-06-30,Test,0.007228341419249773,0.03961318672088066
2016-07-01,Test,0.00832372810691595,0.04126571991962313
2016-07-05,Test,0.0104479705914855,0.04384657572852491
2016-07-06,Test,0.006008814554661512,0.04746075018291518
2016-07-07,Test,0.003590075997635722,0.04198119539025003
2016-07-08,Test,0.00340043636970222,0.03037169883439739
2016-07-11,Test,0.000589465897064656,0.02461014468063794
2016-07-12,Test,-0.0018959793960675597,0.02062968065142678
2016-07-13,Test,0.0020397347398102283,0.03021039897027178
2016-07-14,Test,-0.0026038335636258125,0.02679049750014362
2016-07-15,Test,-0.0033377448562532663,0.03067978722315301
2016-07-18,Test,-0.003848285647109151,0.0293228664965115
2016-07-19,Test,-0.004952737595885992,0.02523857933090623
2016-07-20,Test,-0.007375292479991913,0.01674888800770047
2016-07-21,Test,-0.004538508597761393,0.0220003344853823
2016-07-22,Test,-0.0030442308634519577,0.02754067057979981
2016-07-25,Test,-0.002651273738592863,0.02630650859961481
2016-07-26,Test,-0.00855025090277195,0.02750678643320814
2016-07-27,Test,-0.004118883050978184,0.01780416200843904
2016-07-28,Test,-0.006564391311258078,0.0186119266582836
2016-07-29,Test,-0.009596096351742744,0.01709618618344044
2016-08-01,Test,-0.011326164938509464,0.01605663561077963
2016-08-02,Test,-0.00474940100684762,0.01818027125895694
2016-08-03,Test,-0.005770301911979914,0.01664648742241281
2016-08-04,Test,-0.0057677305303514,0.01400538404276519
2016-08-05,Test,-0.0022433653939515352,0.004110321647123438
2016-08-08,Test,0.0039963023737072945,0.006000831025166242
2016-08-09,Test,0.007334833033382893,0.005473823124113153
2016-08-10,Test,0.009456327185034752,0.001543477113158165
2016-08-11,Test,0.009854011237621307,-0.004354526334276021
2016-08-12,Test,0.008892315439879894,-0.003583602217419823
2016-08-15,Test,0.007432166486978531,-0.006457047804089067
2016-08-16,Test,0.009182503446936607,-0.004186292015279869
2016-08-17,Test,0.0015902597224339843,-0.006993004263052605
2016-08-18,Test,6.277969077927992e-07,-0.004689257800875368
2016-08-19,Test,-0.0024663119111210108,-0.001193922796332458
2016-08-22,Test,-0.0014713671989738941,0.00426075847039975
2016-08-23,Test,-0.0009730776655487716,0.003062271332322286
2016-08-24,Test,-2.7360383683117107e-05,0.003681509365930813
2016-08-25,Test,-0.0010944241657853127,-0.01998114929130579
2016-08-26,Test,0.002018355531617999,-0.003853373462459397
2016-08-29,Test,-0.0030870852060616016,-0.01410981265119826
2016-08-30,Test,-0.0022053392603993416,-0.006177086786066432
2016-08-31,Test,0.00017220700101461262,0.01030571043526085
2016-09-01,Test,0.0024135736748576164,0.00471135053813887
2016-09-02,Test,0.0030447605531662703,-0.002903039270079621
2016-09-06,Test,-0.00026661771698854864,-0.007212545482618293
2016-09-07,Test,0.000587540736887604,0.001950503396413339
2016-09-08,Test,0.0040142531506717205,0.01586618551305374
2016-09-09,Test,-0.0009225148824043572,0.03543929904636567
2016-09-12,Test,-0.004241420421749353,0.008682149840440578
2016-09-13,Test,-0.005420763976871967,0.02784282295933549
2016-09-14,Test,-0.008148452267050743,0.02468923256876931
2016-09-15,Test,-0.00909388717263937,0.001700076073442913
2016-09-16,Test,-0.008198500610888004,0.01219200523500441
2016-09-19,Test,-0.00798396859318018,0.01515674165921244
2016-09-20,Test,-0.011300882324576378,0.01170942518446183
2016-09-21,Test,-0.010556403547525406,0.005416837760330084
2016-09-22,Test,-0.010623639449477196,-0.003022864993090013
2016-09-23,Test,-0.010997804813086987,0.001183126742855256
2016-09-26,Test,-0.013584274798631668,0.0160218590547665
2016-09-27,Test,-0.011130639351904392,-0.008270070522646389
2016-09-28,Test,-0.009500927291810513,-0.01078347777763633
2016-09-29,Test,-0.008552182465791702,-0.007128278716863168
2016-09-30,Test,-0.008604397997260094,-0.01330864062338943
2016-10-03,Test,-0.007974093779921532,-0.01459302667565765
2016-10-04,Test,-0.008466104045510292,-0.004308542066374099
2016-10-05,Test,-0.007840165868401527,-0.007913144491636936
2016-10-06,Test,-0.009374293498694897,-0.008590956317878096
2016-10-07,Test,-0.013321547769010067,-0.002701103161365515
2016-10-10,Test,-0.013330291956663132,0.00293573620648746
2016-10-11,Test,-0.012193065136671066,0.01421039692004089
2016-10-12,Test,-0.012496966868638992,0.008175771584422842
2016-10-13,Test,-0.00875541940331459,0.007179455879407159
2016-10-14,Test,-0.003196822479367256,-0.0003414795606604404
2016-10-17,Test,-0.0016044785734266043,0.001455214598437005
2016-10-18,Test,-0.004178827628493309,-0.01484812481704922
2016-10-19,Test,-0.0033908644691109657,-0.02265590329669476
2016-10-20,Test,-0.002843963447958231,-0.03109333158764449
2016-10-21,Test,0.001779169193468988,-0.03808717682508322
2016-10-24,Test,0.0012995346914976835,-0.02692984217547434
2016-10-25,Test,0.001270873355679214,-0.01745114345540189
2016-10-26,Test,0.0022883147466927767,-0.006166546244939952
2016-10-27,Test,0.0031213907059282064,-0.01773588257672576
2016-10-28,Test,-0.003101771930232644,-0.01110158359780489
2016-10-31,Test,-0.005149768199771643,-0.02017266991576228
2016-11-01,Test,0.005851715803146362,0.000947382738552438
2016-11-02,Test,0.01441869605332613,0.01501999784988595
2016-11-03,Test,0.01930619589984417,0.03252958338623624
2016-11-04,Test,0.019739655777812004,0.03229210840010088
2016-11-07,Test,0.006728862877935171,0.01882253949400226
2016-11-08,Test,-0.005763907451182604,0.01528478273587441
2016-11-09,Test,-0.006443474441766739,0.006544807760984428
2016-11-10,Test,0.014256000518798828,0.0263499183737177
2016-11-11,Test,0.010805308818817139,0.02357509201721575
2016-11-14,Test,0.021436672657728195,0.03759927847210842
2016-11-15,Test,0.013743080198764801,0.01101358428714994
2016-11-16,Test,0.005481552332639694,-0.01231718754853617
2016-11-17,Test,0.003272599307820201,-0.01749325026000903
2016-11-18,Test,0.003927904646843672,-0.006137071450528553
2016-11-21,Test,0.0011932471534237266,-0.0140037426125238
2016-11-22,Test,-0.00042322970693930984,-0.00454163926490625
2016-11-23,Test,0.00044024662929587066,0.001266690830926231
2016-11-25,Test,-0.0026155076920986176,0.005892230052698011
2016-11-28,Test,0.00012315438652876765,0.003627776171468922
2016-11-29,Test,-0.006513928063213825,0.01277952422958117
2016-11-30,Test,0.0035220079589635134,0.02306382199551194
2016-12-01,Test,0.02869241312146187,0.04269507450470056
2016-12-02,Test,0.0262911356985569,0.03370787924587026
2016-12-05,Test,0.017583485692739487,0.02993137143603075
2016-12-06,Test,0.014262319542467594,0.03139977656213122
2016-12-07,Test,0.00048228775267489254,0.01774246758442
2016-12-08,Test,-0.0008481492986902595,0.0130724724276563
2016-12-09,Test,-0.0017516560619696975,0.005857715048051881
2016-12-12,Test,0.004885464441031218,0.01563551298475363
2016-12-13,Test,0.0022663676645606756,-0.004814891544602795
2016-12-14,Test,0.005178185645490885,-0.004159387769803069
2016-12-15,Test,0.002481414470821619,-0.01594682844362449
2016-12-16,Test,0.005413523875176907,-0.0005016518341071086
2016-12-19,Test,0.0023808518890291452,0.0008327596516386482
2016-12-20,Test,0.0018214546144008636,0.002654497608654882
2016-12-21,Test,0.0006688028224743903,0.01220323121264744
2016-12-22,Test,0.002186779398471117,0.01839826035581349
2016-12-23,Test,0.0011771854478865862,0.01996673533121918
2016-12-27,Test,-0.00585580850020051,0.0174640011230025
2016-12-28,Test,-0.004295972175896168,0.02385719616180615
2016-12-29,Test,-0.0009892222005873919,0.02881968594120732
2016-12-30,Test,0.006583131849765778,0.03637742603373684
