Date,Type,Prediction,Actual
2009-01-02,Train,-0.05459362268447876,-0.05188529083869675
2009-01-05,Train,-0.07764814794063568,-0.09864607763167066
2009-01-06,Train,-0.06947830319404602,-0.06958188032187862
2009-01-07,Train,-0.05587707459926605,-0.05519054782197275
2009-01-08,Train,-0.0644470825791359,-0.0604681598345741
2009-01-09,Train,-0.03291282057762146,-0.03192547702745385
2009-01-12,Train,0.009012696333229542,-0.006775093490449247
2009-01-13,Train,0.022763680666685104,0.02776836016786999
2009-01-14,Train,0.019622497260570526,0.03318200456817677
2009-01-15,Train,0.0021482633892446756,-0.001374601890136606
2009-01-16,Train,0.016573574393987656,-0.000339912605571091
2009-01-20,Train,0.051363781094551086,0.06831193910236721
2009-01-21,Train,0.03320440649986267,0.02607204935943508
2009-01-22,Train,0.061905503273010254,0.06293461236223208
2009-01-23,Train,0.06919386982917786,0.08546717139468041
2009-01-26,Train,0.06268927454948425,0.08210234763095636
2009-01-27,Train,0.04214494302868843,0.03478855622033761
2009-01-28,Train,-0.013222828507423401,-0.004942326742831127
2009-01-29,Train,0.023986076936125755,0.03346855218632894
2009-01-30,Train,0.04664178192615509,0.04714387007608201
2009-02-02,Train,0.0033898320980370045,-0.00646040581582441
2009-02-03,Train,-0.022723866626620293,-0.02109143121575496
2009-02-04,Train,-0.028725767508149147,-0.03744563482442376
2009-02-05,Train,-0.06498152017593384,-0.05561003835661293
2009-02-06,Train,-0.0908355861902237,-0.1118903453930418
2009-02-09,Train,-0.09076233953237534,-0.08634918455093621
2009-02-10,Train,-0.07658295333385468,-0.05767963056027647
2009-02-11,Train,-0.07840363681316376,-0.07980131743471974
2009-02-12,Train,-0.09721251577138901,-0.09944386779609327
2009-02-13,Train,-0.10352671146392822,-0.1245481721169326
2009-02-17,Train,-0.08454272150993347,-0.08898010045239146
2009-02-18,Train,-0.07777643948793411,-0.06532147272103306
2009-02-19,Train,-0.08213601261377335,-0.07919418597224959
2009-02-20,Train,-0.06590045988559723,-0.08901979658692294
2009-02-23,Train,-0.0388675332069397,-0.07609478796801239
2009-02-24,Train,-0.0282934308052063,-0.05038223517528551
2009-02-25,Train,-0.03157730773091316,-0.02938090759372924
2009-02-26,Train,0.019737301394343376,0.03166603568821436
2009-02-27,Train,0.03161861374974251,0.04395201795471126
2009-03-02,Train,0.07040810585021973,0.06081084370680911
2009-03-03,Train,0.1001538336277008,0.1018031179202135
2009-03-04,Train,0.07081367820501328,0.08671792337539164
2009-03-05,Train,0.11791425943374634,0.1195775197632902
2009-03-06,Train,0.12063777446746826,0.1095057472114636
2009-03-09,Train,0.1708393543958664,0.2004661963207142
2009-03-10,Train,0.09634771943092346,0.1097694843898553
2009-03-11,Train,0.09304798394441605,0.09801799327403571
2009-03-12,Train,0.0802069902420044,0.0955702742876432
2009-03-13,Train,0.07726812362670898,0.07237299722584956
2009-03-16,Train,0.08437996357679367,0.0636942400029048
2009-03-17,Train,0.05197317898273468,0.03375382794726822
2009-03-18,Train,0.05446290969848633,0.03602692482619041
2009-03-19,Train,0.06234538182616234,0.07008085924255636
2009-03-20,Train,0.0925554409623146,0.1086359882039836
2009-03-23,Train,0.04728113114833832,0.04433659728629347
2009-03-24,Train,0.05275386571884155,0.03593802028782545
2009-03-25,Train,0.05400129035115242,0.04857241493065279
2009-03-26,Train,0.05356429144740105,0.04871056309231192
2009-03-27,Train,0.06110411137342453,0.06716416986765394
2009-03-30,Train,0.07737423479557037,0.08083839839310625
2009-03-31,Train,0.06688322126865387,0.06860164419492909
2009-04-01,Train,0.07019166648387909,0.08027303165281263
2009-04-02,Train,0.03950321301817894,0.04880356212968917
2009-04-03,Train,0.013516543433070183,-0.003400210226973899
2009-04-06,Train,0.014510092325508595,0.01301512745545264
2009-04-07,Train,0.04282408580183983,0.04360282736813392
2009-04-08,Train,0.03261399269104004,0.03630672362166742
2009-04-09,Train,0.02376442775130272,0.02276867125889526
2009-04-13,Train,0.022166023030877113,0.02553968282687968
2009-04-14,Train,0.03551357612013817,0.03047084680286938
2009-04-15,Train,0.038233544677495956,0.04753077247851456
2009-04-16,Train,0.03288613259792328,0.03128751649563832
2009-04-17,Train,0.02835424616932869,0.03182220098746935
2009-04-20,Train,0.06588494777679443,0.08715872866937713
2009-04-21,Train,0.06685691326856613,0.0712756784624331
2009-04-22,Train,0.0631379783153534,0.06831344316031429
2009-04-23,Train,0.03798544034361839,0.03322254466456243
2009-04-24,Train,0.019894935190677643,0.01602852293081547
2009-04-27,Train,0.011643139645457268,0.01838123155348437
2009-04-28,Train,0.010410063900053501,0.0134408831867443
2009-04-29,Train,-0.010040635243058205,-0.02710660595670511
2009-04-30,Train,-0.02084442600607872,-0.02596264356304312
2009-05-01,Train,-0.01826464757323265,-0.02909514201562302
2009-05-04,Train,-0.029780978336930275,-0.02310977392938973
2009-05-05,Train,-0.012934528291225433,-0.01770413831469031
2009-05-06,Train,-0.009831945411860943,-0.02141022055767983
2009-05-07,Train,-0.010950002819299698,-0.01636941168022199
2009-05-08,Train,-0.00023143367434386164,-0.02015771650413245
2009-05-11,Train,0.005779345519840717,0.01280938750951455
2009-05-12,Train,0.012581291608512402,0.01827288318032205
2009-05-13,Train,0.05349377542734146,0.05844943302300898
2009-05-14,Train,0.05815304070711136,0.05959873359817247
2009-05-15,Train,0.07686425000429153,0.09050046612012586
2009-05-18,Train,0.0651676207780838,0.06425224417047115
2009-05-19,Train,0.045624028891325,0.05610465754554839
2009-05-20,Train,0.04812023043632507,0.07176204745536974
2009-05-21,Train,0.08409581333398819,0.0930162588851835
2009-05-22,Train,0.09412345290184021,0.09332132283779804
2009-05-26,Train,0.05894159525632858,0.06208680053377247
2009-05-27,Train,0.06657569110393524,0.0657018960315554
2009-05-28,Train,0.05245257914066315,0.05350497542385435
2009-05-29,Train,0.031533949077129364,0.03589599828780687
2009-06-01,Train,-0.0043701366521418095,-0.01346517922473278
2009-06-02,Train,-0.011638149619102478,-0.0244236943795082
2009-06-03,Train,-0.013090095482766628,-0.01211126945306507
2009-06-04,Train,-0.02902340143918991,-0.02504088028340479
2009-06-05,Train,-0.0314023494720459,-0.01685695901202033
2009-06-08,Train,-0.027765385806560516,-0.04335959687167756
2009-06-09,Train,-0.03378903120756149,-0.05277403850273499
2009-06-10,Train,-0.038750775158405304,-0.03340574558476239
2009-06-11,Train,-0.01703496277332306,-0.01439431786229417
2009-06-12,Train,-0.011509614065289497,-0.00763990674861037
2009-06-15,Train,0.006316344253718853,0.01532031235887477
2009-06-16,Train,0.022687001153826714,0.02334745003846361
2009-06-17,Train,0.002939259633421898,0.01421014613830196
2009-06-18,Train,0.0015604766085743904,-0.006141854343312936
2009-06-19,Train,-0.012689896859228611,-0.02074115053000136
2009-06-22,Train,-0.0016267140163108706,-0.01567853543470799
2009-06-23,Train,0.0037454150151461363,-0.00828574044363839
2009-06-24,Train,-0.007124423515051603,-0.02304017115224977
2009-06-25,Train,-0.032223284244537354,-0.03775152141139382
2009-06-26,Train,-0.01994449831545353,-0.02144621397316204
2009-06-29,Train,-0.018226617947220802,-0.02002742186437911
2009-06-30,Train,0.019245866686105728,0.0148432403786638
2009-07-01,Train,0.021569805219769478,0.0263736001162016
2009-07-02,Train,0.05439801514148712,0.05505626357244697
2009-07-06,Train,0.05274668708443642,0.07088388399743639
2009-07-07,Train,0.09619909524917603,0.1057052318248948
2009-07-08,Train,0.11350462585687637,0.1091904642896628
2009-07-09,Train,0.11491235345602036,0.1317226907120954
2009-07-10,Train,0.1175403967499733,0.11827036897694
2009-07-13,Train,0.10916197299957275,0.1056476062212042
2009-07-14,Train,0.11158330738544464,0.09406496348057569
2009-07-15,Train,0.07180029898881912,0.06554718590636677
2009-07-16,Train,0.047521788626909256,0.05915415011691194
2009-07-17,Train,0.05259411409497261,0.05031947072803944
2009-07-20,Train,0.0455760657787323,0.05590724812635184
2009-07-21,Train,0.05089377984404564,0.04871662114940878
2009-07-22,Train,0.04575643315911293,0.03194804005808649
2009-07-23,Train,0.00846881978213787,0.0007624547689339956
2009-07-24,Train,0.010495413094758987,0.02125484884176321
2009-07-27,Train,-0.000972496229223907,0.006353240398838
2009-07-28,Train,0.0030265587847679853,0.004605846521109402
2009-07-29,Train,0.005857154261320829,0.01347226174990257
2009-07-30,Train,0.0022564709652215242,0.01314128030765915
2009-07-31,Train,0.0055841743014752865,0.004562745290106029
2009-08-03,Train,-0.015937475487589836,-0.03896107236815904
2009-08-04,Train,-0.01939845271408558,-0.02522482800041081
2009-08-05,Train,-0.0007270877831615508,-0.0108230634314167
2009-08-06,Train,0.0062583680264651775,0.009649498301452342
2009-08-07,Train,0.0043759774416685104,0.01028083842605287
2009-08-10,Train,0.013824228197336197,0.01641418057891308
2009-08-11,Train,0.020275473594665527,0.02827306820700382
2009-08-12,Train,0.00809976365417242,0.0107850593603076
2009-08-13,Train,0.017948832362890244,0.007732635872065519
2009-08-14,Train,0.014567672275006771,0.02043899916130565
2009-08-17,Train,0.03369836509227753,0.04028064593294078
2009-08-18,Train,0.011977776885032654,0.006405329434255869
2009-08-19,Train,0.0027962024323642254,-0.001272245242524006
2009-08-20,Train,0.0012560782488435507,-0.00628772662358501
2009-08-21,Train,0.004884498193860054,0.001737396208329134
2009-08-24,Train,0.00669465446844697,0.01217395474451677
2009-08-25,Train,0.0094021400436759,0.01783505671917318
2009-08-26,Train,0.024548426270484924,0.02928040514925456
2009-08-27,Train,0.02570212446153164,0.0277227447916637
2009-08-28,Train,0.024412933737039566,0.03066275273431462
2009-08-31,Train,0.03774753212928772,0.04446671616974274
2009-09-01,Train,0.06803740561008453,0.0799388871494422
2009-09-02,Train,0.07512421160936356,0.08050955025253792
2009-09-03,Train,0.0719028115272522,0.07415845177545632
2009-09-04,Train,0.05568782612681389,0.05475716181990919
2009-09-08,Train,0.04024747014045715,0.04688266491706217
2009-09-09,Train,0.025897996500134468,0.03309809212219994
2009-09-10,Train,0.016896432265639305,0.0142237261113547
2009-09-11,Train,0.020134422928094864,0.004335267417901134
2009-09-14,Train,0.008894631639122963,0.01751438428242236
2009-09-15,Train,0.015684114769101143,0.009806262471783178
2009-09-16,Train,-0.0024508910719305277,-0.004007500619596094
2009-09-17,Train,-0.025640854611992836,-0.03324687225855172
2009-09-18,Train,-0.02656976319849491,-0.03675771934667282
2009-09-21,Train,-0.024717340245842934,-0.03194739535121294
2009-09-22,Train,-0.021603919565677643,-0.01664719516455615
2009-09-23,Train,-0.013935170136392117,-0.009187264608695234
2009-09-24,Train,0.007390035316348076,0.00404093142086448
2009-09-25,Train,0.031532932072877884,0.01870500635554162
2009-09-28,Train,0.0046370020136237144,0.003772691534727146
2009-09-29,Train,0.009906955063343048,0.008526778776478006
2009-09-30,Train,0.005498333368450403,0.02153845792691378
2009-10-01,Train,0.04175449162721634,0.05024393593392729
2009-10-02,Train,0.046942904591560364,0.04647743790455916
2009-10-05,Train,0.032704517245292664,0.04853191080883978
2009-10-06,Train,0.030649857595562935,0.03051985302591276
2009-10-07,Train,0.026675628498196602,0.02567755542307815
2009-10-08,Train,0.01809154450893402,0.02533143116255343
2009-10-09,Train,0.006723920349031687,0.01530135435224356
2009-10-12,Train,0.0039219483733177185,0.009866149557281823
2009-10-13,Train,-0.005000981967896223,-0.005636488213858093
2009-10-14,Train,-0.02986971102654934,-0.04101020537584177
2009-10-15,Train,-0.026355557143688202,-0.02252673455103027
2009-10-16,Train,-0.03697139397263527,-0.04254323858711739
2009-10-19,Train,-0.03822848200798035,-0.04813696043573534
2009-10-20,Train,-0.03387600928544998,-0.04534944108773065
2009-10-21,Train,-0.031248044222593307,-0.04195636495600097
2009-10-22,Train,-0.01897171139717102,-0.0221658478118163
2009-10-23,Train,-0.0037203493993729353,-0.01228849016620948
2009-10-26,Train,-0.0014301063492894173,0.01209575768234661
2009-10-27,Train,0.02268589660525322,0.0302314306727427
2009-10-28,Train,0.05595030263066292,0.06064271981744018
2009-10-29,Train,0.04222140461206436,0.03706346798849092
2009-10-30,Train,0.07489382475614548,0.07446287366292337
2009-11-02,Train,0.07570803910493851,0.08096275054412527
2009-11-03,Train,0.07552462816238403,0.08095007970091883
2009-11-04,Train,0.06608525663614273,0.07307032444400297
2009-11-05,Train,0.023347467184066772,0.03093273720166767
2009-11-06,Train,0.022905826568603516,0.01971831414731584
2009-11-09,Train,0.01650809869170189,0.01447945512338578
2009-11-10,Train,0.01212388090789318,0.008482410720821232
2009-11-11,Train,0.00815549399703741,0.006378104090311254
2009-11-12,Train,-0.0016703697619959712,-0.003207404340242692
2009-11-13,Train,-0.006627820432186127,-0.01022487992284271
2009-11-16,Train,-0.01596095599234104,-0.01012147485843318
2009-11-17,Train,-0.015672635287046432,-0.01188338110828424
2009-11-18,Train,-0.010221350006759167,-0.01037202029986706
2009-11-19,Train,0.007508954033255577,0.01053593875584768
2009-11-20,Train,0.01248252671211958,0.01081954962158194
2009-11-23,Train,-0.0024681200738996267,-0.01132759417566409
2009-11-24,Train,-0.0005860009114257991,0.002045922917796705
2009-11-25,Train,0.0008360308711417019,0.002716136963690996
2009-11-27,Train,0.010157659649848938,0.01424966146861895
2009-11-30,Train,0.014990049414336681,0.02272722296966112
2009-12-01,Train,0.008060499094426632,0.006589432551408425
2009-12-02,Train,0.005041885189712048,0.006580461028716567
2009-12-03,Train,0.006863186601549387,-0.001594889400721389
2009-12-04,Train,0.015071236528456211,0.007706259311402119
2009-12-07,Train,0.03172304853796959,0.02391253110246661
2009-12-08,Train,0.03781862556934357,0.03643446780077286
2009-12-09,Train,0.029658794403076172,0.03357530582482093
2009-12-10,Train,0.03361888229846954,0.03792325810629649
2009-12-11,Train,0.03757092356681824,0.04736007482442495
2009-12-14,Train,0.03522849082946777,0.03322109018141428
2009-12-15,Train,0.0333096943795681,0.04221216623228208
2009-12-16,Train,0.034983664751052856,0.03133452142748783
2009-12-17,Train,0.04532767832279205,0.05933360320009751
2009-12-18,Train,0.03657678887248039,0.04408455071599793
2009-12-21,Train,0.01653236709535122,0.02624555892358327
2009-12-22,Train,0.019080156460404396,0.02078263621982135
2009-12-23,Train,0.012718907557427883,0.02172953981405956
2009-12-24,Train,0.0100424624979496,0.00826448612219255
2009-12-28,Train,-0.0028705180156975985,-0.0095197410165615
2009-12-29,Train,0.01021646335721016,0.006951981388453765
2009-12-30,Train,0.004364140797406435,0.004765025545335755
2009-12-31,Train,0.0042168558575212955,0.002185758997182319
2010-01-04,Train,0.0010738805867731571,0.003662257439646099
2010-01-05,Train,-0.007200316060334444,-0.01077121972689987
2010-01-06,Train,-0.019469628110527992,-0.01408751018162058
2010-01-07,Train,-0.044418614357709885,-0.04353472820549431
2010-01-08,Train,-0.049269095063209534,-0.04812025564946021
2010-01-11,Train,-0.04343446344137192,-0.04335638718222234
2010-01-12,Train,-0.0401494987308979,-0.0235910451104212
2010-01-13,Train,-0.061617009341716766,-0.06040991001593865
2010-01-14,Train,-0.05363107845187187,-0.07760289979491586
2010-01-15,Train,-0.052051689475774765,-0.05648855482622872
2010-01-19,Train,-0.06052437797188759,-0.06310364063275664
2010-01-20,Train,-0.044083788990974426,-0.04420729225267517
2010-01-21,Train,-0.046959444880485535,-0.06309084723425229
2010-01-22,Train,-0.012692919932305813,-0.02672102149576738
2010-01-25,Train,-0.017021747305989265,-0.03701203235200656
2010-01-26,Train,-0.019098594784736633,-0.02795936654863895
2010-01-27,Train,-0.028532931581139565,-0.03758389880316648
2010-01-28,Train,0.002255507977679372,0.002755429023811429
2010-01-29,Train,0.02531147189438343,0.02266878675512896
2010-02-01,Train,0.01906578429043293,0.02450303778128871
2010-02-02,Train,0.017627768218517303,0.0210767041646005
2010-02-03,Train,0.016580380499362946,0.0218728434227109
2010-02-04,Train,0.04263228550553322,0.05185365918713303
2010-02-05,Train,0.03477497771382332,0.0409493288733267
2010-02-08,Train,0.041347917169332504,0.03491918777608949
2010-02-09,Train,0.03955962881445885,0.03479471071127338
2010-02-10,Train,0.03672913834452629,0.03672705717213187
2010-02-11,Train,0.03333790600299835,0.02495993126381713
2010-02-12,Train,0.03898153081536293,0.03770570359156022
2010-02-16,Train,0.02812759391963482,0.02775269744372255
2010-02-17,Train,0.021779865026474,0.02310968782475631
2010-02-18,Train,0.025530222803354263,0.0200669243366467
2010-02-19,Train,0.036523010581731796,0.03591337786961724
2010-02-22,Train,0.04218586906790733,0.04000887424399902
2010-02-23,Train,0.057300031185150146,0.05955618381346883
2010-02-24,Train,0.05253635346889496,0.05738618075696045
2010-02-25,Train,0.04660296440124512,0.06165919493462924
2010-02-26,Train,0.05334435775876045,0.05808763150841201
2010-03-01,Train,0.04381174221634865,0.04029953396176844
2010-03-02,Train,0.04147421196103096,0.0436882922458468
2010-03-03,Train,0.04360528662800789,0.04539473166866403
2010-03-04,Train,0.04075572267174721,0.0454645208973703
2010-03-05,Train,0.022334417328238487,0.02260988550404308
2010-03-08,Train,0.021847369149327278,0.02987318775230463
2010-03-09,Train,0.025742534548044205,0.03120322838010781
2010-03-10,Train,0.023189425468444824,0.01801997714254666
2010-03-11,Train,0.01835981197655201,0.01267164325562309
2010-03-12,Train,0.013197770342230797,0.01351350045186761
2010-03-15,Train,0.018186155706644058,0.02095677029200438
2010-03-16,Train,0.016543200239539146,0.01787964782818241
2010-03-17,Train,0.01762198656797409,0.01027903707338518
2010-03-18,Train,0.014919047243893147,0.006899393763835526
2010-03-19,Train,0.017769549041986465,0.02358388907770048
2010-03-22,Train,0.019435644149780273,0.01732057309619384
2010-03-23,Train,0.017952024936676025,0.007875669805497143
2010-03-24,Train,0.01495851669460535,0.01499377788087286
2010-03-25,Train,0.021232720464468002,0.02252342021216713
2010-03-26,Train,0.02003762312233448,0.02229166030883789
2010-03-29,Train,0.02290453389286995,0.0226000448462238
2010-03-30,Train,0.02141398936510086,0.03141145850249449
2010-03-31,Train,0.025503097102046013,0.04090534109104627
2010-04-01,Train,0.022922426462173462,0.02844682176547764
2010-04-05,Train,0.020796293392777443,0.01830897713378987
2010-04-06,Train,0.022051123902201653,0.02051282051282044
2010-04-07,Train,0.0252190250903368,0.02878876579132061
2010-04-08,Train,0.02604900673031807,0.03221172837008424
2010-04-09,Train,0.02561109885573387,0.03038959240390504
2010-04-12,Train,0.014121711254119873,0.02730793073001037
2010-04-13,Train,0.0057117147371172905,0.0004055242880662835
2010-04-14,Train,0.004393965005874634,-0.01081949343174249
2010-04-15,Train,0.00026737398002296686,0.001994783003998357
2010-04-16,Train,-0.0038636012468487024,-0.005854978961786217
2010-04-19,Train,-0.012846852652728558,0.008686874852035897
2010-04-20,Train,-0.018370820209383965,-0.02653265718239639
2010-04-21,Train,-0.04015331342816353,-0.03697778371497085
2010-04-22,Train,-0.05857142433524132,-0.07433912892819594
2010-04-23,Train,-0.06661130487918854,-0.1011480713390667
2010-04-26,Train,-0.060227517038583755,-0.05237054944732289
2010-04-27,Train,-0.034423090517520905,-0.03283337914217244
2010-04-28,Train,-0.03522331640124321,-0.01519141211720032
2010-04-29,Train,-0.05063910037279129,-0.04738206430031899
2010-04-30,Train,-0.03988833352923393,-0.04691310508832103
2010-05-03,Train,-0.054503802210092545,-0.05707988096738825
2010-05-04,Train,-0.03957662358880043,-0.04129671665077927
2010-05-05,Train,-0.035054754465818405,-0.04400163799204093
2010-05-06,Train,-0.042642105370759964,-0.04767020045632198
2010-05-07,Train,-0.002807237207889557,-0.0125522945769555
2010-05-10,Train,-0.06491866707801819,-0.06510363367279637
2010-05-11,Train,-0.06721064448356628,-0.06328584200566734
2010-05-12,Train,-0.07332327961921692,-0.09090905524571491
2010-05-13,Train,-0.052939727902412415,-0.04137930209772478
2010-05-14,Train,-0.04110807552933693,-0.02834011980409057
2010-05-17,Train,-0.04277588427066803,-0.04035687026302615
2010-05-18,Train,-0.014521089382469654,-0.003876810337985592
2010-05-19,Train,0.004495857283473015,0.01367775151182005
2010-05-20,Train,0.007952644489705563,0.01668549501526129
2010-05-21,Train,-0.0021416114177554846,-0.01271185755763926
2010-05-24,Train,-0.0003698167856782675,-0.01052398616903172
2010-05-25,Train,-0.001369226025417447,-0.01968682445403536
2010-05-26,Train,0.013833529315888882,0.01968323341329525
2010-05-27,Train,-0.010263933800160885,-0.008066251155449122
2010-05-28,Train,0.005894622299820185,-0.002412210511733237
2010-06-01,Train,0.0233051385730505,0.03386451458526429
2010-06-02,Train,0.01080347690731287,0.01405408704603039
2010-06-03,Train,0.004696520045399666,0.007710443798248923
2010-06-04,Train,0.03736097738146782,0.04235972146703326
2010-06-07,Train,0.043670862913131714,0.05263153359531558
2010-06-08,Train,0.04581722617149353,0.04639065660705333
2010-06-09,Train,0.041421204805374146,0.05088999447208398
2010-06-10,Train,-0.0012060898588970304,0.006212531200195048
2010-06-11,Train,-0.0009253708994947374,-0.005054934994205063
2010-06-14,Train,-0.020692504942417145,-0.008353507454257003
2010-06-15,Train,-0.05328764766454697,-0.07150503571082656
2010-06-16,Train,-0.08412911742925644,-0.08933906833871319
2010-06-17,Train,-0.0808972418308258,-0.09479275572356616
2010-06-18,Train,-0.08403651416301727,-0.09638295275099729
2010-06-21,Train,-0.07944539189338684,-0.08583691268190419
2010-06-22,Train,-0.04862932488322258,-0.04930801278616515
2010-06-23,Train,-0.03942571207880974,-0.04017369174313112
2010-06-24,Train,0.0006356975645758212,-0.01609701360084725
2010-06-25,Train,-0.0016143721295520663,-0.01148664573681257
2010-06-28,Train,-0.0037908796221017838,0.004876994407591262
2010-06-29,Train,0.033651433885097504,0.05049579191472398
2010-06-30,Train,0.05690186470746994,0.06766563923198743
2010-07-01,Train,0.0545252300798893,0.04108945747194759
2010-07-02,Train,0.05848497152328491,0.05297857158768293
2010-07-06,Train,0.05796878784894943,0.06244131320868518
2010-07-07,Train,0.025832461193203926,0.01546861508957509
2010-07-08,Train,0.032701246440410614,0.03552035447340129
2010-07-09,Train,0.027094703167676926,0.03227257902010505
2010-07-12,Train,0.033388346433639526,0.03776533244042413
2010-07-13,Train,0.022799022495746613,0.02404580396782352
2010-07-14,Train,0.01728498376905918,0.0107550010755002
2010-07-15,Train,0.022329231724143028,0.002412294167377871
2010-07-16,Train,0.03663225099444389,0.03315293675336917
2010-07-19,Train,0.027624914422631264,0.04360458173108084
2010-07-20,Train,0.01502862386405468,0.02673448837920622
2010-07-21,Train,0.0377265028655529,0.05152328110456672
2010-07-22,Train,0.012166629545390606,0.02315930440658787
2010-07-23,Train,0.015947982668876648,0.01519750167980005
2010-07-26,Train,0.009393870830535889,0.01378129249077142
2010-07-27,Train,-0.0012713189935311675,0.005385609863449936
2010-07-28,Train,-0.0030938012059777975,-0.01411504282194487
2010-07-29,Train,-0.006818533409386873,-0.01465758438776488
2010-07-30,Train,-0.022437775507569313,-0.02379393407360608
2010-08-02,Train,-0.03457457199692726,-0.04006854521646586
2010-08-03,Train,-0.03228389099240303,-0.0236712343430775
2010-08-04,Train,-0.04256659373641014,-0.02961225884777774
2010-08-05,Train,-0.040670573711395264,-0.04206707545752741
2010-08-06,Train,-0.04218152165412903,-0.03934987636089293
2010-08-09,Train,-0.04438887536525726,-0.05522519515076485
2010-08-10,Train,-0.04899820312857628,-0.06470959420512556
2010-08-11,Train,-0.030513998121023178,-0.02929519353202137
2010-08-12,Train,-0.023847108706831932,-0.03330372934079762
2010-08-13,Train,-0.01873018965125084,-0.01453491744490354
2010-08-16,Train,-0.018671931698918343,-0.02656246979853882
2010-08-17,Train,-0.032154787331819534,-0.04209830047119123
2010-08-18,Train,-0.022107604891061783,-0.01734359887507042
2010-08-19,Train,0.01428440771996975,0.008916578371364059
2010-08-20,Train,0.020583001896739006,0.02426536502713939
2010-08-23,Train,0.029132042080163956,0.02742808528009677
2010-08-24,Train,0.055880699306726456,0.0595646823191891
2010-08-25,Train,0.061730071902275085,0.05355118281584037
2010-08-26,Train,0.0840763971209526,0.07028014456247944
2010-08-27,Train,0.0664108619093895,0.07215793798948567
2010-08-30,Train,0.07915420830249786,0.08805320107416836
2010-08-31,Train,0.09234881401062012,0.09871148195813162
2010-09-01,Train,0.061156805604696274,0.07104558588971033
2010-09-02,Train,0.06295900791883469,0.06031823813910187
2010-09-03,Train,0.05615677312016487,0.06129110220379408
2010-09-07,Train,0.063813716173172,0.06827131028004141
2010-09-08,Train,0.058207083493471146,0.05275672706397794
2010-09-09,Train,0.051549531519412994,0.04824462306798272
2010-09-10,Train,0.046735238283872604,0.065665267671422
2010-09-13,Train,0.029426487162709236,0.04529099237351186
2010-09-14,Train,0.03571275994181633,0.04046360670335147
2010-09-15,Train,0.029620906338095665,0.03225132807387099
2010-09-16,Train,0.0274657029658556,0.02357115353536265
2010-09-17,Train,0.023522881790995598,0.0212543573117665
2010-09-20,Train,0.014332691207528114,-0.007167771363788211
2010-09-21,Train,0.020058730617165565,0.01720606632197397
2010-09-22,Train,0.012672086246311665,0.01109059212893726
2010-09-23,Train,0.01192129123955965,0.01520447311089002
2010-09-24,Train,0.011134431697428226,0.001812326880073156
2010-09-27,Train,0.007529011927545071,0.007693886876112721
2010-09-28,Train,0.01421696413308382,0.01498889395334535
2010-09-29,Train,0.014368959702551365,0.02495434204483549
2010-09-30,Train,0.038171637803316116,0.0275116870290808
2010-10-01,Train,0.04608144983649254,0.05060198820378181
2010-10-04,Train,0.048151396214962006,0.05816831108604692
2010-10-05,Train,0.032092366367578506,0.02335883711188846
2010-10-06,Train,0.03699193149805069,0.03981310385329362
2010-10-07,Train,0.03523385524749756,0.03804899967458097
2010-10-08,Train,0.03217264264822006,0.03798993748037049
2010-10-11,Train,0.03688879311084747,0.04259591947731356
2010-10-12,Train,0.03818872570991516,0.03831566844061629
2010-10-13,Train,0.03487308695912361,0.03305617881657552
2010-10-14,Train,0.038082949817180634,0.0372868134944353
2010-10-15,Train,0.027705086395144463,0.01340063321453622
2010-10-18,Train,0.025413554161787033,0.01793376213109066
2010-10-19,Train,0.036863863468170166,0.03856747532944738
2010-10-20,Train,0.03379359841346741,0.03574920648854762
2010-10-21,Train,0.036292195320129395,0.04640275318648812
2010-10-22,Train,0.026529423892498016,0.03931058875465054
2010-10-25,Train,0.026962270960211754,0.03565238602002019
2010-10-26,Train,0.02628910355269909,0.02729198571896974
2010-10-27,Train,0.01791474036872387,0.02931601138634909
2010-10-28,Train,0.015163027681410313,0.02065013091413936
2010-10-29,Train,0.01113959215581417,0.006324224117045363
2010-11-01,Train,-0.001987534575164318,0.001723480476522932
2010-11-02,Train,-0.013495761901140213,-0.02519890199162178
2010-11-03,Train,-0.017877137288451195,-0.0267823834662877
2010-11-04,Train,-0.01872185617685318,-0.02310411600660389
2010-11-05,Train,-0.021390527486801147,-0.02235880359944808
2010-11-08,Train,-0.01606101170182228,-0.01544476749406698
2010-11-09,Train,-0.0077202580869197845,-0.02581854159807762
2010-11-10,Train,-0.017531251534819603,-0.01116906692450192
2010-11-11,Train,-0.019267046824097633,-0.0114275121421068
2010-11-12,Train,0.0020795385353267193,0.004189701537524293
2010-11-15,Train,0.0009344374993816018,-0.004205720033023219
2010-11-16,Train,0.0298607237637043,0.0338191999604962
2010-11-17,Train,0.0272538922727108,0.04127909168802568
2010-11-18,Train,0.026277881115674973,0.02746516533143772
2010-11-19,Train,0.027226662263274193,0.02630069032423554
2010-11-22,Train,0.022737091407179832,0.01833304145720138
2010-11-23,Train,0.031072739511728287,0.03860192333418166
2010-11-24,Train,0.02883942425251007,0.01901359481436704
2010-11-26,Train,0.03121531568467617,0.03259429990113016
2010-11-29,Train,0.034184157848358154,0.02977431648878848
2010-11-30,Train,0.03237229213118553,0.04434634990447872
2010-12-01,Train,0.019742285832762718,0.01823653404300041
2010-12-02,Train,0.011264524422585964,0.01581988267374146
2010-12-03,Train,0.008598382584750652,0.01206611358394105
2010-12-06,Train,0.013386111706495285,0.01318482672773214
2010-12-07,Train,0.017286797985434532,0.01874532853583943
2010-12-08,Train,0.01874527335166931,0.01479288479981444
2010-12-09,Train,0.009350281208753586,0.01126917787391069
2010-12-10,Train,0.0025160997174680233,0.005138534972876085
2010-12-13,Train,0.007383924908936024,0.006813976741867789
2010-12-14,Train,0.008332374505698681,0.00716910622627287
2010-12-15,Train,0.013778929598629475,0.009231905491297487
2010-12-16,Train,0.008081285282969475,-0.002198657796925074
2010-12-17,Train,0.012153178453445435,0.01449011204868489
2010-12-20,Train,0.015878790989518166,0.01301317937319957
2010-12-21,Train,0.017663439735770226,0.0154855583579887
2010-12-22,Train,0.02135043404996395,0.01895038412151751
2010-12-23,Train,0.02453381009399891,0.0206429890166131
2010-12-27,Train,0.02459622547030449,0.02391822826989443
2010-12-28,Train,0.02615080028772354,0.02725446731975878
2010-12-29,Train,0.02955368347465992,0.03230517299119184
2010-12-30,Train,0.03007151372730732,0.0351262712953242
2010-12-31,Train,0.03218626603484154,0.04663975318081737
2011-01-03,Train,0.027098877355456352,0.03344781103213723
2011-01-04,Train,0.023464109748601913,0.02243527869548534
2011-01-05,Train,0.016638001427054405,0.006637942603932467
2011-01-06,Train,0.00209242501296103,-0.004291807432547645
2011-01-07,Train,0.009739305824041367,0.01038127514127596
2011-01-10,Train,0.005266619846224785,0.008024196389968763
2011-01-11,Train,0.004902829881757498,0.011930234783885
2011-01-12,Train,-0.000366082793334499,0.01096179131596609
2011-01-13,Train,-0.000799461267888546,-0.01502301628332259
2011-01-14,Train,-0.005767079070210457,-0.01754385964912286
2011-01-18,Train,-0.006333871744573116,-0.001924433356284228
2011-01-19,Train,0.012472848407924175,0.007963206092822972
2011-01-20,Train,0.020056070759892464,0.01693104175023286
2011-01-21,Train,0.025317871943116188,0.03053162273027921
2011-01-24,Train,0.01848583109676838,0.02125776344944308
2011-01-25,Train,0.019229648634791374,0.02653458398002573
2011-01-26,Train,0.0221328753978014,0.01935594648388705
2011-01-27,Train,0.018982604146003723,0.01469045379686462
2011-01-28,Train,0.03149822726845741,0.04862729421734202
2011-01-31,Train,0.03185318782925606,0.04607146126883377
2011-02-01,Train,0.017096037045121193,0.02541631520298981
2011-02-02,Train,0.018938198685646057,0.03370790053551764
2011-02-03,Train,0.019262338057160378,0.03154572719486648
2011-02-04,Train,0.011746798641979694,0.02352733441950483
2011-02-07,Train,-0.005227995570749044,-0.01075460069682244
2011-02-08,Train,-0.013485601171851158,-0.02533168080179771
2011-02-09,Train,-0.011674541980028152,-0.01847056256149582
2011-02-10,Train,-0.010082590393722057,-0.006377092881171387
2011-02-11,Train,-0.014381351880729198,-0.01146471910831126
2011-02-14,Train,-0.01655280776321888,-0.02970299802115028
2011-02-15,Train,-0.019642770290374756,-0.02324787368122327
2011-02-16,Train,-0.018552400171756744,-0.01036006452591409
2011-02-17,Train,-0.01823066733777523,-0.01512061468602699
2011-02-18,Train,-0.015595706179738045,-0.02622170828419357
2011-02-22,Train,-0.006406628526747227,0.006838495493533436
2011-02-23,Train,-9.073871478904039e-05,0.008309713482924419
2011-02-24,Train,-0.015103190205991268,-0.01266270159997229
2011-02-25,Train,-0.022679481655359268,-0.02012141919703836
2011-02-28,Train,-0.027973685413599014,-0.02561882517758285
2011-03-01,Train,-0.02732420153915882,-0.02375085275328992
2011-03-02,Train,-0.030267592519521713,-0.05232757955386336
2011-03-03,Train,-0.04351149871945381,-0.06212457359612822
2011-03-04,Train,-0.0413503497838974,-0.06072106923652365
2011-03-07,Train,-0.025534097105264664,-0.02955059743470112
2011-03-08,Train,-0.025541935116052628,-0.0351793226659991
2011-03-09,Train,-0.02311369590461254,-0.02314570792702542
2011-03-10,Train,0.014003539457917213,0.009975086914487452
2011-03-11,Train,0.006030662916600704,0.006195759669352485
2011-03-14,Train,-0.003416519844904542,0.004263596728834473
2011-03-15,Train,0.016900453716516495,0.02865381338067063
2011-03-16,Train,0.046128224581480026,0.05909504816380973
2011-03-17,Train,0.04475019872188568,0.05086914367203521
2011-03-18,Train,0.04645262658596039,0.05528004186148539
2011-03-21,Train,0.027270488440990448,0.03189190013988608
2011-03-22,Train,0.03126531094312668,0.03104688372982078
2011-03-23,Train,0.0345400795340538,0.02782263978698496
2011-03-24,Train,0.0021882671862840652,0.009171083787772316
2011-03-25,Train,0.003295903094112873,0.001935267594234125
2011-03-28,Train,0.0099948076531291,0.004068628112558148
2011-03-29,Train,-0.0017730490071699023,-0.01243873294313103
2011-03-30,Train,-0.0044621373526751995,-0.008718396047135424
2011-03-31,Train,-0.007582206279039383,-0.01184050673101766
2011-04-01,Train,-0.007515708450227976,-0.01409672070135193
2011-04-04,Train,-0.007873264141380787,-0.01781037977319233
2011-04-05,Train,0.0025031547993421555,-0.009103649640886169
2011-04-06,Train,0.004566713236272335,0.01082785128809327
2011-04-07,Train,0.015041197650134563,0.01957355658845272
2011-04-08,Train,0.029324451461434364,0.027041279980623
2011-04-11,Train,0.0232071615755558,0.03629318946807492
2011-04-12,Train,0.025877468287944794,0.05055884943801736
2011-04-13,Train,0.0302878487855196,0.04010558760229399
2011-04-14,Train,0.037838827818632126,0.04105730098774774
2011-04-15,Train,0.03770564869046211,0.04095321504562355
2011-04-18,Train,0.030837275087833405,0.04337775336371519
2011-04-19,Train,0.034099165350198746,0.03533568999855086
2011-04-20,Train,0.009533748961985111,0.006910810362821262
2011-04-21,Train,0.0033983681350946426,0.002228335066424725
2011-04-25,Train,0.0006233294261619449,0.003419335655717948
2011-04-26,Train,0.0021749979350715876,0.006290359296233117
2011-04-27,Train,-0.001996162813156843,-0.007767694861328445
2011-04-28,Train,-0.005336578004062176,-0.0003382455166985876
2011-04-29,Train,-0.006868856027722359,-0.01134058840347563
2011-05-02,Train,-0.013252032920718193,-0.02662370124342184
2011-05-03,Train,-0.012955102138221264,-0.01925365956481251
2011-05-04,Train,-0.016515249386429787,-0.009556272579786085
2011-05-05,Train,-0.019205762073397636,-0.001201092935662285
2011-05-06,Train,-0.018738744780421257,-0.01197196422653046
2011-05-09,Train,-0.02324488013982773,-0.03015846820889467
2011-05-10,Train,-0.024003813043236732,-0.04426421680473758
2011-05-11,Train,-0.02611647918820381,-0.03352616511705941
2011-05-12,Train,-0.026367926970124245,-0.03332771443683813
2011-05-13,Train,-0.01962342858314514,-0.01677794118809173
2011-05-16,Train,-0.0014823476085439324,0.01672472228140687
2011-05-17,Train,-0.00788512360304594,-0.008165413646449515
2011-05-18,Train,-0.02186604216694832,-0.01430051374848684
2011-05-19,Train,-0.025898460298776627,-0.03195328362146821
2011-05-20,Train,-0.029759326949715614,-0.03254286053692734
2011-05-23,Train,-0.01812567561864853,-0.01985237684063168
2011-05-24,Train,-0.022380415350198746,-0.02085911811103902
2011-05-25,Train,-0.026401948183774948,-0.02289134030820394
2011-05-26,Train,-0.03767308220267296,-0.04375218807672765
2011-05-27,Train,-0.03912310302257538,-0.04858089675607924
2011-05-31,Train,-0.03996579721570015,-0.05174777974947453
2011-06-01,Train,-0.04172086343169212,-0.04904535346955363
2011-06-02,Train,-0.03600422292947769,-0.05471066777673628
2011-06-03,Train,-0.03193709999322891,-0.04543030395589875
2011-06-06,Train,-0.016688333824276924,-0.03256395982643912
2011-06-07,Train,-0.012777675874531269,-0.01003766560496966
2011-06-08,Train,-0.009127553552389145,-0.0101100842167261
2011-06-09,Train,-0.009923005476593971,-0.002703217180422546
2011-06-10,Train,-0.0014089579926803708,-0.004758388075356779
2011-06-13,Train,0.008923831395804882,0.01116399372557697
2011-06-14,Train,0.011566692031919956,0.0131911734771144
2011-06-15,Train,0.049378033727407455,0.03702336134900164
2011-06-16,Train,0.04992702230811119,0.05491858922793869
2011-06-17,Train,0.07042688876390457,0.07659414132293607
2011-06-20,Train,0.07778365910053253,0.076382487357598
2011-06-21,Train,0.06127937138080597,0.05721527926132874
2011-06-22,Train,0.06504818052053452,0.07951845066663621
2011-06-23,Train,0.05712377279996872,0.06667868840864877
2011-06-24,Train,0.06610646098852158,0.06583298907760571
2011-06-27,Train,0.04680636152625084,0.04108598113599404
2011-06-28,Train,0.02527949959039688,0.03014087098104601
2011-06-29,Train,0.02423667721450329,0.0140319880325559
2011-06-30,Train,0.01879250444471836,0.01402277384327921
2011-07-01,Train,0.004362049046903849,-0.006389206231388056
2011-07-05,Train,0.004113301634788513,0.0111683454065441
2011-07-06,Train,0.0013126212870702147,0.003596490609141689
2011-07-07,Train,-0.00392964156344533,-0.003378897666538205
2011-07-08,Train,-4.3727312004193664e-05,0.00965610209404466
2011-07-11,Train,0.016909465193748474,0.02622499105889187
2011-07-12,Train,0.022060446441173553,0.03668290322599899
2011-07-13,Train,0.015887286514043808,0.005713328266002682
2011-07-14,Train,0.019255531951785088,0.01926779595692873
2011-07-15,Train,-0.010995783843100071,0.002592939150136919
2011-07-18,Train,-0.003205647459253669,0.003302026828048144
2011-07-19,Train,-0.05697079747915268,-0.04384023930760095
2011-07-20,Train,-0.04746498540043831,-0.03054602640681936
2011-07-21,Train,-0.07632178068161011,-0.08170882136592539
2011-07-22,Train,-0.10146380215883255,-0.09681202669110467
2011-07-25,Train,-0.10654564201831818,-0.1494619949237846
2011-07-26,Train,-0.1092955619096756,-0.110682578745541
2011-07-27,Train,-0.09967264533042908,-0.1244620334523141
2011-07-28,Train,-0.08322864025831223,-0.08747207892614728
2011-07-29,Train,-0.07261916995048523,-0.07637931560647904
2011-08-01,Train,-0.062398821115493774,-0.05837517683365323
2011-08-02,Train,-0.0473073273897171,-0.04211833859258074
2011-08-03,Train,-0.0516543984413147,-0.05685617785876163
2011-08-04,Train,-0.04696723446249962,-0.05944244996950776
2011-08-05,Train,-0.04093688726425171,-0.07059266064459946
2011-08-08,Train,0.0018718104111030698,-0.007511386973099166
2011-08-09,Train,-0.023633645847439766,-0.0141429382852033
2011-08-10,Train,0.03909078985452652,0.03598108522210608
2011-08-11,Train,-0.004915569443255663,-0.02391707494465101
2011-08-12,Train,-0.009314268827438354,-0.008213526772737567
2011-08-15,Train,-0.0016803685575723648,0.004598969779120887
2011-08-16,Train,0.011234910227358341,0.01985157077055888
2011-08-17,Train,0.016915446147322655,0.02762223761960625
2011-08-18,Train,0.06501458585262299,0.07085378913237306
2011-08-19,Train,0.07608065009117126,0.06496102497098
2011-08-22,Train,0.06385409832000732,0.06134239966571076
2011-08-23,Train,0.03523696959018707,0.04514155825279276
2011-08-24,Train,0.02802865020930767,0.03226420207340275
2011-08-25,Train,0.03521556779742241,0.02604666074528716
2011-08-26,Train,0.020568784326314926,0.01373987441295998
2011-08-29,Train,0.006370119750499725,-0.0005493275766634831
2011-08-30,Train,0.01750801131129265,0.007094767709438399
2011-08-31,Train,0.012990227900445461,0.02034142578914033
2011-09-01,Train,0.022987376898527145,0.03720672155794014
2011-09-02,Train,0.05028381198644638,0.06250003579858632
2011-09-06,Train,0.03661707043647766,0.05760930084596216
2011-09-07,Train,0.002652079565450549,0.01354322267080743
2011-09-08,Train,-0.007306772284209728,-0.01489239874394832
2011-09-09,Train,0.023764977231621742,0.01823996267650863
2011-09-12,Train,0.020664693787693977,0.01708128775565765
2011-09-13,Train,0.001618474954739213,0.01410766979176414
2011-09-14,Train,-0.0200522281229496,-0.01499280747658605
2011-09-15,Train,-0.03536687418818474,-0.04093982243799754
2011-09-16,Train,-0.06936129182577133,-0.07245093590856966
2011-09-19,Train,-0.06352445483207703,-0.09662605832409932
2011-09-20,Train,-0.06650477647781372,-0.07398867882334048
2011-09-21,Train,-0.028850551694631577,-0.03340560225961231
2011-09-22,Train,0.011113031767308712,0.01586409938546218
2011-09-23,Train,0.02139088325202465,-0.001477411427522335
2011-09-26,Train,0.018768463283777237,0.02117560922346184
2011-09-27,Train,0.0092007489874959,0.01752486445246504
2011-09-28,Train,0.02700159139931202,0.03796075080071559
2011-09-29,Train,0.053158704191446304,0.06013358944951608
2011-09-30,Train,0.09486453980207443,0.1084015706755677
2011-10-03,Train,0.11214929819107056,0.1200625628261403
2011-10-04,Train,0.0951799601316452,0.1111324622413303
2011-10-05,Train,0.07396280765533447,0.06239492301052807
2011-10-06,Train,0.047582414001226425,0.0396839947694565
2011-10-07,Train,0.05921424925327301,0.05973736934467766
2011-10-10,Train,0.028766538947820663,0.04558461055342766
2011-10-11,Train,0.024830423295497894,0.01811080368058682
2011-10-12,Train,0.02430494874715805,0.01183749119620425
2011-10-13,Train,0.024575848132371902,0.03028710739822205
2011-10-14,Train,-0.0018378598615527153,0.01306287929781247
2011-10-17,Train,0.00914450641721487,0.01169696225420913
2011-10-18,Train,-0.01462574303150177,-0.02672879818752216
2011-10-19,Train,0.011478682979941368,0.0008791847722808832
2011-10-20,Train,0.019843507558107376,0.02668312983675003
2011-10-21,Train,0.00028753874357789755,0.008726003606586596
2011-10-24,Train,-0.011576388031244278,-0.004787187313369912
2011-10-25,Train,0.009798313491046429,0.02685735806468847
2011-10-26,Train,0.014564129523932934,-0.008032112463695618
2011-10-27,Train,-0.024953873828053474,-0.03517416734912049
2011-10-28,Train,-0.013187016360461712,-0.01849338612121976
2011-10-31,Train,-0.0011761976638808846,-0.00793786157750731
2011-11-01,Train,0.008430532179772854,0.02994334660749787
2011-11-02,Train,-0.017306098714470863,0.004392129445576654
2011-11-03,Train,-0.04596573859453201,-0.03907051123379135
2011-11-04,Train,-0.050738751888275146,-0.04152245229862905
2011-11-07,Train,-0.051417771726846695,-0.06648340478873282
2011-11-08,Train,-0.05309515446424484,-0.07404892206621572
2011-11-09,Train,-0.050119441002607346,-0.06196092893281613
2011-11-10,Train,-0.05368804931640625,-0.06868611826394855
2011-11-11,Train,-0.046913906931877136,-0.05410539906614098
2011-11-14,Train,-0.03902965411543846,-0.05409637362241426
2011-11-15,Train,-0.035149093717336655,-0.02993293732143421
2011-11-16,Train,-0.014818158000707626,-0.006821749206566974
2011-11-17,Train,0.008769921027123928,0.01415004612073378
2011-11-18,Train,0.017095020040869713,0.03321299822940205
2011-11-21,Train,0.04010909050703049,0.05042329169622395
2011-11-22,Train,0.042327072471380234,0.04695527057587312
2011-11-23,Train,0.06080511584877968,0.05310561020337379
2011-11-25,Train,0.07296169549226761,0.07829045586280658
2011-11-28,Train,0.024089312180876732,0.03033625384467387
2011-11-29,Train,0.03253840282559395,0.02537692582406192
2011-11-30,Train,-0.026088383048772812,-0.02660046136257554
2011-12-01,Train,-0.030561285093426704,-0.0359280934252838
2011-12-02,Train,-0.034737154841423035,-0.03108439340753999
2011-12-05,Train,-0.049039795994758606,-0.05101331058732406
2011-12-06,Train,-0.02612447924911976,-0.02014718796405579
2011-12-07,Train,-0.01920800283551216,-0.03416259110697062
2011-12-08,Train,-0.005790321156382561,-0.009265867207068568
2011-12-09,Train,-0.009225457906723022,-0.01648541948724236
2011-12-12,Train,-0.001231963513419032,-0.002483139180492366
2011-12-13,Train,-5.073889042250812e-07,-0.003048747741437152
2011-12-14,Train,0.01990216039121151,0.02004012208143346
2011-12-15,Train,0.024815252050757408,0.01991231492812817
2011-12-16,Train,0.03838111832737923,0.03718557952663271
2011-12-19,Train,0.041486386209726334,0.05191457493864671
2011-12-20,Train,0.03203125670552254,0.03003755222615845
2011-12-21,Train,0.04067150130867958,0.04861237535374863
2011-12-22,Train,0.041834063827991486,0.03633094448201968
2011-12-23,Train,0.035387877374887466,0.03495005386014971
2011-12-27,Train,0.03252064809203148,0.03413936898370395
2011-12-28,Train,0.036958176642656326,0.05036875749909853
2011-12-29,Train,0.03943808004260063,0.03911410182277653
2011-12-30,Train,0.04822007566690445,0.05158511837655011
2012-01-03,Train,0.04646272957324982,0.04551845488808848
2012-01-04,Train,0.04511408135294914,0.04760240199085275
2012-01-05,Train,0.03765854239463806,0.03749348766755589
2012-01-06,Train,0.03342151641845703,0.03425012100330305
2012-01-09,Train,0.034044403582811356,0.03575149967854463
2012-01-10,Train,0.03504886478185654,0.04117848642226751
2012-01-11,Train,0.036289263516664505,0.03541955602984204
2012-01-12,Train,0.037929717451334,0.03442373963420198
2012-01-13,Train,0.04210277646780014,0.03901685193978466
2012-01-17,Train,0.0403207503259182,0.03099982495665832
2012-01-18,Train,0.033007051795721054,0.02571858692434148
2012-01-19,Train,0.029866548255085945,0.02255259706575474
2012-01-20,Train,0.03409257531166077,0.03814620648878919
2012-01-23,Train,0.034463461488485336,0.03696268691473992
2012-01-24,Train,0.037874165922403336,0.04105229139429101
2012-01-25,Train,0.038492802530527115,0.03359256609374883
2012-01-26,Train,0.03952598199248314,0.04466952129161017
2012-01-27,Train,0.0361805222928524,0.03427151726043109
2012-01-30,Train,0.040884654968976974,0.04301072690333352
2012-01-31,Train,0.03877904266119003,0.04427557176975228
2012-02-01,Train,0.033962883055210114,0.02867912138432871
2012-02-02,Train,0.035248465836048126,0.03953605652407965
2012-02-03,Train,0.02496306598186493,0.02224014641552174
2012-02-06,Train,0.023403655737638474,0.02596775177986399
2012-02-07,Train,0.0231378935277462,0.01915336562451286
2012-02-08,Train,0.020319761708378792,0.02049315742485081
2012-02-09,Train,0.019705472514033318,0.01669049816574963
2012-02-10,Train,0.024234022945165634,0.02529216904402842
2012-02-13,Train,0.021818339824676514,0.02616967059710573
2012-02-14,Train,0.018213242292404175,0.01898441061568534
2012-02-15,Train,0.02422146499156952,0.03425199451174632
2012-02-16,Train,0.019171446561813354,0.01948768910343701
2012-02-17,Train,0.01805548183619976,0.0121393132486487
2012-02-21,Train,0.013960681855678558,-0.0006288463314498838
2012-02-22,Train,0.01727660372853279,0.01168663719734697
2012-02-23,Train,0.016979001462459564,0.01584559609251479
2012-02-24,Train,0.018832748755812645,0.01657282010266758
2012-02-27,Train,0.022583749145269394,0.01561280175415325
2012-02-28,Train,0.024015512317419052,0.02411136416646564
2012-02-29,Train,0.0259533803910017,0.03229303032758191
2012-03-01,Train,0.030737487599253654,0.02711032325740836
2012-03-02,Train,0.029928097501397133,0.02543539119198379
2012-03-05,Train,0.03769028186798096,0.04345796025156567
2012-03-06,Train,0.04137271270155907,0.05568665931290795
2012-03-07,Train,0.04084700718522072,0.04776780057147811
2012-03-08,Train,0.03708643838763237,0.03444020628468869
2012-03-09,Train,0.03243692219257355,0.02952946627911879
2012-03-12,Train,0.031607478857040405,0.04704069815583289
2012-03-13,Train,0.02836066670715809,0.02942947306631538
2012-03-14,Train,0.020673967897892,0.02180786019286107
2012-03-15,Train,0.012802165932953358,0.01499700053124298
2012-03-16,Train,0.018648706376552582,0.01548416206660708
2012-03-19,Train,0.013892286457121372,0.01880880991805367
2012-03-20,Train,0.010475789196789265,0.01668905880488514
2012-03-21,Train,0.007392224855720997,0.002681768441747279
2012-03-22,Train,0.010988485999405384,0.01104804160468786
2012-03-23,Train,-0.003096451051533222,0.004033412507009393
2012-03-26,Train,-0.020961951464414597,-0.02907067008060882
2012-03-27,Train,-0.02242264524102211,-0.02580269989522865
2012-03-28,Train,-0.015376516617834568,-0.01074482382545061
2012-03-29,Train,-0.017993610352277756,-0.02201533476730178
2012-03-30,Train,-0.02196316234767437,-0.03108817185258406
2012-04-02,Train,-0.023670371621847153,-0.0215384794242216
2012-04-03,Train,-0.019215714186429977,-0.02374326054341902
2012-04-04,Train,-0.02287997119128704,-0.02139676636119614
2012-04-05,Train,-0.02402474172413349,-0.03012405314168365
2012-04-09,Train,-0.022922657430171967,-0.03169167210880164
2012-04-10,Train,-0.007011043839156628,-0.02117033047981887
2012-04-11,Train,-0.006703611928969622,0.0
2012-04-12,Train,-0.01235384400933981,-0.005505174105373767
2012-04-13,Train,-0.0005272245034575462,0.01586335373371184
2012-04-16,Train,0.008285670541226864,0.02001535903850749
2012-04-17,Train,0.0008417340577580035,0.001347768327798482
2012-04-18,Train,-0.005733605939894915,0.006755696503810693
2012-04-19,Train,-0.0026684068143367767,0.007439991789075728
2012-04-20,Train,-0.007314242888242006,-0.01492087929933161
2012-04-23,Train,-0.0037110047414898872,-0.004917020372170899
2012-04-24,Train,-0.010906374081969261,-0.003244348879594017
2012-04-25,Train,-0.042856279760599136,-0.03205413621127806
2012-04-26,Train,-0.04519794136285782,-0.03964682887006876
2012-04-27,Train,-0.04087439551949501,-0.0455085909549463
2012-04-30,Train,-0.04521169513463974,-0.04763331640832891
2012-05-01,Train,-0.05061103403568268,-0.05234041679288193
2012-05-02,Train,-0.0476471371948719,-0.06143750494898115
2012-05-03,Train,-0.05511355772614479,-0.07143930629656758
2012-05-04,Train,-0.03690627962350845,-0.06012358204689006
2012-05-07,Train,-0.04146955534815788,-0.03474372669049808
2012-05-08,Train,-0.04060717299580574,-0.03223803664876579
2012-05-09,Train,-0.028855575248599052,-0.02736315811386469
2012-05-10,Train,-0.02972811460494995,-0.03178066424579895
2012-05-11,Train,-0.02241680584847927,-0.03287629480084941
2012-05-14,Train,-0.02107672207057476,-0.01132433469593663
2012-05-15,Train,-0.015705637633800507,-0.01641150573393491
2012-05-16,Train,-0.014991984702646732,-0.01398152641593065
2012-05-17,Train,-0.006466243881732225,-0.0194773697622368
2012-05-18,Train,0.0006071049720048904,0.0009866396520112897
2012-05-21,Train,-0.009403279051184654,-0.02223643300226452
2012-05-22,Train,-0.006488625425845385,0.001281259333988372
2012-05-23,Train,-0.005155641585588455,-0.004635564404753323
2012-05-24,Train,0.0026033062022179365,0.01158483327962689
2012-05-25,Train,0.00875441636890173,-0.004188792054317991
2012-05-29,Train,0.004358739126473665,-0.004772498156978111
2012-05-30,Train,0.005750035867094994,-0.003208739885513845
2012-05-31,Train,0.010044255293905735,0.004834019181792382
2012-06-01,Train,0.03882982209324837,0.04270819131884518
2012-06-04,Train,0.034739166498184204,0.04452115897361009
2012-06-05,Train,0.038741227239370346,0.05104710383522515
2012-06-06,Train,0.01122897770255804,0.02831094761362674
2012-06-07,Train,0.010681522078812122,0.006744791486394508
2012-06-08,Train,0.007261388003826141,0.007634794820918778
2012-06-11,Train,0.011042367666959763,0.005177150747686099
2012-06-12,Train,0.007984030060470104,-0.0006394008096108905
2012-06-13,Train,0.0113149955868721,0.01239337589773237
2012-06-14,Train,0.009311720728874207,-0.002565744801893866
2012-06-15,Train,0.007899281568825245,0.01857440788166453
2012-06-18,Train,0.010595141910016537,0.01211067349624262
2012-06-19,Train,0.005940764211118221,0.01011833044044197
2012-06-20,Train,0.006262696348130703,0.0099548822606077
2012-06-21,Train,0.01249238196760416,0.02281072182483346
2012-06-22,Train,0.008585192263126373,0.0102604821078951
2012-06-25,Train,0.013424522243440151,0.01995811753503873
2012-06-26,Train,0.0068673440255224705,0.00799744076038178
2012-06-27,Train,0.004807840567082167,-0.00747219728619164
2012-06-28,Train,0.017453346401453018,0.01897106576691332
2012-06-29,Train,5.061623960500583e-05,-0.01496263784873919
2012-07-02,Train,-0.005541245453059673,-0.01274280830253616
2012-07-03,Train,-0.004236942157149315,-0.007705347583648825
2012-07-05,Train,-0.0062556397169828415,0.002618176007181727
2012-07-06,Train,-0.001204574597068131,0.001871414723136455
2012-07-09,Train,-0.0032852930016815662,-0.008437514305114746
2012-07-10,Train,0.005279655568301678,-0.006469936157846745
2012-07-11,Train,0.013020144775509834,-0.007616622322274114
2012-07-12,Train,0.031105583533644676,0.0150568416164345
2012-07-13,Train,0.023809870705008507,0.02350901945971051
2012-07-16,Train,0.02123771794140339,0.02563289418241177
2012-07-17,Train,0.018518662080168724,0.01999062327819234
2012-07-18,Train,0.012770802713930607,0.00341669859898297
2012-07-19,Train,0.0009303353144787252,-0.01105992684453505
2012-07-20,Train,0.024048330262303352,0.02117062041682582
2012-07-23,Train,0.03587217256426811,0.04160099949157403
2012-07-24,Train,0.051007505506277084,0.05860868003596087
2012-07-25,Train,0.047936148941516876,0.06523827584469566
2012-07-26,Train,0.04033350571990013,0.05444217801940932
2012-07-27,Train,0.023097945377230644,0.03067670386177657
2012-07-30,Train,0.028070908039808273,0.03394009501079731
2012-07-31,Train,0.03485310450196266,0.03472222058697838
2012-08-01,Train,0.02833395265042782,0.0403962325599081
2012-08-02,Train,0.03362276405096054,0.05653929085023668
2012-08-03,Train,0.03092021308839321,0.04146343420687959
2012-08-06,Train,0.029037868604063988,0.0350983320481093
2012-08-07,Train,0.023259472101926804,0.02250562589135985
2012-08-08,Train,0.020237915217876434,0.02716898054596095
2012-08-09,Train,0.02203992009162903,0.01571390386940008
2012-08-10,Train,0.019842658191919327,0.02138797924202196
2012-08-13,Train,0.01704636588692665,0.02059094228491376
2012-08-14,Train,0.015738826245069504,0.02013420451418901
2012-08-15,Train,0.015997210517525673,0.01755430353685195
2012-08-16,Train,0.005434980615973473,-0.004557447425651229
2012-08-17,Train,0.0013987874845042825,-0.00234186231600586
2012-08-20,Train,0.00457071652635932,-0.004823178016459928
2012-08-21,Train,0.010621064342558384,-0.001907628465175226
2012-08-22,Train,0.012582135386765003,0.0160747986148686
2012-08-23,Train,0.015617822296917439,0.0229850817071362
2012-08-24,Train,0.010516508482396603,0.003660858056060645
2012-08-27,Train,0.007519849110394716,0.0004385786349072607
2012-08-28,Train,0.011072054505348206,0.003362510561524479
2012-08-30,Train,0.016853276640176773,0.03647912057452007
2012-08-31,Train,0.016028884798288345,0.03007622230370988
2012-09-04,Train,0.01877632737159729,0.03201645502164108
2012-09-05,Train,0.02154315449297428,0.03498978242091844
2012-09-06,Train,0.003102012677118182,0.01150586891705818
2012-09-07,Train,0.009287052787840366,0.01037017452885491
2012-09-10,Train,0.008464121259748936,0.01750797975216156
2012-09-11,Train,0.004473715554922819,0.004822473032047192
2012-09-12,Train,0.0017543545691296458,-0.006265486265255027
2012-09-13,Train,-0.009073003195226192,-0.006037926734996368
2012-09-14,Train,-0.014959965832531452,-0.02294101743161181
2012-09-17,Train,-0.019032375887036324,-0.0247827643705858
2012-09-18,Train,-0.022346170619130135,-0.02276929771675129
2012-09-19,Train,-0.02000083215534687,-0.01832387624385412
2012-09-20,Train,-0.01456768624484539,-0.01393435705131552
2012-09-21,Train,-0.014523660764098167,-0.01667851950813848
2012-09-24,Train,-0.014638918451964855,-0.01993116478672208
2012-09-25,Train,-0.01876925490796566,-0.02181500804825642
2012-09-26,Train,-0.017994917929172516,-0.0187683113867041
2012-09-27,Train,-0.025206582620739937,-0.03514608514068918
2012-09-28,Train,-0.028055604547262192,-0.02756306545223886
2012-10-01,Train,-0.020877940580248833,-0.01898646164131701
2012-10-02,Train,-0.01901172660291195,-0.008009253488112211
2012-10-03,Train,-0.024979138746857643,-0.01490375879323314
2012-10-04,Train,-0.02588711865246296,-0.02970436343069949
2012-10-05,Train,-0.029559755697846413,-0.04783999552279106
2012-10-08,Train,-0.030588775873184204,-0.03408927407565165
2012-10-09,Train,-0.0275572557002306,-0.02780259719282296
2012-10-10,Train,-0.024691211059689522,-0.0262999784069432
2012-10-11,Train,-0.02760103903710842,-0.02323482901567087
2012-10-12,Train,-0.02305351197719574,-0.01994603816688123
2012-10-15,Train,-0.026376886293292046,-0.03305048803365163
2012-10-16,Train,-0.031489886343479156,-0.03302994582032504
2012-10-17,Train,-0.03254256397485733,-0.04274388342895108
2012-10-18,Train,-0.034294646233320236,-0.02511520907137155
2012-10-19,Train,-0.010528197512030602,0.0006090273346754937
2012-10-22,Train,-0.021495260298252106,-0.02802178988470738
2012-10-23,Train,-0.026153119280934334,-0.03410306718230904
2012-10-24,Train,-0.026639001443982124,-0.02655008071983267
2012-10-25,Train,-0.03702845796942711,-0.02670358188110233
2012-10-26,Train,-0.04016828536987305,-0.03626624310975768
2012-10-31,Train,-0.03318694233894348,-0.041724332518983
2012-11-01,Train,-0.04365405812859535,-0.05829670270485021
2012-11-02,Train,-0.039358314126729965,-0.04403865294647769
2012-11-05,Train,-0.041869133710861206,-0.02774389843228731
2012-11-06,Train,-0.022221991792321205,-0.0292148805231266
2012-11-07,Train,0.004078645259141922,-0.00374003226769104
2012-11-08,Train,0.03130520135164261,0.02754910833867097
2012-11-09,Train,0.03169684484601021,0.02758946857292077
2012-11-12,Train,0.028060585260391235,0.02428257584342597
2012-11-13,Train,0.034165769815444946,0.04033021783569057
2012-11-14,Train,0.05443817004561424,0.05896532591052761
2012-11-15,Train,0.059759050607681274,0.06077711343949299
2012-11-16,Train,0.05026962608098984,0.05409308143105163
2012-11-19,Train,0.02698538638651371,0.02900593461161383
2012-11-20,Train,0.015195503830909729,0.01724141539141866
2012-11-21,Train,0.013635855168104172,0.02174252124218912
2012-11-23,Train,0.005953943356871605,0.0004622307949393445
2012-11-26,Train,0.004109150264412165,-0.0009204903085737737
2012-11-27,Train,0.009356359951198101,0.01554806266110131
2012-11-28,Train,0.001839225529693067,0.004731459155547624
2012-11-29,Train,-0.0032715455163270235,-0.009103414810771149
2012-11-30,Train,-0.0018537841970100999,-0.01686930940532694
2012-12-03,Train,0.0007418511668220162,-0.001827244107404979
2012-12-04,Train,0.004149115178734064,0.01401806851808041
2012-12-05,Train,0.01934690587222576,0.02095532478237705
2012-12-06,Train,0.0068018739111721516,0.01439072942127906
2012-12-07,Train,0.005642079282552004,0.004158272628945081
2012-12-10,Train,0.0005503131542354822,-0.000767860099029849
2012-12-11,Train,-0.012260581366717815,-0.02228287393515771
2012-12-12,Train,-0.012332371436059475,-0.02172262289838178
2012-12-13,Train,-0.009393330663442612,-0.02342671622249282
2012-12-14,Train,0.01383611187338829,0.006801589046317558
2012-12-17,Train,0.010018670000135899,0.02517153042970199
2012-12-18,Train,0.002422405406832695,0.004507819813771796
2012-12-19,Train,0.0022253114730119705,0.005583988911240789
2012-12-20,Train,0.010346326977014542,0.005885894613263165
2012-12-21,Train,0.015515841543674469,0.02024539504000411
2012-12-24,Train,0.023061931133270264,0.02612566399592908
2012-12-26,Train,0.04118454456329346,0.04139532044876448
2012-12-27,Train,0.037809841334819794,0.0444099463134684
2012-12-28,Train,0.043098464608192444,0.04985889567323132
2012-12-31,Train,0.01661018840968609,0.02303086232544382
2013-01-02,Train,0.00235087051987648,-0.004464217797425452
2013-01-03,Train,0.007137618493288755,0.005534820568848131
2013-01-04,Train,0.009092777967453003,0.00660366891105757
2013-01-07,Train,0.005593291949480772,0.00795196949982202
2013-01-08,Train,0.004968887660652399,0.01608538407729676
2013-01-09,Train,0.0036420184187591076,-0.001647341418107628
2013-01-10,Train,0.0031263616401702166,-0.002530864576142045
2013-01-11,Train,-0.0006273004109971225,-0.001635453566129264
2013-01-14,Train,0.00393765140324831,0.002986926230157172
2013-01-15,Train,0.004755550064146519,0.005853210351564719
2013-01-16,Train,0.003102852962911129,-0.0004484122363624943
2013-01-17,Train,0.002198825590312481,0.006545707132042278
2013-01-18,Train,0.0007478148909285665,-0.008796724922844334
2013-01-22,Train,0.0043975580483675,0.004167888925646457
2013-01-23,Train,0.003082768525928259,-0.005178258515822542
2013-01-24,Train,0.006292509380728006,0.009600950412371745
2013-01-25,Train,0.009760736487805843,0.01477608751894821
2013-01-28,Train,0.009519235230982304,0.01280715697407886
2013-01-29,Train,0.007227614056318998,0.00848718975198337
2013-01-30,Train,0.007713137194514275,0.01417494218473681
2013-01-31,Train,0.00919759925454855,0.01615065286826778
2013-02-01,Train,0.004071751143783331,0.001330126116162456
2013-02-04,Train,0.014041953720152378,0.02647404359152117
2013-02-05,Train,0.0026046850252896547,-0.004002322068346276
2013-02-06,Train,-0.005157614592462778,-0.01145146739335778
2013-02-07,Train,-0.005801786202937365,-0.002377468868557386
2013-02-08,Train,-0.011648367159068584,-0.02470952137021643
2013-02-11,Train,-0.013007035478949547,-0.02132046069829885
2013-02-12,Train,-0.006447547115385532,-0.00723468874764055
2013-02-13,Train,-0.007683128118515015,-0.0127998047808926
2013-02-14,Train,0.002460663439705968,-0.00838851685686448
2013-02-15,Train,0.004902815446257591,-0.001033205827663752
2013-02-19,Train,0.0003611774882301688,0.006447867162666876
2013-02-20,Train,0.020893806591629982,0.0196457753662882
2013-02-21,Train,0.027702167630195618,0.03339854340203718
2013-02-22,Train,0.0205527376383543,0.02427758814768888
2013-02-25,Train,0.030737822875380516,0.04011466988456625
2013-02-26,Train,0.02911212481558323,0.03245197928692667
2013-02-27,Train,0.022737277671694756,0.02067221049686263
2013-02-28,Train,0.013865536078810692,0.02622954062971039
2013-03-01,Train,0.015525417402386665,0.01677062821125563
2013-03-04,Train,0.013645791448652744,0.01004728578767122
2013-03-05,Train,0.0036307270638644695,-0.006552081337254712
2013-03-06,Train,0.0002228524099336937,0.002919237220931681
2013-03-07,Train,-0.00576405692845583,-0.01106423219126773
2013-03-08,Train,-0.0035153061617165804,-0.002617424952192859
2013-03-11,Train,-0.00524083711206913,-0.009134476898100874
2013-03-12,Train,-0.004568176809698343,-0.0001455491276600718
2013-03-13,Train,0.0006156142917461693,0.002477135438488931
2013-03-14,Train,-0.0004932221490889788,0.001597452938956634
2013-03-15,Train,0.006091463845223188,-0.0001459952695750388
2013-03-18,Train,0.008159688673913479,0.009947341999771986
2013-03-19,Train,0.005458167754113674,0.002638140060379879
2013-03-20,Train,0.00303227873519063,-0.00407508052725547
2013-03-21,Train,0.00677034817636013,-0.001030468048134003
2013-03-22,Train,-0.001815138733945787,-0.005394301457093187
2013-03-25,Train,0.007023948710411787,0.004975182696880687
2013-03-26,Train,0.005417433101683855,0.01906560291149506
2013-03-27,Train,0.006338717415928841,0.0172964354538836
2013-03-28,Train,0.0073374356143176556,0.01406410328454455
2013-04-01,Train,0.007373497821390629,0.0008758767677918833
2013-04-02,Train,0.0015444728778675199,0.006228277802341031
2013-04-03,Train,0.005055269692093134,-0.004385368158136504
2013-04-04,Train,-0.005160593893378973,-0.0184130079002085
2013-04-05,Train,0.004086340311914682,0.003389267985122624
2013-04-08,Train,0.010591008700430393,0.008355316397315349
2013-04-09,Train,-0.0009742560214363039,0.01121136633146436
2013-04-10,Train,-0.0060587418265640736,-0.008568958910118774
2013-04-11,Train,-0.0032765159849077463,-0.002857507563173045
2013-04-12,Train,-0.0039069331251084805,-0.005290287870550303
2013-04-15,Train,0.017088649794459343,0.02406653419829485
2013-04-16,Train,0.012984576635062695,0.01799337812056168
2013-04-17,Train,0.029202507808804512,0.0334752423853355
2013-04-18,Train,0.05808359012007713,0.0611880411253567
2013-04-19,Train,0.04806118085980415,0.05918646828372331
2013-04-22,Train,0.049781668931245804,0.05247856610417223
2013-04-23,Train,0.045834731310606,0.04190070251951283
2013-04-24,Train,0.04644540697336197,0.04739269666243096
2013-04-25,Train,0.04302208870649338,0.04040693018814401
2013-04-26,Train,0.04836105555295944,0.05002160948970791
2013-04-29,Train,0.0378061905503273,0.04173195190688683
2013-04-30,Train,0.03747500106692314,0.03959269476855698
2013-05-01,Train,0.03628655895590782,0.04659751112001342
2013-05-02,Train,0.031173542141914368,0.0324073737114694
2013-05-03,Train,0.02447350323200226,0.03022740186014627
2013-05-06,Train,0.02743477374315262,0.02472376903041251
2013-05-07,Train,0.023735258728265762,0.02639574373416465
2013-05-08,Train,0.015400679782032967,0.01251552294825586
2013-05-09,Train,0.011576528660953045,0.01156860392273384
2013-05-10,Train,0.008710288442671299,0.004928139566215961
2013-05-13,Train,0.003852899419143796,0.01025430689443163
2013-05-14,Train,0.0010009463876485825,0.000272092945788005
2013-05-15,Train,-0.006341131404042244,0.003529281155053354
2013-05-16,Train,-0.005548631772398949,-0.00462014342723327
2013-05-17,Train,-0.00948889460414648,-0.01238231171671633
2013-05-20,Train,-0.014887198805809021,-0.0160399299399685
2013-05-21,Train,-0.019071297720074654,-0.02989085352969167
2013-05-22,Train,-0.011435102671384811,-0.01657159977163636
2013-05-23,Train,-0.004447538405656815,-0.0008168490277273843
2013-05-24,Train,-0.002673177048563957,0.0001361463879219205
2013-05-28,Train,-0.010999312624335289,-0.01624031612064547
2013-05-29,Train,-0.009579355828464031,-0.02298072369277626
2013-05-30,Train,-0.010796638205647469,-0.01582575631158767
2013-05-31,Train,-0.01884668506681919,-0.01324233748400172
2013-06-03,Train,-0.014228382147848606,-0.005450993614826594
2013-06-04,Train,-0.010482574813067913,0.007945230562393046
2013-06-05,Train,-0.0073045045137405396,0.009854254745313762
2013-06-06,Train,-0.01049000397324562,-0.01892268947110909
2013-06-07,Train,-0.02280258573591709,-0.04033245822441256
2013-06-10,Train,-0.033399175852537155,-0.050258715663827
2013-06-11,Train,-0.024360524490475655,-0.03370483553926984
2013-06-12,Train,-0.021483423188328743,-0.0136394676179713
2013-06-13,Train,-0.021497974172234535,-0.02185272018420437
2013-06-14,Train,-0.01939990371465683,-0.01397346642623021
2013-06-17,Train,-0.019185347482562065,-0.0174020856953041
2013-06-18,Train,-0.018402665853500366,-0.02500684862049807
2013-06-19,Train,-0.008287995122373104,-0.0100330309991854
2013-06-20,Train,0.03177248314023018,0.02182180879059215
2013-06-21,Train,0.037108998745679855,0.03152067600573294
2013-06-24,Train,0.045777395367622375,0.04818575676467307
2013-06-25,Train,0.049752164632081985,0.0465547319463635
2013-06-26,Train,0.053293030709028244,0.05785238204070531
2013-06-27,Train,0.050949133932590485,0.0580301389499629
2013-06-28,Train,0.055078309029340744,0.05893089343992997
2013-07-01,Train,0.05258839204907417,0.05103895842751283
2013-07-02,Train,0.054752785712480545,0.05324783675179634
2013-07-03,Train,0.04146749898791313,0.04636962409952372
2013-07-05,Train,0.0293248500674963,0.02769350311556384
2013-07-08,Train,0.026232674717903137,0.02973153458152966
2013-07-09,Train,0.021154779940843582,0.01600774192039878
2013-07-10,Train,0.013122761622071266,0.01346752598285672
2013-07-11,Train,0.007738960906863213,0.0
2013-07-12,Train,0.004377184901386499,0.0009296107833633993
2013-07-15,Train,0.006438405718654394,-0.003180043194483173
2013-07-16,Train,0.008701168932020664,0.003449575392880488
2013-07-17,Train,0.006348462775349617,0.002779236252751449
2013-07-18,Train,0.007108217570930719,0.01552339294558891
2013-07-19,Train,0.01690043695271015,0.03190782946323178
2013-07-22,Train,0.01468861848115921,0.02954149387241611
2013-07-23,Train,0.023337192833423615,0.0309721970939878
2013-07-24,Train,0.0185301061719656,0.02577178750262155
2013-07-25,Train,0.018012000247836113,0.02440978793194049
2013-07-26,Train,0.015276539139449596,0.014859958556102
2013-07-29,Train,0.015055589377880096,0.01914123019747271
2013-07-30,Train,0.015987195074558258,0.01943674830209896
2013-07-31,Train,0.015397039242088795,0.01372576166825668
2013-08-01,Train,-0.006065300665795803,-0.01345699982984871
2013-08-02,Train,-0.01565844565629959,-0.01935816344210683
2013-08-05,Train,-0.014594733715057373,-0.02168265699470984
2013-08-06,Train,-0.013735221698880196,-0.01149421736520406
2013-08-07,Train,-0.007196407299488783,-0.01308558000471616
2013-08-08,Train,-0.013768760487437248,-0.0083333250549108
2013-08-09,Train,-0.004050307907164097,0.002353252846161169
2013-08-12,Train,-0.006575186736881733,0.0005217284007128509
2013-08-13,Train,-0.017063159495592117,-0.02542151910846713
2013-08-14,Train,-0.011795814149081707,-0.01796637543654722
2013-08-15,Train,0.005920998752117157,0.005959434982273359
2013-08-16,Train,0.006924726534634829,-0.0001325137226501072
2013-08-19,Train,0.01201725471764803,0.007299310721906815
2013-08-20,Train,0.01318070013076067,0.01360992039037345
2013-08-21,Train,0.017567776143550873,0.01882787328852009
2013-08-22,Train,0.022162429988384247,0.01011024955411721
2013-08-23,Train,0.019231311976909637,0.01512982509212102
2013-08-26,Train,0.021878782659769058,0.01955416527053022
2013-08-27,Train,0.035443857312202454,0.03886076913313863
2013-08-28,Train,0.03885388746857643,0.03420392178995724
2013-08-29,Train,0.02904168702661991,0.02764610978714943
2013-08-30,Train,0.02857011742889881,0.03153567265035484
2013-09-03,Train,0.030492115765810013,0.03254283492815158
2013-09-04,Train,0.02543289214372635,0.03389386657739357
2013-09-05,Train,0.023554518818855286,0.03461743608644219
2013-09-06,Train,0.024792423471808434,0.02677755817524874
2013-09-09,Train,0.015435141511261463,0.01284851569412382
2013-09-10,Train,0.008453221060335636,0.007927410226822529
2013-09-11,Train,0.008426752872765064,0.006405329434255869
2013-09-12,Train,0.01020040549337864,0.01486983721252977
2013-09-13,Train,0.015285411849617958,0.01293879282371657
2013-09-16,Train,0.020351897925138474,0.01323055619120228
2013-09-17,Train,0.008144349791109562,0.01671554820317889
2013-09-18,Train,-0.0062360311858356,0.004287025315238058
2013-09-19,Train,-0.0041305250488221645,-0.009811305399960668
2013-09-20,Train,0.0020978853572160006,0.005190576948951087
2013-09-23,Train,-0.0017470777966082096,-0.001141747623931932
2013-09-24,Train,-0.0004480863572098315,-0.02042370383045344
2013-09-25,Train,0.002335011027753353,-0.0201119431105089
2013-09-26,Train,-0.0035124588757753372,-0.007073355709807383
2013-09-27,Train,0.007650910411030054,0.002023569782811707
2013-09-30,Train,0.009641830809414387,0.0115365579842226
2013-10-01,Train,0.004362920764833689,-0.002510001850855925
2013-10-02,Train,0.005762220825999975,0.009165043484674396
2013-10-03,Train,0.023709990084171295,0.02693083186373157
2013-10-04,Train,0.024902069941163063,0.03463476003969213
2013-10-07,Train,0.03808530792593956,0.04559314280775495
2013-10-08,Train,0.05627591535449028,0.06772851132948277
2013-10-09,Train,0.05369062349200249,0.06456213788747456
2013-10-10,Train,0.040891751646995544,0.04706776389154443
2013-10-11,Train,0.03649473190307617,0.04632081299317714
2013-10-14,Train,0.03272883966565132,0.03922793855750983
2013-10-15,Train,0.044709596782922745,0.04504270320149462
2013-10-16,Train,0.03369516506791115,0.03234643185316943
2013-10-17,Train,0.022491710260510445,0.02412177963846251
2013-10-18,Train,0.007220021914690733,0.00803403555028459
2013-10-21,Train,0.007603948004543781,0.007287725747320062
2013-10-22,Train,0.003815339645370841,0.006913277330768519
2013-10-23,Train,0.016437241807579994,0.01281272838144187
2013-10-24,Train,0.008291549980640411,-0.01056973809977557
2013-10-25,Train,0.0019592626485973597,-0.004342588705974593
2013-10-28,Train,0.001201668637804687,-0.006150440401564539
2013-10-29,Train,-0.0018076389096677303,-0.006260494321584598
2013-10-30,Train,0.0035819944459944963,0.006748584429250526
2013-10-31,Train,0.005309858825057745,0.01219956667546129
2013-11-01,Train,0.006374067161232233,0.01388723052509699
2013-11-04,Train,0.005021063610911369,0.00253224507053984
2013-11-05,Train,0.004070138558745384,-0.001445376078529681
2013-11-06,Train,0.0012926214840263128,-0.003614494599491702
2013-11-07,Train,0.0228313859552145,0.02578583510765475
2013-11-08,Train,0.013771508820354939,0.01756720295806802
2013-11-11,Train,0.014983262866735458,0.02159930469843285
2013-11-12,Train,0.02334672585129738,0.02532101180892354
2013-11-13,Train,0.016580576077103615,0.02011013031798425
2013-11-14,Train,0.018323002383112907,0.02303102905597454
2013-11-15,Train,0.021172337234020233,0.01810391006473999
2013-11-18,Train,0.026965897530317307,0.02730339534671167
2013-11-19,Train,0.026931196451187134,0.03124241604606137
2013-11-20,Train,0.024814670905470848,0.0324062926731794
2013-11-21,Train,0.02083606831729412,0.02944696022879056
2013-11-22,Train,0.019478946924209595,0.02809859114628677
2013-11-25,Train,0.01848028600215912,0.02494356115006213
2013-11-26,Train,0.006742681842297316,0.006498913737535306
2013-11-27,Train,0.0013721130089834332,-0.003050952035979382
2013-11-29,Train,-0.001630153856240213,-0.01026484134321837
2013-12-02,Train,-0.0007287739426828921,-0.001871825641387215
2013-12-03,Train,0.0017832994926720858,-0.003044164911396807
2013-12-04,Train,0.0038650380447506905,0.007603246486386661
2013-12-05,Train,0.00457867281511426,0.006090469538403642
2013-12-06,Train,0.010633949190378189,0.005813953488372103
2013-12-09,Train,0.012740960344672203,0.01227568276455693
2013-12-10,Train,0.011506802402436733,0.01344299478974875
2013-12-11,Train,0.020777547731995583,0.0300539745177506
2013-12-12,Train,0.023025821894407272,0.03013179833074675
2013-12-13,Train,0.023686259984970093,0.02993519105721654
2013-12-16,Train,0.022497713565826416,0.03094232769680372
2013-12-17,Train,0.018354257568717003,0.0248971823746027
2013-12-18,Train,0.005698076914995909,0.005804504336461402
2013-12-19,Train,0.005256772506982088,0.00488938488340751
2013-12-20,Train,0.0013296060496941209,0.00716766181019679
2013-12-23,Train,-0.0041010561399161816,-0.001144103641754879
2013-12-24,Train,-0.0039861188270151615,-0.004917099144443382
2013-12-26,Train,-0.00451819971203804,-0.005014757496288991
2013-12-27,Train,0.002079274971038103,-0.01725313716583154
2013-12-30,Train,0.00440709525719285,0.002975193249186159
2013-12-31,Train,0.005150719080120325,0.00466125132306594
2014-01-02,Train,0.0046554929576814175,0.01271915495644471
2014-01-03,Train,0.004557789769023657,0.01431207147397195
2014-01-06,Train,0.008095355704426765,0.0258341446341237
2014-01-07,Train,0.0032305039931088686,0.01905413200621098
2014-01-08,Train,0.003650014055892825,0.01340059364398272
2014-01-09,Train,-0.0008005033014342189,-0.003217637210966129
2014-01-10,Train,-0.0023747466038912535,-0.01603667212988391
2014-01-13,Train,0.002092468086630106,-0.001860291339790265
2014-01-14,Train,-0.01685432903468609,-0.03103252907417275
2014-01-15,Train,-0.01704135164618492,-0.02116105792080403
2014-01-16,Train,-0.01686747930943966,-0.02387418732658941
2014-01-17,Train,-0.025052271783351898,-0.04085112027869342
2014-01-21,Train,-0.033043451607227325,-0.04110671105816721
2014-01-22,Train,-0.03533882275223732,-0.04606889382886992
2014-01-23,Train,-0.021159179508686066,-0.03062846531475438
2014-01-24,Train,0.004792332649230957,0.006456135598110091
2014-01-27,Train,0.017047153785824776,0.02211876009462577
2014-01-28,Train,0.026159657165408134,0.03436231368747178
2014-01-29,Train,0.0389985591173172,0.04756859650312673
2014-01-30,Train,0.030139319598674774,0.03618493934587241
2014-01-31,Train,0.03541897237300873,0.04103397534804309
2014-02-03,Train,0.066289521753788,0.07070825744142017
2014-02-04,Train,0.05363525077700615,0.05558819205910437
2014-02-05,Train,0.05212315171957016,0.06328964996854203
2014-02-06,Train,0.04618063569068909,0.04850185175384025
2014-02-07,Train,0.03327914699912071,0.03562428982399601
2014-02-10,Train,0.028176523745059967,0.0285876357584669
2014-02-11,Train,0.015891224145889282,0.01610360648684095
2014-02-12,Train,0.014135126955807209,0.01652243678244503
2014-02-13,Train,0.00812656432390213,0.007921444898243424
2014-02-14,Train,0.008234579116106033,-0.001558839699968839
2014-02-18,Train,0.007581120356917381,0.006204959097991791
2014-02-19,Train,0.008166964165866375,0.01595448342068595
2014-02-20,Train,0.005501762498170137,0.01032759881908341
2014-02-21,Train,0.008320776745676994,0.006671838897865046
2014-02-24,Train,0.0014194095274433494,0.002212110830009939
2014-02-25,Train,0.0026098606176674366,-0.0009965268555370832
2014-02-26,Train,-0.002211442217230797,0.003657255783918734
2014-02-27,Train,-0.008646727539598942,-0.01282622325072258
2014-02-28,Train,-0.006467008497565985,-0.01848570109189696
2014-03-03,Train,-0.0051599955186247826,-0.002453454055933224
2014-03-04,Train,-0.011675408110022545,-0.003083347503849532
2014-03-05,Train,-0.014106201939284801,-0.01120136910183944
2014-03-06,Train,-0.01338498480618,-0.007584110968860136
2014-03-07,Train,-0.017268827185034752,-0.01690046172459203
2014-03-10,Train,-0.01868676021695137,-0.02637677269119665
2014-03-11,Train,-0.02188953571021557,-0.01895365840540753
2014-03-12,Train,-0.01726309210062027,-0.03522520867944745
2014-03-13,Train,-0.013957065530121326,-0.02688173788859238
2014-03-14,Train,-0.007187654264271259,-0.01826993516004005
2014-03-17,Train,-0.014298546127974987,-0.01989937216349846
2014-03-18,Train,-0.02132117934525013,-0.01458079876972329
2014-03-19,Train,-0.019762616604566574,-0.006663688005556501
2014-03-20,Train,-0.02135409601032734,-0.0172776336557271
2014-03-21,Train,-0.026329107582569122,-0.02955053093728055
2014-03-24,Train,-0.024319259449839592,-0.03026522480163751
2014-03-25,Train,-0.024479657411575317,-0.02451706864722325
2014-03-26,Train,-0.018849873915314674,0.005150474237106462
2014-03-27,Train,-0.026957402005791664,-0.02048801606317785
2014-03-28,Train,-0.018687494099140167,-0.03377372014172353
2014-03-31,Train,-0.02797679230570793,-0.03307860826334719
2014-04-01,Train,-0.0332132950425148,-0.04663149955618495
2014-04-02,Train,-0.030840639024972916,-0.03644903898975349
2014-04-03,Train,-0.03238769620656967,-0.02851353897186237
2014-04-04,Train,0.011864309199154377,0.005441629921995039
2014-04-07,Train,0.020600611343979836,0.02314430925667144
2014-04-08,Train,0.007814439944922924,0.004864556592012681
2014-04-09,Train,-0.0024001491256058216,-0.00261903162984356
2014-04-10,Train,0.022196365520358086,0.01280850748330664
2014-04-11,Train,0.037256285548210144,0.02805850188117964
2014-04-14,Train,0.03142670542001724,0.02819402045167418
2014-04-15,Train,0.032140858471393585,0.02751318346769027
2014-04-16,Train,0.005416456609964371,0.01705733598860104
2014-04-17,Train,0.005912116728723049,0.01496520836656079
2014-04-21,Train,0.005545369349420071,0.0127821356190827
2014-04-22,Train,0.00024648752878420055,-0.008225765231855808
2014-04-23,Train,0.000849509087856859,-0.002305262479393111
2014-04-24,Train,-0.0016649338649585843,-0.01267259992425485
2014-04-25,Train,0.008858343586325645,0.00707739404887775
2014-04-28,Train,0.01078735664486885,0.02035390437590379
2014-04-29,Train,0.012266070581972599,0.01296463063263054
2014-04-30,Train,0.005175626836717129,0.005034928990494736
2014-05-01,Train,0.006591948214918375,-0.005818620962372623
2014-05-02,Train,0.010773027315735817,0.002514587107953714
2014-05-05,Train,0.014842567965388298,0.004206967133833617
2014-05-06,Train,0.017794670537114143,0.01370812665445631
2014-05-07,Train,0.027227945625782013,0.02634009754625399
2014-05-08,Train,0.03332202509045601,0.03179925871012945
2014-05-09,Train,0.03592568635940552,0.0354838029190343
2014-05-12,Train,0.031615011394023895,0.03139517780431689
2014-05-13,Train,0.03458321467041969,0.02752293895093194
2014-05-14,Train,0.039543621242046356,0.0395081538012243
2014-05-15,Train,0.03915025666356087,0.04785400732330825
2014-05-16,Train,0.03815903887152672,0.04001826670696951
2014-05-19,Train,0.03489457070827484,0.03238225339938672
2014-05-20,Train,0.03580125793814659,0.03999996185302734
2014-05-21,Train,0.03757547214627266,0.03883391174978335
2014-05-22,Train,0.037584979087114334,0.04023306290295747
2014-05-23,Train,0.01625494658946991,0.03193149570855036
2014-05-27,Train,0.016080418601632118,0.02098905123197126
2014-05-28,Train,0.016385382041335106,0.02391973258097901
2014-05-29,Train,0.012430073693394661,0.008214676614795247
2014-05-30,Train,0.013595223426818848,0.01106124371082529
2014-06-02,Train,0.012654687277972698,0.01293576287420573
2014-06-03,Train,0.013053597882390022,0.01392845622741579
2014-06-04,Train,0.015268111601471901,0.01584358206755443
2014-06-05,Train,0.010536608286201954,0.006717983968268948
2014-06-06,Train,0.003738347440958023,-0.0005387098892718489
2014-06-09,Train,0.004604397341609001,0.0004312767172760523
2014-06-10,Train,0.007665716577321291,-0.00226032402959464
2014-06-11,Train,0.008745106868445873,0.004306185041524246
2014-06-12,Train,0.013179954141378403,0.01401404935758088
2014-06-13,Train,0.018268918618559837,0.01548960474331484
2014-06-16,Train,0.01843022182583809,0.01634201419149939
2014-06-17,Train,0.018814174458384514,0.02693353786218178
2014-06-18,Train,0.020762557163834572,0.02291058648435995
2014-06-19,Train,0.020626455545425415,0.03002898693535005
2014-06-20,Train,0.018059933558106422,0.0284575521674364
2014-06-23,Train,0.017927417531609535,0.01584223737686297
2014-06-24,Train,0.02155008167028427,0.02437974337250859
2014-06-25,Train,0.015041978098452091,0.01468541894240682
2014-06-26,Train,0.009786535985767841,0.02067709857400457
2014-06-27,Train,0.012694250792264938,0.02229329427083337
2014-06-30,Train,0.009392505511641502,0.01703757226842328
2014-07-01,Train,0.009171969257295132,0.01000628737953213
2014-07-02,Train,0.008398293517529964,-0.005047273766988325
2014-07-03,Train,0.006242718547582626,0.004388775462208283
2014-07-07,Train,0.011114360764622688,0.006183799551880087
2014-07-08,Train,0.01775302179157734,0.02493102504628353
2014-07-09,Train,0.017592500895261765,0.02390484724459219
2014-07-10,Train,0.020894544199109077,0.02598773493875695
2014-07-11,Train,0.018180467188358307,0.01542984436338912
2014-07-14,Train,0.004744075238704681,0.00970367634298519
2014-07-15,Train,0.006694685202091932,0.01141237894996494
2014-07-16,Train,0.006151609588414431,0.01136723301932596
2014-07-17,Train,0.011180909350514412,0.004227371431764437
2014-07-18,Train,-0.008535903878509998,-0.01508535722225912
2014-07-21,Train,-0.007116318214684725,-0.007083336512247684
2014-07-22,Train,-0.01124726701527834,-0.0209088527036454
2014-07-23,Train,-0.01605510711669922,-0.02787212403890071
2014-07-24,Train,-0.01431693509221077,-0.02985998191789552
2014-07-25,Train,-0.01686912029981613,-0.019020016317157
2014-07-28,Train,-0.012698705308139324,-0.01353722852162165
2014-07-29,Train,-0.010739757679402828,-0.01221532426309402
2014-07-30,Train,-0.0088042626157403,-0.005671303698903118
2014-07-31,Train,0.02329299785196781,0.02010107061236943
2014-08-01,Train,0.02845693565905094,0.02883704879830784
2014-08-04,Train,0.024104081094264984,0.02968948636293756
2014-08-05,Train,0.0366491861641407,0.04345069002508439
2014-08-06,Train,0.034990862011909485,0.0442234495729048
2014-08-07,Train,0.041249994188547134,0.04967098540163728
2014-08-08,Train,0.03960857540369034,0.04373025773605721
2014-08-11,Train,0.03812302649021149,0.04127385794252669
2014-08-12,Train,0.036144230514764786,0.04275835159659991
2014-08-13,Train,0.03102252073585987,0.03204393164068842
2014-08-14,Train,0.024215929210186005,0.02558550860544218
2014-08-15,Train,0.023890875279903412,0.02443528969335396
2014-08-18,Train,0.01742365024983883,0.01956187609879012
2014-08-19,Train,0.00547417439520359,0.00790280073767824
2014-08-20,Train,0.007023161742836237,0.006990906410747844
2014-08-21,Train,0.0074280621483922005,0.01001008946911375
2014-08-22,Train,0.007981685921549797,0.01039877584616189
2014-08-25,Train,0.005163979716598988,-0.00150906965368458
2014-08-26,Train,0.0028011733666062355,0.005728640148987107
2014-08-27,Train,0.002741497475653887,0.004722681235499016
2014-08-28,Train,-0.007303105667233467,0.000704151415808596
2014-08-29,Train,-0.006688994821161032,-0.01262780268235386
2014-09-02,Train,-0.003682736773043871,-0.006895197796647268
2014-09-03,Train,-0.003747650422155857,0.0005025675580638822
2014-09-04,Train,-0.001881831674836576,0.008954617115543906
2014-09-05,Train,-0.004033357836306095,0.0009010308122445743
2014-09-08,Train,-0.009942715987563133,-0.01029175420116013
2014-09-09,Train,-0.0024876301176846027,-0.004735528672071831
2014-09-10,Train,-0.005534700583666563,-0.002298424679074818
2014-09-11,Train,-0.006852949503809214,-0.0225022507057705
2014-09-12,Train,-0.00742904981598258,-0.00703663604759952
2014-09-15,Train,-0.00787299033254385,0.001319578636238772
2014-09-16,Train,-0.010612165555357933,-0.005936771525422158
2014-09-17,Train,-0.01218805368989706,-0.02330955212778318
2014-09-18,Train,-0.02074374444782734,-0.03061427734538458
2014-09-19,Train,-0.018232041969895363,-0.01810367200655583
2014-09-22,Train,-0.010715876705944538,-0.01100458287432438
2014-09-23,Train,-0.015898602083325386,-0.02237294099800946
2014-09-24,Train,-0.013515877537429333,-0.01392227003839452
2014-09-25,Train,-0.031746335327625275,-0.00900345071261932
2014-09-26,Train,-0.0431508831679821,-0.04393598290669587
2014-09-29,Train,-0.04476848244667053,-0.05767868579214963
2014-09-30,Train,-0.042993489652872086,-0.05891284179459355
2014-10-01,Train,-0.045518048107624054,-0.04978907914282371
2014-10-02,Train,-0.033645473420619965,-0.05575556239060853
2014-10-03,Train,-0.0424824021756649,-0.05266372889248727
2014-10-06,Train,-0.036916594952344894,-0.03644344352990192
2014-10-07,Train,-0.010229713283479214,0.003106586442019887
2014-10-08,Train,-0.01872076839208603,-0.02112741763469694
2014-10-09,Train,0.01803506165742874,0.009911202544118813
2014-10-10,Train,0.057130564004182816,0.04426090848281361
2014-10-13,Train,0.07255575060844421,0.06163945152072081
2014-10-14,Train,0.07381143420934677,0.07755188759605058
2014-10-15,Train,0.07903693616390228,0.08054557313832089
2014-10-16,Train,0.08347591012716293,0.08966113569508494
2014-10-17,Train,0.08022964745759964,0.09032259705246126
2014-10-20,Train,0.07184980064630508,0.07744461919548895
2014-10-21,Train,0.04257475212216377,0.04635075602832028
2014-10-22,Train,0.04856764152646065,0.05188336471410282
2014-10-23,Train,0.03840598464012146,0.03956248986562616
2014-10-24,Train,0.033281899988651276,0.03021695036043126
2014-10-27,Train,0.032044023275375366,0.03313402130076804
2014-10-28,Train,0.025789666920900345,0.02096225262251861
2014-10-29,Train,0.02802496962249279,0.02655046178438392
2014-10-30,Train,0.029391556978225708,0.02879429093654284
2014-10-31,Train,0.022362079471349716,0.0179487146690005
2014-11-03,Train,0.015613035298883915,0.01189780481982705
2014-11-04,Train,0.018389584496617317,0.02288871034781037
2014-11-05,Train,0.02344459667801857,0.01815129020456374
2014-11-06,Train,0.018367832526564598,0.01947089861345952
2014-11-07,Train,0.023011788725852966,0.02234256207237184
2014-11-10,Train,0.025333590805530548,0.02667714049751635
2014-11-11,Train,0.019834451377391815,0.02502930767644806
2014-11-12,Train,0.024456709623336792,0.02986528973195623
2014-11-13,Train,0.018161801621317863,0.03022352346194479
2014-11-14,Train,0.01503518596291542,0.0154039558136696
2014-11-17,Train,0.021161161363124847,0.02254396669192249
2014-11-18,Train,0.008277609013020992,0.01678238675393473
2014-11-19,Train,0.02023201808333397,0.02092824029909646
2014-11-20,Train,0.012353400699794292,0.0164946379345543
2014-11-21,Train,0.0015316099161282182,0.007316785277171389
2014-11-24,Train,-0.006383325904607773,0.002674806825378129
2014-11-25,Train,-0.007930750027298927,-0.01459365540576529
2014-11-26,Train,-0.020458608865737915,-0.0163001672292189
2014-11-28,Train,-0.02579723857343197,-0.03150649844335451
2014-12-01,Train,-0.02312418818473816,-0.03053140943404031
2014-12-02,Train,-0.026861287653446198,-0.0498907139838467
2014-12-03,Train,-0.020188530907034874,-0.03433878941437774
2014-12-04,Train,-0.018799148499965668,-0.01062923713948905
2014-12-05,Train,-0.015228071250021458,-0.01005881178801582
2014-12-08,Train,-0.008413883857429028,-0.0004778306764378071
2014-12-09,Train,-0.0070595215074718,-0.007145579330620988
2014-12-10,Train,0.012116221711039543,0.00958286241951134
2014-12-11,Train,0.0067780595272779465,0.01194602916486653
2014-12-12,Train,0.014346777461469173,0.02288885279080399
2014-12-15,Train,0.019227640703320503,0.02667059411666384
2014-12-16,Train,0.029660671949386597,0.03270650663405505
2014-12-17,Train,0.008529999293386936,0.01119842195946519
2014-12-18,Train,-0.018982628360390663,-0.02705035678488454
2014-12-19,Train,-0.01627124659717083,-0.04074003079402677
2014-12-22,Train,-0.019020220264792442,-0.03078983710389416
2014-12-23,Train,-0.019899219274520874,-0.008732329341805345
2014-12-24,Train,-0.025460373610258102,-0.0161073850049851
2014-12-26,Train,-0.03800409287214279,-0.03322541730151141
2014-12-29,Train,-0.03633708506822586,-0.03332698640141385
2014-12-30,Train,-0.029023976996541023,-0.03220859490204031
2014-12-31,Train,-0.02178659290075302,-0.03486681330867891
2015-01-02,Train,-0.01841283030807972,-0.02059454727319188
2015-01-05,Train,0.006880040280520916,0.001873237117564708
2015-01-06,Train,0.021494243294000626,0.02068551714936473
2015-01-07,Train,0.020229123532772064,0.02634173394699668
2015-01-08,Train,0.011128316633403301,0.009293311288593564
2015-01-09,Train,0.010489603504538536,0.01481189439080421
2015-01-12,Train,0.005232065916061401,-0.001083216219063043
2015-01-13,Train,0.0060337320901453495,-0.005910150649734769
2015-01-14,Train,0.013251760974526405,0.009211572044465433
2015-01-15,Train,0.013945074751973152,0.01455089740129734
2015-01-16,Train,0.008311867713928223,0.01150568999822088
2015-01-20,Train,0.009615628980100155,0.01318634424004372
2015-01-21,Train,0.008169319480657578,0.007147085973133294
2015-01-22,Train,-0.005688995588570833,-0.002595372933140272
2015-01-23,Train,-0.005834633484482765,-0.01083833550411772
2015-01-26,Train,-0.003180260770022869,-0.01286725893743212
2015-01-27,Train,0.0329725481569767,0.02917980099795847
2015-01-28,Train,0.04107873886823654,0.03824812406248479
2015-01-29,Train,0.04371856898069382,0.0403376252328167
2015-01-30,Train,0.04411152005195618,0.05746790579304983
2015-02-02,Train,0.04703782498836517,0.04932338315082907
2015-02-03,Train,0.03813035041093826,0.04079258561561239
2015-02-04,Train,0.04541456326842308,0.04685524998670587
2015-02-05,Train,0.035193104296922684,0.04481497137763868
2015-02-06,Train,0.044934630393981934,0.05226412812175063
2015-02-09,Train,0.04663410410284996,0.056420187258585
2015-02-10,Train,0.040299657732248306,0.03764368053387046
2015-02-11,Train,0.04167063161730766,0.0391295907796021
2015-02-12,Train,0.021652180701494217,0.02264152382904627
2015-02-13,Train,0.017617117613554,0.02310348430175946
2015-02-17,Train,0.013516763225197792,0.01738155848257694
2015-02-18,Train,0.011155939660966396,0.01203801084404899
2015-02-19,Train,-0.0027444763109087944,0.008821589067741664
2015-02-20,Train,-0.00866343267261982,-0.009224240994555988
2015-02-23,Train,-0.011384700424969196,-0.007371871057041623
2015-02-24,Train,-0.017948247492313385,-0.02651931209837222
2015-02-25,Train,-0.01903938688337803,-0.02972400227339478
2015-02-26,Train,-0.023282766342163086,-0.0282879709713022
2015-02-27,Train,-0.02365890145301819,-0.02822882975013385
2015-03-02,Train,-0.027781477198004723,-0.02450174046874953
2015-03-03,Train,-0.022934192791581154,-0.01837053320054949
2015-03-04,Train,-0.0035686749033629894,-0.0048870336026825
2015-03-05,Train,-0.004582595080137253,-0.005154616731773531
2015-03-06,Train,0.003041967749595642,0.0104272886975294
2015-03-09,Train,0.00032970361644402146,0.005569982058315937
2015-03-10,Train,0.009298366494476795,0.02090426654327238
2015-03-11,Train,0.0008101552375592291,0.003329830388057564
2015-03-12,Train,-0.00581127917394042,-0.006616300164890121
2015-03-13,Train,-0.0006348353927023709,0.001708755567053633
2015-03-16,Train,-0.010330919176340103,0.0002812222075878612
2015-03-17,Train,-0.013039005920290947,-0.0118836365661229
2015-03-18,Train,-0.020022599026560783,-0.02659372837177609
2015-03-19,Train,-0.01910495199263096,-0.02738711171655583
2015-03-20,Train,-0.019117161631584167,-0.02349576569653211
2015-03-23,Train,-0.019162386655807495,-0.02326437084717625
2015-03-24,Train,-0.013924427330493927,-0.01195219968386751
2015-03-25,Train,0.015909569337964058,0.01754218177680111
2015-03-26,Train,0.016182107850909233,0.02521409671125174
2015-03-27,Train,0.014911114238202572,0.0185747420036142
2015-03-30,Train,0.0071134790778160095,0.004122503496418517
2015-03-31,Train,0.01585307903587818,0.02121210128917261
2015-04-01,Train,0.02326471358537674,0.02513088351218529
2015-04-02,Train,0.02269224263727665,0.008466508432215303
2015-04-06,Train,0.024270523339509964,0.0152858564434224
2015-04-07,Train,0.022219577804207802,0.02136100606471958
2015-04-08,Train,0.0205527413636446,0.01884848225557634
2015-04-09,Train,0.014375410042703152,0.01630789339124217
2015-04-10,Train,0.015318314544856548,0.02589327995849033
2015-04-13,Train,0.01350610051304102,0.02586526509554243
2015-04-14,Train,0.018835488706827164,0.02677990851560619
2015-04-15,Train,0.01152691338211298,0.01400224580404519
2015-04-16,Train,0.004704880528151989,-0.0005572029587512795
2015-04-17,Train,0.021197214722633362,0.0286765480074298
2015-04-20,Train,0.0034691649489104748,0.01514874447888159
2015-04-21,Train,-0.0006103907944634557,-0.005645017806157226
2015-04-22,Train,-0.012598597444593906,-0.01785552152932246
2015-04-23,Train,-0.01339606661349535,-0.01567943446499653
2015-04-24,Train,-0.01586727984249592,-0.01673600921656249
2015-04-27,Train,-0.015575047582387924,-0.01804829906229577
2015-04-28,Train,-0.01013308484107256,-0.0205380054291836
2015-04-29,Train,-0.008788807317614555,-0.01234566523053571
2015-04-30,Train,0.014111831784248352,0.01811766819100979
2015-05-01,Train,0.014306645840406418,0.004860144561805502
2015-05-04,Train,0.011860213242471218,0.007598591743588567
2015-05-05,Train,0.03610282018780708,0.02317362088305575
2015-05-06,Train,0.039157602936029434,0.03092496560838209
2015-05-07,Train,0.025272920727729797,0.03008852727382427
2015-05-08,Train,0.007437678053975105,0.01637683999737183
2015-05-11,Train,0.00837079156190157,0.008589640103543239
2015-05-12,Train,0.024326281622052193,0.02950454946364878
2015-05-13,Train,0.019864963367581367,0.02509258411548765
2015-05-14,Train,0.004569878801703453,0.004289114919232784
2015-05-15,Train,0.005209194030612707,0.007665598867078849
2015-05-18,Train,-0.0011320909252390265,9.087894287063136e-05
2015-05-19,Train,-0.0010721294675022364,0.00418409199797698
2015-05-20,Train,-0.004812241997569799,-0.004090578755552188
2015-05-21,Train,-0.009785720147192478,-0.01157531884700513
2015-05-22,Train,-0.01006502564996481,-0.02063907625692663
2015-05-26,Train,-0.0046214209869503975,-0.01089738869292955
2015-05-27,Train,-0.015113559551537037,-0.01324802841413175
2015-05-28,Train,-0.010736142285168171,-0.009574542203590553
2015-05-29,Train,-0.009836842305958271,-0.01181283976108938
2015-06-01,Train,-0.012344127520918846,-0.02001448216917467
2015-06-02,Train,-0.005074890796095133,-0.01153808164429504
2015-06-03,Train,-0.004328432492911816,-0.01177538979882242
2015-06-04,Train,0.006681303959339857,0.01031402800285908
2015-06-05,Train,0.0025364384055137634,0.005397953535383193
2015-06-08,Train,0.016366014257073402,0.02319987475917928
2015-06-09,Train,0.016352148726582527,0.02573834574866996
2015-06-10,Train,0.0042249541729688644,0.006667306340090384
2015-06-11,Train,0.003833961207419634,0.003191960503881042
2015-06-12,Train,0.00378351379185915,0.004781578327047509
2015-06-15,Train,0.002911695744842291,-0.01404673002427292
2015-06-16,Train,0.00032698680297471583,-0.01590076570228227
2015-06-17,Train,-0.006096764467656612,-0.01081576830136877
2015-06-18,Train,-0.021973146125674248,-0.02475386604688612
2015-06-19,Train,-0.027354808524250984,-0.01992904225652903
2015-06-22,Train,-0.023223740980029106,-0.02466120869737221
2015-06-23,Train,-0.035211797803640366,-0.04242264228538339
2015-06-24,Train,-0.03420186787843704,-0.0380149010615255
2015-06-25,Train,-0.02918393723666668,-0.02136362249200996
2015-06-26,Train,-0.004615731071680784,0.002470982710312652
2015-06-29,Train,0.03633391112089157,0.03346142668601826
2015-06-30,Train,0.03737751394510269,0.03091433238094754
2015-07-01,Train,0.036400310695171356,0.0372498548986977
2015-07-02,Train,0.04883263260126114,0.05224640619816401
2015-07-06,Train,0.05341348052024841,0.05831018186295234
2015-07-07,Train,0.05236447602510452,0.0550153040126784
2015-07-08,Train,0.05009226128458977,0.06155157539918954
2015-07-09,Train,0.04931729659438133,0.05819106139752273
2015-07-10,Train,0.040753323584795,0.03204827588797388
2015-07-13,Train,0.005927943624556065,0.005842608949236494
2015-07-14,Train,0.0046963817439973354,0.007890396338942507
2015-07-15,Train,0.010258125141263008,0.01059979912532216
2015-07-16,Train,-0.0007775243720971048,0.001250664522021161
2015-07-17,Train,-0.020939888432621956,-0.01443788575157634
2015-07-20,Train,-0.01980120688676834,-0.02088089851479835
2015-07-21,Train,-0.013263555243611336,-0.02212276526595514
2015-07-22,Train,-0.015188823454082012,-0.003285408786702027
2015-07-23,Train,-0.014439918100833893,-0.01559714837432014
2015-07-24,Train,-0.0048108333721756935,-0.00711071940933794
2015-07-27,Train,-0.007116647902876139,0.01261571415681995
2015-07-28,Train,-0.016457954421639442,-0.008908466554821914
2015-07-29,Train,-0.016016848385334015,-0.009233584764793745
2015-07-30,Train,-0.011756908148527145,-0.01552467402513857
2015-07-31,Train,-0.007709826342761517,-0.01286283922524334
2015-08-03,Train,-0.017164217308163643,-0.001523281104566787
2015-08-04,Train,-0.01214801799505949,-0.004758046343486422
2015-08-05,Train,-0.01871565170586109,-0.01888643872233431
2015-08-06,Train,-0.04137330874800682,-0.03051150031961258
2015-08-07,Train,-0.05261638015508652,-0.07170697314641195
2015-08-10,Train,-0.074371837079525,-0.1175047113579919
2015-08-11,Train,-0.07013300061225891,-0.1094062385921017
2015-08-12,Train,-0.06808692216873169,-0.06777052199846789
2015-08-13,Train,-0.055768631398677826,-0.04259558731404645
2015-08-14,Train,-0.058435361832380295,-0.04424938281713475
2015-08-17,Train,-0.07216828316450119,-0.0638966411835441
2015-08-18,Train,-0.0770653635263443,-0.08848996486184157
2015-08-19,Train,-0.06896205246448517,-0.05656947137847779
2015-08-20,Train,-0.009398146532475948,-0.03446023887100924
2015-08-21,Train,0.014209534972906113,-0.002343729103450043
2015-08-24,Train,0.05847892910242081,0.06682918842411789
2015-08-25,Train,0.058524902909994125,0.05882357516443371
2015-08-26,Train,0.012456631287932396,0.01902357670285149
2015-08-27,Train,0.00326200551353395,-0.0006626249075033508
2015-08-28,Train,0.006105644162744284,-0.003503150321533255
2015-08-31,Train,0.019369330257177353,0.02089924605693927
2015-09-01,Train,0.05764941871166229,0.05977232165979385
2015-09-02,Train,0.01986204832792282,0.03108754263814473
2015-09-03,Train,0.020387135446071625,0.01895733722839044
2015-09-04,Train,0.031999193131923676,0.03445572158267218
2015-09-08,Train,-0.009492610581219196,-0.008948994984893432
2015-09-09,Train,-0.011849756352603436,0.003081067715614116
2015-09-10,Train,-0.021742617711424828,-0.011334363617721
2015-09-11,Train,-0.02177300676703453,-0.02510184269716187
2015-09-14,Train,-0.03328106924891472,-0.04997626732760541
2015-09-15,Train,-0.05132194235920906,-0.06592165258606675
2015-09-16,Train,-0.04190230742096901,-0.04977116802621739
2015-09-17,Train,-0.04388691112399101,-0.04583213066924807
2015-09-18,Train,-0.018710358068346977,-0.01271947183008071
2015-09-21,Train,-0.005570762325078249,-0.001703257992581308
2015-09-22,Train,0.013090595602989197,0.008645547925753672
2015-09-23,Train,0.020489340648055077,0.01391818913413978
2015-09-24,Train,0.021869858726859093,0.0216762999407436
2015-09-25,Train,0.028515921905636787,0.03507579357342849
2015-09-28,Train,0.07018524408340454,0.06800683265362606
2015-09-29,Train,0.06614279001951218,0.06665323385999966
2015-09-30,Train,0.053055886179208755,0.04097875473079049
2015-10-01,Train,0.051174942404031754,0.05331634595146495
2015-10-02,Train,0.04097453132271767,0.03951543626514264
2015-10-05,Train,0.03220556676387787,0.03071088022530355
2015-10-06,Train,0.032484132796525955,0.03028571719215023
2015-10-07,Train,0.026930201798677444,0.01789263882222891
2015-10-08,Train,0.04719708859920502,0.03451198422812474
2015-10-09,Train,0.055809441953897476,0.05866892022545134
2015-10-12,Train,0.05601467937231064,0.05674686306433596
2015-10-13,Train,0.05533483251929283,0.06578702598790409
2015-10-14,Train,0.05858200043439865,0.07637115372967052
2015-10-15,Train,0.050750087946653366,0.05730471137618065
2015-10-16,Train,0.05441140756011009,0.04818718971626512
2015-10-19,Train,0.03948703408241272,0.05398200167279765
2015-10-20,Train,0.06123578920960426,0.06313553163049779
2015-10-21,Train,0.06327448040246964,0.0697544664635521
2015-10-22,Train,0.03881175071001053,0.0455746973085851
2015-10-23,Train,0.002931491704657674,0.01782232805449757
2015-10-26,Train,0.004853739403188229,0.00638016154575527
2015-10-27,Train,-0.0032989694736897945,0.001768632339969267
2015-10-28,Train,-0.007185133174061775,-0.007717920358941588
2015-10-29,Train,-0.011750096455216408,-0.01581162579293027
2015-10-30,Train,-0.01473331544548273,-0.0307950713560099
2015-11-02,Train,-0.018584154546260834,-0.02783354353388012
2015-11-03,Train,-0.016749633476138115,-0.03060607083800815
2015-11-04,Train,-0.013761078007519245,-0.01208484985408165
2015-11-05,Train,-0.009141749702394009,-0.008717635846754668
2015-11-06,Train,-0.003552241949364543,-0.00270056238453964
2015-11-09,Train,0.008111735805869102,0.005106998614186953
2015-11-10,Train,0.004711576737463474,0.006797354173362358
2015-11-11,Train,0.002656654454767704,0.008927012035346404
2015-11-12,Train,0.015110988169908524,0.02026059107923306
2015-11-13,Train,0.025640951469540596,0.03805535728822518
2015-11-16,Train,0.017587224021553993,0.03356673446981318
2015-11-17,Train,0.02015492506325245,0.02654945861681246
2015-11-18,Train,-0.002674318850040436,-0.009856509233998167
2015-11-19,Train,0.0009680570801720023,0.01257585363371128
2015-11-20,Train,-0.008937700651586056,0.001222915666869273
2015-11-23,Train,-0.006698975805193186,0.004204955945009248
2015-11-24,Train,-0.006917967926710844,-0.01017100947891203
2015-11-25,Train,-0.00805242545902729,-0.006570302146075457
2015-11-27,Train,-0.011516442522406578,-0.03079342768126736
2015-11-30,Train,-0.014548491686582565,-0.02096123013518592
2015-12-01,Train,-0.017767950892448425,-0.02474822866346738
2015-12-02,Train,-0.010335814207792282,-0.004106540881090082
2015-12-03,Train,-0.005971723236143589,-0.001688760446170723
2015-12-04,Train,-0.023230066522955894,-0.04611774871236574
2015-12-07,Train,-0.019450543448328972,-0.03114639338054526
2015-12-08,Train,-0.018028540536761284,-0.02486258869762048
2015-12-09,Train,-0.004427060950547457,-0.002480279748522607
2015-12-10,Train,-0.0062233819626271725,-0.007142902796200001
2015-12-11,Train,0.005356970708817244,0.01570536916139398
2015-12-14,Train,0.011992121115326881,0.02391835406282872
2015-12-15,Train,0.002371284645050764,0.008547761600402604
2015-12-16,Train,-0.017009170725941658,-0.01859977789211975
2015-12-17,Train,-0.023710569366812706,-0.02510683495803256
2015-12-18,Train,-0.023173702880740166,-0.004734628642370731
2015-12-21,Train,-0.05058791860938072,-0.02512382565380922
2015-12-22,Train,-0.06283740699291229,-0.06181782168702854
2015-12-23,Train,-0.06953366100788116,-0.07636975781465849
2015-12-24,Train,-0.06918001919984818,-0.07336348499423606
2015-12-28,Train,-0.06748352199792862,-0.06211675055181409
2015-12-29,Train,-0.08611073344945908,-0.1084864496483336
2015-12-30,Train,-0.07737895101308823,-0.0812218347391056
2015-12-31,Train,-0.07886281609535217,-0.0985160398027134
2016-01-04,Train,-0.07082715630531311,-0.07707764786672378
2016-01-05,Train,-0.06931280344724655,-0.07830937471209176
2016-01-06,Train,-0.049918051809072495,-0.06844636537864557
2016-01-07,Train,-0.023392604663968086,-0.01048923500244192
2016-01-08,Train,-0.01314359251409769,-0.01711372697565627
2016-01-11,Train,-0.019446339458227158,-0.01131026823028913
2016-01-12,Train,-0.03341233357787132,-0.04699639038702086
2016-01-13,Train,0.003693397855386138,0.0009813392799185028
2016-01-14,Train,-0.00024080020375549793,0.0005765115669231768
2016-01-15,Train,0.026302829384803772,0.03540269192649026
2016-01-19,Train,0.00840285886079073,0.01078571139538353
2016-01-20,Train,0.0019492199644446373,0.009032294412996356
2016-01-21,Train,0.010038078762590885,0.00793260350879521
2016-01-22,Train,-0.04280548170208931,-0.05444727839703456
2016-01-25,Train,-0.04773866757750511,-0.05487626358344511
2016-01-26,Train,-0.05347399041056633,-0.06621426786252771
2016-01-27,Train,-0.03985137492418289,-0.03867567427750207
2016-01-28,Train,-0.045404206961393356,-0.05343134262982541
2016-01-29,Train,-0.04631143808364868,-0.05867666159139373
2016-02-01,Train,-0.04632066190242767,-0.04003448097466844
2016-02-02,Train,-0.015746263787150383,0.003426318833998465
2016-02-03,Train,-0.0061706118285655975,-0.003246132393930679
2016-02-04,Train,0.005154706537723541,-0.0001967955943005251
2016-02-05,Train,0.048226818442344666,0.05258862503338646
2016-02-08,Train,0.055119793862104416,0.05133511636800403
2016-02-09,Train,0.058132246136665344,0.06468026761495471
2016-02-10,Train,0.06063704565167427,0.07105176278540992
2016-02-11,Train,0.0734023004770279,0.0712583846292556
2016-02-12,Train,0.065104641020298,0.04570499398451555
2016-02-16,Train,0.048172347247600555,0.05547238723313019
2016-02-17,Train,0.03020770475268364,0.03248782274199691
2016-02-18,Train,0.044309377670288086,0.04243556049206987
2016-02-19,Train,0.03785807266831398,0.03975205180271191
2016-02-22,Train,0.01425046194344759,0.01684738462756763
2016-02-23,Train,0.026850245893001556,0.02530025249555101
2016-02-24,Train,0.02343939058482647,0.0221355102439218
2016-02-25,Train,0.02095186337828636,0.01062192091008152
2016-02-26,Train,0.03104231506586075,0.02958520303166456
2016-02-29,Train,0.03716233745217323,0.04068290896532023
2016-03-01,Train,0.004513058811426163,0.007940224318188305
2016-03-02,Train,0.01182475220412016,0.01653595360220894
2016-03-03,Train,0.009696613997220993,0.01789263882222891
2016-03-04,Train,0.011228546500205994,0.0160878641723714
2016-03-07,Train,0.023544736206531525,0.02637596992004676
2016-03-08,Train,0.02243194729089737,0.0381181100579886
2016-03-09,Train,0.028429383412003517,0.02299183046294528
2016-03-10,Train,0.02672051079571247,0.02484233119764734
2016-03-11,Train,0.02171318233013153,0.005822168832937624
2016-03-14,Train,0.026748694479465485,0.02024940188607038
2016-03-15,Train,0.028359444811940193,0.02560258301841123
2016-03-16,Train,0.018727662041783333,0.01505851542679437
2016-03-17,Train,0.021832548081874847,0.02641372819897958
2016-03-18,Train,0.018254606053233147,0.02393591905636816
2016-03-21,Train,0.014458352699875832,0.0101122212508824
2016-03-22,Train,0.017286226153373718,0.02358486272276661
2016-03-23,Train,0.01683942973613739,0.01725261975384873
2016-03-24,Train,0.014082702808082104,0.01622224341893608
2016-03-28,Train,0.01291869580745697,0.01391091266248701
2016-03-29,Train,0.014168277382850647,0.006248279828492409
2016-03-30,Train,0.0174612645059824,0.01417340017471713
2016-03-31,Train,0.022438475862145424,0.01575092736969919
2016-04-01,Train,0.005222409497946501,0.002537140066585009
2016-04-04,Train,0.006513703614473343,0.01173368097944927
2016-04-05,Train,0.00701679103076458,0.01533804041575149
2016-04-06,Train,-0.00484361220151186,-0.0002710651467715541
2016-04-07,Train,4.4429303670767695e-05,0.01439310293793228
2016-04-08,Train,-0.002951465081423521,-0.000183455440976199
2016-04-11,Train,-0.003633680287748575,0.003499124200292192
2016-04-12,Train,-0.009487273171544075,-0.009679528511647995
2016-04-13,Train,-0.03154905140399933,-0.030024359580761
2016-04-14,Train,-0.032972294837236404,-0.04183194614357211
2016-04-15,Train,-0.03583056852221489,-0.04446853033339437
2016-04-18,Train,-0.03485257923603058,-0.04054663310364215
2016-04-19,Train,-0.0408267118036747,-0.04360017694949836
2016-04-20,Train,-0.046754974871873856,-0.05052418988366003
2016-04-21,Train,-0.04056001082062721,-0.05088120022750975
2016-04-22,Train,-0.03349665179848671,-0.03119839806522262
2016-04-25,Train,-0.024558311328291893,-0.02844564147573403
2016-04-26,Train,-0.01737433299422264,-0.01032729505489993
2016-04-27,Train,-0.01307468768209219,-0.01134040899738076
2016-04-28,Train,-0.009971914812922478,-0.003669546425742021
2016-04-29,Train,-0.008629930205643177,-0.00208098011883151
2016-05-02,Train,-0.0049271308816969395,0.0009370171755742618
2016-05-03,Train,0.010789346881210804,-0.002364513308072302
2016-05-04,Train,0.008136093616485596,0.007710590528918537
2016-05-05,Train,0.017523128539323807,0.002761387590907827
2016-05-06,Train,0.008865298703312874,0.00842962089612942
2016-05-09,Train,0.009708444587886333,0.004250137790990483
2016-05-10,Train,0.012227269820868969,0.010528251506011
2016-05-11,Train,0.02258477918803692,0.02707782283650784
2016-05-12,Train,0.038165751844644547,0.03465859089715018
2016-05-13,Train,0.038766928017139435,0.04388622989021762
2016-05-16,Train,0.028575802221894264,0.03295259926158711
2016-05-17,Train,0.04284103959798813,0.04616984226581722
2016-05-18,Train,0.042007118463516235,0.04458720190335597
2016-05-19,Train,0.03909798339009285,0.04510492935257293
2016-05-20,Train,0.03340001031756401,0.03747532467383574
2016-05-23,Train,0.03047133982181549,0.03620801662580875
2016-05-24,Train,0.004573720972985029,0.0176102127810438
2016-05-25,Train,0.0064063360914587975,0.008696490261940859
2016-05-26,Train,-0.003115686122328043,-0.005658955193531434
2016-05-27,Train,-0.006247380748391151,-0.01906836036042781
2016-05-31,Train,-0.010033231228590012,-0.02093526948759283
2016-06-01,Train,-0.01610187441110611,-0.02383323325586406
2016-06-02,Train,-0.026341665536165237,-0.0229698035220508
2016-06-03,Train,-0.02470051869750023,-0.03243685057255818
2016-06-06,Train,-0.0229034461081028,-0.02987502670391717
2016-06-07,Train,-0.018360519781708717,-0.02432383642905001
2016-06-08,Train,-0.023475926369428635,-0.02835919910230711
2016-06-09,Train,-0.02190319634974003,-0.01288688417168282
2016-06-10,Train,-0.028176264837384224,-0.04268405931402397
2016-06-13,Train,-0.02913569286465645,-0.05378133503882987
2016-06-14,Train,-0.02091994881629944,-0.03304637355516093
2016-06-15,Train,-0.015121434815227985,-0.01308952512189887
2016-06-16,Train,-0.008523552678525448,-0.00462791554760289
2016-06-17,Train,0.010863895528018475,0.01493101698921251
2016-06-20,Train,0.0031379659194499254,0.002426227117868773
2016-06-21,Train,0.004216514993458986,0.007441888853561007
2016-06-22,Train,0.01097590196877718,0.01286837849964861
2016-06-23,Train,0.007588360458612442,0.01406643795082752
2016-06-24,Train,0.06030666083097458,0.06366860994686063
2016-06-27,Train,0.07860129326581955,0.0906867201366155
2016-06-28,Train,0.05743399262428284,0.06471378705224695
2016-06-29,Train,0.048557039350271225,0.05333464329368232
2016-06-30,Train,0.04237380623817444,0.03961318672088066
2016-07-01,Train,0.04393988847732544,0.04126571991962313
2016-07-05,Train,0.04389279708266258,0.04384657572852491
2016-07-06,Train,0.04285312816500664,0.04746075018291518
2016-07-07,Train,0.04123762995004654,0.04198119539025003
2016-07-08,Train,0.031953148543834686,0.03037169883439739
2016-07-11,Train,0.02545442059636116,0.02461014468063794
2016-07-12,Train,0.024884020909667015,0.02062968065142678
2016-07-13,Train,0.026222648099064827,0.03021039897027178
2016-07-14,Train,0.023154910653829575,0.02679049750014362
2016-07-15,Train,0.026889530941843987,0.03067978722315301
2016-07-18,Train,0.02733616903424263,0.0293228664965115
2016-07-19,Train,0.02662334404885769,0.02523857933090623
2016-07-20,Train,0.022627947852015495,0.01674888800770047
2016-07-21,Train,0.024597331881523132,0.0220003344853823
2016-07-22,Train,0.024730397388339043,0.02754067057979981
2016-07-25,Train,0.02362438477575779,0.02630650859961481
2016-07-26,Train,0.02201041579246521,0.02750678643320814
2016-07-27,Train,0.017702201381325722,0.01780416200843904
2016-07-28,Train,0.018604209646582603,0.0186119266582836
2016-07-29,Train,0.016479669138789177,0.01709618618344044
2016-08-01,Train,0.014969575218856335,0.01605663561077963
2016-08-02,Train,0.015820415690541267,0.01818027125895694
2016-08-03,Train,0.014365377835929394,0.01664648742241281
2016-08-04,Train,0.01328290905803442,0.01400538404276519
2016-08-05,Train,0.012989789247512817,0.004110321647123438
2016-08-08,Train,0.006594971753656864,0.006000831025166242
2016-08-09,Train,-0.0030304293613880873,0.005473823124113153
2016-08-10,Train,-0.0010274240048602223,0.001543477113158165
2016-08-11,Train,-0.005230916664004326,-0.004354526334276021
2016-08-12,Train,-0.004649017471820116,-0.003583602217419823
2016-08-15,Train,-0.00545042147859931,-0.006457047804089067
2016-08-16,Train,-0.0042312731966376305,-0.004186292015279869
2016-08-17,Train,-0.00373273016884923,-0.006993004263052605
2016-08-18,Train,-0.00543248513713479,-0.004689257800875368
2016-08-19,Train,-0.005352180916815996,-0.001193922796332458
2016-08-22,Train,-0.003558753989636898,0.00426075847039975
2016-08-23,Train,-0.0012504658661782742,0.003062271332322286
2016-08-24,Train,0.003919657319784164,0.003681509365930813
2016-08-25,Train,-0.003901941701769829,-0.01998114929130579
2016-08-26,Train,0.002272323239594698,-0.003853373462459397
2016-08-29,Train,-0.0026801766362041235,-0.01410981265119826
2016-08-30,Train,-0.001718098996207118,-0.006177086786066432
2016-08-31,Train,0.0010208513122051954,0.01030571043526085
2016-09-01,Train,0.0004984386032447219,0.00471135053813887
2016-09-02,Train,0.00013357802527025342,-0.002903039270079621
2016-09-06,Train,-0.0024560936726629734,-0.007212545482618293
2016-09-07,Train,-0.0016389397205784917,0.001950503396413339
2016-09-08,Train,0.003415534505620599,0.01586618551305374
2016-09-09,Train,0.025514818727970123,0.03543929904636567
2016-09-12,Train,0.015808457508683205,0.008682149840440578
2016-09-13,Train,0.028801463544368744,0.02784282295933549
2016-09-14,Train,0.022759759798645973,0.02468923256876931
2016-09-15,Train,0.009417670778930187,0.001700076073442913
2016-09-16,Train,0.014320576563477516,0.01219200523500441
2016-09-19,Train,0.014724678359925747,0.01515674165921244
2016-09-20,Train,0.010755271650850773,0.01170942518446183
2016-09-21,Train,0.0016632681945338845,0.005416837760330084
2016-09-22,Train,0.0009693976026028395,-0.003022864993090013
2016-09-23,Train,-0.0019045068183913827,0.001183126742855256
2016-09-26,Train,0.0006342623382806778,0.0160218590547665
2016-09-27,Train,-0.006337965372949839,-0.008270070522646389
2016-09-28,Train,-0.004646347835659981,-0.01078347777763633
2016-09-29,Train,-0.003785334061831236,-0.007128278716863168
2016-09-30,Train,-0.005311659071594477,-0.01330864062338943
2016-10-03,Train,-0.00868295319378376,-0.01459302667565765
2016-10-04,Train,-0.0062806629575788975,-0.004308542066374099
2016-10-05,Train,-0.00790614914149046,-0.007913144491636936
2016-10-06,Train,-0.005566850304603577,-0.008590956317878096
2016-10-07,Train,-0.005110739264637232,-0.002701103161365515
2016-10-10,Train,-0.004981447011232376,0.00293573620648746
2016-10-11,Train,-4.28011262556538e-05,0.01421039692004089
2016-10-12,Train,0.000741269439458847,0.008175771584422842
2016-10-13,Train,0.0011484331917017698,0.007179455879407159
2016-10-14,Train,-3.1344484341389034e-06,-0.0003414795606604404
2016-10-17,Train,0.0014890629099681973,0.001455214598437005
2016-10-18,Train,-0.014866259880363941,-0.01484812481704922
2016-10-19,Train,-0.01583431474864483,-0.02265590329669476
2016-10-20,Train,-0.017626216635107994,-0.03109333158764449
2016-10-21,Train,-0.024157263338565826,-0.03808717682508322
2016-10-24,Train,-0.018747631460428238,-0.02692984217547434
2016-10-25,Train,-0.02014177478849888,-0.01745114345540189
2016-10-26,Train,-0.019501324743032455,-0.006166546244939952
2016-10-27,Train,-0.015965554863214493,-0.01773588257672576
2016-10-28,Train,-0.010317333973944187,-0.01110158359780489
2016-10-31,Train,-0.017280401661992073,-0.02017266991576228
2016-11-01,Train,-0.005938371643424034,0.000947382738552438
2016-11-02,Train,0.01631375029683113,0.01501999784988595
2016-11-03,Train,0.033381231129169464,0.03252958338623624
2016-11-04,Train,0.03216700255870819,0.03229210840010088
2016-11-07,Train,0.016937293112277985,0.01882253949400226
2016-11-08,Train,0.003938747104257345,0.01528478273587441
2016-11-09,Train,0.004677769728004932,0.006544807760984428
2016-11-10,Train,0.02287483401596546,0.0263499183737177
2016-11-11,Train,0.02191370353102684,0.02357509201721575
2016-11-14,Train,0.03915710747241974,0.03759927847210842
2016-11-15,Train,0.015970325097441673,0.01101358428714994
2016-11-16,Train,-0.0029943929985165596,-0.01231718754853617
2016-11-17,Train,-0.008477071300148964,-0.01749325026000903
2016-11-18,Train,-0.0014287789817899466,-0.006137071450528553
2016-11-21,Train,-0.0017526858719065785,-0.0140037426125238
2016-11-22,Train,-0.0025594858452677727,-0.00454163926490625
2016-11-23,Train,0.003858743002638221,0.001266690830926231
2016-11-25,Train,0.0003412530932109803,0.005892230052698011
2016-11-28,Train,0.0055683390237390995,0.003627776171468922
2016-11-29,Train,0.005607194267213345,0.01277952422958117
2016-11-30,Train,0.014973741956055164,0.02306382199551194
2016-12-01,Train,0.036788612604141235,0.04269507450470056
2016-12-02,Train,0.031066128984093666,0.03370787924587026
2016-12-05,Train,0.028627494350075722,0.02993137143603075
2016-12-06,Train,0.02817830629646778,0.03139977656213122
2016-12-07,Train,0.016612647101283073,0.01774246758442
2016-12-08,Train,0.014837170019745827,0.0130724724276563
2016-12-09,Train,0.008025326766073704,0.005857715048051881
2016-12-12,Train,0.009739588014781475,0.01563551298475363
2016-12-13,Train,0.0023680361919105053,-0.004814891544602795
2016-12-14,Train,0.003215492470189929,-0.004159387769803069
2016-12-15,Train,-0.0002525098097976297,-0.01594682844362449
2016-12-16,Train,0.005001887679100037,-0.0005016518341071086
2016-12-19,Train,0.0063135456293821335,0.0008327596516386482
2016-12-20,Train,0.007348870858550072,0.002654497608654882
2016-12-21,Train,0.010659759864211082,0.01220323121264744
2016-12-22,Train,0.01541545893996954,0.01839826035581349
2016-12-23,Train,0.01896486058831215,0.01996673533121918
2016-12-27,Train,0.019031621515750885,0.0174640011230025
2016-12-28,Train,0.01781747303903103,0.02385719616180615
2016-12-29,Train,0.02127465233206749,0.02881968594120732
2016-12-30,Train,0.027274252846837044,0.03637742603373684
2017-01-03,Train,0.021724561229348183,0.02927890223518803
2017-01-04,Train,0.021279597654938698,0.02321325284012277
2017-01-05,Train,0.018712978810071945,0.01969055348172621
2017-01-06,Train,0.018649617210030556,0.01164601136218502
2017-01-09,Train,0.0200718492269516,0.01512301517559078
2017-01-10,Train,0.022464027628302574,0.02308321261237256
2017-01-11,Train,0.013191070407629013,0.02139426703724845
2017-01-12,Train,0.016613706946372986,0.0249307906244598
2017-01-13,Train,0.012512391433119774,0.01347836946537506
2017-01-17,Train,0.018660971894860268,0.01449628443704798
2017-01-18,Train,0.019485648721456528,0.01942457226808125
2017-01-19,Train,0.02261587791144848,0.01902745384628979
2017-01-20,Train,0.020247887820005417,0.01971602681684215
2017-01-23,Train,0.02055470459163189,0.02010541862676951
2017-01-24,Train,0.015563959255814552,0.01699146887716352
2017-01-25,Train,0.01341903768479824,0.008530652094561608
2017-01-26,Train,0.016854148358106613,0.01115006015531006
2017-01-27,Train,0.017154324799776077,0.01255957204555957
2017-01-30,Train,0.02947215549647808,0.02627789149744264
2017-01-31,Train,0.028404828161001205,0.03178934811089351
2017-02-01,Train,0.027623552829027176,0.03077408093411083
2017-02-02,Train,0.028180915862321854,0.03135972163059364
2017-02-03,Train,0.03106902725994587,0.03286121294867539
2017-02-06,Train,0.029093986377120018,0.03671616506364295
2017-02-07,Train,0.02976866625249386,0.03333596527003468
2017-02-08,Train,0.029977455735206604,0.02774699214890064
2017-02-09,Train,0.02589104324579239,0.02599240269502223
2017-02-10,Train,0.021034879609942436,0.02386560669709681
2017-02-13,Train,0.012274526059627533,0.01498827539004011
2017-02-14,Train,0.014184009283781052,0.02264065735429011
2017-02-15,Train,0.01113695465028286,0.01152452293710393
2017-02-16,Train,0.011667180806398392,0.01369442377145802
2017-02-17,Train,0.007376730442047119,0.007087267438935507
2017-02-21,Train,0.007100533228367567,0.0004599276350887305
2017-02-22,Train,0.0056029148399829865,0.001839122552981243
2017-02-23,Train,0.00422279629856348,0.0063841386518253
2017-02-24,Train,0.005968823097646236,0.008674995627711235
2017-02-27,Train,0.004878512583673,0.009124386275981555
2017-02-28,Train,0.005465804133564234,0.009767643223657974
2017-03-01,Train,0.005202540196478367,0.005021330263620394
2017-03-02,Train,0.005164851900190115,0.009405075233368088
2017-03-03,Train,0.004484635312110186,0.005113708953573326
2017-03-06,Train,0.006758350878953934,0.008261316196365387
2017-03-07,Train,0.0019034224096685648,-0.005363550514941751
2017-03-08,Train,0.0006367935566231608,-0.0003824617535328478
2017-03-09,Train,0.001994995167478919,-0.003668570322330811
2017-03-10,Train,-2.2833875846117735e-05,-0.005784264482581403
2017-03-13,Train,0.0006851212820038199,-0.005850651689765063
2017-03-14,Train,0.0020304019562900066,0.002665900840994162
2017-03-15,Train,0.0007323774043470621,0.001135457150295949
2017-03-16,Train,0.001527173793874681,0.003484635504953149
2017-03-17,Train,0.0011145001044496894,0.005239596238243438
2017-03-20,Train,0.0028719326946884394,0.003717513862681265
2017-03-21,Train,0.015379932709038258,0.02079960711056517
2017-03-22,Train,0.007759390398859978,0.009794159885112563
2017-03-23,Train,0.0073252031579613686,0.0128873325246659
2017-03-24,Train,0.00784576591104269,0.01025795213812275
2017-03-27,Train,0.003911381587386131,0.00901870962700868
2017-03-28,Train,-0.0008008564473129809,-0.001443348847517512
2017-03-29,Train,-0.008162545040249825,-0.01005672462045137
2017-03-30,Train,-0.008503313176333904,-0.01562623465798862
2017-03-31,Train,-0.006228978745639324,-0.00679867897021269
2017-04-03,Train,-0.005976526532322168,-0.00770978268278566
2017-04-04,Train,-0.0017374609597027302,-0.00769744967138497
2017-04-05,Train,0.004017134662717581,0.004698000389881329
2017-04-06,Train,0.012925793416798115,0.003938233102860567
2017-04-07,Train,0.017713461071252823,0.0165946989554373
2017-04-10,Train,0.025186289101839066,0.0235570406734209
2017-04-11,Train,0.029500681906938553,0.02655006142402749
2017-04-12,Train,0.026633622124791145,0.0368927734387976
2017-04-13,Train,0.038317322731018066,0.0428681890975946
2017-04-17,Train,0.04321961849927902,0.04350472624410839
2017-04-18,Train,0.043633781373500824,0.0468463890437989
2017-04-19,Train,0.04173026233911514,0.04182827416708812
2017-04-20,Train,0.03621714189648628,0.03356208666679406
2017-04-21,Train,0.03617864102125168,0.03756786224545472
2017-04-24,Train,0.03078400529921055,0.02742987906477357
2017-04-25,Train,0.0197704266756773,0.02360691427616457
2017-04-26,Train,0.02141985110938549,0.02564096185325426
2017-04-27,Train,0.02126498520374298,0.01871081610410918
2017-04-28,Train,0.019634349271655083,0.01919259140321716
2017-05-01,Train,0.015336286276578903,0.01341105232374562
2017-05-02,Train,0.017490480095148087,0.01593540390104509
2017-05-03,Train,9.45799401961267e-05,-0.006715805037260325
2017-05-04,Train,0.008584029972553253,0.001605379680979402
2017-05-05,Train,0.005893525667488575,0.002181205950284593
2017-05-08,Train,0.007924757897853851,0.00841558105722684
2017-05-09,Train,0.009180295281112194,0.005928224566296159
2017-05-10,Train,0.01035695243626833,0.009971133986065528
2017-05-11,Train,0.01734563522040844,0.01937962300009066
2017-05-12,Train,0.014789678156375885,0.01890328284134934
2017-05-15,Train,0.011927686631679535,0.01654202504904179
2017-05-16,Train,-0.0004032233846373856,0.01196102440444591
2017-05-17,Train,0.030311351642012596,0.04240456164541473
2017-05-18,Train,0.02930024452507496,0.04516984157916792
2017-05-19,Train,0.031595174223184586,0.04055424032504851
2017-05-22,Train,0.024043813347816467,0.02776978856368029
2017-05-23,Train,0.0251485463231802,0.03076037658524888
2017-05-24,Train,0.0200406052172184,0.0271140977108324
2017-05-25,Train,-0.0008238118607550859,-0.007022809708386868
2017-05-26,Train,-0.00719028664752841,-0.01409152723383722
2017-05-30,Train,-0.004664911422878504,-0.006933605157285139
2017-05-31,Train,-0.004418890457600355,-0.01089952126343519
2017-06-01,Train,-0.023933492600917816,-0.01910597521888246
2017-06-02,Train,-0.02821650169789791,-0.03701388936899819
2017-06-05,Train,-0.027491802349686623,-0.02070686825333401
2017-06-06,Train,-0.024458790197968483,-0.02449950990512872
2017-06-07,Train,-0.01965649612247944,-0.01868632485006927
2017-06-08,Train,-0.019986899569630623,-0.01999031991058775
2017-06-09,Train,-0.0030400394462049007,0.009001355937154898
2017-06-12,Train,0.0010405951179564,0.009696230301963649
2017-06-13,Train,-0.004222692456096411,-0.01660018396211693
2017-06-14,Train,-0.002017631661146879,0.001932052039076426
2017-06-15,Train,-0.010266723111271858,-0.01106884561830501
2017-06-16,Train,-0.007492705248296261,-0.003691599923037803
2017-06-19,Train,-0.017554400488734245,-0.0304001428759676
2017-06-20,Train,-0.017149146646261215,-0.01313147117565927
2017-06-21,Train,-0.017159441486001015,-0.03161867296678056
2017-06-22,Train,-0.015051192604005337,-0.020895540193137
2017-06-23,Train,-0.011824722401797771,-0.01826679220272021
2017-06-26,Train,-0.01040877029299736,-0.01088347388937716
2017-06-27,Train,0.01759885437786579,0.01934360785740874
2017-06-28,Train,0.012036441825330257,0.007070348551401207
2017-06-29,Train,0.030821485444903374,0.03292389635778603
2017-06-30,Train,0.028954187408089638,0.03305727311780271
2017-07-03,Train,0.0480797216296196,0.05103162364089342
2017-07-05,Train,0.04626457765698433,0.04689883665739658
2017-07-06,Train,0.05123670771718025,0.05781792700120603
2017-07-07,Train,0.04310806468129158,0.04609470351859324
2017-07-10,Train,0.03764009475708008,0.04406462172928105
2017-07-11,Train,0.03767852485179901,0.03847530188643833
2017-07-12,Train,0.02332979068160057,0.02963751428139183
2017-07-13,Train,0.02402162179350853,0.02092058947557951
2017-07-14,Train,0.013575947843492031,0.01210245764000262
2017-07-17,Train,0.013039575889706612,0.007314109770561128
2017-07-18,Train,0.004474883433431387,0.002934177523656434
2017-07-19,Train,0.004655621014535427,-0.0002083538004379326
2017-07-20,Train,-0.0022930759005248547,-0.005410271132713973
2017-07-21,Train,-0.004942967556416988,-0.003192052681416424
2017-07-24,Train,-0.008132577873766422,-0.001450623110240135
2017-07-25,Train,-0.008791496977210045,-0.0006232433635360302
2017-07-26,Train,-0.008812732063233852,-0.005177055465442004
2017-07-27,Train,-0.007647126913070679,-0.02035292996612559
2017-07-28,Train,-0.008583549410104752,-0.01209670660924955
2017-07-31,Train,-0.003205506131052971,0.004887223131485374
2017-08-01,Train,-0.003408597782254219,0.003273901007913471
2017-08-02,Train,-0.003675050102174282,0.002292475429320984
2017-08-03,Train,-0.00829541590064764,-0.01436639631328751
2017-08-04,Train,-0.010336648672819138,-0.01684648988352333
2017-08-07,Train,-0.008847369812428951,-0.02428053795043295
2017-08-08,Train,-0.004536386113613844,-0.00769177901136664
2017-08-09,Train,-0.006640394683927298,-0.00992223649895696
2017-08-10,Train,0.018642012029886246,0.008792494532348316
2017-08-11,Train,0.002472574356943369,-0.0009148830206087144
2017-08-14,Train,-0.002641791244968772,-0.01056061343027948
2017-08-15,Train,-0.005106702912598848,-0.007359560977418522
2017-08-16,Train,0.00042880690307356417,0.002564424177418312
2017-08-17,Train,0.03410374000668526,0.03445832487152356
2017-08-18,Train,0.0350470095872879,0.03377472503548917
2017-08-21,Train,0.013484245166182518,0.02580644672735488
2017-08-22,Train,0.014448265545070171,0.01347770932752113
2017-08-23,Train,0.018360618501901627,0.01948278598171904
2017-08-24,Train,0.018865684047341347,0.0136360608922943
2017-08-25,Train,0.021310295909643173,0.02747054915088398
2017-08-28,Train,0.01892090030014515,0.02675372137222598
2017-08-29,Train,0.02308347262442112,0.02413091500864173
2017-08-30,Train,0.006091451738029718,0.006291072938175102
2017-08-31,Train,0.0005716695450246334,-0.0009575881844785528
2017-09-01,Train,-0.006682145409286022,-0.003082170878371149
2017-09-05,Train,0.0007068041013553739,0.007671577798203932
2017-09-06,Train,0.0007735672406852245,0.001515890672509679
2017-09-07,Train,-0.004444846883416176,-0.006942974485190212
2017-09-08,Train,0.0006751820910722017,0.0007627807033516731
2017-09-11,Train,-0.009300360456109047,-0.02104608328096091
2017-09-12,Train,-0.012415466830134392,-0.02085900031661314
2017-09-13,Train,-0.010083558037877083,-0.0133860912415571
2017-09-14,Train,0.00045007653534412384,-0.007900480322703074
2017-09-15,Train,-0.002483806572854519,-0.004176370125618112
2017-09-18,Train,0.002064487896859646,0.0002061063460521151
2017-09-19,Train,0.005110583733767271,0.0006172588203490204
2017-09-20,Train,0.006057566963136196,0.004678311986426653
2017-09-21,Train,0.022620784118771553,0.0207669933585295
2017-09-22,Train,0.020643552765250206,0.02314298897163458
2017-09-25,Train,0.03336189314723015,0.03284315364969825
2017-09-26,Train,0.025130977854132652,0.03094229231841417
2017-09-27,Train,0.023073311895132065,0.02478185245662168
2017-09-28,Train,0.025228600949048996,0.0232670904033303
2017-09-29,Train,0.017733585089445114,0.01986936713843201
2017-10-02,Train,0.017558826133608818,0.02246190569674389
2017-10-03,Train,0.01525509636849165,0.02159156837112075
2017-10-04,Train,0.018045494332909584,0.01937959223934405
2017-10-05,Train,0.009090624749660492,0.005764212708710081
2017-10-06,Train,0.010147946886718273,0.00711095100715653
2017-10-09,Train,0.006187176797538996,0.001695030108406881
2017-10-10,Train,0.002014731988310814,0.002642272178328575
2017-10-11,Train,0.0022359746508300304,-0.004120512280573752
2017-10-12,Train,0.011403250508010387,-0.005481474826922628
2017-10-13,Train,0.02089521288871765,0.01954974536110798
2017-10-16,Train,0.014348495751619339,0.0183405818985356
2017-10-17,Train,0.02000904269516468,0.02086688640934686
2017-10-18,Train,0.025310849770903587,0.02176545398279917
2017-10-19,Train,0.03155495971441269,0.02359921824297273
2017-10-20,Train,0.029336731880903244,0.03066369008622027
2017-10-23,Train,0.03769093379378319,0.04095023397876263
2017-10-24,Train,0.03528863936662674,0.03979998088398284
2017-10-25,Train,0.038902513682842255,0.04795501373839617
2017-10-26,Train,0.04092082381248474,0.04579474292378372
2017-10-27,Train,0.01608072966337204,0.01613321273469182
2017-10-30,Train,0.014864461496472359,0.01510748950039686
2017-10-31,Train,0.010334993712604046,0.007624079583588905
2017-11-01,Train,0.012345285154879093,0.003221500425460322
2017-11-02,Train,0.01620456576347351,0.01798297721785658
2017-11-03,Train,0.0009515317506156862,0.004436567213585096
2017-11-06,Train,0.0004770565137732774,0.0002601505082806543
2017-11-07,Train,0.0028405743651092052,0.01052765184418347
2017-11-08,Train,0.00539535703137517,0.007702281174150505
2017-11-09,Train,0.007527179084718227,0.01672192090965385
2017-11-10,Train,0.009221645072102547,0.0163327035739802
2017-11-13,Train,0.0163470096886158,0.01767726851899609
2017-11-14,Train,0.015208376571536064,0.003587522408951882
2017-11-15,Train,0.017453672364354134,0.01677696847783494
2017-11-16,Train,0.0004810096579603851,-0.0003234618554447399
2017-11-17,Train,-0.0005137693369761109,-0.008054499895780332
2017-11-20,Train,-0.005820084363222122,-0.006630723918089609
2017-11-21,Train,-0.008489061146974564,-0.01286173633440513
2017-11-22,Train,-0.008628727868199348,-0.01072643164466403
2017-11-24,Train,-0.006814924534410238,-0.009983345791846343
2017-11-27,Train,0.00295293889939785,-0.001856767657268388
2017-11-28,Train,0.0039899772964417934,-0.00574745461097248
2017-11-29,Train,0.011639474891126156,0.01384378574264211
2017-11-30,Train,0.01035743672400713,0.004705195069586665
2017-12-01,Train,0.015388207510113716,0.02045432255137136
2017-12-04,Train,0.02957712858915329,0.03883172297210535
2017-12-05,Train,0.024444222450256348,0.03200052004302534
2017-12-06,Train,0.020902706310153008,0.02625406370877448
2017-12-07,Train,0.01756850630044937,0.02291909285401861
2017-12-08,Train,0.01919419877231121,0.01725919988116487
2017-12-11,Train,0.004974526818841696,0.00397697498556826
2017-12-12,Train,0.011048954911530018,0.005459508198327967
2017-12-13,Train,0.013075628317892551,0.00474383106812204
2017-12-14,Train,0.011845068074762821,-0.0007698894804807344
2017-12-15,Train,0.018000563606619835,0.00532833256708698
2017-12-18,Train,0.017409687861800194,0.008761972989134614
2017-12-19,Train,0.0284192506223917,0.01655041636562737
2017-12-20,Train,0.030485274270176888,0.02786770407964601
2017-12-21,Train,0.03640221059322357,0.03173595622437042
2017-12-22,Train,0.03435151278972626,0.03297961874842437
2017-12-26,Train,0.037140145897865295,0.03616143782789405
2017-12-27,Train,0.03884926065802574,0.04311997118628952
2017-12-28,Train,0.03994984179735184,0.04951196310318973
2017-12-29,Train,0.037812698632478714,0.05303036759713353
2018-01-02,Train,0.0322907418012619,0.04605960969118406
2018-01-03,Train,0.032943010330200195,0.03618076978746387
2018-01-04,Train,0.03704695403575897,0.03761461462871574
2018-01-05,Train,0.03212260454893112,0.03829049541967744
2018-01-08,Train,0.030825451016426086,0.04281754121445314
2018-01-09,Train,0.03608774021267891,0.0359867506851248
2018-01-10,Train,0.04211816191673279,0.03804423299037274
2018-01-11,Train,0.039252087473869324,0.04678792151250133
2018-01-12,Train,0.02352328598499298,0.0341054193142738
2018-01-16,Train,0.025223063305020332,0.02853306032114911
2018-01-17,Train,0.01027270033955574,0.02177453861235845
2018-01-18,Train,-0.0035027433186769485,0.0129055559952076
2018-01-19,Train,-0.006725792307406664,-0.01040035929798189
2018-01-22,Train,-0.04909130930900574,-0.05948132459217315
2018-01-23,Train,-0.0518166720867157,-0.04247535355770327
2018-01-24,Train,-0.05183453485369682,-0.04869067614709111
2018-01-25,Train,-0.05550409480929375,-0.08850613967968413
2018-01-26,Train,-0.07121387124061584,-0.0867605874201085
2018-01-29,Train,-0.06665479391813278,-0.06602005046075088
2018-01-30,Train,-0.06063249334692955,-0.05340838571325068
2018-01-31,Train,-0.035988420248031616,-0.03966943012294044
2018-02-01,Train,-0.018403219059109688,-0.01345564226771612
2018-02-02,Train,-0.00029418119811452925,0.002126274844893139
2018-02-05,Train,0.041784875094890594,0.04534529718162084
2018-02-06,Train,0.01540096290409565,0.01546429550477257
2018-02-07,Train,0.026326924562454224,0.02864987295137111
2018-02-08,Train,0.08332409709692001,0.0959270219188606
2018-02-09,Train,0.07421111315488815,0.09160786184393799
2018-02-12,Train,0.06054405868053436,0.05929375249238733
2018-02-13,Train,0.05198405310511589,0.04709126531086505
2018-02-14,Train,0.02411574125289917,0.01106468608801325
2018-02-15,Train,0.010727559216320515,0.001750202475938822
2018-02-16,Train,0.015200130641460419,0.0173981268209189
2018-02-20,Train,0.01822180673480034,0.01966241231780996
2018-02-21,Train,0.027001213282346725,0.02493620415558961
2018-02-22,Train,0.029404379427433014,0.03070386811221471
2018-02-23,Train,0.0197613425552845,0.02967238834212904
2018-02-26,Train,0.011637121438980103,0.02159629146938746
2018-02-27,Train,0.01865439862012863,0.02032214370535712
2018-02-28,Train,0.021896209567785263,0.02673276587784112
2018-03-01,Train,0.027609480544924736,0.04286237375295254
2018-03-02,Train,0.024489175528287888,0.03030302194612577
2018-03-05,Train,-0.0044355569407343864,-0.004349614011646796
2018-03-06,Train,-0.014411489479243755,-0.005280642133036473
2018-03-07,Train,-0.012829963117837906,-0.01189838746215788
2018-03-08,Train,-0.023501358926296234,-0.04156362612283837
2018-03-09,Train,-0.0795561671257019,-0.08460388568632915
2018-03-12,Train,-0.0674823522567749,-0.0556066626421845
2018-03-13,Train,-0.07988936454057693,-0.07355427400255588
2018-03-14,Train,-0.08125147223472595,-0.0840516850617089
2018-03-15,Train,-0.07823573052883148,-0.0664606423227021
2018-03-16,Train,-0.06630001962184906,-0.09069120207081272
2018-03-19,Train,-0.050533827394247055,-0.0588869613241304
2018-03-20,Train,-0.05159970745444298,-0.04718156093822667
2018-03-21,Train,-0.03764941543340683,-0.03756293039324654
2018-03-22,Train,-0.02311119996011257,-0.0378992509415601
2018-03-23,Train,-0.001873177825473249,-0.004920817653950804
2018-03-26,Train,-0.024069983512163162,-0.01940381569980953
2018-03-27,Train,0.014713526703417301,0.00754335513219706
2018-03-28,Train,0.027352524921298027,0.0315421730611587
2018-03-29,Train,0.013616085983812809,0.007743647015326482
2018-04-02,Train,0.04710753262042999,0.04559199953137427
2018-04-03,Train,0.04271132871508598,0.05621271719105536
2018-04-04,Train,0.029628630727529526,0.04194313708427222
2018-04-05,Train,0.024278992787003517,0.02651733537176448
2018-04-06,Train,0.028346307575702667,0.03619994887433919
2018-04-09,Train,0.03224629908800125,0.02637420766367926
2018-04-10,Train,-0.0056744785979390144,-0.01705849442014473
2018-04-11,Train,-0.0021250424906611443,-0.01016973356143458
2018-04-12,Train,-0.014227410778403282,-0.001356274037342176
2018-04-13,Train,0.005729799158871174,0.004461803572468614
2018-04-16,Train,0.0013297806726768613,-0.01020912422999898
2018-04-17,Train,-0.019424179568886757,-0.01998800242156329
2018-04-18,Train,-0.025895772501826286,-0.02775772079680139
2018-04-19,Train,-0.013237455859780312,-0.01885877473342223
2018-04-20,Train,0.013217385858297348,0.01583482450465579
2018-04-23,Train,0.03242835775017738,0.02687013478235745
2018-04-24,Train,0.041599683463573456,0.04802473992124101
2018-04-25,Train,0.052310287952423096,0.05817845156899604
2018-04-26,Train,0.0389191098511219,0.0471016072923427
2018-04-27,Train,0.04297787696123123,0.04546863188653005
2018-04-30,Train,0.0480901375412941,0.05474088122871268
2018-05-01,Train,0.040682025253772736,0.03126917542733132
2018-05-02,Train,0.04122788459062576,0.04424662019063397
2018-05-03,Train,0.04108448326587677,0.04035845893777901
2018-05-04,Train,0.022597303614020348,0.01570941756162925
2018-05-07,Train,0.011548777110874653,0.01299319256464493
2018-05-08,Train,0.031597431749105453,0.01270539687183359
2018-05-09,Train,0.002694511553272605,0.01024542036381137
2018-05-10,Train,-0.001511704409494996,-0.0004126404164870312
2018-05-11,Train,0.00047058993368409574,0.001534252900597055
2018-05-14,Train,0.004507283680140972,-0.004594985445047883
2018-05-15,Train,0.00812869518995285,0.01376063397738925
2018-05-16,Train,0.009105289354920387,0.006450536301570331
2018-05-17,Train,0.02387474663555622,0.02619856005547661
2018-05-18,Train,0.03199497237801552,0.0408455515565449
2018-05-21,Train,0.03335636109113693,0.03824229616875718
2018-05-22,Train,0.04051811620593071,0.04566540771217587
2018-05-23,Train,0.027947330847382545,0.02847869338706066
2018-05-24,Train,0.03648168966174126,0.02884104571885904
2018-05-25,Train,0.03185535967350006,0.0305797926236
2018-05-29,Train,0.04082554951310158,0.04059892620460626
2018-05-30,Train,0.02934734709560871,0.03314146721808009
2018-05-31,Train,0.03141902759671211,0.04427587731528582
2018-06-01,Train,0.02749510668218136,0.02454550248664189
2018-06-04,Train,0.008295060135424137,0.01262189850673101
2018-06-05,Train,0.003130418248474598,0.006634658467205456
2018-06-06,Train,-0.005800963845103979,0.007904011058934346
2018-06-07,Train,-0.0002084271691273898,0.00733826802633164
2018-06-08,Train,-0.009159847162663937,0.005044742435772909
2018-06-11,Train,-0.017647864297032356,-0.02023902847638404
2018-06-12,Train,-0.023146962746977806,-0.02138426018131256
2018-06-13,Train,-0.02432878501713276,-0.0346377621600793
2018-06-14,Train,-0.027039701119065285,-0.03609236172195429
2018-06-15,Train,-0.025597097352147102,-0.03011640840618068
2018-06-18,Train,-0.025571778416633606,-0.02096315551412009
2018-06-19,Train,-0.017542332410812378,-0.02954543720592151
2018-06-20,Train,-0.01969260722398758,-0.0244287832499559
2018-06-21,Train,0.0005673299310728908,-0.0005691542865767785
2018-06-22,Train,0.007183980196714401,0.01066618206175018
2018-06-25,Train,0.0368354506790638,0.03472026828828745
2018-06-26,Train,0.036476459354162216,0.02528035485306979
2018-06-27,Train,0.05009310320019722,0.05732640800832467
2018-06-28,Train,0.04923021048307419,0.04918510455554936
2018-06-29,Train,0.03930056095123291,0.04386833118000544
2018-07-02,Train,0.03669379651546478,0.04322917296746609
2018-07-03,Train,0.043383799493312836,0.05345427084832521
2018-07-05,Train,0.029194705188274384,0.03533426252053284
2018-07-06,Train,0.01785416156053543,0.01924722322797634
2018-07-09,Train,0.013153632171452045,0.013375444915247
2018-07-10,Train,0.014578967355191708,0.01680575008149154
2018-07-11,Train,0.01851145178079605,0.03627711836355751
2018-07-12,Train,-0.008952703326940536,0.003287620170611794
2018-07-13,Train,-0.011120072565972805,-0.01107959181783646
2018-07-16,Train,-0.0029396270401775837,-0.0227145453275811
2018-07-17,Train,-0.005030117928981781,-0.02119047669431007
2018-07-18,Train,-0.00099097506608814,-0.01561717152769038
2018-07-19,Train,0.005822381004691124,0.00279282803669334
2018-07-20,Train,0.00609702430665493,0.006089705036252724
2018-07-23,Train,0.008530625142157078,0.008799297463451428
2018-07-24,Train,0.0038195569068193436,0.008319467413261172
2018-07-25,Train,-0.002767251804471016,-0.004375905369804811
2018-07-26,Train,0.003130288328975439,0.01033046697487072
2018-07-27,Train,0.01476739440113306,0.01632704219679826
2018-07-30,Train,0.025473861023783684,0.02975276509455504
2018-07-31,Train,0.02064453437924385,0.02833663976467315
2018-08-01,Train,0.018240343779325485,0.0119128312359964
2018-08-02,Train,0.007897729054093361,0.00161537652143795
2018-08-03,Train,0.0075519150123000145,-0.001221686019914237
2018-08-06,Train,-0.00019167375285178423,-0.007949665707509879
2018-08-07,Train,-0.0018191734561696649,-0.007920805375323803
2018-08-08,Train,0.0007872857386246324,-0.0052741824598036
2018-08-09,Train,-0.002248502802103758,-0.006101921763540519
2018-08-10,Train,0.013365942053496838,0.01085747512015289
2018-08-13,Train,0.018573349341750145,0.02229363825636854
2018-08-14,Train,0.013260172680020332,0.01741528638884882
2018-08-15,Train,0.027598798274993896,0.04190152287366855
2018-08-16,Train,0.029005279764533043,0.03664773701187074
2018-08-17,Train,0.020477063953876495,0.03775154710936901
2018-08-20,Train,0.01882205903530121,0.03422375770570985
2018-08-21,Train,0.016644742339849472,0.01713238150052043
2018-08-22,Train,-1.9769955542869866e-05,0.004142273335430158
2018-08-23,Train,0.007953839376568794,0.001714588237617498
2018-08-24,Train,0.003485316876322031,-0.004164809977147743
2018-08-27,Train,-0.0028377599082887173,-0.006618212243353239
2018-08-28,Train,-0.009529314935207367,-0.01099614740580335
2018-08-29,Train,-0.012333554215729237,-0.01183467199773691
2018-08-30,Train,-0.01433443184942007,-0.0129821260737264
2018-08-31,Train,-0.014649948105216026,-0.02844895650807611
2018-09-04,Train,-0.01323555689305067,-0.01619590888766753
2018-09-05,Train,0.0016359498258680105,-0.004088307508730016
2018-09-06,Train,0.012190327048301697,0.01600574061485016
2018-09-07,Train,0.011553706601262093,0.01435594994618428
2018-09-10,Train,0.003968464210629463,0.01194143822566796
2018-09-11,Train,0.005238042213022709,0.005570141435446097
2018-09-12,Train,0.0025763441808521748,0.009256229731939847
2018-09-13,Train,6.583784124813974e-05,0.007044941529060766
2018-09-14,Train,0.005299615673720837,0.009783073749816351
2018-09-17,Train,0.004827762953937054,0.02663506081722278
2018-09-18,Train,0.0042838407680392265,0.01591557493105422
2018-09-19,Train,0.007814183831214905,0.01778872498241313
2018-09-20,Train,-0.013807110488414764,-0.01266780165887293
2018-09-21,Train,-0.019736547023057938,-0.01937843714157395
2018-09-24,Train,-0.029756177216768265,-0.02632006283079624
2018-09-25,Train,-0.03291535750031471,-0.02449220441938083
2018-09-26,Train,-0.04404210299253464,-0.06805235933234288
2018-09-27,Train,-0.061077140271663666,-0.08733786561706214
2018-09-28,Train,-0.05863132327795029,-0.06173629569085182
2018-10-01,Train,-0.056809842586517334,-0.07498518339356552
2018-10-02,Train,-0.053263984620571136,-0.04592193151707602
2018-10-03,Train,-0.04581116512417793,-0.04657167950650642
2018-10-04,Train,-0.032983701676130295,-0.0504441932268983
2018-10-05,Train,-0.029155362397432327,-0.03957807308125905
2018-10-08,Train,-0.027786387130618095,-0.0287070611675031
2018-10-09,Train,-0.0347730778157711,-0.03540611500011215
2018-10-10,Train,-0.024018360301852226,-0.03720957053878104
2018-10-11,Train,-0.0010007648961618543,0.008608439873445617
2018-10-12,Train,-0.03974348306655884,-0.04394219447147274
2018-10-15,Train,-0.03556568920612335,-0.05214569790505097
2018-10-16,Train,-0.04436887800693512,-0.06376257179732903
2018-10-17,Train,-0.04274512082338333,-0.04213427855377072
2018-10-18,Train,-0.021344386041164398,-0.006467231577289012
2018-10-19,Train,-0.0196820180863142,-0.0210380262383788
2018-10-22,Train,-0.023784108459949493,-0.0284629799551932
2018-10-23,Train,-0.017717713490128517,-0.01748715129326317
2018-10-24,Train,0.04774829372763634,0.06193302116831712
2018-10-25,Train,0.011334780603647232,0.01987612068162714
2018-10-26,Train,0.027921587228775024,0.02916116946813974
2018-10-29,Train,0.02553923986852169,0.01899164482421534
2018-10-30,Train,0.005805245600640774,0.003314868959905404
2018-10-31,Train,-0.02426564134657383,-0.02720533610127618
2018-11-01,Train,-0.0369831845164299,-0.02307335392906285
2018-11-02,Train,-0.025881897658109665,-0.01109933184919443
2018-11-05,Train,-0.038189880549907684,-0.04083812074509774
2018-11-06,Train,-0.05422285199165344,-0.06508459512179465
2018-11-07,Train,-0.07294873893260956,-0.0866272158289556
2018-11-08,Train,-0.061269521713256836,-0.08741258404862728
2018-11-09,Train,-0.043756257742643356,-0.05031485930412916
2018-11-12,Train,-0.0037882006727159023,-0.017375093836552
2018-11-13,Train,0.003523252671584487,0.01339578128904173
2018-11-14,Train,0.020623385906219482,0.01785712471390921
2018-11-15,Train,0.007456078194081783,0.007614961075517179
2018-11-16,Train,0.004550924524664879,0.02883583182719218
2018-11-19,Train,0.022785592824220657,0.02258425100115202
2018-11-20,Train,0.04405553266406059,0.04856745130484885
2018-11-21,Train,0.009176202118396759,0.006297997109041109
2018-11-23,Train,0.03387625887989998,0.02424471105819848
2018-11-26,Train,-0.0069994376972317696,0.004420168355337761
2018-11-27,Train,-0.011761895380914211,0.009850713327838712
2018-11-28,Train,-0.039104387164115906,-0.02133960231090615
2018-11-29,Train,-0.03544125333428383,-0.04204574678594442
2018-11-30,Train,-0.06225807964801788,-0.07049656247049507
2018-12-03,Train,-0.07113146781921387,-0.08071724896600518
2018-12-04,Train,-0.07428719848394394,-0.06752354790598625
2018-12-06,Train,-0.07952730357646942,-0.08748280997609736
2018-12-07,Train,-0.08874226361513138,-0.08557440290463492
2018-12-10,Train,-0.09001719951629639,-0.1200098512616689
2018-12-11,Train,-0.08179116249084473,-0.06814983103043226
2018-12-12,Train,-0.07672014087438583,-0.07270523949179775
2018-12-13,Train,-0.07127101719379425,-0.07347065072309655
2018-12-14,Train,-0.05496922880411148,-0.04233925531843341
2018-12-17,Train,-0.018637781962752342,-0.01619759837136192
2018-12-18,Train,-0.03330790996551514,-0.05428601782683518
2018-12-19,Train,0.017612313851714134,0.01100108044827053
2018-12-20,Train,0.04618550091981888,0.03808525384107386
2018-12-21,Train,0.08389274775981903,0.08097849396989898
2018-12-24,Train,0.11127470433712006,0.1206969151513502
2018-12-26,Train,0.06246819347143173,0.05785118507821396
2018-12-27,Train,0.05002064257860184,0.04991832236073046
2018-12-28,Train,0.0530826561152935,0.04118456561079742
2018-12-31,Train,0.05118528753519058,0.05263847183410042
2019-01-02,Train,0.050271615386009216,0.04823089479081033
2019-01-03,Train,0.0750293955206871,0.0921772586001024
2019-01-04,Train,0.04096484184265137,0.05773541905609214
2019-01-07,Train,0.028970792889595032,0.02435325569422431
2019-01-08,Train,0.022560538724064827,0.01648689539608705
2019-01-09,Train,0.02018325962126255,0.01479908914085115
2019-01-10,Train,0.02162247523665428,0.02399550562052877
2019-01-11,Train,0.020259151235222816,0.01506004189543608
2019-01-14,Train,0.02240876853466034,0.0144409053183876
2019-01-15,Train,0.019932588562369347,0.02032262405306806
2019-01-16,Train,0.03811062499880791,0.03578686381378549
2019-01-17,Train,0.030952434986829758,0.02334530313169325
2019-01-18,Train,0.026869116351008415,0.02590014389892215
2019-01-22,Train,0.04369736462831497,0.05613187724373159
2019-01-23,Train,0.04692705720663071,0.05161893734834133
2019-01-24,Train,0.03583528473973274,0.03082107152791247
2019-01-25,Train,0.03055916354060173,0.02064791878979277
2019-01-28,Train,0.037404220551252365,0.03243205975315955
2019-01-29,Train,0.048331428319215775,0.05768392426155855
2019-01-30,Train,0.02477199025452137,0.0321704615323406
2019-01-31,Train,0.016181476414203644,0.01819694036604758
2019-02-01,Train,0.019795801490545273,0.02681400761417696
2019-02-04,Train,0.013842055574059486,0.01622131787767001
2019-02-05,Train,0.008868351578712463,0.007133258664624442
2019-02-06,Train,0.009473836049437523,0.006450802352602425
2019-02-07,Train,0.018950624391436577,0.02770019485500441
2019-02-08,Train,0.025366652756929398,0.02942576403480923
2019-02-11,Train,0.028546418994665146,0.03147270334828955
2019-02-12,Train,0.018476739525794983,0.01579961939192187
2019-02-13,Train,0.016330517828464508,0.01274783933452017
2019-02-14,Train,0.019515875726938248,0.01851418144109918
2019-02-15,Train,0.018273193389177322,0.01442361109878543
2019-02-19,Train,0.011520741507411003,0.01317624964328545
2019-02-20,Train,0.011905970051884651,0.007605210790094352
2019-02-21,Train,0.009474469348788261,-0.001107111332082855
2019-02-22,Train,0.008375146426260471,-0.009948529277432061
2019-02-25,Train,0.008136864751577377,0.006973210150330589
2019-02-26,Train,0.01284752693027258,0.01145656608017687
2019-02-27,Train,0.01642034389078617,0.01970158558151214
2019-02-28,Train,0.02958352491259575,0.02032452348773317
2019-03-01,Train,0.02539277821779251,0.02270776264537466
2019-03-04,Train,0.030135923996567726,0.02310514173606038
2019-03-05,Train,0.030425777658820152,0.02578057818002821
2019-03-06,Train,0.029462676495313644,0.03572249962811314
2019-03-07,Train,0.040593817830085754,0.06498288003491992
2019-03-08,Train,0.03728406876325607,0.04317345018812513
2019-03-11,Train,0.026435814797878265,0.01997370559435097
2019-03-12,Train,0.02039298042654991,0.01912459766441255
2019-03-13,Train,0.012487707659602165,0.005027961229692401
2019-03-14,Train,0.016654836013913155,0.00905433073361439
2019-03-15,Train,0.013348568230867386,0.007345093993624152
2019-03-18,Train,0.01350233145058155,0.02011765984468949
2019-03-19,Train,0.01916869543492794,0.02055287692297592
2019-03-20,Train,0.021608993411064148,0.02236317531878917
2019-03-21,Train,0.00865193735808134,0.006244176720790584
2019-03-22,Train,0.029481524601578712,0.03416222102889499
2019-03-25,Train,0.038045067340135574,0.03877232417674725
2019-03-26,Train,0.03021075762808323,0.03032668295577534
2019-03-27,Train,0.03443634510040283,0.04255203813342212
2019-03-28,Train,0.03422556445002556,0.03768718138473925
2019-03-29,Train,0.02997828647494316,0.03434263633072931
2019-04-01,Train,0.02676212415099144,0.02098444004123001
2019-04-02,Train,0.024916771799325943,0.02063155672636374
2019-04-03,Train,0.02427528239786625,0.01833711578828856
2019-04-04,Train,0.02778719924390316,0.02003153089811227
2019-04-05,Train,0.024753790348768234,0.01765403683626632
2019-04-08,Train,0.028104746714234352,0.02798029784021328
2019-04-09,Train,0.023646995425224304,0.02835001684438665
2019-04-10,Train,0.018506450578570366,0.02701242504912815
2019-04-11,Train,0.02416132017970085,0.03037342676465671
2019-04-12,Train,0.02229287475347519,0.02792876494789409
2019-04-15,Train,0.01718924008309841,0.01979980987676955
2019-04-16,Train,0.009177515283226967,0.01302945134467159
2019-04-17,Train,0.006765769328922033,0.005129611248601895
2019-04-18,Train,0.009131458587944508,0.01985165287805968
2019-04-22,Train,-0.008861173875629902,0.0107492778423981
2019-04-23,Train,-0.022143365815281868,-0.02138611800557977
2019-04-24,Train,-0.02346242032945156,-0.02076855359216145
2019-04-25,Train,-0.028120238333940506,-0.02997685627442814
2019-04-26,Train,-0.03199657052755356,-0.02963542657941076
2019-04-29,Train,-0.038698434829711914,-0.06512408210222043
2019-04-30,Train,-0.038659971207380295,-0.04748338249866579
2019-05-01,Train,-0.03262221813201904,-0.03091090120303197
2019-05-02,Train,-0.028576107695698738,-0.01690504451784747
2019-05-03,Train,-0.038300205022096634,-0.04222702788156252
2019-05-06,Train,-0.042379096150398254,-0.05259558473600545
2019-05-07,Train,-0.024981966242194176,-0.02367914267630988
2019-05-08,Train,-0.026118047535419464,-0.02556925171317415
2019-05-09,Train,-0.029798250645399094,-0.03528713601611744
2019-05-10,Train,-0.039980340749025345,-0.03697295317778715
2019-05-13,Train,-0.007859418168663979,-0.006103686452651136
2019-05-14,Train,-0.018465550616383553,-0.02498058421708349
2019-05-15,Train,-0.039969805628061295,-0.03451850014659574
2019-05-16,Train,-0.051826104521751404,-0.05937379636838658
2019-05-17,Train,-0.049263425171375275,-0.07058565692115404
2019-05-20,Train,-0.04193480685353279,-0.02800774310422705
2019-05-21,Train,-0.024078864604234695,-0.03090796381561534
2019-05-22,Train,-0.013300551101565361,-0.01883771727779227
2019-05-23,Train,0.026425406336784363,0.01565213624758943
2019-05-24,Train,0.022427203133702278,0.02800847626742753
2019-05-28,Train,0.03105717897415161,0.03329758420424378
2019-05-29,Train,0.03797483071684837,0.03584614896524041
2019-05-30,Train,0.039668358862400055,0.03761947013495881
2019-05-31,Train,0.0488155372440815,0.04995689907365675
2019-06-03,Train,0.07098230719566345,0.08006119660769095
2019-06-04,Train,0.05294729024171829,0.06574809764577938
2019-06-05,Train,0.05210467055439949,0.06185797333396614
2019-06-06,Train,0.05293744429945946,0.0632847556699403
2019-06-07,Train,0.03135674074292183,0.0415930972013725
2019-06-10,Train,0.02068375051021576,0.02735468158659415
2019-06-11,Train,0.017449432983994484,0.008342414559514344
2019-06-12,Train,0.021743858233094215,0.01892068124126234
2019-06-13,Train,0.019933482632040977,0.0167920720848429
2019-06-14,Train,0.02666701376438141,0.02244856612580559
2019-06-17,Train,0.027934778481721878,0.03004239059891201
2019-06-18,Train,0.01922503300011158,0.0193122191620787
2019-06-19,Train,0.015230370685458183,0.02314147729640448
2019-06-20,Train,0.011593423783779144,0.01164944070500207
2019-06-21,Train,0.012360502034425735,0.006045496873150036
2019-06-24,Train,0.014730158261954784,0.01328656436725728
2019-06-25,Train,0.026169074699282646,0.04125888273942357
2019-06-26,Train,0.027737952768802643,0.03568547888691564
2019-06-27,Train,0.027775781229138374,0.03769436342786525
2019-06-28,Train,0.030927222222089767,0.03968077640220247
2019-07-01,Train,0.018391387537121773,0.0205537329734411
2019-07-02,Train,0.006814375054091215,0.01152572235523874
2019-07-03,Train,0.00940658524632454,0.005119074984545113
2019-07-05,Train,0.008703920990228653,-0.0002094139978162657
2019-07-08,Train,0.010276987217366695,0.01486475128158626
2019-07-09,Train,0.008578923530876637,0.01641660318841942
2019-07-10,Train,0.00833340734243393,0.01345033428920006
2019-07-11,Train,0.0037105923984199762,0.004573354595086565
2019-07-12,Train,0.003418104024603963,0.009094168955392945
2019-07-15,Train,-0.0029498490039259195,0.002420815016629385
2019-07-16,Train,-0.0018859312403947115,0.003261739076989789
2019-07-17,Train,-0.013005961664021015,-0.005723157451572591
2019-07-18,Train,-0.018695585429668427,-0.01179713280356576
2019-07-19,Train,-0.022929081693291664,-0.0191612402941006
2019-07-22,Train,-0.03409409895539284,-0.0612891659823076
2019-07-23,Train,-0.03865271061658859,-0.05433716468398464
2019-07-24,Train,-0.03799603506922722,-0.05585444139068829
2019-07-25,Train,-0.03656097874045372,-0.02607350473539505
2019-07-26,Train,-0.04117496684193611,-0.04506113009116286
2019-07-29,Train,-0.042484622448682785,-0.05276944441134102
2019-07-30,Train,-0.03818877786397934,-0.02781504501807386
2019-07-31,Train,-0.034957535564899445,-0.04364213150344975
2019-08-01,Train,-0.022537704557180405,-0.03996839909899719
2019-08-02,Train,-0.004174268804490566,-0.009981373445717034
2019-08-05,Train,0.031736064702272415,0.04260497499181248
2019-08-06,Train,0.02320830151438713,0.02024449866350286
2019-08-07,Train,0.013319225050508976,0.02377207534769332
2019-08-08,Train,-0.0073254830203950405,-0.00127478084233279
2019-08-09,Train,-0.004226114600896835,-0.02370099221809141
2019-08-12,Train,0.0025857954751700163,0.002549504774299827
2019-08-13,Train,-0.009856687858700752,-0.02102025970962862
2019-08-14,Train,0.008297644555568695,0.01274897078729964
2019-08-15,Train,0.02803259715437889,0.02941657095269923
2019-08-16,Train,0.006583433598279953,0.01072894942313507
2019-08-19,Train,-0.001900340081192553,-0.01475348345462302
2019-08-20,Train,0.009186041541397572,0.007273897424572295
2019-08-21,Train,0.017600351944565773,0.01669932574322597
2019-08-22,Train,0.018386254087090492,0.01898729914002328
2019-08-23,Train,0.042873818427324295,0.0500905956517439
2019-08-26,Train,0.030011998489499092,0.03149005429493368
2019-08-27,Train,0.039603158831596375,0.04337689268395506
2019-08-28,Train,0.03858404606580734,0.04397860257551933
2019-08-29,Train,0.022211503237485886,0.02458490401343028
2019-08-30,Train,0.021282657980918884,0.02245688071512753
2019-09-03,Train,0.03618963062763214,0.03743610253446317
2019-09-04,Train,0.014480090700089931,0.02224819413087986
2019-09-05,Train,0.0007211650954559445,0.005527153849936184
2019-09-06,Train,-0.004483402706682682,-0.004123353521754747
2019-09-09,Train,0.0005548193003050983,-0.003608988088264264
2019-09-10,Train,-0.002414684509858489,-0.01400544574849749
2019-09-11,Train,-0.009585327468812466,-0.01221218590745354
2019-09-12,Train,-0.023505911231040955,-0.01992439543472946
2019-09-13,Train,-0.02440250851213932,-0.02861740261228507
2019-09-16,Train,-0.02335059642791748,-0.01497284655077158
2019-09-17,Train,-0.02579549327492714,-0.02767394424790415
2019-09-18,Train,-0.02821320667862892,-0.04399543441062925
2019-09-19,Train,-0.022058099508285522,-0.03510676800579082
2019-09-20,Train,-0.01686755008995533,-0.0104297980153818
2019-09-23,Train,-0.013411352410912514,-0.01186348822486061
2019-09-24,Train,-0.0056775836274027824,-0.01356601072084773
2019-09-25,Train,-0.004227521363645792,-0.01499371883449763
2019-09-26,Train,0.00044857998727820814,-0.00369633640818845
2019-09-27,Train,0.01447895634919405,0.02181469206910092
2019-09-30,Train,0.015704302117228508,0.01207562527820771
2019-10-01,Train,0.021769803017377853,0.0333742716794454
2019-10-02,Train,0.03961041569709778,0.04884536857001232
2019-10-03,Train,0.03430476412177086,0.04019990021554354
2019-10-04,Train,0.025230733677744865,0.01525345543166345
2019-10-07,Train,0.031119491904973984,0.02735865781023583
2019-10-08,Train,0.03781197965145111,0.03467807139503698
2019-10-09,Train,0.036640893667936325,0.0266517417456209
2019-10-10,Train,0.027319148182868958,0.02867290583059146
2019-10-11,Train,0.027369225397706032,0.0237036197207332
2019-10-14,Train,0.024565720930695534,0.03391078083894028
2019-10-15,Train,0.018115652725100517,0.01302185282160262
2019-10-16,Train,0.02032097615301609,0.02046214434527238
2019-10-17,Train,0.023274188861250877,0.0182381747540088
2019-10-18,Train,0.03040120378136635,0.03745627098093429
2019-10-21,Train,0.03102629818022251,0.03469676164767788
2019-10-22,Train,0.029267791658639908,0.04357571198533505
2019-10-23,Train,0.030070887878537178,0.03922585182733163
2019-10-24,Train,0.027807902544736862,0.03266524013351702
2019-10-25,Train,0.027428433299064636,0.02857287035028677
2019-10-28,Train,0.01823505572974682,0.01715847175166285
2019-10-29,Train,0.028994513675570488,0.02805549983860889
2019-10-30,Train,0.025487162172794342,0.0233513920323547
2019-10-31,Train,0.024135582149028778,0.02207220826218359
2019-11-01,Train,0.017971057444810867,0.02031482196467715
2019-11-04,Train,0.020090242847800255,0.0148425843583766
2019-11-05,Train,0.018173541873693466,0.0157833689493676
2019-11-06,Train,0.017080677673220634,0.01196435450225564
2019-11-07,Train,0.016565272584557533,0.006336398337924098
2019-11-08,Train,0.011404691264033318,0.00298169316828889
2019-11-11,Train,0.017014754936099052,0.01622210588138362
2019-11-12,Train,0.018514402210712433,0.01523274499597793
2019-11-13,Train,0.012999455444514751,0.0220744929266401
2019-11-14,Train,0.008222104981541634,0.01821979626262293
2019-11-15,Train,0.0041403258219361305,0.0004435283439276905
2019-11-18,Train,-0.0020382050424814224,-0.008174538839992418
2019-11-19,Train,0.004630469251424074,-0.00462212943883189
2019-11-20,Train,0.007786732167005539,0.003363878086083627
2019-11-21,Train,0.012074529193341732,0.01636094745506922
2019-11-22,Train,0.018034882843494415,0.01109847630601069
2019-11-25,Train,0.006906042341142893,-0.001566973471285538
2019-11-26,Train,0.008843724615871906,0.001808294394622934
2019-11-27,Train,0.006500493735074997,0.002281116462911292
2019-11-29,Train,0.016439516097307205,0.01019013298729887
2019-12-02,Train,0.02483440190553665,0.03088672055399466
2019-12-03,Train,0.029950622469186783,0.03962065231340994
2019-12-04,Train,0.03363395109772682,0.03517270480457024
2019-12-05,Train,0.02909620851278305,0.03958979789383132
2019-12-06,Train,0.031233249232172966,0.03273174006764479
2019-12-09,Train,0.03342999517917633,0.03792811268967111
2019-12-10,Train,0.03482673689723015,0.03933302850677145
2019-12-11,Train,0.033909592777490616,0.04297979189298085
2019-12-12,Train,0.03072880581021309,0.03438093212132931
2019-12-13,Train,0.025596588850021362,0.02422898891504488
2019-12-16,Train,0.02176740951836109,0.0159602249233104
2019-12-17,Train,0.02623354271054268,0.03233203253352523
2019-12-18,Train,0.025351913645863533,0.02209491556475829
2019-12-19,Train,0.01953580603003502,0.02228965633423918
2019-12-20,Train,0.02056165598332882,0.01804351208864929
2019-12-23,Train,0.026503806933760643,0.02521125725622753
2019-12-24,Train,0.028594085946679115,0.03336168075361368
2019-12-26,Train,0.027445251122117043,0.02170353868451813
2019-12-27,Train,0.03152363747358322,0.03436166994484302
2019-12-30,Train,0.0324268564581871,0.03708588128833612
2019-12-31,Train,0.034743912518024445,0.03555805247585164
2020-01-02,Train,0.028292369097471237,0.0283123381453767
2020-01-03,Train,0.03583487495779991,0.04295458269511632
2020-01-06,Train,0.024267146363854408,0.03581370063155931
2020-01-07,Train,0.02660834603011608,0.03869529246567116
2020-01-08,Train,0.024140169844031334,0.03426204306021252
2020-01-09,Train,0.016087524592876434,0.01694137340525304
2020-01-10,Train,0.010750544257462025,-0.001510720062859794
2020-01-13,Train,0.006857149302959442,0.002262955451034054
2020-01-14,Train,0.01002821046859026,0.007860758420327185
2020-01-15,Train,0.009420542977750301,0.01103696214188843
2020-01-16,Train,-0.0006415772950276732,-0.01444120691338202
2020-01-17,Train,0.0032393361907452345,-0.00447667641750038
2020-01-21,Train,0.013080745935440063,0.01876568642204224
2020-01-22,Train,0.02049550600349903,0.01943094741766793
2020-01-23,Train,0.017267491668462753,0.02493435235241082
2020-01-24,Train,0.02053898759186268,0.02918724781801707
2020-01-27,Train,0.05871914327144623,0.06359465717118984
2020-01-28,Train,0.05338938161730766,0.04768569746723395
2020-01-29,Train,0.05686472728848457,0.05617423403368349
2020-01-30,Train,0.04990405589342117,0.05107814378001452
2020-01-31,Train,0.06177157536149025,0.07107313436287255
2020-02-03,Train,0.042746156454086304,0.0555355273565834
2020-02-04,Train,0.024327101185917854,0.04180768653361389
2020-02-05,Train,0.01309932116419077,0.0287441833472335
2020-02-06,Train,-0.020941022783517838,0.0003475469403804166
2020-02-07,Train,-0.027598876506090164,-0.0340750334318608
2020-02-10,Train,-0.06782441586256027,-0.07156100364771689
2020-02-11,Train,-0.061575278639793396,-0.0669367662902095
2020-02-12,Train,-0.09476917237043381,-0.1222094350991483
2020-02-13,Train,-0.10419294983148575,-0.1204000428344344
2020-02-14,Train,-0.0875517949461937,-0.07765087482141775
2020-02-18,Train,-0.10121464729309082,-0.1075704019920348
2020-02-19,Train,-0.09901898354291916,-0.07916277679574568
2020-02-20,Train,-0.09528454393148422,-0.09877333061580695
2020-02-21,Train,-0.08396482467651367,-0.09662569847210001
2020-02-24,Train,-0.10045293718576431,-0.1256605634496897
2020-02-25,Train,-0.0677623599767685,-0.05228209482341828
2020-02-26,Train,-0.09470827877521515,-0.09820766318562613
2020-02-27,Train,-0.10374826937913895,-0.1377163594120068
2020-02-28,Train,-0.0877772718667984,-0.06540333583222568
2020-03-02,Train,-0.1894664168357849,-0.2177247736616462
2020-03-03,Train,-0.15739087760448456,-0.1305136380346813
2020-03-04,Train,-0.1932969093322754,-0.1907249330234121
2020-03-05,Train,-0.1772005707025528,-0.1603572629284328
2020-03-06,Train,-0.15310589969158173,-0.1794058578872908
2020-03-09,Train,-0.09668745845556259,-0.1193883336050281
2020-03-10,Train,-0.10285153985023499,-0.1001910581896547
2020-03-11,Train,-0.06699693202972412,-0.06618173388052995
2020-03-12,Train,0.08254256844520569,0.08222414826324154
2020-03-13,Train,-0.040286701172590256,-0.03660181667969564
2020-03-16,Train,0.10882583260536194,0.1343177189868272
2020-03-17,Train,0.04614508897066116,0.04534970096911817
2020-03-18,Train,0.06096851825714111,0.03233290632918306
2020-03-19,Train,0.06428270787000656,0.04699983492405724
2020-03-20,Train,0.09905511885881424,0.07422377501733046
2020-03-23,Train,0.11058560013771057,0.1526457115383599
2020-03-24,Train,0.06958451122045517,0.06936725460276882
2020-03-25,Train,0.09518296271562576,0.1002194402995913
2020-03-26,Train,0.05493678152561188,0.04669102135928394
2020-03-27,Train,0.10011181235313416,0.09568265210760263
2020-03-30,Train,0.10411983728408813,0.1032077068170256
2020-03-31,Train,0.10405431687831879,0.09994747578428487
2020-04-01,Train,0.15222115814685822,0.1697109475933281
2020-04-02,Train,0.14526322484016418,0.1574108899735536
2020-04-03,Train,0.1538521647453308,0.1601680272566233
2020-04-06,Train,0.06322602927684784,0.04280335833156079
2020-04-07,Train,0.06526552140712738,0.07418537564669214
2020-04-08,Train,0.06134587153792381,0.04960859841899556
2020-04-09,Train,0.05980763956904411,0.06462210339588204
2020-04-13,Train,0.060682568699121475,0.06171501184373041
2020-04-14,Train,0.020306982100009918,-0.001699238220119081
2020-04-15,Train,0.036015577614307404,0.04569549567350695
2020-04-16,Train,0.024152375757694244,0.02654163499230666
2020-04-17,Train,0.0009512855322100222,-0.01184443249798273
2020-04-20,Train,0.011210228316485882,0.01165740182148656
2020-04-21,Train,0.04644088074564934,0.06232614725219299
2020-04-22,Train,0.04121600463986397,0.03806227773064474
2020-04-23,Train,0.04566817358136177,0.05367662370523729
2020-04-24,Train,0.04274599999189377,0.0515338779516632
2020-04-27,Train,0.048989132046699524,0.05246797961908234
2020-04-28,Train,0.052582036703825,0.05021274287086297
2020-04-29,Train,0.018629567697644234,0.001552494693564554
2020-04-30,Train,0.019216524437069893,0.01333880645058305
2020-05-01,Train,0.04720335453748703,0.04949703162264529
2020-05-04,Train,0.045826513320207596,0.05673260563992399
2020-05-05,Train,0.04301293194293976,0.04226774232037633
2020-05-06,Train,0.04292580485343933,0.05657533967876005
2020-05-07,Train,0.03404510021209717,0.03178247029207015
2020-05-08,Train,0.029166329652071,0.02134662918584396
2020-05-11,Train,0.025404172018170357,0.009564941224706303
2020-05-12,Train,0.03766414895653725,0.03678191224808436
2020-05-13,Train,0.04227088391780853,0.04855479772538707
2020-05-14,Train,0.04259868338704109,0.05197673301232753
2020-05-15,Train,0.04623384773731232,0.04832710655106887
2020-05-18,Train,0.03511933982372284,0.0360551047403892
2020-05-19,Train,0.04185625910758972,0.04333069648509102
2020-05-20,Train,0.030949437990784645,0.01573101430161161
2020-05-21,Train,0.04835336282849312,0.04727577906697045
2020-05-22,Train,0.04174512252211571,0.05177218148590534
2020-05-26,Train,0.045897290110588074,0.06225991173432499
2020-05-27,Train,0.04839989170432091,0.06917368708581906
2020-05-28,Train,0.03401290252804756,0.01752249525215421
2020-05-29,Train,0.02606734074652195,0.01079878413554125
2020-06-01,Train,0.027784986421465874,0.02003760783699127
2020-06-02,Train,0.022112488746643066,0.03064126414755153
2020-06-03,Train,0.014630395919084549,0.02927877225189013
2020-06-04,Train,0.03652701899409294,0.03935667807532162
2020-06-05,Train,0.014624327421188354,0.01898286539034966
2020-06-08,Train,0.024931007996201515,0.02148624456980097
2020-06-09,Train,0.012502823024988174,0.02277021461834616
2020-06-10,Train,0.011424122378230095,-0.01019411296560779
2020-06-11,Train,0.05050457641482353,0.05132037555581426
2020-06-12,Train,0.02975933440029621,0.01839917012061609
2020-06-15,Train,0.02877582423388958,0.01713087471367802
2020-06-16,Train,0.02157018892467022,0.01955939831426345
2020-06-17,Train,0.028135519474744797,0.02819969835674585
2020-06-18,Train,0.028008989989757538,0.03238088955967267
2020-06-19,Train,0.050626832991838455,0.05793485439333357
2020-06-22,Train,0.03585897758603096,0.04000153861823552
2020-06-23,Train,0.04937654361128807,0.04480788482790454
2020-06-24,Train,0.06712845712900162,0.07578673609245401
2020-06-25,Train,0.06444548070430756,0.07291794712196653
2020-06-26,Train,0.06984374672174454,0.07626345529566114
2020-06-29,Train,0.06697791814804077,0.07218744458760984
2020-06-30,Train,0.054439231753349304,0.05371561981064055
2020-07-01,Train,0.023564640432596207,0.03445243097437256
2020-07-02,Train,0.033713266253471375,0.02866890406572686
2020-07-06,Train,0.021071553230285645,0.03247023358187695
2020-07-07,Train,0.030275246128439903,0.02879862464554139
2020-07-08,Train,0.013503625988960266,0.01900074090142057
2020-07-09,Train,0.00047441868809983134,-0.01590503862479298
2020-07-10,Train,-0.021214241161942482,-0.03185969475022976
2020-07-13,Train,0.003235999494791031,0.006111187901469695
2020-07-14,Train,-0.014749649912118912,-0.01367284105448274
2020-07-15,Train,0.001561018405482173,-0.004331180181095906
2020-07-16,Train,0.012707437388598919,0.007757061606596505
2020-07-17,Train,0.015912258997559547,0.02455475594585144
2020-07-20,Train,0.012835023924708366,0.009745880933399897
2020-07-21,Train,0.02510625496506691,0.02416668516216847
2020-07-22,Train,0.026671279221773148,0.02310042383414501
2020-07-23,Train,0.04711892455816269,0.06445488257575405
2020-07-24,Train,0.05281151086091995,0.06225545396032328
2020-07-27,Train,0.03463912010192871,0.03917423740076398
2020-07-28,Train,0.041356410831213,0.03263114739487705
2020-07-29,Train,0.04347855970263481,0.04654115890675237
2020-07-30,Train,0.04494817927479744,0.04346496339480099
2020-07-31,Train,0.037603721022605896,0.02396627003422847
2020-08-03,Train,0.03101450763642788,0.02205064345436591
2020-08-04,Train,0.030142050236463547,0.02807158887795813
2020-08-05,Train,0.019105371087789536,0.01863131724028766
2020-08-06,Train,0.018872566521167755,0.0192614977614074
2020-08-07,Train,0.03558166325092316,0.03830991951125107
2020-08-10,Train,0.04597075283527374,0.04927678385750944
2020-08-11,Train,0.07862842082977295,0.07794405037845764
2020-08-12,Train,0.057896971702575684,0.07393514009618896
2020-08-13,Train,0.06682843714952469,0.06815170308978136
2020-08-14,Train,0.07766962051391602,0.07484566006428017
2020-08-17,Train,0.07559040188789368,0.07104459188670509
2020-08-18,Train,0.05993432179093361,0.07896539954181359
2020-08-19,Train,0.06415390968322754,0.09655922880390655
2020-08-20,Train,0.04667579010128975,0.02672100590161341
2020-08-21,Train,0.004732342902570963,0.00606659624898076
2020-08-24,Train,-0.03577887639403343,-0.04823182470216225
2020-08-25,Train,-0.025864990428090096,-0.02791569606685551
2020-08-26,Train,-0.055186789482831955,-0.06720097167904693
2020-08-27,Train,-0.07134106010198593,-0.07077813588705861
2020-08-28,Train,-0.07184113562107086,-0.05937850883557594
2020-08-31,Train,-0.06915191560983658,-0.05364896589209478
2020-09-01,Train,-0.08632015436887741,-0.08438926027945892
2020-09-02,Train,-0.09153702110052109,-0.1071475802452212
2020-09-03,Train,-0.06473896652460098,-0.07146587899935986
2020-09-04,Train,-0.046966951340436935,-0.05666823318840053
2020-09-08,Train,0.0022867717780172825,0.009372100999782695
2020-09-09,Train,-0.03702224791049957,-0.04937383395573613
2020-09-10,Train,-0.008919226005673409,-0.02551950423334193
2020-09-11,Train,0.003736819140613079,0.004104216311562991
2020-09-14,Train,-0.002762025687843561,0.007413899250513722
2020-09-15,Train,-0.00490731792524457,-0.01114450433158021
2020-09-16,Train,0.012329399585723877,0.0117621760264579
2020-09-17,Train,0.03853693976998329,0.04413285125977584
2020-09-18,Train,0.04162534326314926,0.02787875211725921
2020-09-21,Train,0.04753117263317108,0.04728792730996312
2020-09-22,Train,0.025487538427114487,0.009835556986658167
2020-09-23,Train,0.05435185879468918,0.05966084777082248
2020-09-24,Train,0.057713884860277176,0.0603639478858824
2020-09-25,Train,0.049268901348114014,0.05210632649763247
2020-09-28,Train,0.042821548879146576,0.06251798632433836
2020-09-29,Train,0.053335994482040405,0.0672947127565573
2020-09-30,Train,0.038082778453826904,0.05118054062817401
2020-10-01,Train,0.0248146653175354,0.02781224483087907
2020-10-02,Train,0.04144399240612984,0.0517662948248836
2020-10-05,Train,0.021153289824724197,0.01299251885807884
2020-10-06,Train,0.033295970410108566,0.03361680432072833
2020-10-07,Train,0.009140065871179104,0.01525431840826297
2020-10-08,Train,0.012017088942229748,0.009843249982675939
2020-10-09,Train,-0.013841470703482628,-0.003395055299827088
2020-10-12,Train,-0.048797547817230225,-0.04773706453287108
2020-10-13,Train,-0.05075396969914436,-0.04026886389368955
2020-10-14,Train,-0.052139438688755035,-0.0699170823832509
2020-10-15,Train,-0.041668497025966644,-0.0472595352176105
2020-10-16,Train,-0.044394202530384064,-0.06630620857263503
2020-10-19,Train,-0.03878370299935341,-0.04869618534558307
2020-10-20,Train,-0.01518955361098051,-0.03431668942707189
2020-10-21,Train,0.0003039463481400162,0.00957106582686329
2020-10-22,Train,0.014152998104691505,0.03592801124569234
2020-10-23,Train,0.017665833234786987,0.03466318555768488
2020-10-26,Train,0.036027051508426666,0.02895138546670384
2020-10-27,Train,0.02045903168618679,0.002688777173206036
2020-10-28,Train,0.06335370987653732,0.06670591275235638
2020-10-29,Train,0.038949139416217804,0.04345301426074788
2020-10-30,Train,0.06393570452928543,0.07999846834342272
2020-11-02,Train,0.07549796253442764,0.08600637186387483
2020-11-03,Train,0.0678294375538826,0.06415436194704038
2020-11-04,Train,0.008931497111916542,0.01115325937962663
2020-11-05,Train,-0.005379000212997198,-0.006827710403239595
2020-11-06,Train,-0.0005522615392692387,-0.01435789918560393
2020-11-09,Train,0.008667433634400368,0.006237285884432842
2020-11-10,Train,0.03690049797296524,0.03898802931849499
2020-11-11,Train,0.01973562501370907,0.02250134177916974
2020-11-12,Train,0.03408074751496315,0.03678923749543794
2020-11-13,Train,0.0251572597771883,0.02986973725699915
2020-11-16,Train,0.029447343200445175,0.0349931064832365
2020-11-17,Train,0.03645459935069084,0.03962095844641111
2020-11-18,Train,0.0447286032140255,0.0488435908559397
2020-11-19,Train,0.03832653909921646,0.04494145944120209
2020-11-20,Train,0.04795527830719948,0.05809626983096039
2020-11-23,Train,0.05196226015686989,0.06164121696179925
2020-11-24,Train,0.04190494120121002,0.02322816011660245
2020-11-25,Train,0.025812648236751556,0.02106112548968664
2020-11-27,Train,0.02041674219071865,0.009497997542345482
2020-11-30,Train,0.020551111549139023,0.01475206428064202
2020-12-01,Train,0.015322781167924404,0.01262115994757318
2020-12-02,Train,0.01578943431377411,0.01688334632142419
2020-12-03,Train,0.017573894932866096,0.02208492588294431
2020-12-04,Train,0.014397064223885536,0.014859939474267
2020-12-07,Train,0.011283686384558678,0.005435356965775018
2020-12-08,Train,0.017444828525185585,0.004768241525702654
2020-12-09,Train,0.017831340432167053,0.02286686370935187
2020-12-10,Train,0.016156718134880066,0.02327121777266661
2020-12-11,Train,0.025880729779601097,0.03587870251210679
2020-12-14,Train,0.01783844642341137,0.0293381879340342
2020-12-15,Train,0.012476700358092785,0.01848414370085494
2020-12-16,Train,0.014880434609949589,0.0154054601553415
2020-12-17,Train,0.00527897709980607,-0.005434091451467005
2020-12-18,Train,0.010854878462851048,0.005805288676842713
2020-12-21,Train,0.011669115163385868,-0.004467191579788365
2020-12-22,Train,0.021501820534467697,0.01685175960787433
2020-12-23,Train,0.02482137642800808,0.03513947483230684
2020-12-24,Train,0.016510259360074997,0.0156997541913364
2020-12-28,Train,0.010556620545685291,0.003965782208645852
2020-12-29,Train,0.015147565864026546,0.00984156816826176
2020-12-30,Train,0.01047344971448183,0.0044093838943986
2020-12-31,Train,0.010681809857487679,-0.005992238609455192
2021-01-04,Train,0.023292578756809235,0.02295433758868604
2021-01-05,Train,0.026620881631970406,0.03819022709400532
2021-01-06,Train,0.043646376579999924,0.06119521455333388
2021-01-07,Train,0.021143333986401558,0.03314496817977264
2021-01-08,Train,0.028837742283940315,0.02846123125414013
2021-01-11,Train,0.025249045342206955,0.04506705141214895
2021-01-12,Train,0.02309606224298477,0.01755217575293355
2021-01-13,Train,0.020855892449617386,0.01670674166731767
2021-01-14,Train,0.0231619905680418,0.0006680179767801775
2021-01-15,Train,0.03202469274401665,0.03386143965942745
2021-01-19,Train,0.03525710105895996,0.03561830815471612
2021-01-20,Train,0.01750667206943035,0.008061327354927927
2021-01-21,Train,0.01401586178690195,0.01188872734699031
2021-01-22,Train,0.012120546773076057,0.01825324712288223
2021-01-25,Train,0.004709105007350445,0.01667124276892129
2021-01-26,Train,0.012075693346560001,0.01497310777128802
2021-01-27,Train,0.034107599407434464,0.04169930072201589
2021-01-28,Train,0.03160005435347557,0.04126720697683561
2021-01-29,Train,0.045190583914518356,0.06958931465645124
2021-02-01,Train,0.026048526167869568,0.04069224790888537
2021-02-02,Train,0.017532099038362503,0.01907348675445064
2021-02-03,Train,0.023151079192757607,0.01865922007102494
2021-02-04,Train,-0.0073684100061655045,0.002361914978084023
2021-02-05,Train,-0.024240583181381226,-0.02691931224191846
2021-02-08,Train,-0.029405759647488594,-0.03627308613526847
2021-02-09,Train,-0.037077389657497406,-0.02812510751747543
2021-02-10,Train,-0.04780624061822891,-0.05986480368966007
2021-02-11,Train,-0.04996824637055397,-0.06109143626082758
2021-02-12,Train,-0.05137256160378456,-0.0382226642964939
2021-02-16,Train,-0.05400706082582474,-0.05108188058635876
2021-02-17,Train,-0.06707698106765747,-0.07417719149810398
2021-02-18,Train,-0.06809791922569275,-0.08533099230915175
2021-02-19,Train,-0.06725747883319855,-0.06748836045960938
2021-02-22,Train,-0.04755420982837677,-0.06978042373662585
2021-02-23,Train,-0.03738301619887352,-0.03020412355612745
2021-02-24,Train,-0.03566356375813484,-0.04087865918118405
2021-02-25,Train,0.01584509015083313,0.01665448389313129
2021-02-26,Train,0.009466036222875118,0.004201874148754392
2021-03-01,Train,-0.013291665352880955,-0.01471000284154222
2021-03-02,Train,-0.002282830886542797,0.006846710796388988
2021-03-03,Train,0.030940797179937363,0.04120840368568168
2021-03-04,Train,0.040075261145830154,0.0261098397962658
2021-03-05,Train,0.035232629626989365,0.0144486914554931
2021-03-08,Train,0.06017197668552399,0.06224572500563164
2021-03-09,Train,0.015149463899433613,0.01748087500106443
2021-03-10,Train,0.016452865675091743,0.003184477029161803
2021-03-11,Train,-0.011291667819023132,-0.02109804361833456
2021-03-12,Train,0.002105430467054248,0.001711813096903603
2021-03-15,Train,-0.010967797599732876,-0.009158432497359925
2021-03-16,Train,-0.014206518419086933,-0.01952704320372711
2021-03-17,Train,-0.0019633788615465164,-0.00860512291454918
2021-03-18,Train,0.034809764474630356,0.04015510330782801
2021-03-19,Train,0.051927097141742706,0.0571947764792653
2021-03-22,Train,0.030777236446738243,0.03832278501624287
2021-03-23,Train,0.0650629922747612,0.04539434411787191
2021-03-24,Train,0.07383140921592712,0.0744220085884082
2021-03-25,Train,0.06891269981861115,0.08280602541095994
2021-03-26,Train,0.06835394352674484,0.06541143489789358
2021-03-29,Train,0.07608798891305923,0.07815517759866242
2021-03-30,Train,0.06998806446790695,0.07059685010288708
2021-03-31,Train,0.06556941568851471,0.07044145058376716
2021-04-01,Train,0.04597793519496918,0.05373263717489807
2021-04-05,Train,0.016514364629983902,0.02365206880702408
2021-04-06,Train,0.019723158329725266,0.01689739500069654
2021-04-07,Train,0.01933073066174984,0.02312892328770455
2021-04-08,Train,0.00857369415462017,0.0003581999509831846
2021-04-09,Train,0.0033314418978989124,0.006852446312923144
2021-04-12,Train,0.001480107312090695,0.01473250143242355
2021-04-13,Train,-0.003141053020954132,-0.001321233702193392
2021-04-14,Train,-0.002890327014029026,0.007399453692653157
2021-04-15,Train,-0.01290755532681942,-0.004068921256587088
2021-04-16,Train,-0.018538091331720352,-0.0117540990510917
2021-04-19,Train,-0.010262276977300644,-0.00793792021555384
2021-04-20,Train,-0.0181406419724226,-0.01863793866239916
2021-04-21,Train,-0.030948614701628685,-0.03023964604683183
2021-04-22,Train,-0.022003410384058952,-0.01100836010449535
2021-04-23,Train,-0.033378973603248596,-0.01537917922984977
2021-04-26,Train,-0.037839483469724655,-0.04645375081334346
2021-04-27,Train,-0.04021483659744263,-0.04362780127641808
2021-04-28,Train,-0.038783639669418335,-0.06522119572732299
2021-04-29,Train,-0.03812504559755325,-0.0613720675089513
2021-04-30,Train,-0.03320292755961418,-0.03432047078640887
2021-05-03,Train,-0.027759088203310966,-0.03503970580252447
2021-05-04,Train,-0.017903774976730347,-0.0239898621079554
2021-05-05,Train,-0.014120559208095074,-0.01957269083457036
2021-05-06,Train,-0.013091386295855045,-0.008084290411786155
2021-05-07,Train,-0.019536659121513367,-0.02151406995446836
2021-05-10,Train,0.027441339567303658,0.0207207754102674
2021-05-11,Train,0.02149093523621559,0.02354678220650031
2021-05-12,Train,0.046818677335977554,0.05440370298035835
2021-05-13,Train,0.0386011004447937,0.04239997714096333
2021-05-14,Train,0.023303845897316933,0.02310112959633659
2021-05-17,Train,0.0286252424120903,0.0259239960764861
2021-05-18,Train,0.033185672014951706,0.03491403375762014
2021-05-19,Train,0.03154214471578598,0.02297034547329213
2021-05-20,Train,0.01703263446688652,0.02058820608734901
2021-05-21,Train,0.030932072550058365,0.02932630822146387
2021-05-24,Train,0.017376484349370003,0.01278157010369596
2021-05-25,Train,0.014592251740396023,0.01162265400186113
2021-05-26,Train,0.014658640138804913,0.01861551231498848
2021-05-27,Train,0.026476990431547165,0.02511411087759852
2021-05-28,Train,0.025875167921185493,0.03168333878926566
2021-06-01,Train,0.024976680055260658,0.02836368677863232
2021-06-02,Train,0.02770227938890457,0.02261075514235422
2021-06-03,Train,0.04321201518177986,0.04648483738754727
2021-06-04,Train,0.02461039461195469,0.02094755259667203
2021-06-07,Train,0.02622281387448311,0.0230540080431858
2021-06-08,Train,0.03188197314739227,0.03210000369734267
2021-06-09,Train,0.030826371163129807,0.03235955947924429
2021-06-10,Train,0.030561164021492004,0.02802999375301995
2021-06-11,Train,0.02724045142531395,0.0240886222481056
2021-06-14,Train,0.028380852192640305,0.02670454102541742
2021-06-15,Train,0.032706260681152344,0.03719388799605117
2021-06-16,Train,0.03808995708823204,0.03935363340032083
2021-06-17,Train,0.033158719539642334,0.02672731535358341
2021-06-18,Train,0.03882654011249542,0.04672681766764941
2021-06-21,Train,0.038443438708782196,0.04596938600076506
2021-06-22,Train,0.032608501613140106,0.03849585580130754
2021-06-23,Train,0.029668603092432022,0.03171909785774907
2021-06-24,Train,0.024339962750673294,0.03178140173094302
2021-06-25,Train,0.028850678354501724,0.03708585328664782
2021-06-28,Train,0.01997678168118,0.02462475526016461
2021-06-29,Train,0.01510715950280428,0.02276125330888656
2021-06-30,Train,0.017843829467892647,0.01718250843252278
2021-07-01,Train,0.016008997336030006,0.008545558611014359
2021-07-02,Train,0.007937907241284847,-0.01106959920407868
2021-07-06,Train,0.006881479639559984,-0.003886820530817237
2021-07-07,Train,0.006808829959481955,0.001689944122269749
2021-07-08,Train,0.016085589304566383,0.01443828456109242
2021-07-09,Train,0.016163209453225136,0.01991635203155218
2021-07-12,Train,0.00970804039388895,0.01674845919581358
2021-07-13,Train,0.004968049470335245,0.005545994077525318
2021-07-14,Train,0.007726535201072693,0.007601782555346714
2021-07-15,Train,0.01669108122587204,0.01653173791822748
2021-07-16,Train,0.016687218099832535,0.01949105453506483
2021-07-19,Train,0.024892516434192657,0.02799783545220569
2021-07-20,Train,0.011619419790804386,0.02235287723366941
2021-07-21,Train,0.015587362460792065,0.01598627840006039
2021-07-22,Train,0.014684916473925114,0.01571644739346612
2021-07-23,Train,0.004057229030877352,-0.0004074535825331349
2021-07-26,Train,-0.005688933189958334,0.0006513630174878049
2021-07-27,Train,0.0037790141068398952,0.006613077163090342
2021-07-28,Train,0.003697007894515991,0.001038747223465863
2021-07-29,Train,0.0017842018278315663,0.002865061562683513
2021-07-30,Train,0.014637530781328678,0.01165756895690095
2021-08-02,Train,0.013097490184009075,0.01201317830359261
2021-08-03,Train,-0.001059762784279883,-0.002944267003227252
2021-08-04,Train,-0.0017303216736763716,-0.01396527721989127
2021-08-05,Train,-0.006438810843974352,-0.01544626765831114
2021-08-06,Train,0.00705735431984067,-0.0008693840979574485
2021-08-09,Train,0.0021364502608776093,0.01220405138155911
2021-08-10,Train,0.018036406487226486,0.02052665700160206
2021-08-11,Train,0.021839389577507973,0.02345647726256628
2021-08-12,Train,0.019261278212070465,0.01330507622419685
2021-08-13,Train,0.020282311365008354,0.01957594782637773
2021-08-16,Train,0.022507961839437485,0.03057075842440371
2021-08-17,Train,0.03668556734919548,0.03888114399568576
2021-08-18,Train,0.03527310490608215,0.05071642293298195
2021-08-19,Train,0.032253265380859375,0.04516980664737535
2021-08-20,Train,0.03350205719470978,0.03763629816551783
2021-08-23,Train,0.02442350424826145,0.02379223027046362
2021-08-24,Train,0.024075571447610855,0.01712210846412221
2021-08-25,Train,0.008043870329856873,0.01246001488749782
2021-08-26,Train,0.005936000496149063,0.01119698931262025
2021-08-27,Train,0.003770240116864443,0.0007711361045485976
2021-08-30,Train,-0.00996131170541048,-0.01314889778465467
2021-08-31,Train,-0.009730472229421139,-0.00500072207663782
2021-09-01,Train,-0.01116050686687231,-0.005964551720432754
2021-09-02,Train,-0.01825205236673355,-0.01727131290650497
2021-09-03,Train,-0.034443434327840805,-0.04159130647735321
2021-09-07,Train,-0.03626975789666176,-0.04176805649398052
2021-09-08,Train,-0.028943132609128952,-0.02943954905986412
2021-09-09,Train,-0.02892219088971615,-0.01710277548553929
2021-09-10,Train,-0.020274776965379715,-0.008656655241314426
2021-09-13,Train,-0.02160653844475746,-0.01589025770499342
2021-09-14,Train,-0.0341409407556057,-0.04101160328288
2021-09-15,Train,-0.04011351615190506,-0.04964948980226092
2021-09-16,Train,-0.03665531426668167,-0.05379188029616833
2021-09-17,Train,-0.03878678008913994,-0.03651390842571067
2021-09-20,Train,-0.02293873205780983,-0.03576706768726834
2021-09-21,Train,-0.018013523891568184,-0.02395190266246805
2021-09-22,Train,-0.022915756329894066,-0.02678787158125429
2021-09-23,Train,-0.02590012550354004,-0.02683792554768283
2021-09-24,Train,-0.03481211140751839,-0.0325984607395059
2021-09-27,Train,-0.02324751950800419,-0.03229375255291667
2021-09-28,Train,0.009229212999343872,-0.007586018578350839
2021-09-29,Train,0.012625192292034626,0.002004011420478236
2021-09-30,Train,0.0266399085521698,0.02422062139540082
2021-10-01,Train,0.005330381449311972,0.02432120035470819
2021-10-04,Train,0.04482182860374451,0.05680335504695422
2021-10-05,Train,0.04151483625173569,0.05061837845075434
2021-10-06,Train,0.0381060428917408,0.04256678896493504
2021-10-07,Train,0.03152391314506531,0.03939716159703699
2021-10-08,Train,0.0347338542342186,0.03582900185567772
2021-10-11,Train,0.05616333708167076,0.05452154699820944
2021-10-12,Train,0.05436692759394646,0.06154443514369778
2021-10-13,Train,0.05936241149902344,0.05555555555555558
2021-10-14,Train,0.05198192223906517,0.04797751439769082
2021-10-15,Train,0.04960404708981514,0.04653868595580968
2021-10-18,Train,0.04454955458641052,0.0396618784955689
2021-10-19,Train,0.03246672824025154,0.03616796688980561
2021-10-20,Train,0.054831456393003464,0.04853587166308104
2021-10-21,Train,0.052967462688684464,0.05553055588069067
2021-10-22,Train,0.05149903893470764,0.06549050949018342
2021-10-25,Train,0.04823681339621544,0.05326384587867738
2021-10-26,Train,0.04157618433237076,0.0427305666165767
2021-10-27,Train,0.0312437005341053,0.02502634148848681
2021-10-28,Train,0.02079612948000431,0.01657903049541787
2021-10-29,Train,0.017906423658132553,0.02224761643407724
2021-11-01,Train,0.020458491519093513,0.01853236148856907
2021-11-02,Train,0.01484961248934269,0.02151401078881343
2021-11-03,Train,0.013086688704788685,0.01131800267034633
2021-11-04,Train,0.00961456447839737,0.008864443695635549
2021-11-05,Train,0.010831187479197979,0.01352228812926715
2021-11-08,Train,0.01161569356918335,0.003115083761192183
2021-11-09,Train,0.006911564618349075,0.005463937119524198
2021-11-10,Train,0.01897507905960083,0.02374778508404929
2021-11-11,Train,0.008918111212551594,0.001561780575181304
2021-11-12,Train,0.004160364158451557,0.01264248816835001
2021-11-15,Train,-0.012951425276696682,-0.002001921027517728
2021-11-16,Train,-0.023969968780875206,-0.02591721091675669
2021-11-17,Train,-0.018852218985557556,-0.01941503690844038
2021-11-18,Train,-0.034311868250370026,-0.0463472187111077
2021-11-19,Train,-0.025220129638910294,-0.04403569013435926
2021-11-22,Train,-0.009247769601643085,-0.00368144569407125
2021-11-23,Train,-0.006259814836084843,0.005358695547856396
2021-11-24,Train,-0.01514733862131834,-0.01261410035137001
2021-11-26,Train,0.009526685811579227,0.01740796867610972
2021-11-29,Train,-0.011032921262085438,-0.01858938835196533
2021-11-30,Train,-0.009845860302448273,-0.0142704662349995
2021-12-01,Train,0.012472694739699364,0.02565094234611998
2021-12-02,Train,0.0015352966729551554,-0.007873630569579237
2021-12-03,Train,0.005598179530352354,0.004645939385095499
2021-12-06,Train,0.0036203735508024693,-0.01426724389296818
2021-12-07,Train,-0.013895976357161999,-0.02166753489715056
2021-12-08,Train,-0.008516119793057442,-0.01416374302947365
2021-12-09,Train,0.006110913585871458,0.008102004806326502
2021-12-10,Train,0.009852089919149876,0.01374337601188524
2021-12-13,Train,0.017402736470103264,0.02383616823831747
2021-12-14,Train,0.02204654924571514,0.03438942598182559
2021-12-15,Train,0.01472855918109417,0.00831134217857632
2021-12-16,Train,0.02538073994219303,0.02846140489570304
2021-12-17,Train,0.035805925726890564,0.04356859747504327
2021-12-20,Train,0.034595221281051636,0.04145104593789717
2021-12-21,Train,-0.013826251029968262,-0.01264094709327135
2021-12-22,Train,-0.022226188331842422,-0.02520630254008183
2021-12-23,Train,-0.023537183180451393,-0.04298102262177295
2021-12-27,Train,-0.058092404156923294,-0.0579211485040767
2021-12-28,Train,-0.05153021216392517,-0.03931669680354555
2021-12-29,Train,-0.0474855899810791,-0.03536292397243046
2021-12-30,Train,-0.049402426928281784,-0.05667541425124756
2021-12-31,Train,-0.05479613319039345,-0.04484101059244139
2022-01-03,Train,-0.06653594225645065,-0.07749951566031643
2022-01-04,Train,-0.07090878486633301,-0.07564252059938437
2022-01-05,Train,-0.07329833507537842,-0.05873170476036571
2022-01-06,Train,-0.08449602127075195,-0.08418829096710023
2022-01-07,Train,-0.07731229811906815,-0.06992049329442351
2022-01-10,Train,-0.08202186971902847,-0.09207861237222859
2022-01-11,Train,-0.1000525951385498,-0.1069151397463328
2022-01-12,Train,-0.10272757709026337,-0.1194010565928328
2022-01-13,Train,-0.05571605637669563,-0.06847433039871875
2022-01-14,Train,-0.05118245258927345,-0.04463046113736979
2022-01-18,Train,-0.024138497188687325,-0.01357441356092337
2022-01-19,Train,-0.00975549966096878,0.005484553557606908
2022-01-20,Train,-0.015893492847681046,-0.02258656806414594
2022-01-21,Train,0.02931750938296318,0.01797039233514086
2022-01-24,Train,0.01601007580757141,0.005179782488178741
2022-01-25,Train,0.04154253378510475,0.04059578209930104
2022-01-26,Train,0.04522956162691116,0.06431205035572995
2022-01-27,Train,0.048470985144376755,0.05080617491107997
2022-01-28,Train,-0.0007663879659958184,-0.01347353723378875
2022-01-31,Train,-0.03233756124973297,-0.04285910503174817
2022-02-01,Train,-0.0333726741373539,-0.02568938611592086
2022-02-02,Train,-0.0379810705780983,-0.03378648543895157
2022-02-03,Train,-0.03752834349870682,-0.02291041115996495
2022-02-04,Train,-0.047777850180864334,-0.04608809684064952
2022-02-07,Train,-0.03771453723311424,-0.04801063857212828
2022-02-08,Train,-0.05102180317044258,-0.08270211097480518
2022-02-09,Train,-0.0594932921230793,-0.07155133194957253
2022-02-10,Train,-0.03996269032359123,-0.03532071512096091
2022-02-11,Train,-0.015090388245880604,-0.0007491781462976022
2022-02-14,Train,-0.015862971544265747,-0.01726668441860191
2022-02-15,Train,-0.02849043905735016,-0.02501896369288314
2022-02-16,Train,-0.04467245936393738,-0.03870351210138856
2022-02-17,Train,-0.027671700343489647,-0.02359248552921778
2022-02-18,Train,-0.035680532455444336,-0.04875413293299735
2022-02-22,Train,-0.027739817276597023,-0.04356951329209025
2022-02-23,Train,0.01836426369845867,0.01690843476291248
2022-02-24,Train,-0.023102298378944397,-0.0270786263477425
2022-02-25,Train,-0.06307859718799591,-0.06180407726577597
2022-02-28,Train,-0.059090547263622284,-0.08255471560836902
2022-03-01,Train,-0.0402953214943409,-0.03906409183102255
2022-03-02,Train,-0.030792236328125,-0.01987210953351315
2022-03-03,Train,0.00447281077504158,0.006369405170280062
2022-03-04,Train,0.038805242627859116,0.04206938320470943
2022-03-07,Train,0.08341971784830093,0.07763344935637462
2022-03-08,Train,0.07983310520648956,0.1039430484525885
2022-03-09,Train,0.07081998139619827,0.05027014785160766
2022-03-10,Train,0.08660833537578583,0.08567031673261893
2022-03-11,Train,0.10092708468437195,0.1077374009389893
2022-03-14,Train,0.1371733695268631,0.1469025623465645
2022-03-15,Train,0.12720464169979095,0.1311595591816435
2022-03-16,Train,0.0837569385766983,0.07866122601533809
2022-03-17,Train,0.05487995594739914,0.05254908249687018
2022-03-18,Train,0.030410144478082657,0.02947456871313037
2022-03-21,Train,0.034623533487319946,0.05490174233863443
2022-03-22,Train,0.010457079857587814,0.01159797945859853
2022-03-23,Train,0.00907969195395708,0.004064529028044106
2022-03-24,Train,-0.030245637521147728,-0.01543163599932151
2022-03-25,Train,-0.019941039383411407,-0.02838461676300352
2022-03-28,Train,-0.05612177401781082,-0.06582441909680647
2022-03-29,Train,-0.0673002302646637,-0.08550874222261762
2022-03-30,Train,-0.06094000115990639,-0.05649838034617738
2022-03-31,Train,-0.05397460237145424,-0.06650304876945234
2022-04-01,Train,-0.060553379356861115,-0.06400443076262907
2022-04-04,Train,-0.0694417878985405,-0.06238824475743032
2022-04-05,Train,-0.06482452154159546,-0.05508173445650866
2022-04-06,Train,-0.07306702435016632,-0.0540961765862471
2022-04-07,Train,-0.07255733013153076,-0.08105058376825114
2022-04-08,Train,-0.06118836626410484,-0.05605043009114541
2022-04-11,Train,-0.05366313457489014,-0.0696705652246622
2022-04-12,Train,-0.05283154174685478,-0.06684342797303411
2022-04-13,Train,-0.0665089562535286,-0.05295220445992788
2022-04-14,Train,-0.07068908959627151,-0.07440236746364226
2022-04-18,Train,-0.06580177694559097,-0.05967105999408551
2022-04-19,Train,-0.07348407059907913,-0.07924681357220464
2022-04-20,Train,-0.0643925815820694,-0.03402592433490037
2022-04-21,Train,-0.0637301579117775,-0.06329491031813805
2022-04-22,Train,-0.05988938361406326,-0.04963120528398657
2022-04-25,Train,-0.08177956938743591,-0.09839794282736414
2022-04-26,Train,-0.06407851725816727,-0.05164912696674495
2022-04-27,Train,-0.06721540540456772,-0.07867158940351415
2022-04-28,Train,-0.09463531523942947,-0.1123746677593115
2022-04-29,Train,-0.04531506076455116,-0.03610533937300475
2022-05-02,Train,-0.06440221518278122,-0.06292391312992685
2022-05-03,Train,-0.05664510279893875,-0.03967754095062226
2022-05-04,Train,-0.10202087461948395,-0.1166868651179551
2022-05-05,Train,-0.06304191797971725,-0.07482432405026962
2022-05-06,Train,-0.03916965797543526,-0.06651578762883992
2022-05-09,Train,-0.008668292313814163,-0.01235060738865346
2022-05-10,Train,-0.03750108182430267,-0.04495284975481229
2022-05-11,Train,0.004489793907850981,-0.001987344365212085
2022-05-12,Train,0.015726573765277863,0.02809545886059528
2022-05-13,Train,0.004015548154711723,0.023713332464117
2022-05-16,Train,0.0155717134475708,0.03297143900748534
2022-05-17,Train,0.0015502297319471836,-0.000555290917719109
2022-05-18,Train,0.058016326278448105,0.0798241020302144
2022-05-19,Train,0.06300051510334015,0.05739355758488518
2022-05-20,Train,0.07672794163227081,0.06422339273696842
2022-05-23,Train,0.05274719372391701,0.05584702029884725
2022-05-24,Train,0.06220487877726555,0.07102083660919556
2022-05-25,Train,0.03442732244729996,0.02794748286045023
2022-05-26,Train,-0.034734878689050674,-0.03504490263237448
2022-05-27,Train,-0.10321395844221115,-0.1089938588681997
2022-05-31,Train,-0.09655609726905823,-0.1050019308594904
2022-06-01,Train,-0.07862555235624313,-0.07581703335631129
2022-06-02,Train,-0.10885624587535858,-0.1367453068473609
2022-06-03,Train,-0.10394628345966339,-0.1029066247858936
2022-06-06,Train,-0.08926959335803986,-0.08508565374836652
2022-06-07,Train,-0.09535809606313705,-0.09423300787289912
2022-06-08,Train,-0.06270496547222137,-0.0740801178642696
2022-06-09,Train,-0.020866159349679947,-0.01599869286095579
2022-06-10,Train,0.009820780716836452,0.01249832403722073
2022-06-13,Train,0.025851761922240257,0.0295196426226656
2022-06-14,Train,0.02869255468249321,0.02859622350091295
2022-06-15,Train,-0.0011249148519709706,-0.008910852625342747
2022-06-16,Train,0.04086584597826004,0.03957400661291
2022-06-17,Train,0.04502818360924721,0.04466849504757331
2022-06-21,Train,0.02392316237092018,0.02746549590686809
2022-06-22,Train,0.045145079493522644,0.05098513155655726
2022-06-23,Train,0.018519127741456032,0.03686150526598286
2022-06-24,Train,-0.012761544436216354,-0.01890627298322523
2022-06-27,Train,0.00033508025808259845,-0.02123447328926786
2022-06-28,Train,0.011719617061316967,0.00744157892351982
2022-06-29,Train,0.018768223002552986,0.01011284622344411
2022-06-30,Train,0.03946508467197418,0.0413514927514218
2022-07-01,Train,0.022250737994909286,0.02576822347091934
2022-07-05,Train,0.03457493335008621,0.0395176912307158
2022-07-06,Train,0.03752324730157852,0.0492728933095703
2022-07-07,Train,0.04064132273197174,0.04203672599720365
2022-07-08,Train,0.031106648966670036,0.02248174705820771
2022-07-11,Train,0.03581446781754494,0.03885268522265717
2022-07-12,Train,0.041755229234695435,0.02840275698778361
2022-07-13,Train,0.061855047941207886,0.07407668165320347
2022-07-14,Train,0.07487547397613525,0.08071993249022769
2022-07-15,Train,0.07877562195062637,0.08082364317174529
2022-07-18,Train,0.09010741859674454,0.08939183021006203
2022-07-19,Train,0.06876875460147858,0.05373784591108421
2022-07-20,Train,0.062387723475694656,0.06553811817029076
2022-07-21,Train,0.052316054701805115,0.05537116514836637
2022-07-22,Train,0.06736455857753754,0.06543266467305497
2022-07-25,Train,0.07179310917854309,0.06807207909304447
2022-07-26,Train,0.06990461051464081,0.07714777943328555
2022-07-27,Train,0.04972473531961441,0.06231868345012459
2022-07-28,Train,0.05328750982880592,0.04606045358808353
2022-07-29,Train,0.05238774046301842,0.04732778671708493
2022-08-01,Train,0.049963004887104034,0.05642785283996821
2022-08-02,Train,0.03830648958683014,0.05710563094146437
2022-08-03,Train,0.021511977538466454,0.01734329131247603
2022-08-04,Train,0.01155766099691391,0.01504317193165461
2022-08-05,Train,0.010371411219239235,0.003449837922494092
2022-08-08,Train,-0.012029524892568588,-0.01979983871006108
2022-08-09,Train,-0.023722022771835327,-0.009398197915183926
2022-08-10,Train,-0.040968142449855804,-0.03350407497176522
2022-08-11,Train,-0.03887477517127991,-0.01079980296536931
2022-08-12,Train,-0.06623890995979309,-0.06946339534943868
2022-08-15,Train,-0.07700677961111069,-0.08602051914518527
2022-08-16,Train,-0.0733606368303299,-0.0940773139534894
2022-08-17,Train,-0.08891239762306213,-0.08895248588809324
2022-08-18,Train,-0.08748732507228851,-0.09074345539839446
2022-08-19,Train,-0.06264513731002808,-0.08576464467616352
2022-08-22,Train,-0.04549038037657738,-0.06778851810532394
2022-08-23,Train,-0.04657662659883499,-0.04816938742059818
2022-08-24,Train,-0.05107862502336502,-0.04599860418001966
2022-08-25,Train,-0.055193252861499786,-0.04207995133636977
2022-08-26,Train,-0.014845127239823341,0.01073376192676068
2022-08-29,Train,-0.03289856016635895,-0.03518278416029341
2022-08-30,Train,-0.040126733481884,-0.01657693979301944
2022-08-31,Train,-0.030339911580085754,-0.02729970665312187
2022-09-01,Train,-0.03391178697347641,-0.0336672905068619
2022-09-02,Train,-0.026753511279821396,-0.01395814428071751
2022-09-06,Train,-0.017682721838355064,-0.01474143315676424
2022-09-07,Train,-0.049860309809446335,-0.05154364517908117
2022-09-08,Train,-0.07121867686510086,-0.06804865711785568
2022-09-09,Train,-0.08635839819908142,-0.102836259561898
2022-09-12,Train,-0.08987899869680405,-0.1170431751952992
2022-09-13,Train,-0.05587118864059448,-0.06544092755145958
2022-09-14,Train,-0.0554988831281662,-0.05435258725209946
2022-09-15,Train,-0.05344372242689133,-0.06605980962944369
2022-09-16,Train,-0.052731409668922424,-0.0762477429840267
2022-09-19,Train,-0.05061987042427063,-0.06019580741619646
2022-09-20,Train,-0.033279381692409515,-0.02285874641492724
2022-09-21,Train,-0.026798207312822342,-0.005571965671706369
2022-09-22,Train,-0.019344238564372063,-0.00110685739453309
2022-09-23,Train,-0.013116121292114258,-0.02326595562739198
2022-09-26,Train,-0.016926229000091553,-0.0290118875851505
2022-09-27,Train,-0.0331229493021965,-0.04273539243960611
2022-09-28,Train,-0.05317980423569679,-0.06172750813958328
2022-09-29,Train,-0.017570920288562775,-0.01121855242486058
2022-09-30,Train,-0.012256026268005371,-0.02439579171222717
2022-10-03,Train,-0.013087914325296879,-0.0152816608578058
2022-10-04,Train,-0.040954891592264175,-0.03774853334337136
2022-10-05,Train,-0.03756629303097725,-0.0407476427558201
2022-10-06,Train,-0.03387971967458725,-0.03806843023413098
2022-10-07,Train,0.0231328047811985,0.02348571973568681
2022-10-10,Train,0.03135911747813225,0.04519353019563166
2022-10-11,Train,0.07366693019866943,0.08167456310210519
2022-10-12,Train,0.05940648540854454,0.05813595066158395
2022-10-13,Train,0.016442906111478806,0.01506579749506565
2022-10-14,Train,0.06760793924331665,0.0785457227635813
2022-10-17,Train,0.02231670171022415,0.03192873921900152
2022-10-18,Train,0.008746318519115448,0.01337105576224973
2022-10-19,Train,-0.017477745190262794,-0.01778253440885547
2022-10-20,Train,-0.022520093247294426,-0.03203149487718349
2022-10-21,Train,-0.02706662192940712,-0.03899506291604737
2022-10-24,Train,-0.027354395017027855,-0.03900167137024957
2022-10-25,Train,-0.03652090206742287,-0.05161670367410343
2022-10-26,Train,-0.03707321360707283,-0.05256714185793454
2022-10-27,Train,0.024801582098007202,0.03620773650312636
2022-10-28,Train,0.00567266158759594,0.02396696609458226
2022-10-31,Train,0.028241237625479698,0.0269472563606008
2022-11-01,Train,0.03874296694993973,0.05190661937852448
2022-11-02,Train,0.07954344153404236,0.0743752270037843
2022-11-03,Train,0.09497057646512985,0.09336254073462436
2022-11-04,Train,0.09432078897953033,0.07609194198938929
2022-11-07,Train,0.06484202295541763,0.0534400332831948
2022-11-08,Train,0.05572729557752609,0.06088151347436965
2022-11-09,Train,0.07760518789291382,0.09684034365304628
2022-11-10,Train,0.010185926221311092,0.01474805809985624
2022-11-11,Train,-0.01540110819041729,-0.01823169938806934
2022-11-14,Train,0.0010573717299848795,-0.01706136167157291
2022-11-15,Train,0.0013213536003604531,0.01371840942040747
2022-11-16,Train,0.01647995412349701,0.02900784300895798
2022-11-17,Train,0.02378915622830391,0.02717597802297189
2022-11-18,Train,0.00743302796036005,0.009901015559657056
2022-11-21,Train,0.007359820883721113,-0.0007450493516706347
2022-11-22,Train,-0.0077703846618533134,-0.01895440879999066
2022-11-23,Train,-0.013207364827394485,-0.01720795337811898
2022-11-25,Train,-0.01393820159137249,-0.0170082415113284
2022-11-28,Train,-0.00204841629602015,0.01015172864042024
2022-11-29,Train,0.01614084281027317,0.02879846869351432
2022-11-30,Train,-0.03086567483842373,-0.02335006793011829
2022-12-01,Train,-0.05348652973771095,-0.05729942292768642
2022-12-02,Train,-0.062486547976732254,-0.06255337055737376
2022-12-05,Train,-0.05514013022184372,-0.06219584806482237
2022-12-06,Train,-0.03728758171200752,-0.0430984963310217
2022-12-07,Train,-0.04475177079439163,-0.0252378947102756
2022-12-08,Train,-0.059856779873371124,-0.060207842065919
2022-12-09,Train,-0.05794946476817131,-0.05204943535881801
2022-12-12,Train,-0.06819713860750198,-0.07703621063947674
2022-12-13,Train,-0.06372218579053879,-0.09890867277553916
2022-12-14,Train,-0.06007042154669762,-0.07004993417380667
2022-12-15,Train,-0.041928451508283615,-0.0383185211016438
2022-12-16,Train,-0.040582627058029175,-0.03562439020482
2022-12-19,Train,-0.02276642620563507,-0.01486565251390171
2022-12-20,Train,-0.015159273520112038,-0.02953187549272351
2022-12-21,Train,-0.02245943993330002,-0.01700502543968407
2022-12-22,Train,0.00032822444336488843,0.01417003539105433
2022-12-23,Train,0.03732580319046974,0.02045931149162206
2022-12-27,Train,0.05223752558231354,0.05300099374909473
2022-12-28,Train,0.06894030421972275,0.0728565215100816
2022-12-29,Train,0.05097372829914093,0.0545338486944813
2022-12-30,Train,0.052746959030628204,0.05730813367726162
2023-01-03,Train,0.05628081411123276,0.05066543156328396
2023-01-04,Train,0.05428633466362953,0.03541056674913712
2023-01-05,Train,0.06794097274541855,0.08066368677515934
2023-01-06,Train,0.0684298574924469,0.07500001702989922
2023-01-09,Train,0.06702520698308945,0.06590517486919145
2023-01-10,Train,0.06272023171186447,0.05461285469849142
2023-01-11,Train,0.0560259111225605,0.05689068362236793
2023-01-12,Train,0.04991225153207779,0.06167361664758286
2023-01-13,Train,0.05992112681269646,0.03309957558658927
2023-01-17,Train,0.06670505553483963,0.04645871341649332
2023-01-18,Train,0.08560552448034286,0.08291351712995065
2023-01-19,Train,0.08890710026025772,0.1329093517551629
2023-01-20,Train,0.07229862362146378,0.08313287324495322
2023-01-23,Train,0.041028499603271484,0.0506298633563147
2023-01-24,Train,0.06372424960136414,0.07459170555134831
2023-01-25,Train,0.059943098574876785,0.05783193791227448
2023-01-26,Train,0.03169984370470047,0.02843115988957745
2023-01-27,Train,0.027563318610191345,0.01161143025725164
2023-01-30,Train,0.049237657338380814,0.04902336281708375
2023-01-31,Train,0.03804822266101837,0.04117169602826065
2023-02-01,Train,0.016008412465453148,0.02718327898036499
2023-02-02,Train,-0.028436796739697456,-0.02701146347607275
2023-02-03,Train,-0.021332204341888428,-0.01639554880709537
2023-02-06,Train,-0.01957479491829872,-0.03148983060678201
2023-02-07,Train,-0.042629044502973557,-0.05043889452862027
2023-02-08,Train,-0.028417149558663368,-0.02480529590330305
2023-02-09,Train,-0.026738977059721947,-0.03258415145491611
2023-02-10,Train,-0.017955182120203972,-0.01921925102107103
2023-02-13,Train,-0.03279763087630272,-0.03592775842826357
2023-02-14,Train,-0.03955275937914848,-0.05069270674154447
2023-02-15,Train,-0.03948270156979561,-0.05011329811092147
2023-02-16,Train,-0.023477979004383087,-0.01193536189542643
2023-02-17,Train,-0.015225475654006004,-0.00378541185607284
2023-02-21,Train,0.003960727248340845,0.007856332919035536
2023-02-22,Train,0.003644596552476287,0.01213256524798223
2023-02-23,Train,-0.01678057760000229,-0.01401524007633814
2023-02-24,Train,-0.004484362900257111,-0.01130724084815127
2023-02-27,Train,0.006642528343945742,-0.01105667814181854
2023-02-28,Train,0.01643521711230278,0.01297859923109335
2023-03-01,Train,0.0227485504001379,0.0265452614859587
2023-03-02,Train,0.022530237212777138,0.04495764063073615
2023-03-03,Train,0.015429669991135597,0.01895352647691206
2023-03-06,Train,0.01614324562251568,0.01983205261286813
2023-03-07,Train,0.04439261928200722,0.04724303223665105
2023-03-08,Train,0.039500441402196884,0.0278691410544929
2023-03-09,Train,0.05540887266397476,0.05839539439636532
2023-03-10,Train,0.06635192781686783,0.07742168705790231
2023-03-13,Train,0.06016034632921219,0.06216246576234097
2023-03-14,Train,0.039357926696538925,0.032787437065255
2023-03-15,Train,0.044176436960697174,0.04613123099989003
2023-03-16,Train,0.03104999288916588,0.02891038488891984
2023-03-17,Train,0.045716505497694016,0.05098902302570174
2023-03-20,Train,0.04158879816532135,0.04634438872833457
2023-03-21,Train,0.030528578907251358,0.02813047331747431
2023-03-22,Train,0.03641568496823311,0.03201364976761889
2023-03-23,Train,0.027214080095291138,0.02679576365768765
2023-03-24,Train,0.01595292054116726,0.02245160712750183
2023-03-27,Train,0.01694926992058754,0.02289796794606702
2023-03-28,Train,0.02857157215476036,0.01927589711466182
2023-03-29,Train,0.01958588697016239,0.02062551861682538
2023-03-30,Train,0.0229385606944561,0.009154886959864106
2023-03-31,Train,0.0005386630073189735,-0.006512312297349054
2023-04-03,Train,-0.0037995572201907635,-0.004029388004108458
2023-04-04,Train,-0.002666044980287552,-0.001128328770728992
2023-04-05,Train,-0.0034249830059707165,0.00113948257869656
2023-04-06,Train,0.0004994978080503643,-0.004527597851516352
2023-04-10,Train,-0.0026442324742674828,-0.006040151444455799
2023-04-11,Train,-0.003960029222071171,-0.01849094951772212
2023-04-12,Train,0.007196292281150818,-0.003737584320844034
2023-04-13,Train,-0.0024790256284177303,0.003697066222195122
2023-04-14,Train,0.0003744768910109997,0.01252468889927316
2023-04-17,Train,0.006623830180615187,0.01050685654871675
2023-04-18,Train,0.0005554009694606066,0.001630871088062813
2023-04-19,Train,-0.0005558791453950107,-0.004455407574997183
2023-04-20,Train,0.011869763024151325,-0.0003477467812919022
2023-04-21,Train,0.012801483273506165,0.01983522184210851
2023-04-24,Train,0.016473667696118355,0.024497515224982
2023-04-25,Train,0.028080783784389496,0.03758193742079952
2023-04-26,Train,0.0352635458111763,0.04254984364963899
2023-04-27,Train,0.025977574288845062,0.01826129543329968
2023-04-28,Train,0.02108526974916458,0.007657493921745306
2023-05-01,Train,0.02165999822318554,0.01427730863359788
2023-05-02,Train,0.028912119567394257,0.02435969271824501
2023-05-03,Train,0.04419475048780441,0.04358784140631888
2023-05-04,Train,0.046760790050029755,0.06673616943360194
2023-05-05,Train,0.03896867111325264,0.04218153085971688
2023-05-08,Train,0.03993937000632286,0.04309682752576349
2023-05-09,Train,0.04324677586555481,0.03643816120309307
2023-05-10,Train,0.03224683925509453,0.02002207958034896
2023-05-11,Train,0.04988999664783478,0.04144692982136089
2023-05-12,Train,0.061334505677223206,0.07190104053458857
2023-05-15,Train,0.06518696993589401,0.07096300937921263
2023-05-16,Train,0.06153906136751175,0.06366911095214078
2023-05-17,Train,0.055137999355793,0.06308895553421423
2023-05-18,Train,0.04857800155878067,0.05153143015671025
2023-05-19,Train,0.05472477898001671,0.05464914444496838
2023-05-22,Train,0.05080791562795639,0.05094177509547371
2023-05-23,Train,0.04999275133013725,0.0463763578473646
2023-05-24,Train,0.05270194634795189,0.06482737945326367
2023-05-25,Train,0.04783814772963524,0.04350641329974225
2023-05-26,Train,0.04191729798913002,0.03470148263401751
2023-05-30,Train,0.041794177144765854,0.0379450207509584
2023-05-31,Train,0.04272612929344177,0.05146700814597227
2023-06-01,Train,0.038307737559080124,0.0518451165981082
2023-06-02,Train,0.027772722765803337,0.03744536587577962
2023-06-05,Train,0.0295634213835001,0.03381234208614869
2023-06-06,Train,0.023689361289143562,0.01989628461125048
2023-06-07,Train,0.03547925874590874,0.049739136916505
2023-06-08,Train,0.02532881125807762,0.02658930995533271
2023-06-09,Train,0.019166242331266403,0.008970360157351864
2023-06-12,Train,0.018712464720010757,0.009265156948516484
2023-06-13,Train,0.010793965309858322,0.003523643519479869
2023-06-14,Train,0.005564189050346613,-0.005711933240649114
2023-06-15,Train,0.003895082976669073,-0.00226866611498866
2023-06-16,Train,0.0071561806835234165,0.006414306841302508
2023-06-20,Train,0.006328865885734558,0.00921233289463097
2023-06-21,Train,0.013026779517531395,0.0153633535572375
2023-06-22,Train,0.009108971804380417,0.0001911046892824064
2023-06-23,Train,0.012938059866428375,0.01053670413362751
2023-06-26,Train,0.03212985023856163,0.02932794947091666
2023-06-27,Train,0.025398658588528633,0.02470940022467749
2023-06-28,Train,0.0325191356241703,0.0400778652798055
2023-06-29,Train,0.03494202345609665,0.04194499840034571
2023-06-30,Train,0.03282599896192551,0.03570454075144025
2023-07-03,Train,0.037163276225328445,0.04172400370770135
2023-07-05,Train,0.030384542420506477,0.04150911517731926
2023-07-06,Train,0.02897183783352375,0.0253089275752727
2023-07-07,Train,0.02904319390654564,0.02563896597536597
2023-07-10,Train,0.02266835980117321,0.02694078510046416
2023-07-11,Train,0.021114978939294815,0.02881816814134708
2023-07-12,Train,0.017491713166236877,0.01260657045523272
2023-07-13,Train,0.0032799141481518745,-0.006672817671171116
2023-07-14,Train,0.0037879282608628273,0.01163374463001898
2023-07-17,Train,0.00018190714763477445,0.002796600625139423
2023-07-18,Train,-0.007904895581305027,-0.007647591030581768
2023-07-19,Train,-0.01980532519519329,-0.02919740548749827
2023-07-20,Train,-0.015234388411045074,-0.007883005477547056
2023-07-21,Train,-0.008762171491980553,-0.009557267234311162
2023-07-24,Train,-0.013695918023586273,-0.002764289170328005
2023-07-25,Train,-0.019892629235982895,-0.01789956914606616
2023-07-26,Train,-0.024901194497942924,-0.02545556694009776
2023-07-27,Train,-0.021418945863842964,-0.02132122267379433
2023-07-28,Train,-0.03089296631515026,-0.04495676504131463
2023-07-31,Train,-0.034484636038541794,-0.03474245941077725
2023-08-01,Train,-0.03455681353807449,-0.04276494880159976
2023-08-02,Train,-0.02799527533352375,-0.03165150148206575
2023-08-03,Train,-0.03175150975584984,-0.04069135510567912
2023-08-04,Train,-0.02993338741362095,-0.03738846183912448
2023-08-07,Train,-0.0290164053440094,-0.03009144292613464
2023-08-08,Train,-0.023329971358180046,-0.02317202988491263
2023-08-09,Train,-0.00865634810179472,0.003261617454020538
2023-08-10,Train,-0.007015719078481197,-0.01999510347652333
2023-08-11,Train,0.0012680210638791323,-0.006061602446205905
2023-08-14,Train,-0.004342450760304928,-0.009693523096330647
2023-08-15,Train,0.00471552973613143,0.02278798995673381
2023-08-16,Train,0.03206554055213928,0.03949902485001533
2023-08-17,Train,0.04401865601539612,0.0541301923948776
2023-08-18,Train,0.04969579353928566,0.05433778569166758
2023-08-21,Train,0.03939579054713249,0.03893930658258049
2023-08-22,Train,0.03355047106742859,0.03126199900631854
2023-08-23,Train,0.00042536796536296606,0.007992230836620262
2023-08-24,Train,0.02881273441016674,0.03144893780292524
2023-08-25,Train,0.030636712908744812,0.0355750030159605
2023-08-28,Train,0.025280769914388657,0.01644126572891702
2023-08-29,Train,0.003959793597459793,-0.001494243335939394
2023-08-30,Train,-0.016428139060735703,0.001087946924709593
2023-08-31,Train,-0.020532459020614624,-0.01899519262753291
2023-09-01,Train,-0.02488328143954277,-0.01835322106780568
2023-09-05,Train,-0.02615838311612606,-0.02168913705973829
2023-09-06,Train,-0.02709556370973587,-0.02721882359839345
2023-09-07,Train,-0.033411893993616104,-0.03816592028223875
2023-09-08,Train,-0.0362074039876461,-0.03937404970438707
2023-09-11,Train,-0.04192275553941727,-0.04605145187395676
2023-09-12,Train,-0.03899833932518959,-0.04984043741506239
2023-09-13,Train,-0.038191523402929306,-0.05122787565242626
2023-09-14,Train,-0.0485372319817543,-0.0510509179338644
2023-09-15,Train,-0.036569882184267044,-0.03381788146890607
2023-09-18,Train,-0.03191571682691574,-0.02536015163117877
2023-09-19,Train,-0.03064109943807125,-0.04041955791714458
2023-09-20,Train,-0.012440095655620098,-0.0131398706112984
2023-09-21,Train,0.009344303049147129,0.002319390610348249
2023-09-22,Train,0.017331494018435478,0.01897127343591132
2023-09-25,Train,0.013334960676729679,0.0193265273216392
2023-09-26,Train,0.039272960275411606,0.04059740049607319
2023-09-27,Train,0.03375035151839256,0.04557230815223479
2023-09-28,Train,0.02642357349395752,0.03329511070922231
2023-09-29,Train,0.018812697380781174,0.01956627677613687
2023-10-02,Train,0.02108362503349781,0.02255991163199011
2023-10-03,Train,0.03300538286566734,0.03741687782281344
2023-10-04,Train,0.009497432969510555,0.010062529860146
2023-10-05,Train,0.0036386288702487946,0.003568537652526294
2023-10-06,Train,-0.02541290409862995,-0.02769401087319434
2023-10-09,Train,-0.02661297097802162,-0.02970859941998616
2023-10-10,Train,-0.03194500133395195,-0.02566535052244345
2023-10-11,Train,-0.04928255081176758,-0.05624698242053672
2023-10-12,Train,-0.052613046020269394,-0.07101340668177658
2023-10-13,Train,-0.02936793491244316,-0.05467039336246016
2023-10-16,Train,-0.040282052010297775,-0.05470883640055324
2023-10-17,Train,-0.030681045725941658,-0.04706685636962837
2023-10-18,Train,-0.019142622128129005,-0.01764043192405618
2023-10-19,Train,0.009923601523041725,0.0096396955550071
2023-10-20,Train,0.03505535051226616,0.0369711932484722
2023-10-23,Train,0.028454085811972618,0.03806893332629757
2023-10-24,Train,0.03490382432937622,0.03778577991178089
2023-10-25,Train,0.07089002430438995,0.06450878101202795
2023-10-26,Train,0.08649438619613647,0.07684922126718008
2023-10-27,Train,0.09509363770484924,0.09579802879651811
2023-10-30,Train,0.08450131863355637,0.08021185071276715
2023-10-31,Train,0.09460411965847015,0.09821299038000886
2023-11-01,Train,0.06891242414712906,0.08028912020443091
2023-11-02,Train,0.058776821941137314,0.06193597186444566
2023-11-03,Train,0.048987217247486115,0.04984911347475052
2023-11-06,Train,0.04990530386567116,0.0583136948554559
2023-11-07,Train,0.043841652572155,0.04231282129637237
2023-11-08,Train,0.047198325395584106,0.04590549419508116
2023-11-09,Train,0.05308184772729874,0.05253060787597108
2023-11-10,Train,0.01930449716746807,0.02848912064794473
2023-11-13,Train,0.02994127944111824,0.03441057045243689
2023-11-14,Train,0.009545408189296722,0.01162642706886219
2023-11-15,Train,0.007533649913966656,0.008324234987095558
2023-11-16,Train,0.004793351516127586,0.01033810107054656
2023-11-17,Train,0.00019066563982050866,0.0007253102608515416
2023-11-20,Train,-0.0013173213228583336,-0.008829353983920929
2023-11-21,Train,0.003372647101059556,-0.008803803168809798
2023-11-22,Train,0.004051701165735722,0.0009485595023928095
2023-11-24,Train,0.011033378541469574,0.006829102193573799
2023-11-27,Train,0.016033586114645004,0.01631671343330932
2023-11-28,Train,0.020737089216709137,0.02173302989125547
2023-11-29,Train,0.028543904423713684,0.0357353396860669
2023-11-30,Train,0.03285844624042511,0.03744574384431076
2023-12-01,Train,0.03739830106496811,0.03949323947290684
2023-12-04,Train,0.048053767532110214,0.05373777918425038
2023-12-05,Train,0.050945013761520386,0.05646929854801774
2023-12-06,Train,0.0493520125746727,0.04682508596517887
2023-12-07,Train,0.040367137640714645,0.04441256220879009
2023-12-08,Train,0.04262763261795044,0.0413340921030545
2023-12-11,Train,0.025576723739504814,0.03883499265724777
2023-12-12,Train,0.030928093940019608,0.03218197040192305
2023-12-13,Train,0.006229383405297995,0.01872491638543194
2023-12-14,Train,0.012039557099342346,0.0151961480022671
2023-12-15,Train,-0.0006501094903796911,-0.006784427948994254
2023-12-18,Train,-0.01465643011033535,-0.02149454723548949
2023-12-19,Train,-0.01747170463204384,-0.03147913962149884
2023-12-20,Train,0.00035403919173404574,-0.01570404580513884
2023-12-21,Train,-0.0011739237233996391,-0.006915606549323772
2023-12-22,Train,-0.005738370586186647,-0.006440092196892011
2023-12-26,Train,-0.004874753765761852,-0.00579245729782174
2023-12-27,Train,-0.006848199293017387,-0.00522477253094622
2023-12-28,Train,-0.006689379923045635,-0.004230465076626388
2023-12-29,Train,0.0008369114948436618,0.0
2024-01-02,Train,0.015114722773432732,0.01147568285156786
2024-01-03,Train,0.04673553258180618,0.0368036656950248
2024-01-04,Train,0.051638197153806686,0.06283434433528434
2024-01-05,Train,0.048875369131565094,0.06296159038772053
2024-01-08,Train,0.04400494322180748,0.04575873125254626
2024-01-09,Train,0.04390392452478409,0.04948856826189929
2024-01-10,Train,0.04165288805961609,0.04369646536968319
2024-01-11,Train,0.039363473653793335,0.03532427321235088
2024-01-12,Train,0.03884674236178398,0.04539016615076297
2024-01-16,Train,0.029591578990221024,0.03853291463819142
2024-01-17,Train,0.029990456998348236,0.02396800169551261
2024-01-18,Train,0.02238072268664837,0.02152598091637126
2024-01-19,Train,0.01882253773510456,0.01859066723492542
2024-01-22,Train,0.009997997432947159,0.01593436806877135
2024-01-23,Train,0.015197394415736198,0.009705264109136857
2024-01-24,Train,0.014095861464738846,0.01446587571649083
2024-01-25,Train,0.01696511171758175,0.01510496622308621
2024-01-26,Train,0.020410047844052315,0.03124039147411684
2024-01-29,Train,0.009616963565349579,0.01679318590191214
2024-01-30,Train,0.01683761551976204,0.007641664926597791
2024-01-31,Train,0.025472629815340042,0.03897162854024794
2024-02-01,Train,0.02124480903148651,0.029937434191319
2024-02-02,Train,0.01083788089454174,0.003636273101054188
2024-02-05,Train,0.010088359005749226,-0.002637425255262893
2024-02-06,Train,0.009287058375775814,-0.004630629816613996
2024-02-07,Train,0.01242798287421465,0.01407443974927536
2024-02-08,Train,0.010077924467623234,0.009219229084769465
2024-02-09,Train,0.008971089497208595,-0.001144033895355778
2024-02-12,Train,0.01169303897768259,0.005191367171949235
2024-02-13,Train,0.0198978241533041,0.015680787334311
2024-02-14,Train,0.016362380236387253,0.01334194811645428
2024-02-15,Train,0.016891317442059517,0.02554596059116077
2024-02-16,Train,0.017567414790391922,0.03123761864658925
2024-02-20,Train,0.014471549540758133,0.02042960853486631
2024-02-21,Train,0.01623600907623768,0.03096737305745401
2024-02-22,Train,0.00427750451490283,0.01684663355040072
2024-02-23,Train,0.01004373375326395,0.005128417602992874
2024-02-26,Train,0.006652348209172487,0.00192423978686973
2024-02-27,Train,0.0024873237125575542,0.01384825748188012
2024-02-28,Train,0.004892737604677677,0.01144119997248816
2024-02-29,Train,-0.003245073836296797,0.0003189399736618359
2024-03-01,Train,-0.005945457145571709,-0.02623363997241979
2024-03-04,Train,-0.0035066031850874424,-0.01472901713697938
2024-03-05,Train,0.006035848055034876,0.00577919871986432
2024-03-06,Train,-0.0024301481898874044,0.01134934791533704
2024-03-07,Train,0.004448648076504469,0.0009428283727626052
2024-03-08,Train,0.014853089116513729,0.01676464865683247
2024-03-11,Train,0.011600700207054615,0.01684993911694876
2024-03-12,Train,0.006447597872465849,-0.0007663443517201829
2024-03-13,Train,0.004056897945702076,0.01040314951110877
2024-03-14,Train,0.005378468427807093,0.01108984595969065
2024-03-15,Train,0.009549318812787533,0.02541942855358492
2024-03-18,Train,0.006258802954107523,0.008297463367641367
2024-03-19,Train,0.0032448021229356527,0.008048883234934134
2024-03-20,Train,-0.0010269962949678302,-0.0189963108918606
2024-03-21,Train,-0.004951291251927614,-0.01211113991885704
2024-03-22,Train,-0.00640561617910862,-0.01294860593232505
2024-03-25,Train,-0.008831447921693325,-0.00568845832301812
2024-03-26,Train,-0.0077470517717301846,-0.01116577669685703
2024-03-27,Train,-0.014577549882233143,0.001213966147118439
2024-03-28,Train,-0.015964766964316368,-0.01292768321818472
2024-04-01,Train,-0.024725330993533134,-0.03121702273821847
2024-04-02,Train,-0.02712566778063774,-0.02269270608342489
2024-04-03,Train,-0.02748543955385685,-0.03677903085533507
2024-04-04,Train,-0.020414292812347412,-0.02740385164730363
2024-04-05,Train,-0.04032944515347481,-0.0586192186815494
2024-04-08,Train,-0.043725792318582535,-0.04943258846478504
2024-04-09,Train,-0.04203095659613609,-0.03880334494675419
2024-04-10,Train,-0.03147497400641441,-0.02705473796944524
2024-04-11,Train,-0.03803357109427452,-0.04697214257698634
2024-04-12,Train,-0.022699447348713875,-0.01658792341687143
2024-04-15,Train,-0.0003431319782976061,0.003920573588312548
2024-04-16,Train,-0.007490162272006273,-0.01510092710149913
2024-04-17,Train,-0.0029626430477946997,-0.01014467255628793
2024-04-18,Train,0.022013019770383835,0.00824257859802513
2024-04-19,Train,0.043443333357572556,0.05023518002280225
2024-04-22,Train,0.04277179017663002,0.05116754763626119
2024-04-23,Train,0.028994647786021233,0.03587644326165829
2024-04-24,Train,0.04514671489596367,0.03176944850699925
2024-04-25,Train,0.03822871670126915,0.0390387002711603
2024-04-26,Train,0.021129632368683815,0.02566124723571628
2024-04-29,Train,0.026523644104599953,0.02387056400292464
2024-04-30,Train,0.04714588820934296,0.05026024287418251
2024-05-01,Train,0.05740593746304512,0.07444487972264269
2024-05-02,Train,0.057077404111623764,0.05874916244652195
2024-05-03,Train,0.03962229937314987,0.03738403225999742
2024-05-06,Train,0.032360147684812546,0.03329927010132727
2024-05-07,Train,0.033853914588689804,0.03515620505827188
2024-05-08,Train,0.0361718088388443,0.03556331860043827
2024-05-09,Train,0.020668545737862587,0.02866086563719361
2024-05-10,Train,0.032772958278656006,0.0359453801207863
2024-05-13,Train,0.03640175610780716,0.03746503251463884
2024-05-14,Train,0.023484857752919197,0.02356874383478935
2024-05-15,Train,0.00545538729056716,-0.002980803978160806
2024-05-16,Train,0.01290352176874876,-0.002809901987653185
2024-05-17,Train,0.008726892061531544,0.003032572798770339
2024-05-20,Train,0.005266303196549416,-0.001187066761721423
2024-05-21,Train,0.0066613382659852505,0.01695921718593651
2024-05-22,Train,0.015261571854352951,0.01680894385846377
2024-05-23,Train,0.019717460498213768,0.02049990679781311
2024-05-24,Train,0.02232712134718895,0.01502341780072736
2024-05-28,Train,0.027746718376874924,0.01814304836141289
2024-05-29,Train,0.0325605645775795,0.03880026150282823
2024-05-30,Train,0.050623953342437744,0.05574136664416107
2024-05-31,Train,0.055856913328170776,0.06318921596209326
2024-06-03,Train,0.061250075697898865,0.07046541242405469
2024-06-04,Train,0.06019682064652443,0.06787419211063139
2024-06-05,Train,0.03737174719572067,0.03870300193871179
2024-06-06,Train,0.02971034310758114,0.03627769975555384
2024-06-07,Train,0.03199932724237442,0.02376015250351782
2024-06-10,Train,0.03365904837846756,0.03130180653326864
2024-06-11,Train,0.0358579084277153,0.02638777486735688
2024-06-12,Train,0.02024068310856819,0.01573339987579292
2024-06-13,Train,0.016630850732326508,0.005013391770304354
2024-06-14,Train,0.007478030398488045,0.005697136777518486
2024-06-17,Train,0.00978878978639841,0.003958300905863688
2024-06-18,Train,0.011207707226276398,0.01201545143858307
2024-06-20,Train,0.025812475010752678,0.03051073255688141
2024-06-21,Train,0.026452986523509026,0.0357366069470868
2024-06-24,Train,0.038072649389505386,0.05023630261595713
2024-06-25,Train,0.036201488226652145,0.04918850667964314
2024-06-26,Train,0.025877760723233223,0.02406477855839784
2024-06-27,Train,0.024923590943217278,0.02742887891540136
2024-06-28,Train,0.02169332094490528,0.03556596411243285
2024-07-01,Train,0.01748606190085411,0.02992194245595203
2024-07-02,Train,-0.0014106717426329851,-0.01069863619679967
2024-07-03,Train,-0.024817779660224915,-0.02352154225634806
2024-07-05,Train,-0.03365764766931534,-0.04216384487529379
2024-07-08,Train,-0.03654378652572632,-0.0302006456835765
2024-07-09,Train,-0.044137731194496155,-0.03445365183720095
2024-07-10,Train,-0.06521131843328476,-0.07869410538551891
2024-07-11,Train,-0.04811108857393265,-0.06842437778396215
2024-07-12,Train,-0.06348810344934464,-0.06436685184931634
2024-07-15,Train,-0.07090047001838684,-0.06500050467949525
2024-07-16,Train,-0.07770126312971115,-0.0781923637928491
2024-07-17,Train,-0.05455926060676575,-0.02220973064627629
2024-07-18,Train,-0.052787795662879944,-0.04135641405688728
2024-07-19,Train,-0.06234511360526085,-0.05574023815064655
2024-07-22,Train,-0.0728379637002945,-0.09734203743174008
2024-07-23,Train,-0.06225477159023285,-0.08549373050505693
2024-07-24,Train,-0.03815044090151787,-0.06174201641776933
2024-07-25,Train,-0.026295144110918045,-0.02225758163087743
2024-07-26,Train,-0.030664771795272827,-0.02712918229145966
2024-07-29,Train,-0.030920933932065964,-0.02698855179650128
2024-07-30,Train,0.015934253111481667,0.01103750094298128
2024-07-31,Train,-0.024242915213108063,-0.01770436709665224
2024-08-01,Train,0.024433309212327003,0.03211071149987399
2024-08-02,Train,0.05294250324368477,0.05856267137447779
2024-08-05,Train,0.09297321736812592,0.1054275545197587
2024-08-06,Train,0.08639795333147049,0.09266719245431987
2024-08-07,Train,0.1019187644124031,0.1097822117267326
2024-08-08,Train,0.06422939896583557,0.05976744334935846
2024-08-09,Train,0.06639260053634644,0.06569569080905358
2024-08-12,Train,0.05361305922269821,0.05308164118013736
2024-08-13,Train,0.014035152271389961,0.0306542081477279
2024-08-14,Train,0.018108170479536057,0.01862856290391379
2024-08-15,Train,-0.02119484730064869,-0.007925487245908025
2024-08-16,Train,-0.011426642537117004,0.002610340899651398
2024-08-19,Train,-0.03361130505800247,-0.04043466640203341
2024-08-20,Train,-0.04017987847328186,-0.04091538752862656
2024-08-21,Train,-0.04028269648551941,-0.04447666622814117
2024-08-22,Train,-0.03602830693125725,-0.05509108839814691
2024-08-23,Train,-0.0369216725230217,-0.05320835113525391
2024-08-26,Train,-0.02121959999203682,-0.03509065680205137
2024-08-27,Train,-0.029806671664118767,-0.01707361037356958
2024-08-28,Train,0.0020192202646285295,0.003967317477400867
2024-08-29,Train,0.009229631163179874,0.00994346797978829
2024-08-30,Train,-7.09378145984374e-05,-0.006361935140133057
2024-09-03,Train,0.037465110421180725,0.0252917709394096
2024-09-04,Train,0.03357774019241333,0.02351233675834807
2024-09-05,Train,0.03435702994465828,0.0484122340642068
2024-09-06,Train,0.06444884836673737,0.07521897037232828
2024-09-09,Train,0.05388059467077255,0.06288786169787364
2024-09-10,Train,0.05226222425699234,0.05823483896964143
2024-09-11,Train,0.029817745089530945,0.03670353887210909
2024-09-12,Train,0.03493548929691315,0.03433920789079492
2024-09-13,Train,0.030874885618686676,0.02400387880257115
2024-09-16,Train,0.018105968832969666,0.03133720183389221
2024-09-17,Train,0.015206987969577312,0.01643117898954061
2024-09-18,Train,0.018801216036081314,0.02229341954691511
2024-09-19,Train,-0.0013591464376077056,-0.003661844313373463
2024-09-20,Train,0.008746575564146042,0.01011525756180465
2024-09-23,Train,0.003474591067060828,-0.001946013631951238
2024-09-24,Train,0.0059500825591385365,0.008096900746475733
2024-09-25,Train,0.009896401315927505,0.01508786476834789
2024-09-26,Train,0.007031250279396772,0.006374231534938657
2024-09-27,Train,0.01190179493278265,0.01357983636684645
2024-09-30,Train,0.012935071252286434,0.01932098374059077
2024-10-01,Train,0.019659465178847313,0.01990570222231658
2024-10-02,Train,0.02347724325954914,0.01859112195899093
2024-10-03,Train,0.019812198355793953,0.02005856378987536
2024-10-04,Train,0.013131736777722836,0.01467207130637549
2024-10-07,Train,0.023435814306139946,0.02762913743120499
2024-10-08,Train,0.012767684645950794,0.01361128924639865
2024-10-09,Train,0.006209688261151314,-0.009713086493370882
2024-10-10,Train,0.007098144385963678,-0.000548100886496039
2024-10-11,Train,0.0033069211058318615,0.003972802884002702
2024-10-14,Train,-0.003253582864999771,-0.004221117796011309
2024-10-15,Train,0.00790708139538765,0.01896709268173136
2024-10-16,Train,0.005565629340708256,0.01114257436169108
2024-10-17,Train,0.0004848369862884283,-0.0150636008070929
2024-10-18,Train,-0.010673923417925835,-0.01423748362396537
2024-10-21,Train,-0.00719499634578824,-0.01899399177882022
2024-10-22,Train,-0.007413218263536692,-0.007561093766854099
2024-10-23,Train,0.03445974737405777,0.03526087668363487
2024-10-24,Train,0.030804622918367386,0.04310198729979819
2024-10-25,Train,0.03349701315164566,0.03799565340775723
2024-10-28,Train,0.02892104908823967,0.03722251349651295
2024-10-29,Train,0.023785216733813286,0.02549178140808572
2024-10-30,Train,0.026372451335191727,0.03197146331656553
2024-10-31,Train,0.044431548565626144,0.0513382164401095
2024-11-01,Train,0.03143787011504173,0.01875144079309266
2024-11-04,Train,0.0345437154173851,0.02882652407674291
2024-11-05,Train,0.02754986844956875,0.02285609840373737
2024-11-06,Train,0.006264630705118179,-0.00476674949273681
2024-11-07,Train,-0.008987576700747013,-0.01666855046786608
2024-11-08,Train,-0.012766829691827297,-0.01624072405495469
2024-11-11,Train,-0.008439979515969753,-0.01410950906636432
2024-11-12,Train,-0.00965152308344841,-0.007018727992101348
2024-11-13,Train,-0.008455678820610046,-0.01356761777848947
2024-11-14,Train,-0.004367064218968153,0.002064101491929149
2024-11-15,Train,0.03283185884356499,0.037698552927105
2024-11-18,Train,0.025383764877915382,0.03369866500088037
2024-11-19,Train,0.02789788320660591,0.03932788830612277
2024-11-20,Train,0.03538278117775917,0.03704510132445815
2024-11-21,Train,0.040013059973716736,0.04257588224220621
2024-11-22,Train,0.03371870890259743,0.03280016619074266
2024-11-25,Train,0.033471059054136276,0.02765545973928463
2024-11-26,Train,0.0328548289835453,0.04046648495092886
2024-11-27,Train,0.0408162921667099,0.04195529926614072
2024-11-29,Train,0.028925642371177673,0.04078557590300269
2024-12-02,Train,0.027134645730257034,0.04440219266519163
2024-12-03,Train,0.022597137838602066,0.03662428242035864
2024-12-04,Train,-0.006855094339698553,-0.01297641504372049
2024-12-05,Train,-0.005976214073598385,-0.01464137269156018
2024-12-06,Train,-0.0076795597560703754,-0.01485338021258897
2024-12-09,Train,0.003055608831346035,0.0009379957689708007
2024-12-10,Train,0.005354557652026415,0.01797934465168582
2024-12-11,Train,-0.007244644686579704,-0.0006038785751414366
2024-12-12,Train,-0.008271175436675549,-0.007483385453763036
2024-12-13,Train,-0.027841489762067795,-0.02812290185550181
2024-12-16,Train,-0.03314467519521713,-0.05005848111065225
2025-01-02,Test,0.0038904566317796707,0.02255841287304294
2025-01-03,Test,-0.006635757163167,0.01199423521567633
2025-01-06,Test,-0.015366441570222378,0.01328789421255117
2025-01-07,Test,-0.014410384930670261,0.03389111033208225
2025-01-08,Test,-0.0109225669875741,0.02786885478923473
2025-01-10,Test,0.0024691219441592693,0.01384100533815436
2025-01-13,Test,0.001135978614911437,0.03214257472599313
2025-01-14,Test,0.002089190762490034,0.03118324015264595
2025-01-15,Test,-0.0027145245112478733,0.01228948216744619
2025-01-16,Test,0.0032540964893996716,0.01795034035770549
2025-01-17,Test,-0.008411821909248829,-0.006957497893120723
2025-01-21,Test,-0.00820347759872675,-0.0006288435547256999
2025-01-22,Test,-0.0073595778085291386,-0.008767537946731019
2025-01-23,Test,-0.008090859279036522,-0.005707492826100502
2025-01-24,Test,-0.004904959350824356,-0.01266926327963791
2025-01-27,Test,-0.007560885976999998,0.02924870652976796
2025-01-28,Test,-0.00829574279487133,0.01184337729191798
2025-01-29,Test,-0.0038453240413218737,0.01434243507097333
2025-01-30,Test,-0.002981392201036215,0.02456751155910553
2025-01-31,Test,-0.0056630452163517475,0.03036636170316953
2025-02-03,Test,-0.010978109203279018,0.04103377731892022
2025-02-04,Test,-0.004408394452184439,0.02869573029690975
2025-02-05,Test,-0.0007300013676285744,0.01970201264841731
2025-02-06,Test,0.0010702512226998806,-0.00664644761775024
2025-02-07,Test,0.002104930579662323,-0.005832608989227994
2025-02-10,Test,0.001581404940225184,-0.03009918313799009
2025-02-11,Test,0.003730230964720249,-0.02543607440326601
2025-02-12,Test,-0.0015887473709881306,-0.05305697411880561
2025-02-13,Test,-0.008284026756882668,-0.05174474663748585
2025-02-14,Test,-0.004544931463897228,-0.07637282310977023
2025-02-18,Test,-0.004283157177269459,-0.08124294588299841
2025-02-19,Test,0.0043753087520599365,-0.06952477833577841
2025-02-20,Test,0.011145305819809437,-0.09126439335894576
2025-02-21,Test,0.009234849363565445,-0.06518021485515924
2025-02-24,Test,0.00958271138370037,-0.09067648560912467
2025-02-25,Test,0.01473353710025549,-0.08127483952588721
2025-02-26,Test,0.01307681668549776,-0.07314984512874667
2025-02-27,Test,0.022938288748264313,-0.06382552097265348
2025-02-28,Test,0.023318259045481682,-0.05610329026169381
2025-03-03,Test,0.027605228126049042,-0.02872950232370752
2025-03-04,Test,0.031196732074022293,-0.04239729546078497
2025-03-05,Test,0.033624548465013504,-0.04207086453723874
2025-03-06,Test,0.031061558052897453,-0.01831217168756449
2025-03-07,Test,0.03309476375579834,-0.02226562560599687
2025-03-10,Test,0.024404212832450867,0.03792861095992439
2025-03-11,Test,0.029360519722104073,0.04635280972995637
2025-03-12,Test,0.021861523389816284,0.01564201804294485
2025-03-13,Test,0.04132277891039848,0.02835546586483684
2025-03-14,Test,0.006230439990758896,-0.02234916636546314
2025-03-17,Test,0.009186833165585995,-0.0286885595648434
2025-03-18,Test,0.011824790388345718,-0.003877431417284694
2025-03-19,Test,0.004389298614114523,-0.009856766843907905
2025-03-20,Test,0.016645103693008423,-0.05967534432405919
2025-03-21,Test,0.015446587465703487,-0.1209757577430802
2025-03-24,Test,0.012007033452391624,-0.136489627686918
2025-03-25,Test,0.006298326887190342,-0.1568516095261402
2025-03-26,Test,0.01900772750377655,-0.03794542445503968
2025-03-27,Test,0.019252832978963852,-0.07358498982747386
2025-03-28,Test,0.03992825746536255,-0.03100611692161759
2025-03-31,Test,0.04071209207177162,-0.0243964900490844
2025-04-01,Test,0.03861260041594505,-0.03111914870485266
2025-04-02,Test,0.04419053718447685,-0.06714271055446752
2025-04-03,Test,0.04879361763596535,-0.01455642281384306
2025-04-04,Test,0.07877138257026672,0.02470005345106663
2025-04-07,Test,0.07516615837812424,0.04906891459587137
2025-04-08,Test,0.08279377967119217,0.09253473111069277
2025-04-09,Test,0.007960043847560883,0.00289700880582755
2025-04-10,Test,0.03535127639770508,0.05912413222432789
2025-04-11,Test,0.025270763784646988,0.03963470512221834
2025-04-14,Test,0.02177465334534645,0.03945524910269405
2025-04-15,Test,0.030575936660170555,0.0381667970022288
2025-04-16,Test,0.03233734145760536,0.08442523440575633
2025-04-17,Test,0.026781227439641953,0.1007205130691302
2025-04-21,Test,0.035642433911561966,0.1219551825417831
2025-04-22,Test,0.02519785240292549,0.08308583459992125
2025-04-23,Test,0.02150544337928295,0.06322595562463751
2025-04-24,Test,0.01375032402575016,0.04480582468799232
2025-04-25,Test,0.00649633165448904,0.03260962362815878
2025-04-28,Test,0.013049171306192875,0.07501958503561812
2025-04-29,Test,0.01145926397293806,0.08424290408387991
2025-04-30,Test,0.008952664211392403,0.09087848096439832
2025-05-01,Test,0.009875060059130192,0.07799785728178898
2025-05-02,Test,0.004065361339598894,0.06685355663738135
2025-05-05,Test,0.0036442899145185947,0.07424941377083671
2025-05-06,Test,0.007317241746932268,0.08072124711478912
2025-05-07,Test,0.0062420545145869255,0.06153525964315709
2025-05-08,Test,-0.009891623631119728,0.05265311803469519
2025-05-09,Test,-0.00551367923617363,0.0435887225863536
2025-05-12,Test,-0.02716502547264099,0.02632660123840602
2025-05-13,Test,-0.028067560866475105,0.006439120456442016
2025-05-14,Test,-0.028125734999775887,0.002409963788176039
2025-05-15,Test,-0.03155222907662392,-0.0002696478544775838
2025-05-16,Test,-0.033536024391651154,0.003259788259472263
2025-05-19,Test,-0.02950279414653778,0.01013386319875154
2025-05-20,Test,-0.029439041391015053,0.01633767021143795
2025-05-21,Test,-0.034341730177402496,0.02290269862629257
2025-05-22,Test,-0.012487085536122322,0.03097272939719109
2025-05-23,Test,-0.014065736904740334,0.04214127402441314
2025-05-27,Test,-0.01389702595770359,0.02492239745151692
2025-05-28,Test,-0.011911260895431042,0.02601607349766599
2025-05-29,Test,-0.011149352416396141,0.02640736380313369
2025-05-30,Test,-0.004949166439473629,0.01512210676467229
2025-06-02,Test,-0.0033675595186650753,0.02117688039100019
2025-06-03,Test,-0.0015039738500490785,0.003375743102755235
2025-06-04,Test,-0.0027243003714829683,0.0004160044915557659
2025-06-05,Test,0.0006975334836170077,0.003887343790688114
2025-06-06,Test,-0.00488240597769618,0.003264722146172794
2025-06-09,Test,-0.0023463605903089046,0.01710950985676929
2025-06-10,Test,0.001357906498014927,0.01300977309675178
2025-06-11,Test,0.0014854046748951077,0.02593865302152176
2025-06-12,Test,0.000977295683696866,0.02703979019807323
2025-06-13,Test,0.0054930453188717365,0.04683465850671653
2025-06-16,Test,0.0006603560177609324,0.02376988663332424
2025-06-17,Test,-0.0012405887246131897,0.04105233613356574
2025-06-18,Test,-0.00323430635035038,0.05147541725068461
2025-06-20,Test,-0.0021358055528253317,0.0478332885172974
2025-06-23,Test,-0.0007878555916249752,0.0389165832620979
2025-06-24,Test,-0.006295672617852688,0.03051237505874194
2025-06-25,Test,0.001518258941359818,0.02640631194407184
2025-06-26,Test,-0.0036457479000091553,0.01460957477192548
2025-06-27,Test,-0.00560674536973238,0.0148150754790668
2025-06-30,Test,-0.009216696955263615,0.00920882445035276
