Date,Type,Prediction,Actual
2009-01-02,Train,-0.04323447123169899,-0.05188529083869675
2009-01-05,Train,-0.045578621327877045,-0.09864607763167066
2009-01-06,Train,-0.04756715148687363,-0.06958188032187862
2009-01-07,Train,-0.04682564362883568,-0.05519054782197275
2009-01-08,Train,-0.049285151064395905,-0.0604681598345741
2009-01-09,Train,-0.0224652960896492,-0.03192547702745385
2009-01-12,Train,-0.0004215185181237757,-0.006775093490449247
2009-01-13,Train,0.009757786057889462,0.02776836016786999
2009-01-14,Train,0.03150467947125435,0.03318200456817677
2009-01-15,Train,0.03103591501712799,-0.001374601890136606
2009-01-16,Train,0.03863295167684555,-0.000339912605571091
2009-01-20,Train,0.03856706619262695,0.06831193910236721
2009-01-21,Train,0.018093615770339966,0.02607204935943508
2009-01-22,Train,0.043956536799669266,0.06293461236223208
2009-01-23,Train,0.03663358837366104,0.08546717139468041
2009-01-26,Train,0.030666427686810493,0.08210234763095636
2009-01-27,Train,0.0050537423230707645,0.03478855622033761
2009-01-28,Train,-0.00209317565895617,-0.004942326742831127
2009-01-29,Train,-0.003519118530675769,0.03346855218632894
2009-01-30,Train,0.01802399381995201,0.04714387007608201
2009-02-02,Train,-0.0070646982640028,-0.00646040581582441
2009-02-03,Train,-0.025759069249033928,-0.02109143121575496
2009-02-04,Train,-0.024258024990558624,-0.03744563482442376
2009-02-05,Train,-0.044528331607580185,-0.05561003835661293
2009-02-06,Train,-0.04639716073870659,-0.1118903453930418
2009-02-09,Train,-0.049889009445905685,-0.08634918455093621
2009-02-10,Train,-0.035936903208494186,-0.05767963056027647
2009-02-11,Train,-0.039965078234672546,-0.07980131743471974
2009-02-12,Train,-0.04259837418794632,-0.09944386779609327
2009-02-13,Train,-0.04041261598467827,-0.1245481721169326
2009-02-17,Train,-0.024635592475533485,-0.08898010045239146
2009-02-18,Train,-0.027117842808365822,-0.06532147272103306
2009-02-19,Train,-0.016163956373929977,-0.07919418597224959
2009-02-20,Train,-0.013600590638816357,-0.08901979658692294
2009-02-23,Train,0.00536599475890398,-0.07609478796801239
2009-02-24,Train,-0.009867365472018719,-0.05038223517528551
2009-02-25,Train,-0.014875204302370548,-0.02938090759372924
2009-02-26,Train,0.0481063537299633,0.03166603568821436
2009-02-27,Train,0.04579494521021843,0.04395201795471126
2009-03-02,Train,0.0865895077586174,0.06081084370680911
2009-03-03,Train,0.08963891118764877,0.1018031179202135
2009-03-04,Train,0.05903767794370651,0.08671792337539164
2009-03-05,Train,0.09331309050321579,0.1195775197632902
2009-03-06,Train,0.09219815582036972,0.1095057472114636
2009-03-09,Train,0.10368320345878601,0.2004661963207142
2009-03-10,Train,0.08101172745227814,0.1097694843898553
2009-03-11,Train,0.06759890913963318,0.09801799327403571
2009-03-12,Train,0.05343123525381088,0.0955702742876432
2009-03-13,Train,0.06661375612020493,0.07237299722584956
2009-03-16,Train,0.0637354627251625,0.0636942400029048
2009-03-17,Train,0.06215560808777809,0.03375382794726822
2009-03-18,Train,0.05876841023564339,0.03602692482619041
2009-03-19,Train,0.061768803745508194,0.07008085924255636
2009-03-20,Train,0.06229177489876747,0.1086359882039836
2009-03-23,Train,0.050909869372844696,0.04433659728629347
2009-03-24,Train,0.0547085702419281,0.03593802028782545
2009-03-25,Train,0.0488663986325264,0.04857241493065279
2009-03-26,Train,0.041961420327425,0.04871056309231192
2009-03-27,Train,0.04374086111783981,0.06716416986765394
2009-03-30,Train,0.06098668649792671,0.08083839839310625
2009-03-31,Train,0.05121014639735222,0.06860164419492909
2009-04-01,Train,0.03924504294991493,0.08027303165281263
2009-04-02,Train,0.02637147530913353,0.04880356212968917
2009-04-03,Train,0.01647959090769291,-0.003400210226973899
2009-04-06,Train,0.022299641743302345,0.01301512745545264
2009-04-07,Train,0.030939655378460884,0.04360282736813392
2009-04-08,Train,0.021307097747921944,0.03630672362166742
2009-04-09,Train,0.0178037378937006,0.02276867125889526
2009-04-13,Train,0.01654365286231041,0.02553968282687968
2009-04-14,Train,0.023192035034298897,0.03047084680286938
2009-04-15,Train,0.03145071491599083,0.04753077247851456
2009-04-16,Train,0.021608611568808556,0.03128751649563832
2009-04-17,Train,0.013987547717988491,0.03182220098746935
2009-04-20,Train,0.038424551486968994,0.08715872866937713
2009-04-21,Train,0.04212521016597748,0.0712756784624331
2009-04-22,Train,0.041668761521577835,0.06831344316031429
2009-04-23,Train,0.025037646293640137,0.03322254466456243
2009-04-24,Train,0.01847582682967186,0.01602852293081547
2009-04-27,Train,0.01263321004807949,0.01838123155348437
2009-04-28,Train,0.029366377741098404,0.0134408831867443
2009-04-29,Train,0.01305615995079279,-0.02710660595670511
2009-04-30,Train,0.01197472121566534,-0.02596264356304312
2009-05-01,Train,0.012216219678521156,-0.02909514201562302
2009-05-04,Train,0.005097599234431982,-0.02310977392938973
2009-05-05,Train,0.0029908576980233192,-0.01770413831469031
2009-05-06,Train,0.002476342488080263,-0.02141022055767983
2009-05-07,Train,0.008515407331287861,-0.01636941168022199
2009-05-08,Train,0.012704139575362206,-0.02015771650413245
2009-05-11,Train,0.021354900673031807,0.01280938750951455
2009-05-12,Train,0.022620484232902527,0.01827288318032205
2009-05-13,Train,0.033979762345552444,0.05844943302300898
2009-05-14,Train,0.03558295965194702,0.05959873359817247
2009-05-15,Train,0.042802222073078156,0.09050046612012586
2009-05-18,Train,0.03834196552634239,0.06425224417047115
2009-05-19,Train,0.0353340245783329,0.05610465754554839
2009-05-20,Train,0.03660278767347336,0.07176204745536974
2009-05-21,Train,0.04112398996949196,0.0930162588851835
2009-05-22,Train,0.029874248430132866,0.09332132283779804
2009-05-26,Train,0.017517978325486183,0.06208680053377247
2009-05-27,Train,0.03341880813241005,0.0657018960315554
2009-05-28,Train,0.016607780009508133,0.05350497542385435
2009-05-29,Train,0.017174409702420235,0.03589599828780687
2009-06-01,Train,0.008075641468167305,-0.01346517922473278
2009-06-02,Train,0.011479820124804974,-0.0244236943795082
2009-06-03,Train,0.011890516616404057,-0.01211126945306507
2009-06-04,Train,-0.0015369062311947346,-0.02504088028340479
2009-06-05,Train,-0.001925984863191843,-0.01685695901202033
2009-06-08,Train,-0.002335264114663005,-0.04335959687167756
2009-06-09,Train,-0.005635110195726156,-0.05277403850273499
2009-06-10,Train,-0.006496580317616463,-0.03340574558476239
2009-06-11,Train,-0.002172826323658228,-0.01439431786229417
2009-06-12,Train,-3.3120886655524373e-06,-0.00763990674861037
2009-06-15,Train,0.023083431646227837,0.01532031235887477
2009-06-16,Train,0.02764933928847313,0.02334745003846361
2009-06-17,Train,0.026324905455112457,0.01421014613830196
2009-06-18,Train,0.027055423706769943,-0.006141854343312936
2009-06-19,Train,0.017605409026145935,-0.02074115053000136
2009-06-22,Train,0.030359281226992607,-0.01567853543470799
2009-06-23,Train,0.033009838312864304,-0.00828574044363839
2009-06-24,Train,0.01677716337144375,-0.02304017115224977
2009-06-25,Train,0.0027460320852696896,-0.03775152141139382
2009-06-26,Train,0.007382323034107685,-0.02144621397316204
2009-06-29,Train,0.01617279462516308,-0.02002742186437911
2009-06-30,Train,0.03157792612910271,0.0148432403786638
2009-07-01,Train,0.023047298192977905,0.0263736001162016
2009-07-02,Train,0.03276001662015915,0.05505626357244697
2009-07-06,Train,0.039059117436409,0.07088388399743639
2009-07-07,Train,0.055169928818941116,0.1057052318248948
2009-07-08,Train,0.057687804102897644,0.1091904642896628
2009-07-09,Train,0.057819999754428864,0.1317226907120954
2009-07-10,Train,0.05903046578168869,0.11827036897694
2009-07-13,Train,0.05543273687362671,0.1056476062212042
2009-07-14,Train,0.05398878455162048,0.09406496348057569
2009-07-15,Train,0.03559397906064987,0.06554718590636677
2009-07-16,Train,0.030711814761161804,0.05915415011691194
2009-07-17,Train,0.03065216727554798,0.05031947072803944
2009-07-20,Train,0.02628382295370102,0.05590724812635184
2009-07-21,Train,0.023659277707338333,0.04871662114940878
2009-07-22,Train,0.0234672948718071,0.03194804005808649
2009-07-23,Train,0.006016377359628677,0.0007624547689339956
2009-07-24,Train,0.005717871710658073,0.02125484884176321
2009-07-27,Train,0.0037324251607060432,0.006353240398838
2009-07-28,Train,0.0030604018829762936,0.004605846521109402
2009-07-29,Train,0.00404623756185174,0.01347226174990257
2009-07-30,Train,0.003912164829671383,0.01314128030765915
2009-07-31,Train,0.005264787003397942,0.004562745290106029
2009-08-03,Train,0.001722046290524304,-0.03896107236815904
2009-08-04,Train,0.0021017680410295725,-0.02522482800041081
2009-08-05,Train,0.010306664742529392,-0.0108230634314167
2009-08-06,Train,0.010322869755327702,0.009649498301452342
2009-08-07,Train,0.011758357286453247,0.01028083842605287
2009-08-10,Train,0.017359236255288124,0.01641418057891308
2009-08-11,Train,0.021013997495174408,0.02827306820700382
2009-08-12,Train,0.01999681442975998,0.0107850593603076
2009-08-13,Train,0.013552354648709297,0.007732635872065519
2009-08-14,Train,0.01692366413772106,0.02043899916130565
2009-08-17,Train,0.01818440854549408,0.04028064593294078
2009-08-18,Train,0.0136296721175313,0.006405329434255869
2009-08-19,Train,0.013773762620985508,-0.001272245242524006
2009-08-20,Train,0.005414610728621483,-0.00628772662358501
2009-08-21,Train,0.006697935983538628,0.001737396208329134
2009-08-24,Train,0.010227987542748451,0.01217395474451677
2009-08-25,Train,0.0075695449486374855,0.01783505671917318
2009-08-26,Train,0.00463119987398386,0.02928040514925456
2009-08-27,Train,0.0062719834968447685,0.0277227447916637
2009-08-28,Train,0.006749293766915798,0.03066275273431462
2009-08-31,Train,0.012520160526037216,0.04446671616974274
2009-09-01,Train,0.03402656316757202,0.0799388871494422
2009-09-02,Train,0.03523082658648491,0.08050955025253792
2009-09-03,Train,0.03326291963458061,0.07415845177545632
2009-09-04,Train,0.029056722298264503,0.05475716181990919
2009-09-08,Train,0.02699671871960163,0.04688266491706217
2009-09-09,Train,0.01221471931785345,0.03309809212219994
2009-09-10,Train,0.009435652755200863,0.0142237261113547
2009-09-11,Train,0.008940407074987888,0.004335267417901134
2009-09-14,Train,0.00553927943110466,0.01751438428242236
2009-09-15,Train,0.013032135553658009,0.009806262471783178
2009-09-16,Train,0.00494679668918252,-0.004007500619596094
2009-09-17,Train,0.0025259945541620255,-0.03324687225855172
2009-09-18,Train,0.0014766206732019782,-0.03675771934667282
2009-09-21,Train,1.5402116332552396e-05,-0.03194739535121294
2009-09-22,Train,-0.0007411359110847116,-0.01664719516455615
2009-09-23,Train,-0.0007411359110847116,-0.009187264608695234
2009-09-24,Train,0.005809526890516281,0.00404093142086448
2009-09-25,Train,0.02636396884918213,0.01870500635554162
2009-09-28,Train,0.012326566502451897,0.003772691534727146
2009-09-29,Train,0.012908671982586384,0.008526778776478006
2009-09-30,Train,0.013184051029384136,0.02153845792691378
2009-10-01,Train,0.0313887745141983,0.05024393593392729
2009-10-02,Train,0.033343665301799774,0.04647743790455916
2009-10-05,Train,0.030113758519291878,0.04853191080883978
2009-10-06,Train,0.02547200582921505,0.03051985302591276
2009-10-07,Train,0.02508825622498989,0.02567755542307815
2009-10-08,Train,0.01925310678780079,0.02533143116255343
2009-10-09,Train,0.011173107661306858,0.01530135435224356
2009-10-12,Train,0.004654427990317345,0.009866149557281823
2009-10-13,Train,0.0012100232997909188,-0.005636488213858093
2009-10-14,Train,-0.001798185519874096,-0.04101020537584177
2009-10-15,Train,-0.003095550462603569,-0.02252673455103027
2009-10-16,Train,-0.0046919253654778,-0.04254323858711739
2009-10-19,Train,-0.004488058853894472,-0.04813696043573534
2009-10-20,Train,-0.004667982459068298,-0.04534944108773065
2009-10-21,Train,-0.0014232026878744364,-0.04195636495600097
2009-10-22,Train,0.002622700994834304,-0.0221658478118163
2009-10-23,Train,0.009787242859601974,-0.01228849016620948
2009-10-26,Train,0.01145130768418312,0.01209575768234661
2009-10-27,Train,0.014025760814547539,0.0302314306727427
2009-10-28,Train,0.02867489866912365,0.06064271981744018
2009-10-29,Train,0.028927918523550034,0.03706346798849092
2009-10-30,Train,0.04083864390850067,0.07446287366292337
2009-11-02,Train,0.03890897333621979,0.08096275054412527
2009-11-03,Train,0.04024351015686989,0.08095007970091883
2009-11-04,Train,0.033565133810043335,0.07307032444400297
2009-11-05,Train,0.02401731163263321,0.03093273720166767
2009-11-06,Train,0.017713170498609543,0.01971831414731584
2009-11-09,Train,0.01447139959782362,0.01447945512338578
2009-11-10,Train,0.010508423671126366,0.008482410720821232
2009-11-11,Train,0.007387874182313681,0.006378104090311254
2009-11-12,Train,0.0009863193845376372,-0.003207404340242692
2009-11-13,Train,0.0003996400046162307,-0.01022487992284271
2009-11-16,Train,-0.0042926231399178505,-0.01012147485843318
2009-11-17,Train,-0.0027795813512057066,-0.01188338110828424
2009-11-18,Train,-0.001033566310070455,-0.01037202029986706
2009-11-19,Train,0.01448362972587347,0.01053593875584768
2009-11-20,Train,0.017051611095666885,0.01081954962158194
2009-11-23,Train,0.008647157810628414,-0.01132759417566409
2009-11-24,Train,0.013072896748781204,0.002045922917796705
2009-11-25,Train,0.013202429749071598,0.002716136963690996
2009-11-27,Train,0.020105144008994102,0.01424966146861895
2009-11-30,Train,0.017878636717796326,0.02272722296966112
2009-12-01,Train,0.013112188316881657,0.006589432551408425
2009-12-02,Train,0.010008709505200386,0.006580461028716567
2009-12-03,Train,0.016863849014043808,-0.001594889400721389
2009-12-04,Train,0.01652011275291443,0.007706259311402119
2009-12-07,Train,0.015713658183813095,0.02391253110246661
2009-12-08,Train,0.022776564583182335,0.03643446780077286
2009-12-09,Train,0.012847610749304295,0.03357530582482093
2009-12-10,Train,0.011790280230343342,0.03792325810629649
2009-12-11,Train,0.014517380855977535,0.04736007482442495
2009-12-14,Train,0.004221812821924686,0.03322109018141428
2009-12-15,Train,0.006930979900062084,0.04221216623228208
2009-12-16,Train,0.007175500504672527,0.03133452142748783
2009-12-17,Train,0.013033021241426468,0.05933360320009751
2009-12-18,Train,0.0068087466061115265,0.04408455071599793
2009-12-21,Train,0.013395704329013824,0.02624555892358327
2009-12-22,Train,0.008620219305157661,0.02078263621982135
2009-12-23,Train,0.00204946706071496,0.02172953981405956
2009-12-24,Train,0.0029787784442305565,0.00826448612219255
2009-12-28,Train,-0.00344460248015821,-0.0095197410165615
2009-12-29,Train,0.0021081387531012297,0.006951981388453765
2009-12-30,Train,0.0016037202440202236,0.004765025545335755
2009-12-31,Train,0.004534190520644188,0.002185758997182319
2010-01-04,Train,-0.0031857716385275126,0.003662257439646099
2010-01-05,Train,-0.006733178161084652,-0.01077121972689987
2010-01-06,Train,-0.00042794994078576565,-0.01408751018162058
2010-01-07,Train,-0.001353024272248149,-0.04353472820549431
2010-01-08,Train,-0.007486813701689243,-0.04812025564946021
2010-01-11,Train,-0.005086647346615791,-0.04335638718222234
2010-01-12,Train,0.0009355872170999646,-0.0235910451104212
2010-01-13,Train,-0.008693340234458447,-0.06040991001593865
2010-01-14,Train,-0.008225271478295326,-0.07760289979491586
2010-01-15,Train,-0.0026129516772925854,-0.05648855482622872
2010-01-19,Train,-0.010290552861988544,-0.06310364063275664
2010-01-20,Train,0.0013856791192665696,-0.04420729225267517
2010-01-21,Train,0.003763603512197733,-0.06309084723425229
2010-01-22,Train,0.01347193494439125,-0.02672102149576738
2010-01-25,Train,0.012690091505646706,-0.03701203235200656
2010-01-26,Train,0.0077853696420788765,-0.02795936654863895
2010-01-27,Train,0.006520572584122419,-0.03758389880316648
2010-01-28,Train,0.020037801936268806,0.002755429023811429
2010-01-29,Train,0.02171207219362259,0.02266878675512896
2010-02-01,Train,0.02076672576367855,0.02450303778128871
2010-02-02,Train,0.0189780592918396,0.0210767041646005
2010-02-03,Train,0.0137396901845932,0.0218728434227109
2010-02-04,Train,0.025952009484171867,0.05185365918713303
2010-02-05,Train,0.024274421855807304,0.0409493288733267
2010-02-08,Train,0.027421697974205017,0.03491918777608949
2010-02-09,Train,0.027421697974205017,0.03479471071127338
2010-02-10,Train,0.027129674330353737,0.03672705717213187
2010-02-11,Train,0.022651351988315582,0.02495993126381713
2010-02-12,Train,0.025486333295702934,0.03770570359156022
2010-02-16,Train,0.0175324697047472,0.02775269744372255
2010-02-17,Train,0.02497064508497715,0.02310968782475631
2010-02-18,Train,0.02510782890021801,0.0200669243366467
2010-02-19,Train,0.03224518150091171,0.03591337786961724
2010-02-22,Train,0.03210735693573952,0.04000887424399902
2010-02-23,Train,0.038780562579631805,0.05955618381346883
2010-02-24,Train,0.03760579973459244,0.05738618075696045
2010-02-25,Train,0.037398334592580795,0.06165919493462924
2010-02-26,Train,0.03915579989552498,0.05808763150841201
2010-03-01,Train,0.03554137796163559,0.04029953396176844
2010-03-02,Train,0.03557255119085312,0.0436882922458468
2010-03-03,Train,0.03417804837226868,0.04539473166866403
2010-03-04,Train,0.028079643845558167,0.0454645208973703
2010-03-05,Train,0.01565006747841835,0.02260988550404308
2010-03-08,Train,0.012598682194948196,0.02987318775230463
2010-03-09,Train,0.01425623707473278,0.03120322838010781
2010-03-10,Train,0.013557194732129574,0.01801997714254666
2010-03-11,Train,0.014566919766366482,0.01267164325562309
2010-03-12,Train,0.013310994952917099,0.01351350045186761
2010-03-15,Train,0.013140938244760036,0.02095677029200438
2010-03-16,Train,0.01333522517234087,0.01787964782818241
2010-03-17,Train,0.013482972979545593,0.01027903707338518
2010-03-18,Train,0.013246366754174232,0.006899393763835526
2010-03-19,Train,0.016521111130714417,0.02358388907770048
2010-03-22,Train,0.010760599747300148,0.01732057309619384
2010-03-23,Train,0.008269615471363068,0.007875669805497143
2010-03-24,Train,0.004946925211697817,0.01499377788087286
2010-03-25,Train,0.006582020781934261,0.02252342021216713
2010-03-26,Train,0.004010675009340048,0.02229166030883789
2010-03-29,Train,0.0035544298589229584,0.0226000448462238
2010-03-30,Train,0.0025752168148756027,0.03141145850249449
2010-03-31,Train,0.0036624029744416475,0.04090534109104627
2010-04-01,Train,0.005410720128566027,0.02844682176547764
2010-04-05,Train,0.004875552840530872,0.01830897713378987
2010-04-06,Train,0.0015331278555095196,0.02051282051282044
2010-04-07,Train,0.002868014620617032,0.02878876579132061
2010-04-08,Train,0.003075472777709365,0.03221172837008424
2010-04-09,Train,-0.0009152691927738488,0.03038959240390504
2010-04-12,Train,-0.003911951556801796,0.02730793073001037
2010-04-13,Train,-0.005451026372611523,0.0004055242880662835
2010-04-14,Train,-0.006928759627044201,-0.01081949343174249
2010-04-15,Train,-0.0093334149569273,0.001994783003998357
2010-04-16,Train,-0.014108293689787388,-0.005854978961786217
2010-04-19,Train,-0.020385360345244408,0.008686874852035897
2010-04-20,Train,-0.02071499451994896,-0.02653265718239639
2010-04-21,Train,-0.024431796744465828,-0.03697778371497085
2010-04-22,Train,-0.02641540765762329,-0.07433912892819594
2010-04-23,Train,-0.028383398428559303,-0.1011480713390667
2010-04-26,Train,-0.02638409100472927,-0.05237054944732289
2010-04-27,Train,-0.027783259749412537,-0.03283337914217244
2010-04-28,Train,-0.027336928993463516,-0.01519141211720032
2010-04-29,Train,-0.032013289630413055,-0.04738206430031899
2010-04-30,Train,-0.01904403604567051,-0.04691310508832103
2010-05-03,Train,-0.028111636638641357,-0.05707988096738825
2010-05-04,Train,-0.018950069323182106,-0.04129671665077927
2010-05-05,Train,-0.018371954560279846,-0.04400163799204093
2010-05-06,Train,-0.014062302187085152,-0.04767020045632198
2010-05-07,Train,-0.008139091543853283,-0.0125522945769555
2010-05-10,Train,-0.037652693688869476,-0.06510363367279637
2010-05-11,Train,-0.04143061116337776,-0.06328584200566734
2010-05-12,Train,-0.041953522711992264,-0.09090905524571491
2010-05-13,Train,-0.03575407341122627,-0.04137930209772478
2010-05-14,Train,-0.03844301775097847,-0.02834011980409057
2010-05-17,Train,-0.037183430045843124,-0.04035687026302615
2010-05-18,Train,-0.021468695253133774,-0.003876810337985592
2010-05-19,Train,-0.0102881770581007,0.01367775151182005
2010-05-20,Train,-0.003456172300502658,0.01668549501526129
2010-05-21,Train,-0.010559216141700745,-0.01271185755763926
2010-05-24,Train,-0.011014163494110107,-0.01052398616903172
2010-05-25,Train,-0.007849383167922497,-0.01968682445403536
2010-05-26,Train,0.005436605308204889,0.01968323341329525
2010-05-27,Train,-0.011270077899098396,-0.008066251155449122
2010-05-28,Train,-0.007067744620144367,-0.002412210511733237
2010-06-01,Train,-0.005469442345201969,0.03386451458526429
2010-06-02,Train,-0.010795623995363712,0.01405408704603039
2010-06-03,Train,-0.015872880816459656,0.007710443798248923
2010-06-04,Train,0.008914036676287651,0.04235972146703326
2010-06-07,Train,0.005728609394282103,0.05263153359531558
2010-06-08,Train,0.012800714001059532,0.04639065660705333
2010-06-09,Train,0.01558971218764782,0.05088999447208398
2010-06-10,Train,-0.00928883533924818,0.006212531200195048
2010-06-11,Train,-0.012499858625233173,-0.005054934994205063
2010-06-14,Train,-0.015198387205600739,-0.008353507454257003
2010-06-15,Train,-0.03157555311918259,-0.07150503571082656
2010-06-16,Train,-0.04161771014332771,-0.08933906833871319
2010-06-17,Train,-0.032289162278175354,-0.09479275572356616
2010-06-18,Train,-0.031783219426870346,-0.09638295275099729
2010-06-21,Train,-0.03243529796600342,-0.08583691268190419
2010-06-22,Train,-0.012571505270898342,-0.04930801278616515
2010-06-23,Train,-0.011258616112172604,-0.04017369174313112
2010-06-24,Train,0.008338183164596558,-0.01609701360084725
2010-06-25,Train,0.00949406810104847,-0.01148664573681257
2010-06-28,Train,0.0029303592164069414,0.004876994407591262
2010-06-29,Train,0.020714592188596725,0.05049579191472398
2010-06-30,Train,0.027344437316060066,0.06766563923198743
2010-07-01,Train,0.03108345903456211,0.04108945747194759
2010-07-02,Train,0.02969156578183174,0.05297857158768293
2010-07-06,Train,0.03156500682234764,0.06244131320868518
2010-07-07,Train,0.017166519537568092,0.01546861508957509
2010-07-08,Train,0.018645120784640312,0.03552035447340129
2010-07-09,Train,0.013089862652122974,0.03227257902010505
2010-07-12,Train,0.018902521580457687,0.03776533244042413
2010-07-13,Train,0.010921373963356018,0.02404580396782352
2010-07-14,Train,0.011813845485448837,0.0107550010755002
2010-07-15,Train,0.010846609249711037,0.002412294167377871
2010-07-16,Train,0.019557537510991096,0.03315293675336917
2010-07-19,Train,0.01381433755159378,0.04360458173108084
2010-07-20,Train,0.00031585514079779387,0.02673448837920622
2010-07-21,Train,0.010922590270638466,0.05152328110456672
2010-07-22,Train,-0.00317925913259387,0.02315930440658787
2010-07-23,Train,-9.758029773365706e-05,0.01519750167980005
2010-07-26,Train,-0.0016702440334483981,0.01378129249077142
2010-07-27,Train,-0.001138696214184165,0.005385609863449936
2010-07-28,Train,0.005233581177890301,-0.01411504282194487
2010-07-29,Train,0.008115574717521667,-0.01465758438776488
2010-07-30,Train,-0.0025628828443586826,-0.02379393407360608
2010-08-02,Train,-0.012310716323554516,-0.04006854521646586
2010-08-03,Train,-0.004985572770237923,-0.0236712343430775
2010-08-04,Train,-0.006459854077547789,-0.02961225884777774
2010-08-05,Train,-0.005786105990409851,-0.04206707545752741
2010-08-06,Train,-0.004441950004547834,-0.03934987636089293
2010-08-09,Train,-0.00047858874313533306,-0.05522519515076485
2010-08-10,Train,-0.0010809219675138593,-0.06470959420512556
2010-08-11,Train,0.008537725545465946,-0.02929519353202137
2010-08-12,Train,0.014084089547395706,-0.03330372934079762
2010-08-13,Train,0.01711767539381981,-0.01453491744490354
2010-08-16,Train,0.010275222361087799,-0.02656246979853882
2010-08-17,Train,0.007655715104192495,-0.04209830047119123
2010-08-18,Train,0.010759814642369747,-0.01734359887507042
2010-08-19,Train,0.016779545694589615,0.008916578371364059
2010-08-20,Train,0.01644277013838291,0.02426536502713939
2010-08-23,Train,0.023768935352563858,0.02742808528009677
2010-08-24,Train,0.04092813655734062,0.0595646823191891
2010-08-25,Train,0.04840289056301117,0.05355118281584037
2010-08-26,Train,0.057562731206417084,0.07028014456247944
2010-08-27,Train,0.054454125463962555,0.07215793798948567
2010-08-30,Train,0.05757614225149155,0.08805320107416836
2010-08-31,Train,0.062001973390579224,0.09871148195813162
2010-09-01,Train,0.039987653493881226,0.07104558588971033
2010-09-02,Train,0.039863958954811096,0.06031823813910187
2010-09-03,Train,0.03259226307272911,0.06129110220379408
2010-09-07,Train,0.03324271738529205,0.06827131028004141
2010-09-08,Train,0.03190041705965996,0.05275672706397794
2010-09-09,Train,0.028476867824792862,0.04824462306798272
2010-09-10,Train,0.024697715416550636,0.065665267671422
2010-09-13,Train,0.0199433583766222,0.04529099237351186
2010-09-14,Train,0.019597642123699188,0.04046360670335147
2010-09-15,Train,0.01897505670785904,0.03225132807387099
2010-09-16,Train,0.021219370886683464,0.02357115353536265
2010-09-17,Train,0.02071015164256096,0.0212543573117665
2010-09-20,Train,0.016774414107203484,-0.007167771363788211
2010-09-21,Train,0.01899261772632599,0.01720606632197397
2010-09-22,Train,0.01906227320432663,0.01109059212893726
2010-09-23,Train,0.019738445058465004,0.01520447311089002
2010-09-24,Train,0.017843378707766533,0.001812326880073156
2010-09-27,Train,0.018136627972126007,0.007693886876112721
2010-09-28,Train,0.012966311536729336,0.01498889395334535
2010-09-29,Train,0.010596521198749542,0.02495434204483549
2010-09-30,Train,0.018154190853238106,0.0275116870290808
2010-10-01,Train,0.018828196451067924,0.05060198820378181
2010-10-04,Train,0.018863527104258537,0.05816831108604692
2010-10-05,Train,0.01679905131459236,0.02335883711188846
2010-10-06,Train,0.01935284025967121,0.03981310385329362
2010-10-07,Train,0.01935284025967121,0.03804899967458097
2010-10-08,Train,0.01735464297235012,0.03798993748037049
2010-10-11,Train,0.017034554854035378,0.04259591947731356
2010-10-12,Train,0.019588051363825798,0.03831566844061629
2010-10-13,Train,0.01672125793993473,0.03305617881657552
2010-10-14,Train,0.01587425172328949,0.0372868134944353
2010-10-15,Train,0.01606081984937191,0.01340063321453622
2010-10-18,Train,0.01549087930470705,0.01793376213109066
2010-10-19,Train,0.017026608809828758,0.03856747532944738
2010-10-20,Train,0.016361378133296967,0.03574920648854762
2010-10-21,Train,0.01615760289132595,0.04640275318648812
2010-10-22,Train,0.012655660510063171,0.03931058875465054
2010-10-25,Train,0.00757192075252533,0.03565238602002019
2010-10-26,Train,0.006902349181473255,0.02729198571896974
2010-10-27,Train,0.006209102459251881,0.02931601138634909
2010-10-28,Train,0.0051809754222631454,0.02065013091413936
2010-10-29,Train,0.00939194206148386,0.006324224117045363
2010-11-01,Train,0.008363833650946617,0.001723480476522932
2010-11-02,Train,0.0006555772270075977,-0.02519890199162178
2010-11-03,Train,-0.0006130621768534184,-0.0267823834662877
2010-11-04,Train,-0.0010208807652816176,-0.02310411600660389
2010-11-05,Train,-0.0005340368370525539,-0.02235880359944808
2010-11-08,Train,-0.0013149139704182744,-0.01544476749406698
2010-11-09,Train,0.0012850976781919599,-0.02581854159807762
2010-11-10,Train,-0.005807346664369106,-0.01116906692450192
2010-11-11,Train,0.001159517327323556,-0.0114275121421068
2010-11-12,Train,0.01040291041135788,0.004189701537524293
2010-11-15,Train,0.010087419301271439,-0.004205720033023219
2010-11-16,Train,0.015500601381063461,0.0338191999604962
2010-11-17,Train,0.013613471761345863,0.04127909168802568
2010-11-18,Train,0.011967065744102001,0.02746516533143772
2010-11-19,Train,0.013057169504463673,0.02630069032423554
2010-11-22,Train,0.011807837523519993,0.01833304145720138
2010-11-23,Train,0.01665513776242733,0.03860192333418166
2010-11-24,Train,0.016793105751276016,0.01901359481436704
2010-11-26,Train,0.01728132553398609,0.03259429990113016
2010-11-29,Train,0.017541877925395966,0.02977431648878848
2010-11-30,Train,0.018045391887426376,0.04434634990447872
2010-12-01,Train,0.016059400513768196,0.01823653404300041
2010-12-02,Train,0.012432117015123367,0.01581988267374146
2010-12-03,Train,0.010542234405875206,0.01206611358394105
2010-12-06,Train,0.013553389348089695,0.01318482672773214
2010-12-07,Train,0.013180192559957504,0.01874532853583943
2010-12-08,Train,0.010210924781858921,0.01479288479981444
2010-12-09,Train,0.0060417018830776215,0.01126917787391069
2010-12-10,Train,0.0016559162177145481,0.005138534972876085
2010-12-13,Train,0.0035355398431420326,0.006813976741867789
2010-12-14,Train,0.0073112603276968,0.00716910622627287
2010-12-15,Train,0.010854002088308334,0.009231905491297487
2010-12-16,Train,0.008973375894129276,-0.002198657796925074
2010-12-17,Train,0.011734485626220703,0.01449011204868489
2010-12-20,Train,0.008788999170064926,0.01301317937319957
2010-12-21,Train,0.008416802622377872,0.0154855583579887
2010-12-22,Train,0.007909869775176048,0.01895038412151751
2010-12-23,Train,0.010263067670166492,0.0206429890166131
2010-12-27,Train,0.00971007626503706,0.02391822826989443
2010-12-28,Train,0.009750316850841045,0.02725446731975878
2010-12-29,Train,0.009304095059633255,0.03230517299119184
2010-12-30,Train,0.00984867475926876,0.0351262712953242
2010-12-31,Train,0.009251531213521957,0.04663975318081737
2011-01-03,Train,0.0077713667415082455,0.03344781103213723
2011-01-04,Train,0.009060504846274853,0.02243527869548534
2011-01-05,Train,0.006011355202645063,0.006637942603932467
2011-01-06,Train,0.005039835348725319,-0.004291807432547645
2011-01-07,Train,0.0036916122771799564,0.01038127514127596
2011-01-10,Train,-0.0028920434415340424,0.008024196389968763
2011-01-11,Train,-0.0028920434415340424,0.011930234783885
2011-01-12,Train,-0.004930316470563412,0.01096179131596609
2011-01-13,Train,-0.0028920434415340424,-0.01502301628332259
2011-01-14,Train,0.0017237915890291333,-0.01754385964912286
2011-01-18,Train,0.0015435689128935337,-0.001924433356284228
2011-01-19,Train,0.003043383825570345,0.007963206092822972
2011-01-20,Train,0.0036398221272975206,0.01693104175023286
2011-01-21,Train,0.004286742303520441,0.03053162273027921
2011-01-24,Train,0.004325017333030701,0.02125776344944308
2011-01-25,Train,0.001783384126611054,0.02653458398002573
2011-01-26,Train,0.005979445297271013,0.01935594648388705
2011-01-27,Train,0.004795278422534466,0.01469045379686462
2011-01-28,Train,0.0009057206334546208,0.04862729421734202
2011-01-31,Train,-0.002234832150861621,0.04607146126883377
2011-02-01,Train,-0.005249147769063711,0.02541631520298981
2011-02-02,Train,-0.00023308407980948687,0.03370790053551764
2011-02-03,Train,-7.949824066599831e-05,0.03154572719486648
2011-02-04,Train,-0.00164604966994375,0.02352733441950483
2011-02-07,Train,-0.00827286671847105,-0.01075460069682244
2011-02-08,Train,-0.009524011053144932,-0.02533168080179771
2011-02-09,Train,-0.011142618022859097,-0.01847056256149582
2011-02-10,Train,-0.014801743440330029,-0.006377092881171387
2011-02-11,Train,-0.01400692481547594,-0.01146471910831126
2011-02-14,Train,-0.012048906646668911,-0.02970299802115028
2011-02-15,Train,-0.01117557194083929,-0.02324787368122327
2011-02-16,Train,-0.014064175076782703,-0.01036006452591409
2011-02-17,Train,-0.0063644517213106155,-0.01512061468602699
2011-02-18,Train,-0.00519860303029418,-0.02622170828419357
2011-02-22,Train,-0.0037341839633882046,0.006838495493533436
2011-02-23,Train,-0.002276527462527156,0.008309713482924419
2011-02-24,Train,0.0018952804384753108,-0.01266270159997229
2011-02-25,Train,-3.877391282003373e-05,-0.02012141919703836
2011-02-28,Train,-0.002404269529506564,-0.02561882517758285
2011-03-01,Train,-0.004966346081346273,-0.02375085275328992
2011-03-02,Train,-0.004057212267071009,-0.05232757955386336
2011-03-03,Train,-0.008114584721624851,-0.06212457359612822
2011-03-04,Train,-0.00808634888380766,-0.06072106923652365
2011-03-07,Train,-0.0058349925093352795,-0.02955059743470112
2011-03-08,Train,-0.006453795358538628,-0.0351793226659991
2011-03-09,Train,-0.006310590542852879,-0.02314570792702542
2011-03-10,Train,-0.0011879922822117805,0.009975086914487452
2011-03-11,Train,-0.0020857241470366716,0.006195759669352485
2011-03-14,Train,-0.003528910456225276,0.004263596728834473
2011-03-15,Train,0.00046064372872933745,0.02865381338067063
2011-03-16,Train,0.025092359632253647,0.05909504816380973
2011-03-17,Train,0.025353725999593735,0.05086914367203521
2011-03-18,Train,0.024126281961798668,0.05528004186148539
2011-03-21,Train,0.01987387053668499,0.03189190013988608
2011-03-22,Train,0.02021581307053566,0.03104688372982078
2011-03-23,Train,0.01811673305928707,0.02782263978698496
2011-03-24,Train,0.003531368914991617,0.009171083787772316
2011-03-25,Train,0.0035175515804439783,0.001935267594234125
2011-03-28,Train,0.009777967818081379,0.004068628112558148
2011-03-29,Train,-0.000280153239145875,-0.01243873294313103
2011-03-30,Train,-0.002289232099428773,-0.008718396047135424
2011-03-31,Train,0.0007418600143864751,-0.01184050673101766
2011-04-01,Train,0.0007748338393867016,-0.01409672070135193
2011-04-04,Train,0.00029951712349429727,-0.01781037977319233
2011-04-05,Train,0.00031455449061468244,-0.009103649640886169
2011-04-06,Train,-0.0019394638948142529,0.01082785128809327
2011-04-07,Train,-0.002914979588240385,0.01957355658845272
2011-04-08,Train,0.003767595626413822,0.027041279980623
2011-04-11,Train,0.0019717973191291094,0.03629318946807492
2011-04-12,Train,0.0012977273436263204,0.05055884943801736
2011-04-13,Train,-0.001069852034561336,0.04010558760229399
2011-04-14,Train,0.004505334421992302,0.04105730098774774
2011-04-15,Train,0.013626202009618282,0.04095321504562355
2011-04-18,Train,0.008557227440178394,0.04337775336371519
2011-04-19,Train,0.006319214589893818,0.03533568999855086
2011-04-20,Train,-0.005086242686957121,0.006910810362821262
2011-04-21,Train,-0.005284193437546492,0.002228335066424725
2011-04-25,Train,-0.005353937391191721,0.003419335655717948
2011-04-26,Train,-0.004896379541605711,0.006290359296233117
2011-04-27,Train,-0.006146384868770838,-0.007767694861328445
2011-04-28,Train,-0.007234349846839905,-0.0003382455166985876
2011-04-29,Train,-0.0069259582087397575,-0.01134058840347563
2011-05-02,Train,-0.007955309003591537,-0.02662370124342184
2011-05-03,Train,-0.008294875733554363,-0.01925365956481251
2011-05-04,Train,-0.00804014503955841,-0.009556272579786085
2011-05-05,Train,-0.009580441750586033,-0.001201092935662285
2011-05-06,Train,-0.00770680233836174,-0.01197196422653046
2011-05-09,Train,-0.007276404649019241,-0.03015846820889467
2011-05-10,Train,-0.008803566917777061,-0.04426421680473758
2011-05-11,Train,-0.009844217449426651,-0.03352616511705941
2011-05-12,Train,-0.009200234897434711,-0.03332771443683813
2011-05-13,Train,-0.011739831417798996,-0.01677794118809173
2011-05-16,Train,-0.0017007719725370407,0.01672472228140687
2011-05-17,Train,-0.011577333323657513,-0.008165413646449515
2011-05-18,Train,-0.011635231785476208,-0.01430051374848684
2011-05-19,Train,-0.011395937763154507,-0.03195328362146821
2011-05-20,Train,-0.010779772885143757,-0.03254286053692734
2011-05-23,Train,-0.0068538305349648,-0.01985237684063168
2011-05-24,Train,-0.00644129840657115,-0.02085911811103902
2011-05-25,Train,-0.008712034672498703,-0.02289134030820394
2011-05-26,Train,-0.009898423217236996,-0.04375218807672765
2011-05-27,Train,-0.010239707306027412,-0.04858089675607924
2011-05-31,Train,-0.011045701801776886,-0.05174777974947453
2011-06-01,Train,-0.008249162696301937,-0.04904535346955363
2011-06-02,Train,-0.007657845038920641,-0.05471066777673628
2011-06-03,Train,0.00013775166007690132,-0.04543030395589875
2011-06-06,Train,0.00992145948112011,-0.03256395982643912
2011-06-07,Train,0.012231705710291862,-0.01003766560496966
2011-06-08,Train,0.013266977854073048,-0.0101100842167261
2011-06-09,Train,0.012943658977746964,-0.002703217180422546
2011-06-10,Train,0.01964700035750866,-0.004758388075356779
2011-06-13,Train,0.021764202043414116,0.01116399372557697
2011-06-14,Train,0.015053438022732735,0.0131911734771144
2011-06-15,Train,0.03126192092895508,0.03702336134900164
2011-06-16,Train,0.029290825128555298,0.05491858922793869
2011-06-17,Train,0.03256900608539581,0.07659414132293607
2011-06-20,Train,0.030991600826382637,0.076382487357598
2011-06-21,Train,0.03149516507983208,0.05721527926132874
2011-06-22,Train,0.033532094210386276,0.07951845066663621
2011-06-23,Train,0.02588108368217945,0.06667868840864877
2011-06-24,Train,0.03552249073982239,0.06583298907760571
2011-06-27,Train,0.031451430171728134,0.04108598113599404
2011-06-28,Train,0.01773083582520485,0.03014087098104601
2011-06-29,Train,0.012479307129979134,0.0140319880325559
2011-06-30,Train,0.00789936538785696,0.01402277384327921
2011-07-01,Train,0.00558647233992815,-0.006389206231388056
2011-07-05,Train,0.0026854239404201508,0.0111683454065441
2011-07-06,Train,0.0016496805474162102,0.003596490609141689
2011-07-07,Train,-0.0009321520919911563,-0.003378897666538205
2011-07-08,Train,-0.0010773191461339593,0.00965610209404466
2011-07-11,Train,0.012201412580907345,0.02622499105889187
2011-07-12,Train,0.014512375928461552,0.03668290322599899
2011-07-13,Train,0.013194715604186058,0.005713328266002682
2011-07-14,Train,0.010126285254955292,0.01926779595692873
2011-07-15,Train,-0.005074436776340008,0.002592939150136919
2011-07-18,Train,0.0023666785564273596,0.003302026828048144
2011-07-19,Train,-0.02831929922103882,-0.04384023930760095
2011-07-20,Train,-0.028195880353450775,-0.03054602640681936
2011-07-21,Train,-0.029605695977807045,-0.08170882136592539
2011-07-22,Train,-0.036743976175785065,-0.09681202669110467
2011-07-25,Train,-0.03696533292531967,-0.1494619949237846
2011-07-26,Train,-0.03719228878617287,-0.110682578745541
2011-07-27,Train,-0.03289379924535751,-0.1244620334523141
2011-07-28,Train,-0.036229029297828674,-0.08747207892614728
2011-07-29,Train,-0.035013191401958466,-0.07637931560647904
2011-08-01,Train,-0.02031637728214264,-0.05837517683365323
2011-08-02,Train,-0.011098064482212067,-0.04211833859258074
2011-08-03,Train,-0.02685350738465786,-0.05685617785876163
2011-08-04,Train,0.0014559165574610233,-0.05944244996950776
2011-08-05,Train,0.0030672946013510227,-0.07059266064459946
2011-08-08,Train,0.003514445386826992,-0.007511386973099166
2011-08-09,Train,-0.019973859190940857,-0.0141429382852033
2011-08-10,Train,0.018531549721956253,0.03598108522210608
2011-08-11,Train,-0.017088355496525764,-0.02391707494465101
2011-08-12,Train,-0.0164186954498291,-0.008213526772737567
2011-08-15,Train,-0.015046634711325169,0.004598969779120887
2011-08-16,Train,-0.00786963663995266,0.01985157077055888
2011-08-17,Train,-0.005259192548692226,0.02762223761960625
2011-08-18,Train,0.04971529543399811,0.07085378913237306
2011-08-19,Train,0.057461291551589966,0.06496102497098
2011-08-22,Train,0.05375922843813896,0.06134239966571076
2011-08-23,Train,0.03070068359375,0.04514155825279276
2011-08-24,Train,0.02721145935356617,0.03226420207340275
2011-08-25,Train,0.030911242589354515,0.02604666074528716
2011-08-26,Train,0.023779813200235367,0.01373987441295998
2011-08-29,Train,0.0006032328237779438,-0.0005493275766634831
2011-08-30,Train,0.0004942687228322029,0.007094767709438399
2011-08-31,Train,-0.00034479197347536683,0.02034142578914033
2011-09-01,Train,0.005525627639144659,0.03720672155794014
2011-09-02,Train,0.044989872723817825,0.06250003579858632
2011-09-06,Train,0.029162883758544922,0.05760930084596216
2011-09-07,Train,-0.011912592686712742,0.01354322267080743
2011-09-08,Train,-0.01251488272100687,-0.01489239874394832
2011-09-09,Train,0.011711010709404945,0.01823996267650863
2011-09-12,Train,0.0011382678057998419,0.01708128775565765
2011-09-13,Train,0.003665525233373046,0.01410766979176414
2011-09-14,Train,-0.011610140092670918,-0.01499280747658605
2011-09-15,Train,-0.014140077866613865,-0.04093982243799754
2011-09-16,Train,-0.02103681117296219,-0.07245093590856966
2011-09-19,Train,-0.016125096008181572,-0.09662605832409932
2011-09-20,Train,-0.014926551841199398,-0.07398867882334048
2011-09-21,Train,-0.002241868991404772,-0.03340560225961231
2011-09-22,Train,0.010629938915371895,0.01586409938546218
2011-09-23,Train,0.021014966070652008,-0.001477411427522335
2011-09-26,Train,0.02135208249092102,0.02117560922346184
2011-09-27,Train,0.010694128461182117,0.01752486445246504
2011-09-28,Train,0.02284073643386364,0.03796075080071559
2011-09-29,Train,0.03100532479584217,0.06013358944951608
2011-09-30,Train,0.0650424137711525,0.1084015706755677
2011-10-03,Train,0.07010166347026825,0.1200625628261403
2011-10-04,Train,0.054392848163843155,0.1111324622413303
2011-10-05,Train,0.04036618396639824,0.06239492301052807
2011-10-06,Train,0.027828961610794067,0.0396839947694565
2011-10-07,Train,0.029024623334407806,0.05973736934467766
2011-10-10,Train,0.007355429697781801,0.04558461055342766
2011-10-11,Train,0.009799237363040447,0.01811080368058682
2011-10-12,Train,0.0025088791735470295,0.01183749119620425
2011-10-13,Train,0.00036885598092339933,0.03028710739822205
2011-10-14,Train,-0.01004864927381277,0.01306287929781247
2011-10-17,Train,-0.011459668166935444,0.01169696225420913
2011-10-18,Train,-0.01811414211988449,-0.02672879818752216
2011-10-19,Train,-0.007238060235977173,0.0008791847722808832
2011-10-20,Train,0.0025016043800860643,0.02668312983675003
2011-10-21,Train,-0.00861744862049818,0.008726003606586596
2011-10-24,Train,-0.008772078901529312,-0.004787187313369912
2011-10-25,Train,0.0024595563299953938,0.02685735806468847
2011-10-26,Train,0.0044919331558048725,-0.008032112463695618
2011-10-27,Train,-0.010703415609896183,-0.03517416734912049
2011-10-28,Train,-0.009625431150197983,-0.01849338612121976
2011-10-31,Train,-0.0038036969490349293,-0.00793786157750731
2011-11-01,Train,-0.002828575437888503,0.02994334660749787
2011-11-02,Train,-0.012303153052926064,0.004392129445576654
2011-11-03,Train,-0.017187705263495445,-0.03907051123379135
2011-11-04,Train,-0.014906290918588638,-0.04152245229862905
2011-11-07,Train,-0.01185287069529295,-0.06648340478873282
2011-11-08,Train,-0.009908376261591911,-0.07404892206621572
2011-11-09,Train,-0.01795838586986065,-0.06196092893281613
2011-11-10,Train,-0.01913287118077278,-0.06868611826394855
2011-11-11,Train,-0.019492680206894875,-0.05410539906614098
2011-11-14,Train,-0.007186500355601311,-0.05409637362241426
2011-11-15,Train,-0.007914579473435879,-0.02993293732143421
2011-11-16,Train,-0.0020270878449082375,-0.006821749206566974
2011-11-17,Train,0.01299833133816719,0.01415004612073378
2011-11-18,Train,0.011450845748186111,0.03321299822940205
2011-11-21,Train,0.022251851856708527,0.05042329169622395
2011-11-22,Train,0.02470366097986698,0.04695527057587312
2011-11-23,Train,0.043272219598293304,0.05310561020337379
2011-11-25,Train,0.0576949417591095,0.07829045586280658
2011-11-28,Train,0.03138599172234535,0.03033625384467387
2011-11-29,Train,0.03306474909186363,0.02537692582406192
2011-11-30,Train,0.005121339578181505,-0.02660046136257554
2011-12-01,Train,-0.0003464598557911813,-0.0359280934252838
2011-12-02,Train,-0.004615171812474728,-0.03108439340753999
2011-12-05,Train,-0.007394510321319103,-0.05101331058732406
2011-12-06,Train,0.003964199684560299,-0.02014718796405579
2011-12-07,Train,0.006954255513846874,-0.03416259110697062
2011-12-08,Train,0.01503052469342947,-0.009265867207068568
2011-12-09,Train,0.009747159667313099,-0.01648541948724236
2011-12-12,Train,0.015005378983914852,-0.002483139180492366
2011-12-13,Train,0.012839123606681824,-0.003048747741437152
2011-12-14,Train,0.018465081229805946,0.02004012208143346
2011-12-15,Train,0.026205409318208694,0.01991231492812817
2011-12-16,Train,0.034026216715574265,0.03718557952663271
2011-12-19,Train,0.03437381982803345,0.05191457493864671
2011-12-20,Train,0.027701612561941147,0.03003755222615845
2011-12-21,Train,0.04590686410665512,0.04861237535374863
2011-12-22,Train,0.04202447086572647,0.03633094448201968
2011-12-23,Train,0.03963642194867134,0.03495005386014971
2011-12-27,Train,0.038311075419187546,0.03413936898370395
2011-12-28,Train,0.04052586480975151,0.05036875749909853
2011-12-29,Train,0.03993421420454979,0.03911410182277653
2011-12-30,Train,0.04179861769080162,0.05158511837655011
2012-01-03,Train,0.027831196784973145,0.04551845488808848
2012-01-04,Train,0.029339898377656937,0.04760240199085275
2012-01-05,Train,0.03234477341175079,0.03749348766755589
2012-01-06,Train,0.024079270660877228,0.03425012100330305
2012-01-09,Train,0.022934235632419586,0.03575149967854463
2012-01-10,Train,0.030758032575249672,0.04117848642226751
2012-01-11,Train,0.03341555595397949,0.03541955602984204
2012-01-12,Train,0.02760177105665207,0.03442373963420198
2012-01-13,Train,0.03183057904243469,0.03901685193978466
2012-01-17,Train,0.032226335257291794,0.03099982495665832
2012-01-18,Train,0.028996136039495468,0.02571858692434148
2012-01-19,Train,0.028316499665379524,0.02255259706575474
2012-01-20,Train,0.030279839411377907,0.03814620648878919
2012-01-23,Train,0.029450008645653725,0.03696268691473992
2012-01-24,Train,0.024735620245337486,0.04105229139429101
2012-01-25,Train,0.02278759703040123,0.03359256609374883
2012-01-26,Train,0.024399571120738983,0.04466952129161017
2012-01-27,Train,0.017317088320851326,0.03427151726043109
2012-01-30,Train,0.018479149788618088,0.04301072690333352
2012-01-31,Train,0.01630287803709507,0.04427557176975228
2012-02-01,Train,0.01616329327225685,0.02867912138432871
2012-02-02,Train,0.01522213127464056,0.03953605652407965
2012-02-03,Train,0.01271025650203228,0.02224014641552174
2012-02-06,Train,0.014684697613120079,0.02596775177986399
2012-02-07,Train,0.014148975722491741,0.01915336562451286
2012-02-08,Train,0.013006751425564289,0.02049315742485081
2012-02-09,Train,0.0156599972397089,0.01669049816574963
2012-02-10,Train,0.015680622309446335,0.02529216904402842
2012-02-13,Train,0.015292457304894924,0.02616967059710573
2012-02-14,Train,0.014798971824347973,0.01898441061568534
2012-02-15,Train,0.014963651075959206,0.03425199451174632
2012-02-16,Train,0.014364024624228477,0.01948768910343701
2012-02-17,Train,0.014655412174761295,0.0121393132486487
2012-02-21,Train,0.014507099986076355,-0.0006288463314498838
2012-02-22,Train,0.014345873147249222,0.01168663719734697
2012-02-23,Train,0.012865842320024967,0.01584559609251479
2012-02-24,Train,0.013121685944497585,0.01657282010266758
2012-02-27,Train,0.012034550309181213,0.01561280175415325
2012-02-28,Train,0.012647602707147598,0.02411136416646564
2012-02-29,Train,0.012668036855757236,0.03229303032758191
2012-03-01,Train,0.013271964155137539,0.02711032325740836
2012-03-02,Train,0.013472925871610641,0.02543539119198379
2012-03-05,Train,0.01770767942070961,0.04345796025156567
2012-03-06,Train,0.020094450563192368,0.05568665931290795
2012-03-07,Train,0.019518645480275154,0.04776780057147811
2012-03-08,Train,0.01872674562036991,0.03444020628468869
2012-03-09,Train,0.014829039573669434,0.02952946627911879
2012-03-12,Train,0.01644129864871502,0.04704069815583289
2012-03-13,Train,0.011585468426346779,0.02942947306631538
2012-03-14,Train,0.006934124976396561,0.02180786019286107
2012-03-15,Train,0.007221403531730175,0.01499700053124298
2012-03-16,Train,0.008684083819389343,0.01548416206660708
2012-03-19,Train,0.007807591464370489,0.01880880991805367
2012-03-20,Train,0.005549565888941288,0.01668905880488514
2012-03-21,Train,0.005685166455805302,0.002681768441747279
2012-03-22,Train,0.007668999955058098,0.01104804160468786
2012-03-23,Train,-0.0005819861544296145,0.004033412507009393
2012-03-26,Train,-0.007096512243151665,-0.02907067008060882
2012-03-27,Train,-0.01067380141466856,-0.02580269989522865
2012-03-28,Train,-0.008190636523067951,-0.01074482382545061
2012-03-29,Train,-0.007151415571570396,-0.02201533476730178
2012-03-30,Train,-0.006511578802019358,-0.03108817185258406
2012-04-02,Train,-0.009708822704851627,-0.0215384794242216
2012-04-03,Train,-0.008564045652747154,-0.02374326054341902
2012-04-04,Train,-0.008393864147365093,-0.02139676636119614
2012-04-05,Train,-0.008240514434874058,-0.03012405314168365
2012-04-09,Train,-0.01041418220847845,-0.03169167210880164
2012-04-10,Train,-0.00207679346203804,-0.02117033047981887
2012-04-11,Train,-0.004178146831691265,0.0
2012-04-12,Train,-0.008143655024468899,-0.005505174105373767
2012-04-13,Train,-0.005357882473617792,0.01586335373371184
2012-04-16,Train,-0.004405040759593248,0.02001535903850749
2012-04-17,Train,-0.008184471167623997,0.001347768327798482
2012-04-18,Train,-0.00755819259211421,0.006755696503810693
2012-04-19,Train,-0.008119828067719936,0.007439991789075728
2012-04-20,Train,-0.0077005913481116295,-0.01492087929933161
2012-04-23,Train,-0.003598153358325362,-0.004917020372170899
2012-04-24,Train,-0.001822837395593524,-0.003244348879594017
2012-04-25,Train,-0.014813288114964962,-0.03205413621127806
2012-04-26,Train,-0.012643576599657536,-0.03964682887006876
2012-04-27,Train,-0.016262035816907883,-0.0455085909549463
2012-04-30,Train,-0.015047091990709305,-0.04763331640832891
2012-05-01,Train,-0.01925750821828842,-0.05234041679288193
2012-05-02,Train,-0.019430046901106834,-0.06143750494898115
2012-05-03,Train,-0.018407272174954414,-0.07143930629656758
2012-05-04,Train,-0.00186178891453892,-0.06012358204689006
2012-05-07,Train,-0.0036639454774558544,-0.03474372669049808
2012-05-08,Train,-0.0030709714628756046,-0.03223803664876579
2012-05-09,Train,-0.001860323827713728,-0.02736315811386469
2012-05-10,Train,-0.003583673620596528,-0.03178066424579895
2012-05-11,Train,0.000465122313471511,-0.03287629480084941
2012-05-14,Train,0.0002905776200350374,-0.01132433469593663
2012-05-15,Train,0.003998222295194864,-0.01641150573393491
2012-05-16,Train,0.003699496854096651,-0.01398152641593065
2012-05-17,Train,0.00943273026496172,-0.0194773697622368
2012-05-18,Train,0.022249577566981316,0.0009866396520112897
2012-05-21,Train,0.009361637756228447,-0.02223643300226452
2012-05-22,Train,0.003227000357583165,0.001281259333988372
2012-05-23,Train,0.0026756534352898598,-0.004635564404753323
2012-05-24,Train,0.00525645213201642,0.01158483327962689
2012-05-25,Train,0.009419244714081287,-0.004188792054317991
2012-05-29,Train,0.008930985815823078,-0.004772498156978111
2012-05-30,Train,0.010466749779880047,-0.003208739885513845
2012-05-31,Train,0.013766366988420486,0.004834019181792382
2012-06-01,Train,0.019142894074320793,0.04270819131884518
2012-06-04,Train,0.02180313691496849,0.04452115897361009
2012-06-05,Train,0.019694169983267784,0.05104710383522515
2012-06-06,Train,0.01825731247663498,0.02831094761362674
2012-06-07,Train,0.01844974048435688,0.006744791486394508
2012-06-08,Train,0.01665118709206581,0.007634794820918778
2012-06-11,Train,0.02175041288137436,0.005177150747686099
2012-06-12,Train,0.019962072372436523,-0.0006394008096108905
2012-06-13,Train,0.022543134167790413,0.01239337589773237
2012-06-14,Train,0.02183711528778076,-0.002565744801893866
2012-06-15,Train,0.01853124424815178,0.01857440788166453
2012-06-18,Train,0.015085523016750813,0.01211067349624262
2012-06-19,Train,0.012982512824237347,0.01011833044044197
2012-06-20,Train,0.012410326860845089,0.0099548822606077
2012-06-21,Train,0.018683776259422302,0.02281072182483346
2012-06-22,Train,0.014036716893315315,0.0102604821078951
2012-06-25,Train,0.019408704712986946,0.01995811753503873
2012-06-26,Train,0.015158632770180702,0.00799744076038178
2012-06-27,Train,0.013134298846125603,-0.00747219728619164
2012-06-28,Train,0.01883849874138832,0.01897106576691332
2012-06-29,Train,0.01475370954722166,-0.01496263784873919
2012-07-02,Train,0.014838178642094135,-0.01274280830253616
2012-07-03,Train,0.011302127502858639,-0.007705347583648825
2012-07-05,Train,0.01191742718219757,0.002618176007181727
2012-07-06,Train,0.01718323491513729,0.001871414723136455
2012-07-09,Train,0.016424788162112236,-0.008437514305114746
2012-07-10,Train,0.0178790632635355,-0.006469936157846745
2012-07-11,Train,0.02159820683300495,-0.007616622322274114
2012-07-12,Train,0.023677561432123184,0.0150568416164345
2012-07-13,Train,0.019509926438331604,0.02350901945971051
2012-07-16,Train,0.02045614831149578,0.02563289418241177
2012-07-17,Train,0.01974349655210972,0.01999062327819234
2012-07-18,Train,0.013878509402275085,0.00341669859898297
2012-07-19,Train,0.01277646142989397,-0.01105992684453505
2012-07-20,Train,0.013710109516978264,0.02117062041682582
2012-07-23,Train,0.020764054730534554,0.04160099949157403
2012-07-24,Train,0.020231926813721657,0.05860868003596087
2012-07-25,Train,0.020807819440960884,0.06523827584469566
2012-07-26,Train,0.015527784824371338,0.05444217801940932
2012-07-27,Train,0.011186577379703522,0.03067670386177657
2012-07-30,Train,0.009865142405033112,0.03394009501079731
2012-07-31,Train,0.009768564254045486,0.03472222058697838
2012-08-01,Train,0.01106074545532465,0.0403962325599081
2012-08-02,Train,0.011437523178756237,0.05653929085023668
2012-08-03,Train,0.008814852684736252,0.04146343420687959
2012-08-06,Train,0.007961800321936607,0.0350983320481093
2012-08-07,Train,0.007939391769468784,0.02250562589135985
2012-08-08,Train,0.006907635368406773,0.02716898054596095
2012-08-09,Train,0.007062586955726147,0.01571390386940008
2012-08-10,Train,0.008332089520990849,0.02138797924202196
2012-08-13,Train,0.007082334719598293,0.02059094228491376
2012-08-14,Train,0.007431383244693279,0.02013420451418901
2012-08-15,Train,0.004873417317867279,0.01755430353685195
2012-08-16,Train,0.005056619644165039,-0.004557447425651229
2012-08-17,Train,0.0030692655127495527,-0.00234186231600586
2012-08-20,Train,0.0032046306878328323,-0.004823178016459928
2012-08-21,Train,0.003888517851009965,-0.001907628465175226
2012-08-22,Train,0.0005768499686382711,0.0160747986148686
2012-08-23,Train,0.0032603181898593903,0.0229850817071362
2012-08-24,Train,-0.006587746553122997,0.003660858056060645
2012-08-27,Train,-0.007400295697152615,0.0004385786349072607
2012-08-28,Train,-0.002532448386773467,0.003362510561524479
2012-08-30,Train,-0.0011692557018250227,0.03647912057452007
2012-08-31,Train,-0.0022497004829347134,0.03007622230370988
2012-09-04,Train,-0.0017486285651102662,0.03201645502164108
2012-09-05,Train,-0.0023380224592983723,0.03498978242091844
2012-09-06,Train,-0.002594809513539076,0.01150586891705818
2012-09-07,Train,-0.0017079465324059129,0.01037017452885491
2012-09-10,Train,-0.0014540584525093436,0.01750797975216156
2012-09-11,Train,-0.0011033086339011788,0.004822473032047192
2012-09-12,Train,-0.0024491488002240658,-0.006265486265255027
2012-09-13,Train,-0.0024458379484713078,-0.006037926734996368
2012-09-14,Train,-0.0020824242383241653,-0.02294101743161181
2012-09-17,Train,-0.0054487017914652824,-0.0247827643705858
2012-09-18,Train,-0.005982286296784878,-0.02276929771675129
2012-09-19,Train,-0.007685917429625988,-0.01832387624385412
2012-09-20,Train,-0.008306069299578667,-0.01393435705131552
2012-09-21,Train,-0.0091224554926157,-0.01667851950813848
2012-09-24,Train,-0.008825376629829407,-0.01993116478672208
2012-09-25,Train,-0.009214942343533039,-0.02181500804825642
2012-09-26,Train,-0.00827661994844675,-0.0187683113867041
2012-09-27,Train,-0.006618549581617117,-0.03514608514068918
2012-09-28,Train,-0.00824127160012722,-0.02756306545223886
2012-10-01,Train,-0.0066515496000647545,-0.01898646164131701
2012-10-02,Train,-0.0074499137699604034,-0.008009253488112211
2012-10-03,Train,-0.008255262859165668,-0.01490375879323314
2012-10-04,Train,-0.008388988673686981,-0.02970436343069949
2012-10-05,Train,-0.007764327339828014,-0.04783999552279106
2012-10-08,Train,-0.008413394913077354,-0.03408927407565165
2012-10-09,Train,-0.006961160805076361,-0.02780259719282296
2012-10-10,Train,-0.005880809389054775,-0.0262999784069432
2012-10-11,Train,-0.009832958690822124,-0.02323482901567087
2012-10-12,Train,-0.010493376292288303,-0.01994603816688123
2012-10-15,Train,-0.0124386977404356,-0.03305048803365163
2012-10-16,Train,-0.013250710442662239,-0.03302994582032504
2012-10-17,Train,-0.01444322895258665,-0.04274388342895108
2012-10-18,Train,-0.007931512780487537,-0.02511520907137155
2012-10-19,Train,0.0024275947362184525,0.0006090273346754937
2012-10-22,Train,0.0019547250121831894,-0.02802178988470738
2012-10-23,Train,0.0006478650029748678,-0.03410306718230904
2012-10-24,Train,0.0014603957533836365,-0.02655008071983267
2012-10-25,Train,-0.012912610545754433,-0.02670358188110233
2012-10-26,Train,-0.013627730309963226,-0.03626624310975768
2012-10-31,Train,-0.010179823264479637,-0.041724332518983
2012-11-01,Train,-0.012268824502825737,-0.05829670270485021
2012-11-02,Train,-0.0067839291878044605,-0.04403865294647769
2012-11-05,Train,-0.014007411897182465,-0.02774389843228731
2012-11-06,Train,-0.00775153236463666,-0.0292148805231266
2012-11-07,Train,0.005024767946451902,-0.00374003226769104
2012-11-08,Train,0.012695920653641224,0.02754910833867097
2012-11-09,Train,0.010465133935213089,0.02758946857292077
2012-11-12,Train,0.011805248446762562,0.02428257584342597
2012-11-13,Train,0.012978480197489262,0.04033021783569057
2012-11-14,Train,0.015776777639985085,0.05896532591052761
2012-11-15,Train,0.02707722783088684,0.06077711343949299
2012-11-16,Train,0.022076113149523735,0.05409308143105163
2012-11-19,Train,0.008195494301617146,0.02900593461161383
2012-11-20,Train,0.009778224863111973,0.01724141539141866
2012-11-21,Train,0.006346455309540033,0.02174252124218912
2012-11-23,Train,0.0060693309642374516,0.0004622307949393445
2012-11-26,Train,0.008651647716760635,-0.0009204903085737737
2012-11-27,Train,0.00779014453291893,0.01554806266110131
2012-11-28,Train,0.005866930354386568,0.004731459155547624
2012-11-29,Train,0.0032323573250323534,-0.009103414810771149
2012-11-30,Train,0.003256198950111866,-0.01686930940532694
2012-12-03,Train,-0.002808359917253256,-0.001827244107404979
2012-12-04,Train,0.00037790939677506685,0.01401806851808041
2012-12-05,Train,0.004792727995663881,0.02095532478237705
2012-12-06,Train,0.002649094210937619,0.01439072942127906
2012-12-07,Train,0.0009562275372445583,0.004158272628945081
2012-12-10,Train,0.0007999535882845521,-0.000767860099029849
2012-12-11,Train,-0.0014683171175420284,-0.02228287393515771
2012-12-12,Train,-0.004611690063029528,-0.02172262289838178
2012-12-13,Train,-0.0009102890617214143,-0.02342671622249282
2012-12-14,Train,0.006491291336715221,0.006801589046317558
2012-12-17,Train,0.0017280445899814367,0.02517153042970199
2012-12-18,Train,-0.001718830899335444,0.004507819813771796
2012-12-19,Train,0.0013828739756718278,0.005583988911240789
2012-12-20,Train,0.002979152137413621,0.005885894613263165
2012-12-21,Train,0.0048411074094474316,0.02024539504000411
2012-12-24,Train,0.012449750676751137,0.02612566399592908
2012-12-26,Train,0.014977062121033669,0.04139532044876448
2012-12-27,Train,0.012716188095510006,0.0444099463134684
2012-12-28,Train,0.016949398443102837,0.04985889567323132
2012-12-31,Train,0.006221938878297806,0.02303086232544382
2013-01-02,Train,0.0006319342646747828,-0.004464217797425452
2013-01-03,Train,0.009054221212863922,0.005534820568848131
2013-01-04,Train,0.005928508937358856,0.00660366891105757
2013-01-07,Train,0.004015097860246897,0.00795196949982202
2013-01-08,Train,0.00545572629198432,0.01608538407729676
2013-01-09,Train,0.007049402687698603,-0.001647341418107628
2013-01-10,Train,0.005892869550734758,-0.002530864576142045
2013-01-11,Train,0.0038126069121062756,-0.001635453566129264
2013-01-14,Train,0.00285641779191792,0.002986926230157172
2013-01-15,Train,0.007410130929201841,0.005853210351564719
2013-01-16,Train,0.008008298464119434,-0.0004484122363624943
2013-01-17,Train,0.0063446941785514355,0.006545707132042278
2013-01-18,Train,0.006173787172883749,-0.008796724922844334
2013-01-22,Train,0.0073424275033175945,0.004167888925646457
2013-01-23,Train,0.0023549534380435944,-0.005178258515822542
2013-01-24,Train,0.005022446624934673,0.009600950412371745
2013-01-25,Train,0.006765594240278006,0.01477608751894821
2013-01-28,Train,0.006515838671475649,0.01280715697407886
2013-01-29,Train,0.004977173637598753,0.00848718975198337
2013-01-30,Train,0.00299119483679533,0.01417494218473681
2013-01-31,Train,0.006730473600327969,0.01615065286826778
2013-02-01,Train,0.006426932290196419,0.001330126116162456
2013-02-04,Train,0.004334595520049334,0.02647404359152117
2013-02-05,Train,0.0037273047491908073,-0.004002322068346276
2013-02-06,Train,0.00268536782823503,-0.01145146739335778
2013-02-07,Train,0.000722881406545639,-0.002377468868557386
2013-02-08,Train,0.005854093004018068,-0.02470952137021643
2013-02-11,Train,0.005277554038912058,-0.02132046069829885
2013-02-12,Train,0.005751433782279491,-0.00723468874764055
2013-02-13,Train,0.005402301903814077,-0.0127998047808926
2013-02-14,Train,0.007101413793861866,-0.00838851685686448
2013-02-15,Train,0.007537004072219133,-0.001033205827663752
2013-02-19,Train,0.007251698989421129,0.006447867162666876
2013-02-20,Train,0.009356222115457058,0.0196457753662882
2013-02-21,Train,0.01275085099041462,0.03339854340203718
2013-02-22,Train,0.010080523788928986,0.02427758814768888
2013-02-25,Train,0.014269685372710228,0.04011466988456625
2013-02-26,Train,0.012944674119353294,0.03245197928692667
2013-02-27,Train,0.009773550555109978,0.02067221049686263
2013-02-28,Train,0.009283065795898438,0.02622954062971039
2013-03-01,Train,0.008084926754236221,0.01677062821125563
2013-03-04,Train,0.008429130539298058,0.01004728578767122
2013-03-05,Train,0.008266891352832317,-0.006552081337254712
2013-03-06,Train,0.008284788578748703,0.002919237220931681
2013-03-07,Train,0.007662688381969929,-0.01106423219126773
2013-03-08,Train,0.0047570099122822285,-0.002617424952192859
2013-03-11,Train,0.004644093569368124,-0.009134476898100874
2013-03-12,Train,0.0016538137570023537,-0.0001455491276600718
2013-03-13,Train,0.0029975089710205793,0.002477135438488931
2013-03-14,Train,0.00207535526715219,0.001597452938956634
2013-03-15,Train,0.0036707522813230753,-0.0001459952695750388
2013-03-18,Train,0.0044303466565907,0.009947341999771986
2013-03-19,Train,0.006511216517537832,0.002638140060379879
2013-03-20,Train,0.0032695855479687452,-0.00407508052725547
2013-03-21,Train,0.006595879793167114,-0.001030468048134003
2013-03-22,Train,0.0033492192160338163,-0.005394301457093187
2013-03-25,Train,0.005321891978383064,0.004975182696880687
2013-03-26,Train,0.004930283408612013,0.01906560291149506
2013-03-27,Train,0.004117599222809076,0.0172964354538836
2013-03-28,Train,0.003786505665630102,0.01406410328454455
2013-04-01,Train,0.003998915199190378,0.0008758767677918833
2013-04-02,Train,0.0017829950666055083,0.006228277802341031
2013-04-03,Train,0.0063722142949700356,-0.004385368158136504
2013-04-04,Train,0.00508770952001214,-0.0184130079002085
2013-04-05,Train,0.007550196722149849,0.003389267985122624
2013-04-08,Train,0.007976203225553036,0.008355316397315349
2013-04-09,Train,0.005075883585959673,0.01121136633146436
2013-04-10,Train,-0.001163508859463036,-0.008568958910118774
2013-04-11,Train,0.00039287121035158634,-0.002857507563173045
2013-04-12,Train,0.00039287121035158634,-0.005290287870550303
2013-04-15,Train,0.011417573317885399,0.02406653419829485
2013-04-16,Train,0.007851986214518547,0.01799337812056168
2013-04-17,Train,0.023884408175945282,0.0334752423853355
2013-04-18,Train,0.030807653442025185,0.0611880411253567
2013-04-19,Train,0.02548789046704769,0.05918646828372331
2013-04-22,Train,0.022763993591070175,0.05247856610417223
2013-04-23,Train,0.023512404412031174,0.04190070251951283
2013-04-24,Train,0.02272734045982361,0.04739269666243096
2013-04-25,Train,0.021195024251937866,0.04040693018814401
2013-04-26,Train,0.02264242433011532,0.05002160948970791
2013-04-29,Train,0.021231025457382202,0.04173195190688683
2013-04-30,Train,0.02039480023086071,0.03959269476855698
2013-05-01,Train,0.020787840709090233,0.04659751112001342
2013-05-02,Train,0.019139913842082024,0.0324073737114694
2013-05-03,Train,0.008005927316844463,0.03022740186014627
2013-05-06,Train,0.007910673506557941,0.02472376903041251
2013-05-07,Train,0.012563096359372139,0.02639574373416465
2013-05-08,Train,0.008275782689452171,0.01251552294825586
2013-05-09,Train,0.011703121475875378,0.01156860392273384
2013-05-10,Train,0.008762028068304062,0.004928139566215961
2013-05-13,Train,0.004421804565936327,0.01025430689443163
2013-05-14,Train,0.0034203517716377974,0.000272092945788005
2013-05-15,Train,0.0007204790017567575,0.003529281155053354
2013-05-16,Train,0.00037180824438109994,-0.00462014342723327
2013-05-17,Train,0.0001277038099942729,-0.01238231171671633
2013-05-20,Train,0.0002730145934037864,-0.0160399299399685
2013-05-21,Train,-0.00013022756320424378,-0.02989085352969167
2013-05-22,Train,0.0008013877086341381,-0.01657159977163636
2013-05-23,Train,0.005074707791209221,-0.0008168490277273843
2013-05-24,Train,0.005253750830888748,0.0001361463879219205
2013-05-28,Train,0.002041738945990801,-0.01624031612064547
2013-05-29,Train,0.004363736603409052,-0.02298072369277626
2013-05-30,Train,0.003149185096845031,-0.01582575631158767
2013-05-31,Train,0.0032123751007020473,-0.01324233748400172
2013-06-03,Train,0.0022059748880565166,-0.005450993614826594
2013-06-04,Train,0.0032286206260323524,0.007945230562393046
2013-06-05,Train,0.00765994330868125,0.009854254745313762
2013-06-06,Train,0.00744996964931488,-0.01892268947110909
2013-06-07,Train,0.0018876773538067937,-0.04033245822441256
2013-06-10,Train,0.0009611400892026722,-0.050258715663827
2013-06-11,Train,0.005526580382138491,-0.03370483553926984
2013-06-12,Train,0.00978606566786766,-0.0136394676179713
2013-06-13,Train,0.0047993529587984085,-0.02185272018420437
2013-06-14,Train,0.006915283389389515,-0.01397346642623021
2013-06-17,Train,0.0069738770835101604,-0.0174020856953041
2013-06-18,Train,0.0033307711128145456,-0.02500684862049807
2013-06-19,Train,0.005815528333187103,-0.0100330309991854
2013-06-20,Train,0.022518126294016838,0.02182180879059215
2013-06-21,Train,0.021440614014863968,0.03152067600573294
2013-06-24,Train,0.026599323377013206,0.04818575676467307
2013-06-25,Train,0.026473570615053177,0.0465547319463635
2013-06-26,Train,0.027926407754421234,0.05785238204070531
2013-06-27,Train,0.028425388038158417,0.0580301389499629
2013-06-28,Train,0.02592502534389496,0.05893089343992997
2013-07-01,Train,0.023994270712137222,0.05103895842751283
2013-07-02,Train,0.0236557237803936,0.05324783675179634
2013-07-03,Train,0.021826697513461113,0.04636962409952372
2013-07-05,Train,0.015931108966469765,0.02769350311556384
2013-07-08,Train,0.017091814428567886,0.02973153458152966
2013-07-09,Train,0.014348899945616722,0.01600774192039878
2013-07-10,Train,0.014329468831419945,0.01346752598285672
2013-07-11,Train,0.006197044625878334,0.0
2013-07-12,Train,0.006655124481767416,0.0009296107833633993
2013-07-15,Train,0.0045424653217196465,-0.003180043194483173
2013-07-16,Train,0.0014120788546279073,0.003449575392880488
2013-07-17,Train,0.0015648538246750832,0.002779236252751449
2013-07-18,Train,0.002982277190312743,0.01552339294558891
2013-07-19,Train,0.004432150162756443,0.03190782946323178
2013-07-22,Train,0.007853587158024311,0.02954149387241611
2013-07-23,Train,0.012070662342011929,0.0309721970939878
2013-07-24,Train,0.010312582366168499,0.02577178750262155
2013-07-25,Train,0.005763581488281488,0.02440978793194049
2013-07-26,Train,0.008219778537750244,0.014859958556102
2013-07-29,Train,0.009765471331775188,0.01914123019747271
2013-07-30,Train,0.008931547403335571,0.01943674830209896
2013-07-31,Train,0.008965014480054379,0.01372576166825668
2013-08-01,Train,0.0026944964192807674,-0.01345699982984871
2013-08-02,Train,0.003729088930413127,-0.01935816344210683
2013-08-05,Train,0.004578271880745888,-0.02168265699470984
2013-08-06,Train,0.000906999281141907,-0.01149421736520406
2013-08-07,Train,-0.007950421422719955,-0.01308558000471616
2013-08-08,Train,-0.003171234857290983,-0.0083333250549108
2013-08-09,Train,-0.00719137629494071,0.002353252846161169
2013-08-12,Train,-0.002425908809527755,0.0005217284007128509
2013-08-13,Train,-0.0027349721640348434,-0.02542151910846713
2013-08-14,Train,-0.0015548288356512785,-0.01796637543654722
2013-08-15,Train,0.007291688583791256,0.005959434982273359
2013-08-16,Train,0.006073333788663149,-0.0001325137226501072
2013-08-19,Train,0.009155543521046638,0.007299310721906815
2013-08-20,Train,0.007130973041057587,0.01360992039037345
2013-08-21,Train,0.00972925778478384,0.01882787328852009
2013-08-22,Train,0.007563062012195587,0.01011024955411721
2013-08-23,Train,0.008713128976523876,0.01512982509212102
2013-08-26,Train,0.007326026912778616,0.01955416527053022
2013-08-27,Train,0.013164354488253593,0.03886076913313863
2013-08-28,Train,0.013512331992387772,0.03420392178995724
2013-08-29,Train,0.011037115938961506,0.02764610978714943
2013-08-30,Train,0.01309108454734087,0.03153567265035484
2013-09-03,Train,0.014816499315202236,0.03254283492815158
2013-09-04,Train,0.00991634838283062,0.03389386657739357
2013-09-05,Train,0.007202045992016792,0.03461743608644219
2013-09-06,Train,0.008626053109765053,0.02677755817524874
2013-09-09,Train,0.005491387099027634,0.01284851569412382
2013-09-10,Train,0.006097079254686832,0.007927410226822529
2013-09-11,Train,0.007174136117100716,0.006405329434255869
2013-09-12,Train,0.007361169904470444,0.01486983721252977
2013-09-13,Train,0.011111609637737274,0.01293879282371657
2013-09-16,Train,0.010899786837399006,0.01323055619120228
2013-09-17,Train,0.009444130584597588,0.01671554820317889
2013-09-18,Train,0.0072271148674190044,0.004287025315238058
2013-09-19,Train,0.00665441295132041,-0.009811305399960668
2013-09-20,Train,0.0050220428965985775,0.005190576948951087
2013-09-23,Train,0.0021407080348581076,-0.001141747623931932
2013-09-24,Train,0.009869012050330639,-0.02042370383045344
2013-09-25,Train,0.012048511765897274,-0.0201119431105089
2013-09-26,Train,0.010895838961005211,-0.007073355709807383
2013-09-27,Train,0.012600976973772049,0.002023569782811707
2013-09-30,Train,0.015152452513575554,0.0115365579842226
2013-10-01,Train,0.008742990903556347,-0.002510001850855925
2013-10-02,Train,0.008843840099871159,0.009165043484674396
2013-10-03,Train,0.013787235133349895,0.02693083186373157
2013-10-04,Train,0.009456226602196693,0.03463476003969213
2013-10-07,Train,0.014760111458599567,0.04559314280775495
2013-10-08,Train,0.020021751523017883,0.06772851132948277
2013-10-09,Train,0.018886122852563858,0.06456213788747456
2013-10-10,Train,0.01145313773304224,0.04706776389154443
2013-10-11,Train,0.012428175657987595,0.04632081299317714
2013-10-14,Train,0.0113889891654253,0.03922793855750983
2013-10-15,Train,0.012602901086211205,0.04504270320149462
2013-10-16,Train,0.008942446671426296,0.03234643185316943
2013-10-17,Train,0.009138984605669975,0.02412177963846251
2013-10-18,Train,0.005439861211925745,0.00803403555028459
2013-10-21,Train,0.006725473795086145,0.007287725747320062
2013-10-22,Train,0.005096375942230225,0.006913277330768519
2013-10-23,Train,0.011541093699634075,0.01281272838144187
2013-10-24,Train,0.00717899389564991,-0.01056973809977557
2013-10-25,Train,0.007765635382384062,-0.004342588705974593
2013-10-28,Train,0.005970117636024952,-0.006150440401564539
2013-10-29,Train,0.005128128919750452,-0.006260494321584598
2013-10-30,Train,0.007295028306543827,0.006748584429250526
2013-10-31,Train,0.007145967800170183,0.01219956667546129
2013-11-01,Train,0.0069386595860123634,0.01388723052509699
2013-11-04,Train,0.00636552507057786,0.00253224507053984
2013-11-05,Train,0.008100597187876701,-0.001445376078529681
2013-11-06,Train,0.007992316037416458,-0.003614494599491702
2013-11-07,Train,0.014033205807209015,0.02578583510765475
2013-11-08,Train,0.008482656441628933,0.01756720295806802
2013-11-11,Train,0.009147961623966694,0.02159930469843285
2013-11-12,Train,0.008702903054654598,0.02532101180892354
2013-11-13,Train,0.007940961979329586,0.02011013031798425
2013-11-14,Train,0.005945670884102583,0.02303102905597454
2013-11-15,Train,0.007380200549960136,0.01810391006473999
2013-11-18,Train,0.0075262850150465965,0.02730339534671167
2013-11-19,Train,0.008192991837859154,0.03124241604606137
2013-11-20,Train,0.008178956806659698,0.0324062926731794
2013-11-21,Train,0.008053741417825222,0.02944696022879056
2013-11-22,Train,0.008600955829024315,0.02809859114628677
2013-11-25,Train,0.008600955829024315,0.02494356115006213
2013-11-26,Train,0.00836995430290699,0.006498913737535306
2013-11-27,Train,0.006255046464502811,-0.003050952035979382
2013-11-29,Train,0.006255046464502811,-0.01026484134321837
2013-12-02,Train,0.007928621023893356,-0.001871825641387215
2013-12-03,Train,0.007908500730991364,-0.003044164911396807
2013-12-04,Train,0.008162244223058224,0.007603246486386661
2013-12-05,Train,0.007716736756265163,0.006090469538403642
2013-12-06,Train,0.009215178899466991,0.005813953488372103
2013-12-09,Train,0.00988390389829874,0.01227568276455693
2013-12-10,Train,0.008802753873169422,0.01344299478974875
2013-12-11,Train,0.011230858974158764,0.0300539745177506
2013-12-12,Train,0.01065898034721613,0.03013179833074675
2013-12-13,Train,0.010570680722594261,0.02993519105721654
2013-12-16,Train,0.010219800285995007,0.03094232769680372
2013-12-17,Train,0.009923228994011879,0.0248971823746027
2013-12-18,Train,0.00612267991527915,0.005804504336461402
2013-12-19,Train,0.003701557172462344,0.00488938488340751
2013-12-20,Train,0.004298109095543623,0.00716766181019679
2013-12-23,Train,-0.00019985015387646854,-0.001144103641754879
2013-12-24,Train,0.0002892009215429425,-0.004917099144443382
2013-12-26,Train,0.001459116698242724,-0.005014757496288991
2013-12-27,Train,0.006768679711967707,-0.01725313716583154
2013-12-30,Train,0.007439707405865192,0.002975193249186159
2013-12-31,Train,0.005454511381685734,0.00466125132306594
2014-01-02,Train,0.005126813892275095,0.01271915495644471
2014-01-03,Train,0.007694605737924576,0.01431207147397195
2014-01-06,Train,0.007973863743245602,0.0258341446341237
2014-01-07,Train,0.005775907542556524,0.01905413200621098
2014-01-08,Train,0.005928494967520237,0.01340059364398272
2014-01-09,Train,0.006193849258124828,-0.003217637210966129
2014-01-10,Train,0.006427053827792406,-0.01603667212988391
2014-01-13,Train,0.01098419539630413,-0.001860291339790265
2014-01-14,Train,-0.0014825243270024657,-0.03103252907417275
2014-01-15,Train,-0.0021081333979964256,-0.02116105792080403
2014-01-16,Train,-0.0012479566503316164,-0.02387418732658941
2014-01-17,Train,-0.0004414129361975938,-0.04085112027869342
2014-01-21,Train,-0.010086636058986187,-0.04110671105816721
2014-01-22,Train,-0.011603563092648983,-0.04606889382886992
2014-01-23,Train,-0.007078926544636488,-0.03062846531475438
2014-01-24,Train,0.002110273577272892,0.006456135598110091
2014-01-27,Train,0.0035623519215732813,0.02211876009462577
2014-01-28,Train,0.0027854833751916885,0.03436231368747178
2014-01-29,Train,0.010233128443360329,0.04756859650312673
2014-01-30,Train,0.006084947381168604,0.03618493934587241
2014-01-31,Train,0.00813971646130085,0.04103397534804309
2014-02-03,Train,0.01931118592619896,0.07070825744142017
2014-02-04,Train,0.015073921531438828,0.05558819205910437
2014-02-05,Train,0.01659456081688404,0.06328964996854203
2014-02-06,Train,0.013908415101468563,0.04850185175384025
2014-02-07,Train,0.009282252751290798,0.03562428982399601
2014-02-10,Train,0.009282252751290798,0.0285876357584669
2014-02-11,Train,0.006438137497752905,0.01610360648684095
2014-02-12,Train,0.0059062885120511055,0.01652243678244503
2014-02-13,Train,0.004016607068479061,0.007921444898243424
2014-02-14,Train,-0.0010388316586613655,-0.001558839699968839
2014-02-18,Train,0.0007081696530804038,0.006204959097991791
2014-02-19,Train,0.0013526815455406904,0.01595448342068595
2014-02-20,Train,0.0008395991753786802,0.01032759881908341
2014-02-21,Train,0.003284163074567914,0.006671838897865046
2014-02-24,Train,0.0034675938077270985,0.002212110830009939
2014-02-25,Train,0.0009968539234250784,-0.0009965268555370832
2014-02-26,Train,-0.00029449202702380717,0.003657255783918734
2014-02-27,Train,0.00028549550916068256,-0.01282622325072258
2014-02-28,Train,0.001957486616447568,-0.01848570109189696
2014-03-03,Train,0.003174692392349243,-0.002453454055933224
2014-03-04,Train,0.004263889044523239,-0.003083347503849532
2014-03-05,Train,-0.0020772432908415794,-0.01120136910183944
2014-03-06,Train,-0.003939480055123568,-0.007584110968860136
2014-03-07,Train,-0.0031784025486558676,-0.01690046172459203
2014-03-10,Train,-0.004238182678818703,-0.02637677269119665
2014-03-11,Train,-0.006824476178735495,-0.01895365840540753
2014-03-12,Train,-0.004225354176014662,-0.03522520867944745
2014-03-13,Train,0.003367803292348981,-0.02688173788859238
2014-03-14,Train,0.003653738647699356,-0.01826993516004005
2014-03-17,Train,0.0005732340505346656,-0.01989937216349846
2014-03-18,Train,-0.0070566218346357346,-0.01458079876972329
2014-03-19,Train,-0.006648745387792587,-0.006663688005556501
2014-03-20,Train,-0.006212295964360237,-0.0172776336557271
2014-03-21,Train,-0.0067268237471580505,-0.02955053093728055
2014-03-24,Train,-0.004764821380376816,-0.03026522480163751
2014-03-25,Train,-0.004825897514820099,-0.02451706864722325
2014-03-26,Train,-0.0007674547377973795,0.005150474237106462
2014-03-27,Train,0.00714804045855999,-0.02048801606317785
2014-03-28,Train,0.006760492920875549,-0.03377372014172353
2014-03-31,Train,0.00639001838862896,-0.03307860826334719
2014-04-01,Train,-0.007784305140376091,-0.04663149955618495
2014-04-02,Train,-0.007604009471833706,-0.03644903898975349
2014-04-03,Train,-0.009068235754966736,-0.02851353897186237
2014-04-04,Train,0.021169856190681458,0.005441629921995039
2014-04-07,Train,0.018907247111201286,0.02314430925667144
2014-04-08,Train,0.008497598581016064,0.004864556592012681
2014-04-09,Train,0.007775615900754929,-0.00261903162984356
2014-04-10,Train,0.025519268587231636,0.01280850748330664
2014-04-11,Train,0.03962582349777222,0.02805850188117964
2014-04-14,Train,0.03472704067826271,0.02819402045167418
2014-04-15,Train,0.025131143629550934,0.02751318346769027
2014-04-16,Train,0.021595537662506104,0.01705733598860104
2014-04-17,Train,0.022032395005226135,0.01496520836656079
2014-04-21,Train,0.021666891872882843,0.0127821356190827
2014-04-22,Train,0.019768789410591125,-0.008225765231855808
2014-04-23,Train,0.02923978492617607,-0.002305262479393111
2014-04-24,Train,0.028668876737356186,-0.01267259992425485
2014-04-25,Train,0.030906591564416885,0.00707739404887775
2014-04-28,Train,0.02911350503563881,0.02035390437590379
2014-04-29,Train,0.028749654069542885,0.01296463063263054
2014-04-30,Train,0.02835635282099247,0.005034928990494736
2014-05-01,Train,0.024660464376211166,-0.005818620962372623
2014-05-02,Train,0.027384022250771523,0.002514587107953714
2014-05-05,Train,0.024710876867175102,0.004206967133833617
2014-05-06,Train,0.024513833224773407,0.01370812665445631
2014-05-07,Train,0.029072897508740425,0.02634009754625399
2014-05-08,Train,0.02791336551308632,0.03179925871012945
2014-05-09,Train,0.02486155368387699,0.0354838029190343
2014-05-12,Train,0.0199506264179945,0.03139517780431689
2014-05-13,Train,0.02235989458858967,0.02752293895093194
2014-05-14,Train,0.027837902307510376,0.0395081538012243
2014-05-15,Train,0.028513237833976746,0.04785400732330825
2014-05-16,Train,0.025946147739887238,0.04001826670696951
2014-05-19,Train,0.02208058536052704,0.03238225339938672
2014-05-20,Train,0.021661434322595596,0.03999996185302734
2014-05-21,Train,0.02170604094862938,0.03883391174978335
2014-05-22,Train,0.022382574155926704,0.04023306290295747
2014-05-23,Train,0.006974432151764631,0.03193149570855036
2014-05-27,Train,0.0060860393568873405,0.02098905123197126
2014-05-28,Train,0.006806282792240381,0.02391973258097901
2014-05-29,Train,0.006258961278945208,0.008214676614795247
2014-05-30,Train,0.006370480637997389,0.01106124371082529
2014-06-02,Train,0.00646517239511013,0.01293576287420573
2014-06-03,Train,0.008546522818505764,0.01392845622741579
2014-06-04,Train,0.008341249078512192,0.01584358206755443
2014-06-05,Train,0.006420815829187632,0.006717983968268948
2014-06-06,Train,0.006061216350644827,-0.0005387098892718489
2014-06-09,Train,0.0064119333401322365,0.0004312767172760523
2014-06-10,Train,0.006999754812568426,-0.00226032402959464
2014-06-11,Train,0.007057467009872198,0.004306185041524246
2014-06-12,Train,0.007553651463240385,0.01401404935758088
2014-06-13,Train,0.0070099919103085995,0.01548960474331484
2014-06-16,Train,0.007888074032962322,0.01634201419149939
2014-06-17,Train,0.008786482736468315,0.02693353786218178
2014-06-18,Train,0.00676055159419775,0.02291058648435995
2014-06-19,Train,0.0073382616974413395,0.03002898693535005
2014-06-20,Train,0.008196263574063778,0.0284575521674364
2014-06-23,Train,0.006204418838024139,0.01584223737686297
2014-06-24,Train,0.006818879395723343,0.02437974337250859
2014-06-25,Train,0.005140139255672693,0.01468541894240682
2014-06-26,Train,-0.0028641107492148876,0.02067709857400457
2014-06-27,Train,0.002871568314731121,0.02229329427083337
2014-06-30,Train,0.0013037199387326837,0.01703757226842328
2014-07-01,Train,0.001099291956052184,0.01000628737953213
2014-07-02,Train,0.004288457799702883,-0.005047273766988325
2014-07-03,Train,0.0031065286602824926,0.004388775462208283
2014-07-07,Train,0.003566941013559699,0.006183799551880087
2014-07-08,Train,0.00554819218814373,0.02493102504628353
2014-07-09,Train,0.005665443371981382,0.02390484724459219
2014-07-10,Train,0.0062688677571713924,0.02598773493875695
2014-07-11,Train,0.006689415313303471,0.01542984436338912
2014-07-14,Train,0.0059392573311924934,0.00970367634298519
2014-07-15,Train,0.0071873473934829235,0.01141237894996494
2014-07-16,Train,0.004717149771749973,0.01136723301932596
2014-07-17,Train,0.009483573026955128,0.004227371431764437
2014-07-18,Train,0.003665084484964609,-0.01508535722225912
2014-07-21,Train,0.0038197520188987255,-0.007083336512247684
2014-07-22,Train,0.003971606958657503,-0.0209088527036454
2014-07-23,Train,0.0045196316204965115,-0.02787212403890071
2014-07-24,Train,0.0045807077549397945,-0.02985998191789552
2014-07-25,Train,0.001404093112796545,-0.019020016317157
2014-07-28,Train,0.005651617888361216,-0.01353722852162165
2014-07-29,Train,0.006771765183657408,-0.01221532426309402
2014-07-30,Train,0.004765548277646303,-0.005671303698903118
2014-07-31,Train,0.014936893247067928,0.02010107061236943
2014-08-01,Train,0.01525529008358717,0.02883704879830784
2014-08-04,Train,0.014705945737659931,0.02968948636293756
2014-08-05,Train,0.01611211523413658,0.04345069002508439
2014-08-06,Train,0.016180381178855896,0.0442234495729048
2014-08-07,Train,0.017284046858549118,0.04967098540163728
2014-08-08,Train,0.01637810841202736,0.04373025773605721
2014-08-11,Train,0.011280586943030357,0.04127385794252669
2014-08-12,Train,0.00979673396795988,0.04275835159659991
2014-08-13,Train,0.009048758074641228,0.03204393164068842
2014-08-14,Train,0.00783612858504057,0.02558550860544218
2014-08-15,Train,0.0075701503083109856,0.02443528969335396
2014-08-18,Train,0.0035531180910766125,0.01956187609879012
2014-08-19,Train,0.001617397298105061,0.00790280073767824
2014-08-20,Train,0.0014984990702942014,0.006990906410747844
2014-08-21,Train,0.0016530472785234451,0.01001008946911375
2014-08-22,Train,0.0015717721544206142,0.01039877584616189
2014-08-25,Train,0.0015717721544206142,-0.00150906965368458
2014-08-26,Train,0.0018011484062299132,0.005728640148987107
2014-08-27,Train,0.0015875946264714003,0.004722681235499016
2014-08-28,Train,-0.008133656345307827,0.000704151415808596
2014-08-29,Train,-0.009728506207466125,-0.01262780268235386
2014-09-02,Train,-0.009882906451821327,-0.006895197796647268
2014-09-03,Train,-0.008359208703041077,0.0005025675580638822
2014-09-04,Train,-0.006566651165485382,0.008954617115543906
2014-09-05,Train,-0.0072382669895887375,0.0009010308122445743
2014-09-08,Train,-0.0073119960725307465,-0.01029175420116013
2014-09-09,Train,-0.0026606840547174215,-0.004735528672071831
2014-09-10,Train,-0.005162225104868412,-0.002298424679074818
2014-09-11,Train,-0.004696949385106564,-0.0225022507057705
2014-09-12,Train,-0.00011890537280123681,-0.00703663604759952
2014-09-15,Train,-0.0001680096611380577,0.001319578636238772
2014-09-16,Train,-0.0006426024483516812,-0.005936771525422158
2014-09-17,Train,-0.0015300444792956114,-0.02330955212778318
2014-09-18,Train,-0.0018650501733645797,-0.03061427734538458
2014-09-19,Train,-0.0012159558245912194,-0.01810367200655583
2014-09-22,Train,0.00020659442816395313,-0.01100458287432438
2014-09-23,Train,0.00020659442816395313,-0.02237294099800946
2014-09-24,Train,-0.0003906718920916319,-0.01392227003839452
2014-09-25,Train,-0.0011065318249166012,-0.00900345071261932
2014-09-26,Train,-0.0042220777831971645,-0.04393598290669587
2014-09-29,Train,-0.0037886120844632387,-0.05767868579214963
2014-09-30,Train,-0.0034360617864876986,-0.05891284179459355
2014-10-01,Train,0.001181175233796239,-0.04978907914282371
2014-10-02,Train,0.0029401506762951612,-0.05575556239060853
2014-10-03,Train,0.000612868694588542,-0.05266372889248727
2014-10-06,Train,0.001397926826030016,-0.03644344352990192
2014-10-07,Train,0.011139702051877975,0.003106586442019887
2014-10-08,Train,0.006943027954548597,-0.02112741763469694
2014-10-09,Train,0.01778268814086914,0.009911202544118813
2014-10-10,Train,0.041127607226371765,0.04426090848281361
2014-10-13,Train,0.042745161801576614,0.06163945152072081
2014-10-14,Train,0.042745161801576614,0.07755188759605058
2014-10-15,Train,0.043136123567819595,0.08054557313832089
2014-10-16,Train,0.04402806982398033,0.08966113569508494
2014-10-17,Train,0.04318615794181824,0.09032259705246126
2014-10-20,Train,0.041474487632513046,0.07744461919548895
2014-10-21,Train,0.02383187785744667,0.04635075602832028
2014-10-22,Train,0.027066241949796677,0.05188336471410282
2014-10-23,Train,0.02039092592895031,0.03956248986562616
2014-10-24,Train,0.01784694939851761,0.03021695036043126
2014-10-27,Train,0.017375269904732704,0.03313402130076804
2014-10-28,Train,0.015359699726104736,0.02096225262251861
2014-10-29,Train,0.015740176662802696,0.02655046178438392
2014-10-30,Train,0.01701243966817856,0.02879429093654284
2014-10-31,Train,0.014715936034917831,0.0179487146690005
2014-11-03,Train,0.010889710858464241,0.01189780481982705
2014-11-04,Train,0.012898462824523449,0.02288871034781037
2014-11-05,Train,0.013418071903288364,0.01815129020456374
2014-11-06,Train,0.01226185355335474,0.01947089861345952
2014-11-07,Train,0.011117956601083279,0.02234256207237184
2014-11-10,Train,0.011845411732792854,0.02667714049751635
2014-11-11,Train,0.010278303176164627,0.02502930767644806
2014-11-12,Train,0.003932578023523092,0.02986528973195623
2014-11-13,Train,0.0018407292664051056,0.03022352346194479
2014-11-14,Train,0.002026895061135292,0.0154039558136696
2014-11-17,Train,0.004977035336196423,0.02254396669192249
2014-11-18,Train,0.0024007726460695267,0.01678238675393473
2014-11-19,Train,0.00620920117944479,0.02092824029909646
2014-11-20,Train,0.0047903056256473064,0.0164946379345543
2014-11-21,Train,0.0012177646858617663,0.007316785277171389
2014-11-24,Train,0.0012177646858617663,0.002674806825378129
2014-11-25,Train,0.0011022282997146249,-0.01459365540576529
2014-11-26,Train,-0.0024942313320934772,-0.0163001672292189
2014-11-28,Train,-0.0024942313320934772,-0.03150649844335451
2014-12-01,Train,-0.0024754528421908617,-0.03053140943404031
2014-12-02,Train,-0.0017555397935211658,-0.0498907139838467
2014-12-03,Train,7.011245179455727e-05,-0.03433878941437774
2014-12-04,Train,-0.0009991283295676112,-0.01062923713948905
2014-12-05,Train,0.0008290429832413793,-0.01005881178801582
2014-12-08,Train,0.0006257928907871246,-0.0004778306764378071
2014-12-09,Train,0.004939531907439232,-0.007145579330620988
2014-12-10,Train,0.008227461948990822,0.00958286241951134
2014-12-11,Train,0.007224791217595339,0.01194602916486653
2014-12-12,Train,0.009205533191561699,0.02288885279080399
2014-12-15,Train,0.011178523302078247,0.02667059411666384
2014-12-16,Train,0.01636473834514618,0.03270650663405505
2014-12-17,Train,0.0074976421892642975,0.01119842195946519
2014-12-18,Train,0.0011391323059797287,-0.02705035678488454
2014-12-19,Train,0.0012089437805116177,-0.04074003079402677
2014-12-22,Train,0.00016598495130892843,-0.03078983710389416
2014-12-23,Train,-0.0016020499169826508,-0.008732329341805345
2014-12-24,Train,-0.0008719506440684199,-0.0161073850049851
2014-12-26,Train,-0.005320102907717228,-0.03322541730151141
2014-12-29,Train,-0.005223439075052738,-0.03332698640141385
2014-12-30,Train,0.0008178268908523023,-0.03220859490204031
2014-12-31,Train,0.007829714566469193,-0.03486681330867891
2015-01-02,Train,0.010468137450516224,-0.02059454727319188
2015-01-05,Train,0.013659612275660038,0.001873237117564708
2015-01-06,Train,0.01798636093735695,0.02068551714936473
2015-01-07,Train,0.016696026548743248,0.02634173394699668
2015-01-08,Train,0.010318052023649216,0.009293311288593564
2015-01-09,Train,0.011563762091100216,0.01481189439080421
2015-01-12,Train,0.015393519774079323,-0.001083216219063043
2015-01-13,Train,0.015393519774079323,-0.005910150649734769
2015-01-14,Train,0.02333258092403412,0.009211572044465433
2015-01-15,Train,0.02377844601869583,0.01455089740129734
2015-01-16,Train,0.0232128594070673,0.01150568999822088
2015-01-20,Train,0.012881346046924591,0.01318634424004372
2015-01-21,Train,0.011348956264555454,0.007147085973133294
2015-01-22,Train,0.004566829651594162,-0.002595372933140272
2015-01-23,Train,0.005260275676846504,-0.01083833550411772
2015-01-26,Train,0.006281942129135132,-0.01286725893743212
2015-01-27,Train,0.021220678463578224,0.02917980099795847
2015-01-28,Train,0.021695775911211967,0.03824812406248479
2015-01-29,Train,0.018378030508756638,0.0403376252328167
2015-01-30,Train,0.01912468858063221,0.05746790579304983
2015-02-02,Train,0.01969701610505581,0.04932338315082907
2015-02-03,Train,0.011708534322679043,0.04079258561561239
2015-02-04,Train,0.024112273007631302,0.04685524998670587
2015-02-05,Train,0.009567167609930038,0.04481497137763868
2015-02-06,Train,0.01955798827111721,0.05226412812175063
2015-02-09,Train,0.020537344738841057,0.056420187258585
2015-02-10,Train,0.018848879262804985,0.03764368053387046
2015-02-11,Train,0.018489239737391472,0.0391295907796021
2015-02-12,Train,0.0030152141116559505,0.02264152382904627
2015-02-13,Train,-0.000805515970569104,0.02310348430175946
2015-02-17,Train,-0.0017845534021034837,0.01738155848257694
2015-02-18,Train,-0.0026057851500809193,0.01203801084404899
2015-02-19,Train,-0.0031531068962067366,0.008821589067741664
2015-02-20,Train,9.241760562872514e-05,-0.009224240994555988
2015-02-23,Train,-0.0030398983508348465,-0.007371871057041623
2015-02-24,Train,-0.003153571393340826,-0.02651931209837222
2015-02-25,Train,-0.0040262239053845406,-0.02972400227339478
2015-02-26,Train,-0.0054937261156737804,-0.0282879709713022
2015-02-27,Train,-0.004353794734925032,-0.02822882975013385
2015-03-02,Train,-0.005433672107756138,-0.02450174046874953
2015-03-03,Train,-0.006772469729185104,-0.01837053320054949
2015-03-04,Train,0.0024125813506543636,-0.0048870336026825
2015-03-05,Train,-0.00045716576278209686,-0.005154616731773531
2015-03-06,Train,0.0012590130791068077,0.0104272886975294
2015-03-09,Train,0.0023620387073606253,0.005569982058315937
2015-03-10,Train,0.003977034240961075,0.02090426654327238
2015-03-11,Train,0.002676305826753378,0.003329830388057564
2015-03-12,Train,0.0014881519600749016,-0.006616300164890121
2015-03-13,Train,0.005800122860819101,0.001708755567053633
2015-03-16,Train,-0.0033978589344769716,0.0002812222075878612
2015-03-17,Train,0.0011692786356434226,-0.0118836365661229
2015-03-18,Train,-0.008126129396259785,-0.02659372837177609
2015-03-19,Train,-0.0018168581882491708,-0.02738711171655583
2015-03-20,Train,0.0024350618477910757,-0.02349576569653211
2015-03-23,Train,-0.0006345233414322138,-0.02326437084717625
2015-03-24,Train,0.002963636303320527,-0.01195219968386751
2015-03-25,Train,0.006120502948760986,0.01754218177680111
2015-03-26,Train,0.006475367583334446,0.02521409671125174
2015-03-27,Train,0.010323744267225266,0.0185747420036142
2015-03-30,Train,0.008210570551455021,0.004122503496418517
2015-03-31,Train,0.012806981801986694,0.02121210128917261
2015-04-01,Train,0.01507033221423626,0.02513088351218529
2015-04-02,Train,0.019055156037211418,0.008466508432215303
2015-04-06,Train,0.014453127980232239,0.0152858564434224
2015-04-07,Train,0.01374007947742939,0.02136100606471958
2015-04-08,Train,0.011854778975248337,0.01884848225557634
2015-04-09,Train,0.007320184260606766,0.01630789339124217
2015-04-10,Train,0.010782789438962936,0.02589327995849033
2015-04-13,Train,0.009152844548225403,0.02586526509554243
2015-04-14,Train,0.008885940536856651,0.02677990851560619
2015-04-15,Train,0.006119021214544773,0.01400224580404519
2015-04-16,Train,0.004730191081762314,-0.0005572029587512795
2015-04-17,Train,0.008875507861375809,0.0286765480074298
2015-04-20,Train,0.0013520765351131558,0.01514874447888159
2015-04-21,Train,0.0015359636163339019,-0.005645017806157226
2015-04-22,Train,-0.0032543328125029802,-0.01785552152932246
2015-04-23,Train,-0.0038538870867341757,-0.01567943446499653
2015-04-24,Train,-0.004301544278860092,-0.01673600921656249
2015-04-27,Train,-0.004301544278860092,-0.01804829906229577
2015-04-28,Train,-0.003713939106091857,-0.0205380054291836
2015-04-29,Train,-0.0028776118997484446,-0.01234566523053571
2015-04-30,Train,0.0032400249037891626,0.01811766819100979
2015-05-01,Train,0.00543020386248827,0.004860144561805502
2015-05-04,Train,0.005864039994776249,0.007598591743588567
2015-05-05,Train,0.021818405017256737,0.02317362088305575
2015-05-06,Train,0.02367894910275936,0.03092496560838209
2015-05-07,Train,0.0209528598934412,0.03008852727382427
2015-05-08,Train,0.0001019364208332263,0.01637683999737183
2015-05-11,Train,0.0012310853926464915,0.008589640103543239
2015-05-12,Train,0.01525085512548685,0.02950454946364878
2015-05-13,Train,0.015151163563132286,0.02509258411548765
2015-05-14,Train,0.001442180946469307,0.004289114919232784
2015-05-15,Train,0.0012960960157215595,0.007665598867078849
2015-05-18,Train,0.0005358256748877466,9.087894287063136e-05
2015-05-19,Train,0.0005358256748877466,0.00418409199797698
2015-05-20,Train,-0.0011474936036393046,-0.004090578755552188
2015-05-21,Train,-0.0011954173678532243,-0.01157531884700513
2015-05-22,Train,-0.0001338205620413646,-0.02063907625692663
2015-05-26,Train,0.0027611982077360153,-0.01089738869292955
2015-05-27,Train,-0.0014466310385614634,-0.01324802841413175
2015-05-28,Train,0.000722524942830205,-0.009574542203590553
2015-05-29,Train,0.001348185702227056,-0.01181283976108938
2015-06-01,Train,-0.0005415144842118025,-0.02001448216917467
2015-06-02,Train,0.004449117928743362,-0.01153808164429504
2015-06-03,Train,0.0063607338815927505,-0.01177538979882242
2015-06-04,Train,0.0070156529545784,0.01031402800285908
2015-06-05,Train,0.009927229024469852,0.005397953535383193
2015-06-08,Train,0.016262777149677277,0.02319987475917928
2015-06-09,Train,0.016651256009936333,0.02573834574866996
2015-06-10,Train,0.009190992452204227,0.006667306340090384
2015-06-11,Train,0.007878272794187069,0.003191960503881042
2015-06-12,Train,0.007977927103638649,0.004781578327047509
2015-06-15,Train,0.008630621246993542,-0.01404673002427292
2015-06-16,Train,0.00458466587588191,-0.01590076570228227
2015-06-17,Train,0.00019911298295482993,-0.01081576830136877
2015-06-18,Train,-0.00055819092085585,-0.02475386604688612
2015-06-19,Train,-0.013916218653321266,-0.01992904225652903
2015-06-22,Train,-0.016332006081938744,-0.02466120869737221
2015-06-23,Train,-0.013494913466274738,-0.04242264228538339
2015-06-24,Train,-0.015051782131195068,-0.0380149010615255
2015-06-25,Train,-0.01219747494906187,-0.02136362249200996
2015-06-26,Train,-0.007010143715888262,0.002470982710312652
2015-06-29,Train,0.01367951463907957,0.03346142668601826
2015-06-30,Train,0.02614857256412506,0.03091433238094754
2015-07-01,Train,0.013718260452151299,0.0372498548986977
2015-07-02,Train,0.024185242131352425,0.05224640619816401
2015-07-06,Train,0.02681342139840126,0.05831018186295234
2015-07-07,Train,0.02622241899371147,0.0550153040126784
2015-07-08,Train,0.02816603146493435,0.06155157539918954
2015-07-09,Train,0.023942403495311737,0.05819106139752273
2015-07-10,Train,0.02228046953678131,0.03204827588797388
2015-07-13,Train,-0.006445494946092367,0.005842608949236494
2015-07-14,Train,-0.006287932395935059,0.007890396338942507
2015-07-15,Train,-0.004412159789353609,0.01059979912532216
2015-07-16,Train,-0.005177947226911783,0.001250664522021161
2015-07-17,Train,-0.014858963899314404,-0.01443788575157634
2015-07-20,Train,-0.015555128455162048,-0.02088089851479835
2015-07-21,Train,-0.014962740242481232,-0.02212276526595514
2015-07-22,Train,-0.01472627092152834,-0.003285408786702027
2015-07-23,Train,-0.013999889604747295,-0.01559714837432014
2015-07-24,Train,-0.012234731577336788,-0.00711071940933794
2015-07-27,Train,-0.00874229148030281,0.01261571415681995
2015-07-28,Train,-0.014547525905072689,-0.008908466554821914
2015-07-29,Train,-0.011520976200699806,-0.009233584764793745
2015-07-30,Train,-0.015127087011933327,-0.01552467402513857
2015-07-31,Train,-0.009764974936842918,-0.01286283922524334
2015-08-03,Train,-0.007965445518493652,-0.001523281104566787
2015-08-04,Train,-0.00513587798923254,-0.004758046343486422
2015-08-05,Train,-0.01105679664760828,-0.01888643872233431
2015-08-06,Train,-0.006208840757608414,-0.03051150031961258
2015-08-07,Train,-0.015926776453852654,-0.07170697314641195
2015-08-10,Train,-0.022168060764670372,-0.1175047113579919
2015-08-11,Train,-0.023834029212594032,-0.1094062385921017
2015-08-12,Train,-0.023885076865553856,-0.06777052199846789
2015-08-13,Train,-0.02297637052834034,-0.04259558731404645
2015-08-14,Train,-0.023125099018216133,-0.04424938281713475
2015-08-17,Train,-0.025210607796907425,-0.0638966411835441
2015-08-18,Train,-0.023908346891403198,-0.08848996486184157
2015-08-19,Train,-0.02003675140440464,-0.05656947137847779
2015-08-20,Train,0.013448274694383144,-0.03446023887100924
2015-08-21,Train,0.03179555758833885,-0.002343729103450043
2015-08-24,Train,0.03034285083413124,0.06682918842411789
2015-08-25,Train,0.03034285083413124,0.05882357516443371
2015-08-26,Train,0.01562635973095894,0.01902357670285149
2015-08-27,Train,0.008654962293803692,-0.0006626249075033508
2015-08-28,Train,0.01263441238552332,-0.003503150321533255
2015-08-31,Train,0.020016148686408997,0.02089924605693927
2015-09-01,Train,0.032588161528110504,0.05977232165979385
2015-09-02,Train,0.013701952062547207,0.03108754263814473
2015-09-03,Train,0.014631749130785465,0.01895733722839044
2015-09-04,Train,0.02165558934211731,0.03445572158267218
2015-09-08,Train,0.0020308424718677998,-0.008948994984893432
2015-09-09,Train,0.010523387230932713,0.003081067715614116
2015-09-10,Train,0.00382571411319077,-0.011334363617721
2015-09-11,Train,-0.003346690908074379,-0.02510184269716187
2015-09-14,Train,-0.001040957635268569,-0.04997626732760541
2015-09-15,Train,-0.017837701365351677,-0.06592165258606675
2015-09-16,Train,-0.012132572941482067,-0.04977116802621739
2015-09-17,Train,-0.016747424378991127,-0.04583213066924807
2015-09-18,Train,-0.006922608707100153,-0.01271947183008071
2015-09-21,Train,0.002983748447149992,-0.001703257992581308
2015-09-22,Train,0.023214193060994148,0.008645547925753672
2015-09-23,Train,0.018074074760079384,0.01391818913413978
2015-09-24,Train,0.022620229050517082,0.0216762999407436
2015-09-25,Train,0.028237583115696907,0.03507579357342849
2015-09-28,Train,0.03771044686436653,0.06800683265362606
2015-09-29,Train,0.04365868493914604,0.06665323385999966
2015-09-30,Train,0.03647385165095329,0.04097875473079049
2015-10-01,Train,0.031357940286397934,0.05331634595146495
2015-10-02,Train,0.020779451355338097,0.03951543626514264
2015-10-05,Train,0.013379956595599651,0.03071088022530355
2015-10-06,Train,0.018145538866519928,0.03028571719215023
2015-10-07,Train,0.013994162902235985,0.01789263882222891
2015-10-08,Train,0.02568190172314644,0.03451198422812474
2015-10-09,Train,0.02438078261911869,0.05866892022545134
2015-10-12,Train,0.02526780776679516,0.05674686306433596
2015-10-13,Train,0.02554851584136486,0.06578702598790409
2015-10-14,Train,0.029073135927319527,0.07637115372967052
2015-10-15,Train,0.02317449264228344,0.05730471137618065
2015-10-16,Train,0.023590566590428352,0.04818718971626512
2015-10-19,Train,0.01628778874874115,0.05398200167279765
2015-10-20,Train,0.0223012063652277,0.06313553163049779
2015-10-21,Train,0.027952153235673904,0.0697544664635521
2015-10-22,Train,0.011249483563005924,0.0455746973085851
2015-10-23,Train,-0.004099710378795862,0.01782232805449757
2015-10-26,Train,-0.004018024541437626,0.00638016154575527
2015-10-27,Train,-0.001697065425105393,0.001768632339969267
2015-10-28,Train,-0.0032111473847180605,-0.007717920358941588
2015-10-29,Train,-0.0035029712598770857,-0.01581162579293027
2015-10-30,Train,-0.0050278520211577415,-0.0307950713560099
2015-11-02,Train,-0.008726884610950947,-0.02783354353388012
2015-11-03,Train,-0.010574396699666977,-0.03060607083800815
2015-11-04,Train,-0.010574396699666977,-0.01208484985408165
2015-11-05,Train,-0.008757411502301693,-0.008717635846754668
2015-11-06,Train,-0.004432490095496178,-0.00270056238453964
2015-11-09,Train,0.002403861377388239,0.005106998614186953
2015-11-10,Train,0.002078653546050191,0.006797354173362358
2015-11-11,Train,0.0016121106455102563,0.008927012035346404
2015-11-12,Train,0.006169979926198721,0.02026059107923306
2015-11-13,Train,0.002276721177622676,0.03805535728822518
2015-11-16,Train,0.0009005098836496472,0.03356673446981318
2015-11-17,Train,0.0008495509391650558,0.02654945861681246
2015-11-18,Train,-0.006807349622249603,-0.009856509233998167
2015-11-19,Train,-0.006113269831985235,0.01257585363371128
2015-11-20,Train,-0.0097177280113101,0.001222915666869273
2015-11-23,Train,-0.009116796776652336,0.004204955945009248
2015-11-24,Train,-0.00889868289232254,-0.01017100947891203
2015-11-25,Train,-0.009165211580693722,-0.006570302146075457
2015-11-27,Train,-0.007756027393043041,-0.03079342768126736
2015-11-30,Train,-0.008613388054072857,-0.02096123013518592
2015-12-01,Train,-0.009653300046920776,-0.02474822866346738
2015-12-02,Train,-0.004401699174195528,-0.004106540881090082
2015-12-03,Train,-0.003572081681340933,-0.001688760446170723
2015-12-04,Train,-0.011971309781074524,-0.04611774871236574
2015-12-07,Train,-0.007905974984169006,-0.03114639338054526
2015-12-08,Train,-0.008124135434627533,-0.02486258869762048
2015-12-09,Train,-0.0072614699602127075,-0.002480279748522607
2015-12-10,Train,-0.0063718329183757305,-0.007142902796200001
2015-12-11,Train,-0.004922754131257534,0.01570536916139398
2015-12-14,Train,-0.003273837035521865,0.02391835406282872
2015-12-15,Train,-0.004543711431324482,0.008547761600402604
2015-12-16,Train,-0.011222675442695618,-0.01859977789211975
2015-12-17,Train,-0.010703527368605137,-0.02510683495803256
2015-12-18,Train,-0.016445841640233994,-0.004734628642370731
2015-12-21,Train,-0.022535527125000954,-0.02512382565380922
2015-12-22,Train,-0.023576484993100166,-0.06181782168702854
2015-12-23,Train,-0.02628905698657036,-0.07636975781465849
2015-12-24,Train,-0.02621356025338173,-0.07336348499423606
2015-12-28,Train,-0.02543000876903534,-0.06211675055181409
2015-12-29,Train,-0.025761093944311142,-0.1084864496483336
2015-12-30,Train,-0.024164456874132156,-0.0812218347391056
2015-12-31,Train,-0.023680225014686584,-0.0985160398027134
2016-01-04,Train,-0.012891707010567188,-0.07707764786672378
2016-01-05,Train,-0.008478077128529549,-0.07830937471209176
2016-01-06,Train,0.00022629692102782428,-0.06844636537864557
2016-01-07,Train,-0.0005019018426537514,-0.01048923500244192
2016-01-08,Train,-0.0011262687621638179,-0.01711372697565627
2016-01-11,Train,-0.0011477404041215777,-0.01131026823028913
2016-01-12,Train,0.0026350070256739855,-0.04699639038702086
2016-01-13,Train,0.010826405137777328,0.0009813392799185028
2016-01-14,Train,0.005232278723269701,0.0005765115669231768
2016-01-15,Train,0.010669632814824581,0.03540269192649026
2016-01-19,Train,0.007148080505430698,0.01078571139538353
2016-01-20,Train,0.009047738276422024,0.009032294412996356
2016-01-21,Train,0.010247292928397655,0.00793260350879521
2016-01-22,Train,-0.013921051286160946,-0.05444727839703456
2016-01-25,Train,-0.012168066576123238,-0.05487626358344511
2016-01-26,Train,-0.014013633131980896,-0.06621426786252771
2016-01-27,Train,-0.007544504012912512,-0.03867567427750207
2016-01-28,Train,-0.008821106515824795,-0.05343134262982541
2016-01-29,Train,-0.010801124386489391,-0.05867666159139373
2016-02-01,Train,-0.010743421502411366,-0.04003448097466844
2016-02-02,Train,0.003350912593305111,0.003426318833998465
2016-02-03,Train,0.007570615038275719,-0.003246132393930679
2016-02-04,Train,0.016762306913733482,-0.0001967955943005251
2016-02-05,Train,0.03692235052585602,0.05258862503338646
2016-02-08,Train,0.04689621180295944,0.05133511636800403
2016-02-09,Train,0.047523580491542816,0.06468026761495471
2016-02-10,Train,0.04754146188497543,0.07105176278540992
2016-02-11,Train,0.04729228466749191,0.0712583846292556
2016-02-12,Train,0.04620321840047836,0.04570499398451555
2016-02-16,Train,0.04385653883218765,0.05547238723313019
2016-02-17,Train,0.019860059022903442,0.03248782274199691
2016-02-18,Train,0.025463899597525597,0.04243556049206987
2016-02-19,Train,0.022922812029719353,0.03975205180271191
2016-02-22,Train,0.019179463386535645,0.01684738462756763
2016-02-23,Train,0.020678607746958733,0.02530025249555101
2016-02-24,Train,0.017379246652126312,0.0221355102439218
2016-02-25,Train,0.016223084181547165,0.01062192091008152
2016-02-26,Train,0.018467621877789497,0.02958520303166456
2016-02-29,Train,0.02191171422600746,0.04068290896532023
2016-03-01,Train,0.0154795590788126,0.007940224318188305
2016-03-02,Train,0.01753908395767212,0.01653595360220894
2016-03-03,Train,0.014273934066295624,0.01789263882222891
2016-03-04,Train,0.015003436245024204,0.0160878641723714
2016-03-07,Train,0.024107635021209717,0.02637596992004676
2016-03-08,Train,0.023770300671458244,0.0381181100579886
2016-03-09,Train,0.02251335419714451,0.02299183046294528
2016-03-10,Train,0.024168146774172783,0.02484233119764734
2016-03-11,Train,0.021622519940137863,0.005822168832937624
2016-03-14,Train,0.023493418470025063,0.02024940188607038
2016-03-15,Train,0.02352701872587204,0.02560258301841123
2016-03-16,Train,0.019273268058896065,0.01505851542679437
2016-03-17,Train,0.01763080433011055,0.02641372819897958
2016-03-18,Train,0.00916978158056736,0.02393591905636816
2016-03-21,Train,0.009938818402588367,0.0101122212508824
2016-03-22,Train,0.009311032481491566,0.02358486272276661
2016-03-23,Train,0.011454003863036633,0.01725261975384873
2016-03-24,Train,0.0114104263484478,0.01622224341893608
2016-03-28,Train,0.008539224974811077,0.01391091266248701
2016-03-29,Train,0.00895638670772314,0.006248279828492409
2016-03-30,Train,0.007926574908196926,0.01417340017471713
2016-03-31,Train,0.008387373760342598,0.01575092736969919
2016-04-01,Train,-0.007990163750946522,0.002537140066585009
2016-04-04,Train,-0.008708205074071884,0.01173368097944927
2016-04-05,Train,-0.008165434934198856,0.01533804041575149
2016-04-06,Train,-0.010772040113806725,-0.0002710651467715541
2016-04-07,Train,-0.010348262265324593,0.01439310293793228
2016-04-08,Train,-0.01122486125677824,-0.000183455440976199
2016-04-11,Train,-0.011415191926062107,0.003499124200292192
2016-04-12,Train,-0.011415191926062107,-0.009679528511647995
2016-04-13,Train,-0.0123565923422575,-0.030024359580761
2016-04-14,Train,-0.011587046086788177,-0.04183194614357211
2016-04-15,Train,-0.0070188152603805065,-0.04446853033339437
2016-04-18,Train,-0.010616391897201538,-0.04054663310364215
2016-04-19,Train,-0.012640558183193207,-0.04360017694949836
2016-04-20,Train,-0.011679582297801971,-0.05052418988366003
2016-04-21,Train,-0.009735183790326118,-0.05088120022750975
2016-04-22,Train,-0.010109685361385345,-0.03119839806522262
2016-04-25,Train,0.002649215515702963,-0.02844564147573403
2016-04-26,Train,-0.0022478289902210236,-0.01032729505489993
2016-04-27,Train,0.0030131542589515448,-0.01134040899738076
2016-04-28,Train,0.001073464984074235,-0.003669546425742021
2016-04-29,Train,0.0008545588352717459,-0.00208098011883151
2016-05-02,Train,-0.0003228397690691054,0.0009370171755742618
2016-05-03,Train,0.007557906676083803,-0.002364513308072302
2016-05-04,Train,0.012769373133778572,0.007710590528918537
2016-05-05,Train,0.012825069017708302,0.002761387590907827
2016-05-06,Train,0.009523442946374416,0.00842962089612942
2016-05-09,Train,0.010012466460466385,0.004250137790990483
2016-05-10,Train,0.008432804606854916,0.010528251506011
2016-05-11,Train,0.01505616307258606,0.02707782283650784
2016-05-12,Train,0.017380399629473686,0.03465859089715018
2016-05-13,Train,0.01725868694484234,0.04388622989021762
2016-05-16,Train,0.014375463128089905,0.03295259926158711
2016-05-17,Train,0.01738288626074791,0.04616984226581722
2016-05-18,Train,0.01750410906970501,0.04458720190335597
2016-05-19,Train,0.017121318727731705,0.04510492935257293
2016-05-20,Train,0.015495501458644867,0.03747532467383574
2016-05-23,Train,0.015323927626013756,0.03620801662580875
2016-05-24,Train,0.00983736664056778,0.0176102127810438
2016-05-25,Train,0.00977346207946539,0.008696490261940859
2016-05-26,Train,0.008279340341687202,-0.005658955193531434
2016-05-27,Train,0.006061198655515909,-0.01906836036042781
2016-05-31,Train,0.0055756960064172745,-0.02093526948759283
2016-06-01,Train,0.0036704493686556816,-0.02383323325586406
2016-06-02,Train,0.0028818254359066486,-0.0229698035220508
2016-06-03,Train,0.0029589305631816387,-0.03243685057255818
2016-06-06,Train,0.0018332920735701919,-0.02987502670391717
2016-06-07,Train,0.0018911900697275996,-0.02432383642905001
2016-06-08,Train,0.0014705046778544784,-0.02835919910230711
2016-06-09,Train,0.0016311571234837174,-0.01288688417168282
2016-06-10,Train,0.0015478779096156359,-0.04268405931402397
2016-06-13,Train,0.008090512827038765,-0.05378133503882987
2016-06-14,Train,0.00890759751200676,-0.03304637355516093
2016-06-15,Train,0.008723868988454342,-0.01308952512189887
2016-06-16,Train,0.008353821001946926,-0.00462791554760289
2016-06-17,Train,0.011529810726642609,0.01493101698921251
2016-06-20,Train,0.01139298640191555,0.002426227117868773
2016-06-21,Train,0.011683390475809574,0.007441888853561007
2016-06-22,Train,0.012578852474689484,0.01286837849964861
2016-06-23,Train,0.011705243028700352,0.01406643795082752
2016-06-24,Train,0.024883858859539032,0.06366860994686063
2016-06-27,Train,0.032976120710372925,0.0906867201366155
2016-06-28,Train,0.025925399735569954,0.06471378705224695
2016-06-29,Train,0.022325269877910614,0.05333464329368232
2016-06-30,Train,0.021048860624432564,0.03961318672088066
2016-07-01,Train,0.020070819184184074,0.04126571991962313
2016-07-05,Train,0.022325269877910614,0.04384657572852491
2016-07-06,Train,0.019825832918286324,0.04746075018291518
2016-07-07,Train,0.011583545245230198,0.04198119539025003
2016-07-08,Train,0.011448641307651997,0.03037169883439739
2016-07-11,Train,0.009745980612933636,0.02461014468063794
2016-07-12,Train,0.010045659728348255,0.02062968065142678
2016-07-13,Train,0.010583189316093922,0.03021039897027178
2016-07-14,Train,0.009895814582705498,0.02679049750014362
2016-07-15,Train,0.011707576923072338,0.03067978722315301
2016-07-18,Train,0.01097795832902193,0.0293228664965115
2016-07-19,Train,0.011471953243017197,0.02523857933090623
2016-07-20,Train,0.010654856450855732,0.01674888800770047
2016-07-21,Train,0.007552992552518845,0.0220003344853823
2016-07-22,Train,0.009103575721383095,0.02754067057979981
2016-07-25,Train,0.00987765658646822,0.02630650859961481
2016-07-26,Train,0.00869725551456213,0.02750678643320814
2016-07-27,Train,0.00894236657768488,0.01780416200843904
2016-07-28,Train,0.00899494905024767,0.0186119266582836
2016-07-29,Train,0.00871919747442007,0.01709618618344044
2016-08-01,Train,0.008466820232570171,0.01605663561077963
2016-08-02,Train,0.008513595908880234,0.01818027125895694
2016-08-03,Train,0.006334180012345314,0.01664648742241281
2016-08-04,Train,0.006023868918418884,0.01400538404276519
2016-08-05,Train,0.007144968956708908,0.004110321647123438
2016-08-08,Train,0.005172475706785917,0.006000831025166242
2016-08-09,Train,0.005312635097652674,0.005473823124113153
2016-08-10,Train,0.005312635097652674,0.001543477113158165
2016-08-11,Train,0.0058274781331419945,-0.004354526334276021
2016-08-12,Train,0.005400292109698057,-0.003583602217419823
2016-08-15,Train,0.005400292109698057,-0.006457047804089067
2016-08-16,Train,0.005418635904788971,-0.004186292015279869
2016-08-17,Train,0.0017079144017770886,-0.006993004263052605
2016-08-18,Train,0.0018974683480337262,-0.004689257800875368
2016-08-19,Train,0.0020988592877984047,-0.001193922796332458
2016-08-22,Train,0.001884378376416862,0.00426075847039975
2016-08-23,Train,0.001047636615112424,0.003062271332322286
2016-08-24,Train,-0.0002631289535202086,0.003681509365930813
2016-08-25,Train,-0.0024847884196788073,-0.01998114929130579
2016-08-26,Train,0.00019604961562436074,-0.003853373462459397
2016-08-29,Train,-0.001352726947516203,-0.01410981265119826
2016-08-30,Train,-0.0036451383493840694,-0.006177086786066432
2016-08-31,Train,-0.001658970257267356,0.01030571043526085
2016-09-01,Train,-0.0021657298784703016,0.00471135053813887
2016-09-02,Train,-0.0023253480903804302,-0.002903039270079621
2016-09-06,Train,-0.002947536762803793,-0.007212545482618293
2016-09-07,Train,-0.0011557098478078842,0.001950503396413339
2016-09-08,Train,-0.003551224945113063,0.01586618551305374
2016-09-09,Train,0.00668420922011137,0.03543929904636567
2016-09-12,Train,0.00611768988892436,0.008682149840440578
2016-09-13,Train,0.007906590588390827,0.02784282295933549
2016-09-14,Train,0.002920877654105425,0.02468923256876931
2016-09-15,Train,0.005051015876233578,0.001700076073442913
2016-09-16,Train,0.0019416307331994176,0.01219200523500441
2016-09-19,Train,0.003416897961869836,0.01515674165921244
2016-09-20,Train,0.0017805479001253843,0.01170942518446183
2016-09-21,Train,-0.002742405980825424,0.005416837760330084
2016-09-22,Train,-0.004209489095956087,-0.003022864993090013
2016-09-23,Train,-0.003905261168256402,0.001183126742855256
2016-09-26,Train,-0.0026303587947040796,0.0160218590547665
2016-09-27,Train,-0.003740077605471015,-0.008270070522646389
2016-09-28,Train,-0.004699206445366144,-0.01078347777763633
2016-09-29,Train,-0.0032455555628985167,-0.007128278716863168
2016-09-30,Train,-0.0014925837749615312,-0.01330864062338943
2016-10-03,Train,-0.004061747808009386,-0.01459302667565765
2016-10-04,Train,-0.003736595157533884,-0.004308542066374099
2016-10-05,Train,-0.0041350312530994415,-0.007913144491636936
2016-10-06,Train,-0.004267825745046139,-0.008590956317878096
2016-10-07,Train,-0.0051843090914189816,-0.002701103161365515
2016-10-10,Train,-0.003924157470464706,0.00293573620648746
2016-10-11,Train,-0.002191907726228237,0.01421039692004089
2016-10-12,Train,0.00109012087341398,0.008175771584422842
2016-10-13,Train,0.004167902749031782,0.007179455879407159
2016-10-14,Train,0.004078610334545374,-0.0003414795606604404
2016-10-17,Train,0.006165097933262587,0.001455214598437005
2016-10-18,Train,-0.0007382260519079864,-0.01484812481704922
2016-10-19,Train,-0.0012021138099953532,-0.02265590329669476
2016-10-20,Train,-0.0034509943798184395,-0.03109333158764449
2016-10-21,Train,-0.005156472325325012,-0.03808717682508322
2016-10-24,Train,-0.003500239457935095,-0.02692984217547434
2016-10-25,Train,-0.004855039995163679,-0.01745114345540189
2016-10-26,Train,-0.003359728492796421,-0.006166546244939952
2016-10-27,Train,-0.004713862668722868,-0.01773588257672576
2016-10-28,Train,-0.003858281997963786,-0.01110158359780489
2016-10-31,Train,-0.008601128123700619,-0.02017266991576228
2016-11-01,Train,0.004213154781609774,0.000947382738552438
2016-11-02,Train,0.016365312039852142,0.01501999784988595
2016-11-03,Train,0.018129874020814896,0.03252958338623624
2016-11-04,Train,0.018452195450663567,0.03229210840010088
2016-11-07,Train,0.01311270147562027,0.01882253949400226
2016-11-08,Train,0.0040845186449587345,0.01528478273587441
2016-11-09,Train,0.005602906458079815,0.006544807760984428
2016-11-10,Train,0.016860609874129295,0.0263499183737177
2016-11-11,Train,0.01338609866797924,0.02357509201721575
2016-11-14,Train,0.01879383996129036,0.03759927847210842
2016-11-15,Train,0.011865494772791862,0.01101358428714994
2016-11-16,Train,0.0097604189068079,-0.01231718754853617
2016-11-17,Train,0.0015475228428840637,-0.01749325026000903
2016-11-18,Train,0.00640871049836278,-0.006137071450528553
2016-11-21,Train,0.005310744978487492,-0.0140037426125238
2016-11-22,Train,0.002422764664515853,-0.00454163926490625
2016-11-23,Train,0.0030523710884153843,0.001266690830926231
2016-11-25,Train,0.002675496507436037,0.005892230052698011
2016-11-28,Train,0.0053142523393034935,0.003627776171468922
2016-11-29,Train,0.006057260558009148,0.01277952422958117
2016-11-30,Train,0.010592982172966003,0.02306382199551194
2016-12-01,Train,0.026258261874318123,0.04269507450470056
2016-12-02,Train,0.023486152291297913,0.03370787924587026
2016-12-05,Train,0.01731047034263611,0.02993137143603075
2016-12-06,Train,0.015634745359420776,0.03139977656213122
2016-12-07,Train,0.008377264253795147,0.01774246758442
2016-12-08,Train,0.007749937474727631,0.0130724724276563
2016-12-09,Train,0.005594846326857805,0.005857715048051881
2016-12-12,Train,0.008546987548470497,0.01563551298475363
2016-12-13,Train,0.005568587686866522,-0.004814891544602795
2016-12-14,Train,0.006621296051889658,-0.004159387769803069
2016-12-15,Train,0.006951542571187019,-0.01594682844362449
2016-12-16,Train,0.009957089088857174,-0.0005016518341071086
2016-12-19,Train,0.010218589566648006,0.0008327596516386482
2016-12-20,Train,0.006228760816156864,0.002654497608654882
2016-12-21,Train,0.005952141247689724,0.01220323121264744
2016-12-22,Train,0.01067373063415289,0.01839826035581349
2016-12-23,Train,0.01002922561019659,0.01996673533121918
2016-12-27,Train,0.009427564218640327,0.0174640011230025
2016-12-28,Train,0.00897952914237976,0.02385719616180615
2016-12-29,Train,0.009867804124951363,0.02881968594120732
2016-12-30,Train,0.013907300308346748,0.03637742603373684
2017-01-03,Train,0.010637684725224972,0.02927890223518803
2017-01-04,Train,0.010276333428919315,0.02321325284012277
2017-01-05,Train,0.010129529051482677,0.01969055348172621
2017-01-06,Train,0.009769180789589882,0.01164601136218502
2017-01-09,Train,0.009886536747217178,0.01512301517559078
2017-01-10,Train,0.010053467005491257,0.02308321261237256
2017-01-11,Train,0.008559515699744225,0.02139426703724845
2017-01-12,Train,0.008812341839075089,0.0249307906244598
2017-01-13,Train,0.008745323866605759,0.01347836946537506
2017-01-17,Train,0.00984443910419941,0.01449628443704798
2017-01-18,Train,0.00984443910419941,0.01942457226808125
2017-01-19,Train,0.010369126684963703,0.01902745384628979
2017-01-20,Train,0.012060285545885563,0.01971602681684215
2017-01-23,Train,0.01276309322565794,0.02010541862676951
2017-01-24,Train,0.012928636744618416,0.01699146887716352
2017-01-25,Train,0.009417906403541565,0.008530652094561608
2017-01-26,Train,0.008428184315562248,0.01115006015531006
2017-01-27,Train,0.007799605838954449,0.01255957204555957
2017-01-30,Train,0.012407360598444939,0.02627789149744264
2017-01-31,Train,0.013419156894087791,0.03178934811089351
2017-02-01,Train,0.012115306220948696,0.03077408093411083
2017-02-02,Train,0.011320628225803375,0.03135972163059364
2017-02-03,Train,0.015008042566478252,0.03286121294867539
2017-02-06,Train,0.01206343062222004,0.03671616506364295
2017-02-07,Train,0.008890260942280293,0.03333596527003468
2017-02-08,Train,0.011724818497896194,0.02774699214890064
2017-02-09,Train,0.008923633955419064,0.02599240269502223
2017-02-10,Train,0.0075031002052128315,0.02386560669709681
2017-02-13,Train,0.004614981357008219,0.01498827539004011
2017-02-14,Train,0.004984073806554079,0.02264065735429011
2017-02-15,Train,0.004166381899267435,0.01152452293710393
2017-02-16,Train,0.0048423646949231625,0.01369442377145802
2017-02-17,Train,0.002765562618151307,0.007087267438935507
2017-02-21,Train,0.0030978936702013016,0.0004599276350887305
2017-02-22,Train,0.0013279954437166452,0.001839122552981243
2017-02-23,Train,0.0022550129797309637,0.0063841386518253
2017-02-24,Train,0.002356133656576276,0.008674995627711235
2017-02-27,Train,0.0030584619380533695,0.009124386275981555
2017-02-28,Train,0.003269389271736145,0.009767643223657974
2017-03-01,Train,0.002544885268434882,0.005021330263620394
2017-03-02,Train,0.003237396012991667,0.009405075233368088
2017-03-03,Train,0.0028685638681054115,0.005113708953573326
2017-03-06,Train,0.0031467375811189413,0.008261316196365387
2017-03-07,Train,0.002933778567239642,-0.005363550514941751
2017-03-08,Train,0.0028067424427717924,-0.0003824617535328478
2017-03-09,Train,0.005694810766726732,-0.003668570322330811
2017-03-10,Train,0.005605004262179136,-0.005784264482581403
2017-03-13,Train,0.0048917559906840324,-0.005850651689765063
2017-03-14,Train,0.0014999486738815904,0.002665900840994162
2017-03-15,Train,0.001949502038769424,0.001135457150295949
2017-03-16,Train,0.002773524494841695,0.003484635504953149
2017-03-17,Train,0.004767551086843014,0.005239596238243438
2017-03-20,Train,0.004577282816171646,0.003717513862681265
2017-03-21,Train,0.009989058598876,0.02079960711056517
2017-03-22,Train,0.00634849164634943,0.009794159885112563
2017-03-23,Train,0.0053212461061775684,0.0128873325246659
2017-03-24,Train,0.007523905485868454,0.01025795213812275
2017-03-27,Train,0.005795201752334833,0.00901870962700868
2017-03-28,Train,0.005268194247037172,-0.001443348847517512
2017-03-29,Train,0.003890293650329113,-0.01005672462045137
2017-03-30,Train,0.0033205440267920494,-0.01562623465798862
2017-03-31,Train,0.004710208624601364,-0.00679867897021269
2017-04-03,Train,0.005500989034771919,-0.00770978268278566
2017-04-04,Train,0.005780876148492098,-0.00769744967138497
2017-04-05,Train,0.004733144771307707,0.004698000389881329
2017-04-06,Train,0.00997806154191494,0.003938233102860567
2017-04-07,Train,0.012269847095012665,0.0165946989554373
2017-04-10,Train,0.015856143087148666,0.0235570406734209
2017-04-11,Train,0.01408121082931757,0.02655006142402749
2017-04-12,Train,0.015835821628570557,0.0368927734387976
2017-04-13,Train,0.015921400859951973,0.0428681890975946
2017-04-17,Train,0.012850810773670673,0.04350472624410839
2017-04-18,Train,0.011122826486825943,0.0468463890437989
2017-04-19,Train,0.010557448491454124,0.04182827416708812
2017-04-20,Train,0.008615626022219658,0.03356208666679406
2017-04-21,Train,0.008208438754081726,0.03756786224545472
2017-04-24,Train,0.00793060939759016,0.02742987906477357
2017-04-25,Train,0.007319553755223751,0.02360691427616457
2017-04-26,Train,0.006643922533839941,0.02564096185325426
2017-04-27,Train,0.012699582614004612,0.01871081610410918
2017-04-28,Train,0.012663410045206547,0.01919259140321716
2017-05-01,Train,0.01153759378939867,0.01341105232374562
2017-05-02,Train,0.011176282539963722,0.01593540390104509
2017-05-03,Train,0.008751257322728634,-0.006715805037260325
2017-05-04,Train,0.011196817271411419,0.001605379680979402
2017-05-05,Train,0.008890245109796524,0.002181205950284593
2017-05-08,Train,0.007901960983872414,0.00841558105722684
2017-05-09,Train,0.0079149529337883,0.005928224566296159
2017-05-10,Train,0.006798259448260069,0.009971133986065528
2017-05-11,Train,0.010625927709043026,0.01937962300009066
2017-05-12,Train,0.008283025585114956,0.01890328284134934
2017-05-15,Train,0.008221950381994247,0.01654202504904179
2017-05-16,Train,0.004550313577055931,0.01196102440444591
2017-05-17,Train,0.010688865557312965,0.04240456164541473
2017-05-18,Train,0.008355269208550453,0.04516984157916792
2017-05-19,Train,0.010609181597828865,0.04055424032504851
2017-05-22,Train,0.006851113401353359,0.02776978856368029
2017-05-23,Train,0.010346661321818829,0.03076037658524888
2017-05-24,Train,0.01087686326354742,0.0271140977108324
2017-05-25,Train,0.0009208224946632981,-0.007022809708386868
2017-05-26,Train,-0.0013771896483376622,-0.01409152723383722
2017-05-30,Train,0.0023367078974843025,-0.006933605157285139
2017-05-31,Train,0.0011389683932065964,-0.01089952126343519
2017-06-01,Train,-0.003689542645588517,-0.01910597521888246
2017-06-02,Train,-0.008519635535776615,-0.03701388936899819
2017-06-05,Train,-0.013072392903268337,-0.02070686825333401
2017-06-06,Train,-0.010829190723598003,-0.02449950990512872
2017-06-07,Train,-0.009799947030842304,-0.01868632485006927
2017-06-08,Train,-0.009285003878176212,-0.01999031991058775
2017-06-09,Train,-0.00013022887287661433,0.009001355937154898
2017-06-12,Train,0.0011439264053478837,0.009696230301963649
2017-06-13,Train,0.0022009918466210365,-0.01660018396211693
2017-06-14,Train,0.004792013671249151,0.001932052039076426
2017-06-15,Train,0.0023981749545782804,-0.01106884561830501
2017-06-16,Train,0.003764005145058036,-0.003691599923037803
2017-06-19,Train,-0.0017516800435259938,-0.0304001428759676
2017-06-20,Train,0.0007309808861464262,-0.01313147117565927
2017-06-21,Train,-0.001845085876993835,-0.03161867296678056
2017-06-22,Train,-0.0018453911179676652,-0.020895540193137
2017-06-23,Train,-0.004507082048803568,-0.01826679220272021
2017-06-26,Train,-0.003283228026703,-0.01088347388937716
2017-06-27,Train,0.008475169539451599,0.01934360785740874
2017-06-28,Train,0.010185682214796543,0.007070348551401207
2017-06-29,Train,0.01714116334915161,0.03292389635778603
2017-06-30,Train,0.018562162294983864,0.03305727311780271
2017-07-03,Train,0.031172214075922966,0.05103162364089342
2017-07-05,Train,0.02595231682062149,0.04689883665739658
2017-07-06,Train,0.029463695362210274,0.05781792700120603
2017-07-07,Train,0.02418803796172142,0.04609470351859324
2017-07-10,Train,0.02105657197535038,0.04406462172928105
2017-07-11,Train,0.019560014829039574,0.03847530188643833
2017-07-12,Train,0.00982491672039032,0.02963751428139183
2017-07-13,Train,0.013396656140685081,0.02092058947557951
2017-07-14,Train,0.007452595513314009,0.01210245764000262
2017-07-17,Train,0.008944598026573658,0.007314109770561128
2017-07-18,Train,0.005566523876041174,0.002934177523656434
2017-07-19,Train,0.0038933183532208204,-0.0002083538004379326
2017-07-20,Train,0.0031893637496978045,-0.005410271132713973
2017-07-21,Train,0.0024829700123518705,-0.003192052681416424
2017-07-24,Train,-0.0008469586027786136,-0.001450623110240135
2017-07-25,Train,0.0004521777736954391,-0.0006232433635360302
2017-07-26,Train,-0.002188734943047166,-0.005177055465442004
2017-07-27,Train,0.00036473420914262533,-0.02035292996612559
2017-07-28,Train,0.003397601190954447,-0.01209670660924955
2017-07-31,Train,0.008398160338401794,0.004887223131485374
2017-08-01,Train,0.006642023101449013,0.003273901007913471
2017-08-02,Train,0.006827440112829208,0.002292475429320984
2017-08-03,Train,0.01161145605146885,-0.01436639631328751
2017-08-04,Train,0.01174085307866335,-0.01684648988352333
2017-08-07,Train,0.005600308999419212,-0.02428053795043295
2017-08-08,Train,0.006404322572052479,-0.00769177901136664
2017-08-09,Train,0.005882089026272297,-0.00992223649895696
2017-08-10,Train,0.019643647596240044,0.008792494532348316
2017-08-11,Train,0.01039439719170332,-0.0009148830206087144
2017-08-14,Train,0.008015085011720657,-0.01056061343027948
2017-08-15,Train,0.00563800148665905,-0.007359560977418522
2017-08-16,Train,0.0067810071632266045,0.002564424177418312
2017-08-17,Train,0.025327442213892937,0.03445832487152356
2017-08-18,Train,0.023770306259393692,0.03377472503548917
2017-08-21,Train,0.013260330073535442,0.02580644672735488
2017-08-22,Train,0.011112978681921959,0.01347770932752113
2017-08-23,Train,0.013713905587792397,0.01948278598171904
2017-08-24,Train,0.013621016405522823,0.0136360608922943
2017-08-25,Train,0.014277872629463673,0.02747054915088398
2017-08-28,Train,0.011586791835725307,0.02675372137222598
2017-08-29,Train,0.012216512113809586,0.02413091500864173
2017-08-30,Train,0.004606868140399456,0.006291072938175102
2017-08-31,Train,0.0017096269875764847,-0.0009575881844785528
2017-09-01,Train,-0.009674069471657276,-0.003082170878371149
2017-09-05,Train,-0.005891228094696999,0.007671577798203932
2017-09-06,Train,-0.003800519509240985,0.001515890672509679
2017-09-07,Train,0.0013473042054101825,-0.006942974485190212
2017-09-08,Train,0.0066746678203344345,0.0007627807033516731
2017-09-11,Train,0.0013479968765750527,-0.02104608328096091
2017-09-12,Train,0.003458309918642044,-0.02085900031661314
2017-09-13,Train,0.003685231553390622,-0.0133860912415571
2017-09-14,Train,0.008811959996819496,-0.007900480322703074
2017-09-15,Train,0.008050250820815563,-0.004176370125618112
2017-09-18,Train,0.012103390879929066,0.0002061063460521151
2017-09-19,Train,0.010383267886936665,0.0006172588203490204
2017-09-20,Train,0.013309943489730358,0.004678311986426653
2017-09-21,Train,0.021380919963121414,0.0207669933585295
2017-09-22,Train,0.02140020951628685,0.02314298897163458
2017-09-25,Train,0.0232835840433836,0.03284315364969825
2017-09-26,Train,0.02416844479739666,0.03094229231841417
2017-09-27,Train,0.019410619512200356,0.02478185245662168
2017-09-28,Train,0.02026261016726494,0.0232670904033303
2017-09-29,Train,0.016260437667369843,0.01986936713843201
2017-10-02,Train,0.012916764244437218,0.02246190569674389
2017-10-03,Train,0.012973183766007423,0.02159156837112075
2017-10-04,Train,0.013367659412324429,0.01937959223934405
2017-10-05,Train,0.012966913171112537,0.005764212708710081
2017-10-06,Train,0.013185757212340832,0.00711095100715653
2017-10-09,Train,0.013925072737038136,0.001695030108406881
2017-10-10,Train,0.014346352778375149,0.002642272178328575
2017-10-11,Train,0.015317346900701523,-0.004120512280573752
2017-10-12,Train,0.015935134142637253,-0.005481474826922628
2017-10-13,Train,0.015883423388004303,0.01954974536110798
2017-10-16,Train,0.015135744586586952,0.0183405818985356
2017-10-17,Train,0.015749506652355194,0.02086688640934686
2017-10-18,Train,0.01566329039633274,0.02176545398279917
2017-10-19,Train,0.017326146364212036,0.02359921824297273
2017-10-20,Train,0.0153085608035326,0.03066369008622027
2017-10-23,Train,0.021618083119392395,0.04095023397876263
2017-10-24,Train,0.020787646993994713,0.03979998088398284
2017-10-25,Train,0.02641001157462597,0.04795501373839617
2017-10-26,Train,0.026494452729821205,0.04579474292378372
2017-10-27,Train,0.015461231581866741,0.01613321273469182
2017-10-30,Train,0.015517651103436947,0.01510748950039686
2017-10-31,Train,0.015207610093057156,0.007624079583588905
2017-11-01,Train,0.01233669649809599,0.003221500425460322
2017-11-02,Train,0.01232713833451271,0.01798297721785658
2017-11-03,Train,0.0038548982702195644,0.004436567213585096
2017-11-06,Train,0.0005899930838495493,0.0002601505082806543
2017-11-07,Train,0.003186977468430996,0.01052765184418347
2017-11-08,Train,0.003894340479746461,0.007702281174150505
2017-11-09,Train,0.005030489526689053,0.01672192090965385
2017-11-10,Train,0.00929017923772335,0.0163327035739802
2017-11-13,Train,0.005992838181555271,0.01767726851899609
2017-11-14,Train,0.012353898957371712,0.003587522408951882
2017-11-15,Train,0.01627306453883648,0.01677696847783494
2017-11-16,Train,0.004691374953836203,-0.0003234618554447399
2017-11-17,Train,0.008575458079576492,-0.008054499895780332
2017-11-20,Train,0.005657763686031103,-0.006630723918089609
2017-11-21,Train,0.0002180823212256655,-0.01286173633440513
2017-11-22,Train,0.0002583627647254616,-0.01072643164466403
2017-11-24,Train,0.00048817507922649384,-0.009983345791846343
2017-11-27,Train,0.00744963251054287,-0.001856767657268388
2017-11-28,Train,0.008125360123813152,-0.00574745461097248
2017-11-29,Train,0.0110313193872571,0.01384378574264211
2017-11-30,Train,0.009524612687528133,0.004705195069586665
2017-12-01,Train,0.01080350112169981,0.02045432255137136
2017-12-04,Train,0.01765642687678337,0.03883172297210535
2017-12-05,Train,0.018542589619755745,0.03200052004302534
2017-12-06,Train,0.018036682158708572,0.02625406370877448
2017-12-07,Train,0.015129164792597294,0.02291909285401861
2017-12-08,Train,0.010799570009112358,0.01725919988116487
2017-12-11,Train,0.01202892791479826,0.00397697498556826
2017-12-12,Train,0.012155408039689064,0.005459508198327967
2017-12-13,Train,0.012313822284340858,0.00474383106812204
2017-12-14,Train,0.012484700419008732,-0.0007698894804807344
2017-12-15,Train,0.01095579843968153,0.00532833256708698
2017-12-18,Train,0.009466540068387985,0.008761972989134614
2017-12-19,Train,0.0077687338925898075,0.01655041636562737
2017-12-20,Train,0.00792733021080494,0.02786770407964601
2017-12-21,Train,0.00792733021080494,0.03173595622437042
2017-12-22,Train,0.008966871537268162,0.03297961874842437
2017-12-26,Train,0.010745962150394917,0.03616143782789405
2017-12-27,Train,0.015150199644267559,0.04311997118628952
2017-12-28,Train,0.017012206837534904,0.04951196310318973
2017-12-29,Train,0.017191560938954353,0.05303036759713353
2018-01-02,Train,0.007805609609931707,0.04605960969118406
2018-01-03,Train,0.007704307325184345,0.03618076978746387
2018-01-04,Train,0.0062952591106295586,0.03761461462871574
2018-01-05,Train,0.003696800209581852,0.03829049541967744
2018-01-08,Train,0.0010597205255180597,0.04281754121445314
2018-01-09,Train,-0.00311556295491755,0.0359867506851248
2018-01-10,Train,0.001487572561018169,0.03804423299037274
2018-01-11,Train,-0.004715593531727791,0.04678792151250133
2018-01-12,Train,-0.009103231132030487,0.0341054193142738
2018-01-16,Train,-0.00980573333799839,0.02853306032114911
2018-01-17,Train,-0.015020720660686493,0.02177453861235845
2018-01-18,Train,-0.010550561361014843,0.0129055559952076
2018-01-19,Train,-0.01014125905930996,-0.01040035929798189
2018-01-22,Train,-0.017902055755257607,-0.05948132459217315
2018-01-23,Train,-0.019145051017403603,-0.04247535355770327
2018-01-24,Train,-0.021563054993748665,-0.04869067614709111
2018-01-25,Train,-0.02150544710457325,-0.08850613967968413
2018-01-26,Train,-0.021905262023210526,-0.0867605874201085
2018-01-29,Train,-0.0228482186794281,-0.06602005046075088
2018-01-30,Train,-0.026133228093385696,-0.05340838571325068
2018-01-31,Train,-0.021404262632131577,-0.03966943012294044
2018-02-01,Train,-0.017102902755141258,-0.01345564226771612
2018-02-02,Train,-0.004456324502825737,0.002126274844893139
2018-02-05,Train,0.022053875029087067,0.04534529718162084
2018-02-06,Train,0.011247976683080196,0.01546429550477257
2018-02-07,Train,0.01976756565272808,0.02864987295137111
2018-02-08,Train,0.03335729241371155,0.0959270219188606
2018-02-09,Train,0.027158232405781746,0.09160786184393799
2018-02-12,Train,0.022669559344649315,0.05929375249238733
2018-02-13,Train,0.02025391161441803,0.04709126531086505
2018-02-14,Train,0.00864409003406763,0.01106468608801325
2018-02-15,Train,-0.0009526991634629667,0.001750202475938822
2018-02-16,Train,0.0010206353617832065,0.0173981268209189
2018-02-20,Train,0.002933064242824912,0.01966241231780996
2018-02-21,Train,0.010186213999986649,0.02493620415558961
2018-02-22,Train,0.006483753677457571,0.03070386811221471
2018-02-23,Train,0.002681995974853635,0.02967238834212904
2018-02-26,Train,-0.003950506914407015,0.02159629146938746
2018-02-27,Train,0.0006151265115477145,0.02032214370535712
2018-02-28,Train,0.0016315216198563576,0.02673276587784112
2018-03-01,Train,0.01392853818833828,0.04286237375295254
2018-03-02,Train,0.006127139553427696,0.03030302194612577
2018-03-05,Train,-0.007881673984229565,-0.004349614011646796
2018-03-06,Train,-0.00338327931240201,-0.005280642133036473
2018-03-07,Train,-0.00624748645350337,-0.01189838746215788
2018-03-08,Train,-0.017091503366827965,-0.04156362612283837
2018-03-09,Train,-0.039499033242464066,-0.08460388568632915
2018-03-12,Train,-0.03700089082121849,-0.0556066626421845
2018-03-13,Train,-0.04029889404773712,-0.07355427400255588
2018-03-14,Train,-0.04050545394420624,-0.0840516850617089
2018-03-15,Train,-0.03816936910152435,-0.0664606423227021
2018-03-16,Train,-0.030330022796988487,-0.09069120207081272
2018-03-19,Train,-0.013708580285310745,-0.0588869613241304
2018-03-20,Train,-0.009174436330795288,-0.04718156093822667
2018-03-21,Train,-0.005136935040354729,-0.03756293039324654
2018-03-22,Train,0.006040480453521013,-0.0378992509415601
2018-03-23,Train,0.01895691640675068,-0.004920817653950804
2018-03-26,Train,0.004968057852238417,-0.01940381569980953
2018-03-27,Train,0.017241671681404114,0.00754335513219706
2018-03-28,Train,0.018019000068306923,0.0315421730611587
2018-03-29,Train,0.014534871093928814,0.007743647015326482
2018-04-02,Train,0.02298864535987377,0.04559199953137427
2018-04-03,Train,0.020149946212768555,0.05621271719105536
2018-04-04,Train,0.015505989082157612,0.04194313708427222
2018-04-05,Train,0.014543228782713413,0.02651733537176448
2018-04-06,Train,0.019478648900985718,0.03619994887433919
2018-04-09,Train,0.020875709131360054,0.02637420766367926
2018-04-10,Train,0.014486411586403847,-0.01705849442014473
2018-04-11,Train,0.010206751525402069,-0.01016973356143458
2018-04-12,Train,-0.00046279007801786065,-0.001356274037342176
2018-04-13,Train,0.003917435184121132,0.004461803572468614
2018-04-16,Train,0.005375327542424202,-0.01020912422999898
2018-04-17,Train,-0.007252588868141174,-0.01998800242156329
2018-04-18,Train,-0.009480821900069714,-0.02775772079680139
2018-04-19,Train,-0.003064644057303667,-0.01885877473342223
2018-04-20,Train,0.008179525844752789,0.01583482450465579
2018-04-23,Train,0.018287478014826775,0.02687013478235745
2018-04-24,Train,0.023177701979875565,0.04802473992124101
2018-04-25,Train,0.025875132530927658,0.05817845156899604
2018-04-26,Train,0.021995872259140015,0.0471016072923427
2018-04-27,Train,0.023798059672117233,0.04546863188653005
2018-04-30,Train,0.03338704630732536,0.05474088122871268
2018-05-01,Train,0.027270274236798286,0.03126917542733132
2018-05-02,Train,0.027884608134627342,0.04424662019063397
2018-05-03,Train,0.020042987540364265,0.04035845893777901
2018-05-04,Train,0.003209570422768593,0.01570941756162925
2018-05-07,Train,0.01168624497950077,0.01299319256464493
2018-05-08,Train,0.016335999593138695,0.01270539687183359
2018-05-09,Train,0.007577489595860243,0.01024542036381137
2018-05-10,Train,0.003264795057475567,-0.0004126404164870312
2018-05-11,Train,0.006089975591748953,0.001534252900597055
2018-05-14,Train,0.003368202829733491,-0.004594985445047883
2018-05-15,Train,0.007264810614287853,0.01376063397738925
2018-05-16,Train,0.007401423528790474,0.006450536301570331
2018-05-17,Train,0.01363260205835104,0.02619856005547661
2018-05-18,Train,0.023752212524414062,0.0408455515565449
2018-05-21,Train,0.024258898571133614,0.03824229616875718
2018-05-22,Train,0.02568964473903179,0.04566540771217587
2018-05-23,Train,0.02199275605380535,0.02847869338706066
2018-05-24,Train,0.02103733830153942,0.02884104571885904
2018-05-25,Train,0.020771460607647896,0.0305797926236
2018-05-29,Train,0.021889714524149895,0.04059892620460626
2018-05-30,Train,0.008277390152215958,0.03314146721808009
2018-05-31,Train,0.012200533412396908,0.04427587731528582
2018-06-01,Train,0.006996202282607555,0.02454550248664189
2018-06-04,Train,0.0014134939992800355,0.01262189850673101
2018-06-05,Train,-0.0013736229157075286,0.006634658467205456
2018-06-06,Train,0.0003870967775583267,0.007904011058934346
2018-06-07,Train,-0.0014307786477729678,0.00733826802633164
2018-06-08,Train,-0.0015504680341109633,0.005044742435772909
2018-06-11,Train,-0.0008492586784996092,-0.02023902847638404
2018-06-12,Train,-0.0025729339104145765,-0.02138426018131256
2018-06-13,Train,-0.0006104277563281357,-0.0346377621600793
2018-06-14,Train,-0.003098756307736039,-0.03609236172195429
2018-06-15,Train,0.0008292706334032118,-0.03011640840618068
2018-06-18,Train,-0.0018602499039843678,-0.02096315551412009
2018-06-19,Train,0.0012263661483302712,-0.02954543720592151
2018-06-20,Train,-0.0006938062724657357,-0.0244287832499559
2018-06-21,Train,0.009535323828458786,-0.0005691542865767785
2018-06-22,Train,0.01130395382642746,0.01066618206175018
2018-06-25,Train,0.016122369095683098,0.03472026828828745
2018-06-26,Train,0.016273003071546555,0.02528035485306979
2018-06-27,Train,0.02293345332145691,0.05732640800832467
2018-06-28,Train,0.02260446362197399,0.04918510455554936
2018-06-29,Train,0.019965050742030144,0.04386833118000544
2018-07-02,Train,0.017202172428369522,0.04322917296746609
2018-07-03,Train,0.02331353724002838,0.05345427084832521
2018-07-05,Train,0.013141623698174953,0.03533426252053284
2018-07-06,Train,0.009074266068637371,0.01924722322797634
2018-07-09,Train,0.0062206038273870945,0.013375444915247
2018-07-10,Train,0.008284498006105423,0.01680575008149154
2018-07-11,Train,0.009058051742613316,0.03627711836355751
2018-07-12,Train,-0.0010245498269796371,0.003287620170611794
2018-07-13,Train,-0.0022411455865949392,-0.01107959181783646
2018-07-16,Train,0.006119376048445702,-0.0227145453275811
2018-07-17,Train,0.0035474691540002823,-0.02119047669431007
2018-07-18,Train,0.007493005134165287,-0.01561717152769038
2018-07-19,Train,0.010736282914876938,0.00279282803669334
2018-07-20,Train,0.009872643277049065,0.006089705036252724
2018-07-23,Train,0.015422044321894646,0.008799297463451428
2018-07-24,Train,0.011532803997397423,0.008319467413261172
2018-07-25,Train,0.00537214707583189,-0.004375905369804811
2018-07-26,Train,0.008764303289353848,0.01033046697487072
2018-07-27,Train,0.01482090912759304,0.01632704219679826
2018-07-30,Train,0.018441425636410713,0.02975276509455504
2018-07-31,Train,0.01437380351126194,0.02833663976467315
2018-08-01,Train,0.013409696519374847,0.0119128312359964
2018-08-02,Train,0.0038886694237589836,0.00161537652143795
2018-08-03,Train,0.007759691681712866,-0.001221686019914237
2018-08-06,Train,0.0071005732752382755,-0.007949665707509879
2018-08-07,Train,0.0014980797423049808,-0.007920805375323803
2018-08-08,Train,0.0025872080586850643,-0.0052741824598036
2018-08-09,Train,0.003947024699300528,-0.006101921763540519
2018-08-10,Train,0.006061078514903784,0.01085747512015289
2018-08-13,Train,0.008366807363927364,0.02229363825636854
2018-08-14,Train,0.008434702642261982,0.01741528638884882
2018-08-15,Train,0.007437451742589474,0.04190152287366855
2018-08-16,Train,0.014132405631244183,0.03664773701187074
2018-08-17,Train,0.01176107581704855,0.03775154710936901
2018-08-20,Train,0.011549004353582859,0.03422375770570985
2018-08-21,Train,0.010014607571065426,0.01713238150052043
2018-08-22,Train,0.0009943622862920165,0.004142273335430158
2018-08-23,Train,0.002777101006358862,0.001714588237617498
2018-08-24,Train,-0.003680883441120386,-0.004164809977147743
2018-08-27,Train,-0.005968137178570032,-0.006618212243353239
2018-08-28,Train,-0.007748636417090893,-0.01099614740580335
2018-08-29,Train,-0.007999706082046032,-0.01183467199773691
2018-08-30,Train,-0.007999706082046032,-0.0129821260737264
2018-08-31,Train,-0.007999706082046032,-0.02844895650807611
2018-09-04,Train,-0.007999706082046032,-0.01619590888766753
2018-09-05,Train,-0.005350442603230476,-0.004088307508730016
2018-09-06,Train,0.0033562625758349895,0.01600574061485016
2018-09-07,Train,0.003324484918266535,0.01435594994618428
2018-09-10,Train,-0.0012843379518017173,0.01194143822566796
2018-09-11,Train,-0.0008863858529366553,0.005570141435446097
2018-09-12,Train,-0.0005977321998216212,0.009256229731939847
2018-09-13,Train,-0.00789179839193821,0.007044941529060766
2018-09-14,Train,-0.005149228498339653,0.009783073749816351
2018-09-17,Train,-0.011823389679193497,0.02663506081722278
2018-09-18,Train,-0.014892896637320518,0.01591557493105422
2018-09-19,Train,-0.01000161748379469,0.01778872498241313
2018-09-20,Train,-0.01565290242433548,-0.01266780165887293
2018-09-21,Train,-0.013053414411842823,-0.01937843714157395
2018-09-24,Train,-0.013046815991401672,-0.02632006283079624
2018-09-25,Train,-0.013374567963182926,-0.02449220441938083
2018-09-26,Train,-0.014180040918290615,-0.06805235933234288
2018-09-27,Train,-0.017112942412495613,-0.08733786561706214
2018-09-28,Train,-0.016826815903186798,-0.06173629569085182
2018-10-01,Train,-0.014351516962051392,-0.07498518339356552
2018-10-02,Train,-0.014222651720046997,-0.04592193151707602
2018-10-03,Train,-0.012168548069894314,-0.04657167950650642
2018-10-04,Train,-0.010466944426298141,-0.0504441932268983
2018-10-05,Train,-0.00605042977258563,-0.03957807308125905
2018-10-08,Train,-0.003695077495649457,-0.0287070611675031
2018-10-09,Train,-0.003487369744107127,-0.03540611500011215
2018-10-10,Train,0.021955087780952454,-0.03720957053878104
2018-10-11,Train,0.023311985656619072,0.008608439873445617
2018-10-12,Train,0.01514692697674036,-0.04394219447147274
2018-10-15,Train,0.007309855427592993,-0.05214569790505097
2018-10-16,Train,-0.014547432772815228,-0.06376257179732903
2018-10-17,Train,-0.013637264259159565,-0.04213427855377072
2018-10-18,Train,-0.01449794415384531,-0.006467231577289012
2018-10-19,Train,-0.01465276163071394,-0.0210380262383788
2018-10-22,Train,-0.01273386087268591,-0.0284629799551932
2018-10-23,Train,-0.01055457815527916,-0.01748715129326317
2018-10-24,Train,0.016269955784082413,0.06193302116831712
2018-10-25,Train,0.005258458200842142,0.01987612068162714
2018-10-26,Train,0.00824124924838543,0.02916116946813974
2018-10-29,Train,0.015566550195217133,0.01899164482421534
2018-10-30,Train,0.005074749235063791,0.003314868959905404
2018-10-31,Train,-0.028687546029686928,-0.02720533610127618
2018-11-01,Train,-0.029717836529016495,-0.02307335392906285
2018-11-02,Train,-0.0299109797924757,-0.01109933184919443
2018-11-05,Train,-0.025623418390750885,-0.04083812074509774
2018-11-06,Train,-0.03147079050540924,-0.06508459512179465
2018-11-07,Train,-0.04567640274763107,-0.0866272158289556
2018-11-08,Train,-0.04339175671339035,-0.08741258404862728
2018-11-09,Train,-0.01899031549692154,-0.05031485930412916
2018-11-12,Train,-0.0015125314239412546,-0.017375093836552
2018-11-13,Train,-0.0006330189644359052,0.01339578128904173
2018-11-14,Train,0.0008839775691740215,0.01785712471390921
2018-11-15,Train,-0.010284792631864548,0.007614961075517179
2018-11-16,Train,-0.0013424032367765903,0.02883583182719218
2018-11-19,Train,0.009645653888583183,0.02258425100115202
2018-11-20,Train,0.030352719128131866,0.04856745130484885
2018-11-21,Train,0.007075220346450806,0.006297997109041109
2018-11-23,Train,0.00971241295337677,0.02424471105819848
2018-11-26,Train,-0.01137989666312933,0.004420168355337761
2018-11-27,Train,-0.018627293407917023,0.009850713327838712
2018-11-28,Train,-0.028033137321472168,-0.02133960231090615
2018-11-29,Train,-0.02936040237545967,-0.04204574678594442
2018-11-30,Train,-0.042707234621047974,-0.07049656247049507
2018-12-03,Train,-0.03680941462516785,-0.08071724896600518
2018-12-04,Train,-0.04653521999716759,-0.06752354790598625
2018-12-06,Train,-0.04766777530312538,-0.08748280997609736
2018-12-07,Train,-0.025901861488819122,-0.08557440290463492
2018-12-10,Train,-0.0392649844288826,-0.1200098512616689
2018-12-11,Train,-0.04135614633560181,-0.06814983103043226
2018-12-12,Train,-0.03872419521212578,-0.07270523949179775
2018-12-13,Train,-0.03458631411194801,-0.07347065072309655
2018-12-14,Train,-0.027472591027617455,-0.04233925531843341
2018-12-17,Train,0.006434365175664425,-0.01619759837136192
2018-12-18,Train,-0.018554793670773506,-0.05428601782683518
2018-12-19,Train,0.03250015154480934,0.01100108044827053
2018-12-20,Train,0.0569351427257061,0.03808525384107386
2018-12-21,Train,0.062100157141685486,0.08097849396989898
2018-12-24,Train,0.0752338320016861,0.1206969151513502
2018-12-26,Train,0.06824576109647751,0.05785118507821396
2018-12-27,Train,0.0547819659113884,0.04991832236073046
2018-12-28,Train,0.05708077922463417,0.04118456561079742
2018-12-31,Train,0.051206499338150024,0.05263847183410042
2019-01-02,Train,0.054010141640901566,0.04823089479081033
2019-01-03,Train,0.0669071152806282,0.0921772586001024
2019-01-04,Train,0.03832058608531952,0.05773541905609214
2019-01-07,Train,0.02884078025817871,0.02435325569422431
2019-01-08,Train,0.014328083954751492,0.01648689539608705
2019-01-09,Train,0.028896618634462357,0.01479908914085115
2019-01-10,Train,0.022041885182261467,0.02399550562052877
2019-01-11,Train,0.02062876708805561,0.01506004189543608
2019-01-14,Train,0.021232029423117638,0.0144409053183876
2019-01-15,Train,0.02108738012611866,0.02032262405306806
2019-01-16,Train,0.028647566214203835,0.03578686381378549
2019-01-17,Train,0.025395045056939125,0.02334530313169325
2019-01-18,Train,0.0220112856477499,0.02590014389892215
2019-01-22,Train,0.03087647818028927,0.05613187724373159
2019-01-23,Train,0.03742966428399086,0.05161893734834133
2019-01-24,Train,0.030732477083802223,0.03082107152791247
2019-01-25,Train,0.027543319389224052,0.02064791878979277
2019-01-28,Train,0.03177506849169731,0.03243205975315955
2019-01-29,Train,0.03195539489388466,0.05768392426155855
2019-01-30,Train,0.022162051871418953,0.0321704615323406
2019-01-31,Train,0.013095632195472717,0.01819694036604758
2019-02-01,Train,0.014052341692149639,0.02681400761417696
2019-02-04,Train,0.009351714514195919,0.01622131787767001
2019-02-05,Train,0.006510473787784576,0.007133258664624442
2019-02-06,Train,0.006510473787784576,0.006450802352602425
2019-02-07,Train,0.01051186304539442,0.02770019485500441
2019-02-08,Train,0.020654801279306412,0.02942576403480923
2019-02-11,Train,0.02405712939798832,0.03147270334828955
2019-02-12,Train,0.019096702337265015,0.01579961939192187
2019-02-13,Train,0.02090611681342125,0.01274783933452017
2019-02-14,Train,0.020278075709939003,0.01851418144109918
2019-02-15,Train,0.021761201322078705,0.01442361109878543
2019-02-19,Train,0.014468741603195667,0.01317624964328545
2019-02-20,Train,0.018174365162849426,0.007605210790094352
2019-02-21,Train,0.017922047525644302,-0.001107111332082855
2019-02-22,Train,0.01692918688058853,-0.009948529277432061
2019-02-25,Train,0.014754703268408775,0.006973210150330589
2019-02-26,Train,0.016462888568639755,0.01145656608017687
2019-02-27,Train,0.01659506931900978,0.01970158558151214
2019-02-28,Train,0.02076754719018936,0.02032452348773317
2019-03-01,Train,0.017235565930604935,0.02270776264537466
2019-03-04,Train,0.017678387463092804,0.02310514173606038
2019-03-05,Train,0.017307939007878304,0.02578057818002821
2019-03-06,Train,0.020958686247467995,0.03572249962811314
2019-03-07,Train,0.02304353564977646,0.06498288003491992
2019-03-08,Train,0.022539399564266205,0.04317345018812513
2019-03-11,Train,0.016762947663664818,0.01997370559435097
2019-03-12,Train,0.015742873772978783,0.01912459766441255
2019-03-13,Train,0.014951840043067932,0.005027961229692401
2019-03-14,Train,0.01614629290997982,0.00905433073361439
2019-03-15,Train,0.01412822213023901,0.007345093993624152
2019-03-18,Train,0.012706894427537918,0.02011765984468949
2019-03-19,Train,0.014997133985161781,0.02055287692297592
2019-03-20,Train,0.014997133985161781,0.02236317531878917
2019-03-21,Train,0.012293156236410141,0.006244176720790584
2019-03-22,Train,0.015956884250044823,0.03416222102889499
2019-03-25,Train,0.016600195318460464,0.03877232417674725
2019-03-26,Train,0.01703113503754139,0.03032668295577534
2019-03-27,Train,0.01970750279724598,0.04255203813342212
2019-03-28,Train,0.021826818585395813,0.03768718138473925
2019-03-29,Train,0.021371422335505486,0.03434263633072931
2019-04-01,Train,0.0182767566293478,0.02098444004123001
2019-04-02,Train,0.013717432506382465,0.02063155672636374
2019-04-03,Train,0.012007126584649086,0.01833711578828856
2019-04-04,Train,0.012204963713884354,0.02003153089811227
2019-04-05,Train,0.012204963713884354,0.01765403683626632
2019-04-08,Train,0.01237129233777523,0.02798029784021328
2019-04-09,Train,0.007501366548240185,0.02835001684438665
2019-04-10,Train,0.00696298573166132,0.02701242504912815
2019-04-11,Train,0.007721926551312208,0.03037342676465671
2019-04-12,Train,0.007446426898241043,0.02792876494789409
2019-04-15,Train,0.0017318440368399024,0.01979980987676955
2019-04-16,Train,-0.003482865635305643,0.01302945134467159
2019-04-17,Train,-0.0047615603543818,0.005129611248601895
2019-04-18,Train,-0.004123978316783905,0.01985165287805968
2019-04-22,Train,-0.008523340336978436,0.0107492778423981
2019-04-23,Train,-0.009758830070495605,-0.02138611800557977
2019-04-24,Train,-0.007669085171073675,-0.02076855359216145
2019-04-25,Train,-0.0069167716428637505,-0.02997685627442814
2019-04-26,Train,-0.005500959698110819,-0.02963542657941076
2019-04-29,Train,-0.004807488061487675,-0.06512408210222043
2019-04-30,Train,-0.005135681014508009,-0.04748338249866579
2019-05-01,Train,-0.004670992027968168,-0.03091090120303197
2019-05-02,Train,0.0010936899343505502,-0.01690504451784747
2019-05-03,Train,-0.022376811131834984,-0.04222702788156252
2019-05-06,Train,-0.01926792785525322,-0.05259558473600545
2019-05-07,Train,0.004985836800187826,-0.02367914267630988
2019-05-08,Train,-0.009455854073166847,-0.02556925171317415
2019-05-09,Train,-0.009905204176902771,-0.03528713601611744
2019-05-10,Train,-0.01451140083372593,-0.03697295317778715
2019-05-13,Train,-0.00630962336435914,-0.006103686452651136
2019-05-14,Train,-0.007954327389597893,-0.02498058421708349
2019-05-15,Train,-0.015585388988256454,-0.03451850014659574
2019-05-16,Train,-0.02009561099112034,-0.05937379636838658
2019-05-17,Train,-0.020261401310563087,-0.07058565692115404
2019-05-20,Train,-0.01828867383301258,-0.02800774310422705
2019-05-21,Train,0.0012053909013047814,-0.03090796381561534
2019-05-22,Train,0.0016170702874660492,-0.01883771727779227
2019-05-23,Train,0.011289483867585659,0.01565213624758943
2019-05-24,Train,0.011562267318367958,0.02800847626742753
2019-05-28,Train,0.015326019376516342,0.03329758420424378
2019-05-29,Train,0.015599080361425877,0.03584614896524041
2019-05-30,Train,0.019662249833345413,0.03761947013495881
2019-05-31,Train,0.027200601994991302,0.04995689907365675
2019-06-03,Train,0.03041760064661503,0.08006119660769095
2019-06-04,Train,0.029206514358520508,0.06574809764577938
2019-06-05,Train,0.030251028016209602,0.06185797333396614
2019-06-06,Train,0.024031352251768112,0.0632847556699403
2019-06-07,Train,0.012986657209694386,0.0415930972013725
2019-06-10,Train,0.009859349578619003,0.02735468158659415
2019-06-11,Train,0.00992322713136673,0.008342414559514344
2019-06-12,Train,0.009111504070460796,0.01892068124126234
2019-06-13,Train,0.009187407791614532,0.0167920720848429
2019-06-14,Train,0.01072798203676939,0.02244856612580559
2019-06-17,Train,0.0077671087346971035,0.03004239059891201
2019-06-18,Train,0.006697655655443668,0.0193122191620787
2019-06-19,Train,0.004439795855432749,0.02314147729640448
2019-06-20,Train,0.0009773310739547014,0.01164944070500207
2019-06-21,Train,0.0009203763911500573,0.006045496873150036
2019-06-24,Train,0.004454255569726229,0.01328656436725728
2019-06-25,Train,0.011699807830154896,0.04125888273942357
2019-06-26,Train,0.013187798671424389,0.03568547888691564
2019-06-27,Train,0.01169024407863617,0.03769436342786525
2019-06-28,Train,0.011783689260482788,0.03968077640220247
2019-07-01,Train,0.009269563481211662,0.0205537329734411
2019-07-02,Train,-0.0005630831583403051,0.01152572235523874
2019-07-03,Train,-0.006007850170135498,0.005119074984545113
2019-07-05,Train,-0.004925246350467205,-0.0002094139978162657
2019-07-08,Train,-0.0026864863466471434,0.01486475128158626
2019-07-09,Train,-0.004051376134157181,0.01641660318841942
2019-07-10,Train,-0.007075207773596048,0.01345033428920006
2019-07-11,Train,-0.007963206619024277,0.004573354595086565
2019-07-12,Train,-0.011810527183115482,0.009094168955392945
2019-07-15,Train,-0.012131775729358196,0.002420815016629385
2019-07-16,Train,-0.008302643895149231,0.003261739076989789
2019-07-17,Train,-0.009555184282362461,-0.005723157451572591
2019-07-18,Train,-0.010474794544279575,-0.01179713280356576
2019-07-19,Train,-0.006229577586054802,-0.0191612402941006
2019-07-22,Train,-0.009398957714438438,-0.0612891659823076
2019-07-23,Train,-0.012433778494596481,-0.05433716468398464
2019-07-24,Train,-0.012663673609495163,-0.05585444139068829
2019-07-25,Train,-0.011438008397817612,-0.02607350473539505
2019-07-26,Train,-0.012543638236820698,-0.04506113009116286
2019-07-29,Train,-0.012528923340141773,-0.05276944441134102
2019-07-30,Train,-0.012062153778970242,-0.02781504501807386
2019-07-31,Train,-0.00609768508002162,-0.04364213150344975
2019-08-01,Train,-0.003047214588150382,-0.03996839909899719
2019-08-02,Train,0.004059880971908569,-0.009981373445717034
2019-08-05,Train,0.009848796762526035,0.04260497499181248
2019-08-06,Train,0.007478921674191952,0.02024449866350286
2019-08-07,Train,0.0024870862253010273,0.02377207534769332
2019-08-08,Train,-6.45295949652791e-06,-0.00127478084233279
2019-08-09,Train,0.007014675065875053,-0.02370099221809141
2019-08-12,Train,0.009914434514939785,0.002549504774299827
2019-08-13,Train,0.0028291537892073393,-0.02102025970962862
2019-08-14,Train,0.007207421585917473,0.01274897078729964
2019-08-15,Train,0.013259603641927242,0.02941657095269923
2019-08-16,Train,0.008255775086581707,0.01072894942313507
2019-08-19,Train,-0.0008786666439846158,-0.01475348345462302
2019-08-20,Train,0.0025538962800055742,0.007273897424572295
2019-08-21,Train,0.003614983055740595,0.01669932574322597
2019-08-22,Train,0.015519604086875916,0.01898729914002328
2019-08-23,Train,0.02595420554280281,0.0500905956517439
2019-08-26,Train,0.01333694439381361,0.03149005429493368
2019-08-27,Train,0.017480285838246346,0.04337689268395506
2019-08-28,Train,0.016753816977143288,0.04397860257551933
2019-08-29,Train,0.012733923271298409,0.02458490401343028
2019-08-30,Train,0.015338340774178505,0.02245688071512753
2019-09-03,Train,0.02276315726339817,0.03743610253446317
2019-09-04,Train,0.011890684254467487,0.02224819413087986
2019-09-05,Train,0.0049883215688169,0.005527153849936184
2019-09-06,Train,0.0010029531549662352,-0.004123353521754747
2019-09-09,Train,0.005967364180833101,-0.003608988088264264
2019-09-10,Train,0.008560475893318653,-0.01400544574849749
2019-09-11,Train,0.005297980736941099,-0.01221218590745354
2019-09-12,Train,0.00024566525826230645,-0.01992439543472946
2019-09-13,Train,0.004701412748545408,-0.02861740261228507
2019-09-16,Train,0.008072133176028728,-0.01497284655077158
2019-09-17,Train,0.005867773666977882,-0.02767394424790415
2019-09-18,Train,0.005965813994407654,-0.04399543441062925
2019-09-19,Train,0.010072040371596813,-0.03510676800579082
2019-09-20,Train,0.020589450374245644,-0.0104297980153818
2019-09-23,Train,0.021809887140989304,-0.01186348822486061
2019-09-24,Train,0.016789022833108902,-0.01356601072084773
2019-09-25,Train,0.0222780779004097,-0.01499371883449763
2019-09-26,Train,0.02181749790906906,-0.00369633640818845
2019-09-27,Train,0.0192917101085186,0.02181469206910092
2019-09-30,Train,0.019221343100070953,0.01207562527820771
2019-10-01,Train,0.022806191816926003,0.0333742716794454
2019-10-02,Train,0.029978089034557343,0.04884536857001232
2019-10-03,Train,0.029379628598690033,0.04019990021554354
2019-10-04,Train,0.02738814800977707,0.01525345543166345
2019-10-07,Train,0.02693634107708931,0.02735865781023583
2019-10-08,Train,0.029906390234827995,0.03467807139503698
2019-10-09,Train,0.028454456478357315,0.0266517417456209
2019-10-10,Train,0.026374977082014084,0.02867290583059146
2019-10-11,Train,0.02103862352669239,0.0237036197207332
2019-10-14,Train,0.02103862352669239,0.03391078083894028
2019-10-15,Train,0.018490241840481758,0.01302185282160262
2019-10-16,Train,0.018773941323161125,0.02046214434527238
2019-10-17,Train,0.01953914947807789,0.0182381747540088
2019-10-18,Train,0.020868655294179916,0.03745627098093429
2019-10-21,Train,0.020191296935081482,0.03469676164767788
2019-10-22,Train,0.022652124986052513,0.04357571198533505
2019-10-23,Train,0.020435048267245293,0.03922585182733163
2019-10-24,Train,0.02089046686887741,0.03266524013351702
2019-10-25,Train,0.01767568662762642,0.02857287035028677
2019-10-28,Train,0.01674802415072918,0.01715847175166285
2019-10-29,Train,0.018032537773251534,0.02805549983860889
2019-10-30,Train,0.019156381487846375,0.0233513920323547
2019-10-31,Train,0.01989651285111904,0.02207220826218359
2019-11-01,Train,0.018308447673916817,0.02031482196467715
2019-11-04,Train,0.015644855797290802,0.0148425843583766
2019-11-05,Train,0.014993374235928059,0.0157833689493676
2019-11-06,Train,0.01633327454328537,0.01196435450225564
2019-11-07,Train,0.015360887162387371,0.006336398337924098
2019-11-08,Train,0.014297401532530785,0.00298169316828889
2019-11-11,Train,0.015074371360242367,0.01622210588138362
2019-11-12,Train,0.014453975483775139,0.01523274499597793
2019-11-13,Train,0.014035061001777649,0.0220744929266401
2019-11-14,Train,0.013677309267222881,0.01821979626262293
2019-11-15,Train,0.011118619702756405,0.0004435283439276905
2019-11-18,Train,0.008740185759961605,-0.008174538839992418
2019-11-19,Train,0.011939271353185177,-0.00462212943883189
2019-11-20,Train,0.013457669876515865,0.003363878086083627
2019-11-21,Train,0.01802198775112629,0.01636094745506922
2019-11-22,Train,0.02157622203230858,0.01109847630601069
2019-11-25,Train,0.014919467270374298,-0.001566973471285538
2019-11-26,Train,0.017211230471730232,0.001808294394622934
2019-11-27,Train,0.012969967909157276,0.002281116462911292
2019-11-29,Train,0.019168371334671974,0.01019013298729887
2019-12-02,Train,0.022990453988313675,0.03088672055399466
2019-12-03,Train,0.026617851108312607,0.03962065231340994
2019-12-04,Train,0.02317431941628456,0.03517270480457024
2019-12-05,Train,0.023367473855614662,0.03958979789383132
2019-12-06,Train,0.023090461269021034,0.03273174006764479
2019-12-09,Train,0.02532362751662731,0.03792811268967111
2019-12-10,Train,0.02617906965315342,0.03933302850677145
2019-12-11,Train,0.020342910662293434,0.04297979189298085
2019-12-12,Train,0.01760892942547798,0.03438093212132931
2019-12-13,Train,0.014550495892763138,0.02422898891504488
2019-12-16,Train,0.013709895312786102,0.0159602249233104
2019-12-17,Train,0.015421160496771336,0.03233203253352523
2019-12-18,Train,0.015621193684637547,0.02209491556475829
2019-12-19,Train,0.01164739578962326,0.02228965633423918
2019-12-20,Train,0.01122855581343174,0.01804351208864929
2019-12-23,Train,0.012513499706983566,0.02521125725622753
2019-12-24,Train,0.012031860649585724,0.03336168075361368
2019-12-26,Train,0.011901188641786575,0.02170353868451813
2019-12-27,Train,0.01282251812517643,0.03436166994484302
2019-12-30,Train,0.012454193085432053,0.03708588128833612
2019-12-31,Train,0.01240609586238861,0.03555805247585164
2020-01-02,Train,0.010242187418043613,0.0283123381453767
2020-01-03,Train,0.011763402260839939,0.04295458269511632
2020-01-06,Train,0.008272695355117321,0.03581370063155931
2020-01-07,Train,0.012927179224789143,0.03869529246567116
2020-01-08,Train,0.010608183220028877,0.03426204306021252
2020-01-09,Train,0.006579231936484575,0.01694137340525304
2020-01-10,Train,0.006496328394860029,-0.001510720062859794
2020-01-13,Train,0.00995897501707077,0.002262955451034054
2020-01-14,Train,0.010858424939215183,0.007860758420327185
2020-01-15,Train,0.009853659197688103,0.01103696214188843
2020-01-16,Train,0.005773291457444429,-0.01444120691338202
2020-01-17,Train,0.0055366139858961105,-0.00447667641750038
2020-01-21,Train,0.010941360145807266,0.01876568642204224
2020-01-22,Train,0.010270613245666027,0.01943094741766793
2020-01-23,Train,0.006473947782069445,0.02493435235241082
2020-01-24,Train,0.005955194588750601,0.02918724781801707
2020-01-27,Train,0.009142296388745308,0.06359465717118984
2020-01-28,Train,0.00399266229942441,0.04768569746723395
2020-01-29,Train,0.004819893278181553,0.05617423403368349
2020-01-30,Train,0.0019310635980218649,0.05107814378001452
2020-01-31,Train,-8.217164577217773e-05,0.07107313436287255
2020-02-03,Train,-0.014989673160016537,0.0555355273565834
2020-02-04,Train,-0.03567489981651306,0.04180768653361389
2020-02-05,Train,-0.036653924733400345,0.0287441833472335
2020-02-06,Train,-0.0416678860783577,0.0003475469403804166
2020-02-07,Train,-0.04480006545782089,-0.0340750334318608
2020-02-10,Train,-0.0459107980132103,-0.07156100364771689
2020-02-11,Train,-0.047458525747060776,-0.0669367662902095
2020-02-12,Train,-0.047562435269355774,-0.1222094350991483
2020-02-13,Train,-0.0418386273086071,-0.1204000428344344
2020-02-14,Train,-0.05395277962088585,-0.07765087482141775
2020-02-18,Train,-0.052897147834300995,-0.1075704019920348
2020-02-19,Train,-0.054344743490219116,-0.07916277679574568
2020-02-20,Train,-0.05298776179552078,-0.09877333061580695
2020-02-21,Train,-0.04507516324520111,-0.09662569847210001
2020-02-24,Train,-0.03670286014676094,-0.1256605634496897
2020-02-25,Train,-0.029779672622680664,-0.05228209482341828
2020-02-26,Train,-0.037759631872177124,-0.09820766318562613
2020-02-27,Train,-0.04969567432999611,-0.1377163594120068
2020-02-28,Train,-0.04378211125731468,-0.06540333583222568
2020-03-02,Train,-0.08806508779525757,-0.2177247736616462
2020-03-03,Train,-0.08799852430820465,-0.1305136380346813
2020-03-04,Train,-0.10279117524623871,-0.1907249330234121
2020-03-05,Train,-0.10032264143228531,-0.1603572629284328
2020-03-06,Train,-0.07274984568357468,-0.1794058578872908
2020-03-09,Train,-0.025709567591547966,-0.1193883336050281
2020-03-10,Train,-0.03100462630391121,-0.1001910581896547
2020-03-11,Train,0.005943833850324154,-0.06618173388052995
2020-03-12,Train,0.06713424623012543,0.08222414826324154
2020-03-13,Train,0.028752610087394714,-0.03660181667969564
2020-03-16,Train,0.08111534267663956,0.1343177189868272
2020-03-17,Train,0.07543781399726868,0.04534970096911817
2020-03-18,Train,0.0795125663280487,0.03233290632918306
2020-03-19,Train,0.07851283252239227,0.04699983492405724
2020-03-20,Train,0.08988511562347412,0.07422377501733046
2020-03-23,Train,0.09019666910171509,0.1526457115383599
2020-03-24,Train,0.08957959711551666,0.06936725460276882
2020-03-25,Train,0.09017493575811386,0.1002194402995913
2020-03-26,Train,0.07500263303518295,0.04669102135928394
2020-03-27,Train,0.08527824282646179,0.09568265210760263
2020-03-30,Train,0.081781305372715,0.1032077068170256
2020-03-31,Train,0.07914496213197708,0.09994747578428487
2020-04-01,Train,0.09513534605503082,0.1697109475933281
2020-04-02,Train,0.09900983422994614,0.1574108899735536
2020-04-03,Train,0.09992213547229767,0.1601680272566233
2020-04-06,Train,0.06967511028051376,0.04280335833156079
2020-04-07,Train,0.06229336932301521,0.07418537564669214
2020-04-08,Train,0.05207192152738571,0.04960859841899556
2020-04-09,Train,0.052284616976976395,0.06462210339588204
2020-04-13,Train,0.047351330518722534,0.06171501184373041
2020-04-14,Train,0.02240818366408348,-0.001699238220119081
2020-04-15,Train,0.03459428995847702,0.04569549567350695
2020-04-16,Train,0.031647443771362305,0.02654163499230666
2020-04-17,Train,0.015615973621606827,-0.01184443249798273
2020-04-20,Train,0.027007371187210083,0.01165740182148656
2020-04-21,Train,0.045648880302906036,0.06232614725219299
2020-04-22,Train,0.03927476331591606,0.03806227773064474
2020-04-23,Train,0.04503701999783516,0.05367662370523729
2020-04-24,Train,0.03660337254405022,0.0515338779516632
2020-04-27,Train,0.04375671222805977,0.05246797961908234
2020-04-28,Train,0.056721169501543045,0.05021274287086297
2020-04-29,Train,0.040311384946107864,0.001552494693564554
2020-04-30,Train,0.03338230773806572,0.01333880645058305
2020-05-01,Train,0.05432821437716484,0.04949703162264529
2020-05-04,Train,0.04534108191728592,0.05673260563992399
2020-05-05,Train,0.03421342372894287,0.04226774232037633
2020-05-06,Train,0.032572101801633835,0.05657533967876005
2020-05-07,Train,0.02654017135500908,0.03178247029207015
2020-05-08,Train,0.02703186869621277,0.02134662918584396
2020-05-11,Train,0.018518779426813126,0.009564941224706303
2020-05-12,Train,0.03155558556318283,0.03678191224808436
2020-05-13,Train,0.03884501755237579,0.04855479772538707
2020-05-14,Train,0.039599787443876266,0.05197673301232753
2020-05-15,Train,0.0374857634305954,0.04832710655106887
2020-05-18,Train,0.03221677988767624,0.0360551047403892
2020-05-19,Train,0.03687525540590286,0.04333069648509102
2020-05-20,Train,0.029979752376675606,0.01573101430161161
2020-05-21,Train,0.027467411011457443,0.04727577906697045
2020-05-22,Train,0.027158936485648155,0.05177218148590534
2020-05-26,Train,0.029569312930107117,0.06225991173432499
2020-05-27,Train,0.031145533546805382,0.06917368708581906
2020-05-28,Train,0.033651310950517654,0.01752249525215421
2020-05-29,Train,0.028644049540162086,0.01079878413554125
2020-06-01,Train,0.03187817335128784,0.02003760783699127
2020-06-02,Train,0.017777014523744583,0.03064126414755153
2020-06-03,Train,0.01826236955821514,0.02927877225189013
2020-06-04,Train,0.028873872011899948,0.03935667807532162
2020-06-05,Train,0.02115590125322342,0.01898286539034966
2020-06-08,Train,0.025577999651432037,0.02148624456980097
2020-06-09,Train,0.019765470176935196,0.02277021461834616
2020-06-10,Train,0.02052590623497963,-0.01019411296560779
2020-06-11,Train,0.04207753762602806,0.05132037555581426
2020-06-12,Train,0.03650892153382301,0.01839917012061609
2020-06-15,Train,0.029711270704865456,0.01713087471367802
2020-06-16,Train,0.02724054455757141,0.01955939831426345
2020-06-17,Train,0.030445460230112076,0.02819969835674585
2020-06-18,Train,0.03166159987449646,0.03238088955967267
2020-06-19,Train,0.03777807578444481,0.05793485439333357
2020-06-22,Train,0.02534845471382141,0.04000153861823552
2020-06-23,Train,0.026031870394945145,0.04480788482790454
2020-06-24,Train,0.03619345277547836,0.07578673609245401
2020-06-25,Train,0.03524547070264816,0.07291794712196653
2020-06-26,Train,0.04180392995476723,0.07626345529566114
2020-06-29,Train,0.041697774082422256,0.07218744458760984
2020-06-30,Train,0.03344682231545448,0.05371561981064055
2020-07-01,Train,0.025262098759412766,0.03445243097437256
2020-07-02,Train,0.030019881203770638,0.02866890406572686
2020-07-06,Train,0.015973879024386406,0.03247023358187695
2020-07-07,Train,0.022460652515292168,0.02879862464554139
2020-07-08,Train,0.018181167542934418,0.01900074090142057
2020-07-09,Train,0.012582656927406788,-0.01590503862479298
2020-07-10,Train,0.012518425472080708,-0.03185969475022976
2020-07-13,Train,0.021583937108516693,0.006111187901469695
2020-07-14,Train,0.011848713271319866,-0.01367284105448274
2020-07-15,Train,0.01938285492360592,-0.004331180181095906
2020-07-16,Train,0.02269274741411209,0.007757061606596505
2020-07-17,Train,0.029760563746094704,0.02455475594585144
2020-07-20,Train,0.022242380306124687,0.009745880933399897
2020-07-21,Train,0.03156169876456261,0.02416668516216847
2020-07-22,Train,0.026647742837667465,0.02310042383414501
2020-07-23,Train,0.032795749604701996,0.06445488257575405
2020-07-24,Train,0.037277717143297195,0.06225545396032328
2020-07-27,Train,0.03398551046848297,0.03917423740076398
2020-07-28,Train,0.03428684547543526,0.03263114739487705
2020-07-29,Train,0.03434613719582558,0.04654115890675237
2020-07-30,Train,0.0334724485874176,0.04346496339480099
2020-07-31,Train,0.03442845866084099,0.02396627003422847
2020-08-03,Train,0.017985202372074127,0.02205064345436591
2020-08-04,Train,0.014236952178180218,0.02807158887795813
2020-08-05,Train,0.011733811348676682,0.01863131724028766
2020-08-06,Train,0.011085351929068565,0.0192614977614074
2020-08-07,Train,0.015056279487907887,0.03830991951125107
2020-08-10,Train,0.01789998449385166,0.04927678385750944
2020-08-11,Train,0.03368176892399788,0.07794405037845764
2020-08-12,Train,0.027040282264351845,0.07393514009618896
2020-08-13,Train,0.030303992331027985,0.06815170308978136
2020-08-14,Train,0.035992689430713654,0.07484566006428017
2020-08-17,Train,0.035857949405908585,0.07104459188670509
2020-08-18,Train,0.028959207236766815,0.07896539954181359
2020-08-19,Train,0.03226471692323685,0.09655922880390655
2020-08-20,Train,0.01959102414548397,0.02672100590161341
2020-08-21,Train,0.006552260834723711,0.00606659624898076
2020-08-24,Train,-0.00231340853497386,-0.04823182470216225
2020-08-25,Train,-0.003955626394599676,-0.02791569606685551
2020-08-26,Train,-0.01283037569373846,-0.06720097167904693
2020-08-27,Train,-0.03055400401353836,-0.07077813588705861
2020-08-28,Train,-0.03083479404449463,-0.05937850883557594
2020-08-31,Train,-0.030954768881201744,-0.05364896589209478
2020-09-01,Train,-0.03191922977566719,-0.08438926027945892
2020-09-02,Train,-0.03191922977566719,-0.1071475802452212
2020-09-03,Train,-0.015323295257985592,-0.07146587899935986
2020-09-04,Train,-0.011557512916624546,-0.05666823318840053
2020-09-08,Train,0.012344056740403175,0.009372100999782695
2020-09-09,Train,0.0035901684314012527,-0.04937383395573613
2020-09-10,Train,0.002535059116780758,-0.02551950423334193
2020-09-11,Train,0.008219204843044281,0.004104216311562991
2020-09-14,Train,0.007965672761201859,0.007413899250513722
2020-09-15,Train,-0.0012133929412811995,-0.01114450433158021
2020-09-16,Train,0.013073691166937351,0.0117621760264579
2020-09-17,Train,0.019962938502430916,0.04413285125977584
2020-09-18,Train,0.02219783142209053,0.02787875211725921
2020-09-21,Train,0.024460656568408012,0.04728792730996312
2020-09-22,Train,0.015012356452643871,0.009835556986658167
2020-09-23,Train,0.024405963718891144,0.05966084777082248
2020-09-24,Train,0.02579263411462307,0.0603639478858824
2020-09-25,Train,0.01821151189506054,0.05210632649763247
2020-09-28,Train,0.009213457815349102,0.06251798632433836
2020-09-29,Train,0.01947721652686596,0.0672947127565573
2020-09-30,Train,0.011842075735330582,0.05118054062817401
2020-10-01,Train,0.010851719416677952,0.02781224483087907
2020-10-02,Train,0.009938248433172703,0.0517662948248836
2020-10-05,Train,0.0014199134893715382,0.01299251885807884
2020-10-06,Train,0.014389424584805965,0.03361680432072833
2020-10-07,Train,0.009550286456942558,0.01525431840826297
2020-10-08,Train,0.0034115391317754984,0.009843249982675939
2020-10-09,Train,-0.00585258798673749,-0.003395055299827088
2020-10-12,Train,-0.013801847584545612,-0.04773706453287108
2020-10-13,Train,-0.012849291786551476,-0.04026886389368955
2020-10-14,Train,-0.015772351995110512,-0.0699170823832509
2020-10-15,Train,-0.009591362439095974,-0.0472595352176105
2020-10-16,Train,-0.0079382648691535,-0.06630620857263503
2020-10-19,Train,0.007020960561931133,-0.04869618534558307
2020-10-20,Train,0.013853996060788631,-0.03431668942707189
2020-10-21,Train,0.01690242998301983,0.00957106582686329
2020-10-22,Train,0.02113223262131214,0.03592801124569234
2020-10-23,Train,0.018299272283911705,0.03466318555768488
2020-10-26,Train,0.03703848645091057,0.02895138546670384
2020-10-27,Train,0.036151159554719925,0.002688777173206036
2020-10-28,Train,0.04023335129022598,0.06670591275235638
2020-10-29,Train,0.030613122507929802,0.04345301426074788
2020-10-30,Train,0.04183850809931755,0.07999846834342272
2020-11-02,Train,0.0438254252076149,0.08600637186387483
2020-11-03,Train,0.04338899627327919,0.06415436194704038
2020-11-04,Train,0.007070077117532492,0.01115325937962663
2020-11-05,Train,0.0017959539545699954,-0.006827710403239595
2020-11-06,Train,0.0032127765007317066,-0.01435789918560393
2020-11-09,Train,0.0207026619464159,0.006237285884432842
2020-11-10,Train,0.02977643348276615,0.03898802931849499
2020-11-11,Train,0.02802034467458725,0.02250134177916974
2020-11-12,Train,0.032852768898010254,0.03678923749543794
2020-11-13,Train,0.023211224004626274,0.02986973725699915
2020-11-16,Train,0.03105824440717697,0.0349931064832365
2020-11-17,Train,0.02108456753194332,0.03962095844641111
2020-11-18,Train,0.03638956695795059,0.0488435908559397
2020-11-19,Train,0.02573322132229805,0.04494145944120209
2020-11-20,Train,0.03703184798359871,0.05809626983096039
2020-11-23,Train,0.03556167334318161,0.06164121696179925
2020-11-24,Train,0.02904173918068409,0.02322816011660245
2020-11-25,Train,0.027044912800192833,0.02106112548968664
2020-11-27,Train,0.019216880202293396,0.009497997542345482
2020-11-30,Train,0.020800767466425896,0.01475206428064202
2020-12-01,Train,0.01422148384153843,0.01262115994757318
2020-12-02,Train,0.013742896728217602,0.01688334632142419
2020-12-03,Train,0.01294585969299078,0.02208492588294431
2020-12-04,Train,0.01232308428734541,0.014859939474267
2020-12-07,Train,0.011790315620601177,0.005435356965775018
2020-12-08,Train,0.010186438448727131,0.004768241525702654
2020-12-09,Train,0.02044709399342537,0.02286686370935187
2020-12-10,Train,0.028568878769874573,0.02327121777266661
2020-12-11,Train,0.03190573304891586,0.03587870251210679
2020-12-14,Train,0.027227208018302917,0.0293381879340342
2020-12-15,Train,0.021920938044786453,0.01848414370085494
2020-12-16,Train,0.024604037404060364,0.0154054601553415
2021-01-04,Test,0.020132137462496758,0.02295433758868604
2021-01-05,Test,0.015525965951383114,0.03819022709400532
2021-01-06,Test,0.02361706830561161,0.06119521455333388
2021-01-07,Test,0.02418616972863674,0.03314496817977264
2021-01-08,Test,0.019415294751524925,0.02846123125414013
2021-01-11,Test,0.0262495968490839,0.04506705141214895
2021-01-12,Test,0.026599397882819176,0.01755217575293355
2021-01-13,Test,0.015398467890918255,0.01670674166731767
2021-01-14,Test,0.028463462367653847,0.0006680179767801775
2021-01-15,Test,0.02817629463970661,0.03386143965942745
2021-01-19,Test,0.03140352666378021,0.03561830815471612
2021-01-20,Test,0.025806408375501633,0.008061327354927927
2021-01-21,Test,0.02119811624288559,0.01188872734699031
2021-01-22,Test,0.02251003123819828,0.01825324712288223
2021-01-25,Test,0.012915804982185364,0.01667124276892129
2021-01-26,Test,0.012030985206365585,0.01497310777128802
2021-01-27,Test,0.023013485595583916,0.04169930072201589
2021-01-28,Test,0.007316282019019127,0.04126720697683561
2021-01-29,Test,0.03926853835582733,0.06958931465645124
2021-02-01,Test,0.007825374603271484,0.04069224790888537
2021-02-02,Test,0.00765175512060523,0.01907348675445064
2021-02-03,Test,0.005395460408180952,0.01865922007102494
2021-02-04,Test,0.003557087853550911,0.002361914978084023
2021-02-05,Test,-0.001451889518648386,-0.02691931224191846
2021-02-08,Test,-0.0030979083385318518,-0.03627308613526847
2021-02-09,Test,-0.005151242017745972,-0.02812510751747543
2021-02-10,Test,-0.0045386506244540215,-0.05986480368966007
2021-02-11,Test,-0.005794644355773926,-0.06109143626082758
2021-02-12,Test,-0.007055019028484821,-0.0382226642964939
2021-02-16,Test,-0.0059980666264891624,-0.05108188058635876
2021-02-17,Test,-0.0053074900060892105,-0.07417719149810398
2021-02-18,Test,0.0029815540183335543,-0.08533099230915175
2021-02-19,Test,0.0030863198917359114,-0.06748836045960938
2021-02-22,Test,0.021082978695631027,-0.06978042373662585
2021-02-23,Test,0.018747614696621895,-0.03020412355612745
2021-02-24,Test,0.015899181365966797,-0.04087865918118405
2021-02-25,Test,0.029297975823283195,0.01665448389313129
2021-02-26,Test,0.02740894816815853,0.004201874148754392
2021-03-01,Test,0.019606277346611023,-0.01471000284154222
2021-03-02,Test,0.02484699711203575,0.006846710796388988
2021-03-03,Test,0.029635079205036163,0.04120840368568168
2021-03-04,Test,0.03469349816441536,0.0261098397962658
2021-03-05,Test,0.03321416303515434,0.0144486914554931
2021-03-08,Test,0.03471161425113678,0.06224572500563164
2021-03-09,Test,0.01861114427447319,0.01748087500106443
2021-03-10,Test,0.018228434026241302,0.003184477029161803
2021-03-11,Test,0.012104708701372147,-0.02109804361833456
2021-03-12,Test,0.006005378440022469,0.001711813096903603
2021-03-15,Test,0.0006894990801811218,-0.009158432497359925
2021-03-16,Test,0.0018685723189264536,-0.01952704320372711
2021-03-17,Test,0.003041596384719014,-0.00860512291454918
2021-03-18,Test,0.009273177944123745,0.04015510330782801
2021-03-19,Test,0.011619290336966515,0.0571947764792653
2021-03-22,Test,0.008883821777999401,0.03832278501624287
2021-03-23,Test,0.012109559960663319,0.04539434411787191
2021-03-24,Test,0.011826629750430584,0.0744220085884082
2021-03-25,Test,0.012284437194466591,0.08280602541095994
2021-03-26,Test,0.01137146633118391,0.06541143489789358
2021-03-29,Test,0.009492740966379642,0.07815517759866242
2021-03-30,Test,0.013805452734231949,0.07059685010288708
2021-03-31,Test,0.0069213747046887875,0.07044145058376716
2021-04-01,Test,0.0016855797730386257,0.05373263717489807
2021-04-05,Test,-0.0024748588912189007,0.02365206880702408
2021-04-06,Test,-0.0073466431349515915,0.01689739500069654
2021-04-07,Test,-0.010440012440085411,0.02312892328770455
2021-04-08,Test,-0.008853284642100334,0.0003581999509831846
2021-04-09,Test,-0.008058818057179451,0.006852446312923144
2021-04-12,Test,-0.005586620420217514,0.01473250143242355
2021-04-13,Test,-0.009539332240819931,-0.001321233702193392
2021-04-14,Test,0.0009763784473761916,0.007399453692653157
2021-04-15,Test,-0.004931515548378229,-0.004068921256587088
2021-04-16,Test,-0.006113712210208178,-0.0117540990510917
2021-04-19,Test,0.00032564648427069187,-0.00793792021555384
2021-04-20,Test,0.009126892313361168,-0.01863793866239916
2021-04-21,Test,0.0068985954858362675,-0.03023964604683183
2021-04-22,Test,0.011750372126698494,-0.01100836010449535
2021-04-23,Test,0.010532043874263763,-0.01537917922984977
2021-04-26,Test,0.012789493426680565,-0.04645375081334346
2021-04-27,Test,0.012352287769317627,-0.04362780127641808
2021-04-28,Test,0.015590901486575603,-0.06522119572732299
2021-04-29,Test,0.013668273575603962,-0.0613720675089513
2021-04-30,Test,0.017277631908655167,-0.03432047078640887
2021-05-03,Test,0.016939323395490646,-0.03503970580252447
2021-05-04,Test,0.017081251367926598,-0.0239898621079554
2021-05-05,Test,0.01827223040163517,-0.01957269083457036
2021-05-06,Test,0.014269126579165459,-0.008084290411786155
2021-05-07,Test,0.009751169942319393,-0.02151406995446836
2021-05-10,Test,0.017442340031266212,0.0207207754102674
2021-05-11,Test,0.01417439617216587,0.02354678220650031
2021-05-12,Test,0.018122218549251556,0.05440370298035835
2021-05-13,Test,0.01624276302754879,0.04239997714096333
2021-05-14,Test,0.008797976188361645,0.02310112959633659
2021-05-17,Test,0.01167137362062931,0.0259239960764861
2021-05-18,Test,0.010374666191637516,0.03491403375762014
2021-05-19,Test,0.01275275181978941,0.02297034547329213
2021-05-20,Test,0.009510389529168606,0.02058820608734901
2021-05-21,Test,0.013372364453971386,0.02932630822146387
2021-05-24,Test,0.007431913632899523,0.01278157010369596
2021-05-25,Test,0.009751292876899242,0.01162265400186113
2021-05-26,Test,0.0064112660475075245,0.01861551231498848
2021-05-27,Test,0.012076231651008129,0.02511411087759852
2021-05-28,Test,0.007539833430200815,0.03168333878926566
2021-06-01,Test,0.009634806774556637,0.02836368677863232
2021-06-02,Test,0.012560561299324036,0.02261075514235422
2021-06-03,Test,0.01700320653617382,0.04648483738754727
2021-06-04,Test,0.01149376854300499,0.02094755259667203
2021-06-07,Test,0.008225897327065468,0.0230540080431858
2021-06-08,Test,0.013380066491663456,0.03210000369734267
2021-06-09,Test,0.012799152173101902,0.03235955947924429
2021-06-10,Test,0.006732625421136618,0.02802999375301995
2021-06-11,Test,0.007896552793681622,0.0240886222481056
2021-06-14,Test,0.008445965126156807,0.02670454102541742
2021-06-15,Test,0.010764810256659985,0.03719388799605117
2021-06-16,Test,0.011181199923157692,0.03935363340032083
2021-06-17,Test,0.009606600739061832,0.02672731535358341
2021-06-18,Test,0.01124526932835579,0.04672681766764941
2021-06-21,Test,0.012761743739247322,0.04596938600076506
2021-06-22,Test,0.010166510008275509,0.03849585580130754
2021-06-23,Test,0.01247995812445879,0.03171909785774907
2021-06-24,Test,0.0080038420855999,0.03178140173094302
2021-06-25,Test,0.009568610228598118,0.03708585328664782
2021-06-28,Test,0.00826464407145977,0.02462475526016461
2021-06-29,Test,0.007781958673149347,0.02276125330888656
2021-06-30,Test,0.007384583819657564,0.01718250843252278
2021-07-01,Test,0.00794185884296894,0.008545558611014359
2021-07-02,Test,0.006032312288880348,-0.01106959920407868
2021-07-06,Test,0.006791728548705578,-0.003886820530817237
2021-07-07,Test,0.007690022699534893,0.001689944122269749
2021-07-08,Test,0.007859130389988422,0.01443828456109242
2021-07-09,Test,0.006767597049474716,0.01991635203155218
2021-07-12,Test,0.004792218096554279,0.01674845919581358
2021-07-13,Test,0.0045014373026788235,0.005545994077525318
2021-07-14,Test,0.0026993947103619576,0.007601782555346714
2021-07-15,Test,0.0034763545263558626,0.01653173791822748
2021-07-16,Test,0.004215962253510952,0.01949105453506483
2021-07-19,Test,0.008644625544548035,0.02799783545220569
2021-07-20,Test,0.008175340481102467,0.02235287723366941
2021-07-21,Test,0.00029248837381601334,0.01598627840006039
2021-07-22,Test,-0.0015890445793047547,0.01571644739346612
2021-07-23,Test,-0.011852724477648735,-0.0004074535825331349
2021-07-26,Test,-0.014333993196487427,0.0006513630174878049
2021-07-27,Test,-0.013457005843520164,0.006613077163090342
2021-07-28,Test,-0.01617376133799553,0.001038747223465863
2021-07-29,Test,-0.01335601881146431,0.002865061562683513
2021-07-30,Test,-0.007107734214514494,0.01165756895690095
2021-08-02,Test,-0.002035018289461732,0.01201317830359261
2021-08-03,Test,-0.0038678888231515884,-0.002944267003227252
2021-08-04,Test,-0.0031690250616520643,-0.01396527721989127
2021-08-05,Test,-0.010224215686321259,-0.01544626765831114
2021-08-06,Test,-0.00425923615694046,-0.0008693840979574485
2021-08-09,Test,-0.004407720640301704,0.01220405138155911
2021-08-10,Test,-0.002959305653348565,0.02052665700160206
2021-08-11,Test,-0.0025020947214215994,0.02345647726256628
2021-08-12,Test,-0.009836234152317047,0.01330507622419685
2021-08-13,Test,-0.011088081635534763,0.01957594782637773
2021-08-16,Test,-0.012036856263875961,0.03057075842440371
2021-08-17,Test,-0.0056990268640220165,0.03888114399568576
2021-08-18,Test,-0.001804044470191002,0.05071642293298195
2021-08-19,Test,-0.003133991966024041,0.04516980664737535
2021-08-20,Test,-0.0012390187475830317,0.03763629816551783
2021-08-23,Test,-0.007696485612541437,0.02379223027046362
2021-08-24,Test,-0.002713398076593876,0.01712210846412221
2021-08-25,Test,-0.011544362641870975,0.01246001488749782
2021-08-26,Test,-0.008889815770089626,0.01119698931262025
2021-08-27,Test,-0.010720912367105484,0.0007711361045485976
2021-08-30,Test,-0.01634339801967144,-0.01314889778465467
2021-08-31,Test,-0.013367626816034317,-0.00500072207663782
2021-09-01,Test,-0.010366544127464294,-0.005964551720432754
2021-09-02,Test,-0.010784676298499107,-0.01727131290650497
2021-09-03,Test,-0.012160919606685638,-0.04159130647735321
2021-09-07,Test,-0.012964101508259773,-0.04176805649398052
2021-09-08,Test,-0.005138920620083809,-0.02943954905986412
2021-09-09,Test,-0.006255381740629673,-0.01710277548553929
2021-09-10,Test,-0.0059214625507593155,-0.008656655241314426
2021-09-13,Test,-0.005412260536104441,-0.01589025770499342
2021-09-14,Test,-0.006743387784808874,-0.04101160328288
2021-09-15,Test,-0.007585229352116585,-0.04964948980226092
2021-09-16,Test,-0.005965053103864193,-0.05379188029616833
2021-09-17,Test,-0.003365451470017433,-0.03651390842571067
2021-09-20,Test,-0.00020256255811545998,-0.03576706768726834
2021-09-21,Test,-3.7370082281995565e-05,-0.02395190266246805
2021-09-22,Test,-0.002619033446535468,-0.02678787158125429
2021-09-23,Test,-0.008716720156371593,-0.02683792554768283
2021-09-24,Test,-0.01256825216114521,-0.0325984607395059
2021-09-27,Test,-0.005608025472611189,-0.03229375255291667
2021-09-28,Test,0.0021612821146845818,-0.007586018578350839
2021-09-29,Test,0.006404737941920757,0.002004011420478236
2021-09-30,Test,0.004228315316140652,0.02422062139540082
2021-10-01,Test,-0.00099666859023273,0.02432120035470819
2021-10-04,Test,0.008783167228102684,0.05680335504695422
2021-10-05,Test,0.0014566599857062101,0.05061837845075434
2021-10-06,Test,0.002426894148811698,0.04256678896493504
2021-10-07,Test,4.6049659431446344e-05,0.03939716159703699
2021-10-08,Test,0.0033809076994657516,0.03582900185567772
2021-10-11,Test,0.011929324828088284,0.05452154699820944
2021-10-12,Test,0.017895692959427834,0.06154443514369778
2021-10-13,Test,0.01726885885000229,0.05555555555555558
2021-10-14,Test,0.008328729309141636,0.04797751439769082
2021-10-15,Test,0.0038211606442928314,0.04653868595580968
2021-10-18,Test,0.001706510316580534,0.0396618784955689
2021-10-19,Test,-0.007486544083803892,0.03616796688980561
2021-10-20,Test,-0.0039006213191896677,0.04853587166308104
2021-10-21,Test,-0.0062903473153710365,0.05553055588069067
2021-10-22,Test,-0.0014641450252383947,0.06549050949018342
2021-10-25,Test,-0.005368881858885288,0.05326384587867738
2021-10-26,Test,-0.004456038121134043,0.0427305666165767
2021-10-27,Test,-0.003158431500196457,0.02502634148848681
2021-10-28,Test,-0.002634009812027216,0.01657903049541787
2021-10-29,Test,-0.0035897286143153906,0.02224761643407724
2021-11-01,Test,-0.0014925008872523904,0.01853236148856907
2021-11-02,Test,-0.0019189403392374516,0.02151401078881343
2021-11-03,Test,0.0012363329296931624,0.01131800267034633
2021-11-04,Test,-0.0030726792756468058,0.008864443695635549
2021-11-05,Test,-0.002263972070068121,0.01352228812926715
2021-11-08,Test,0.0014005444245412946,0.003115083761192183
2021-11-09,Test,0.003680529072880745,0.005463937119524198
2021-11-10,Test,0.004787900950759649,0.02374778508404929
2021-11-11,Test,0.002177312271669507,0.001561780575181304
2021-11-12,Test,-0.005224202759563923,0.01264248816835001
2021-11-15,Test,-0.005139125045388937,-0.002001921027517728
2021-11-16,Test,-0.0046997531317174435,-0.02591721091675669
2021-11-17,Test,-0.0046997531317174435,-0.01941503690844038
2021-11-18,Test,-0.008517605252563953,-0.0463472187111077
2021-11-19,Test,-0.008869465440511703,-0.04403569013435926
2021-11-22,Test,-0.0033952731173485518,-0.00368144569407125
2021-11-23,Test,-0.0012888250639662147,0.005358695547856396
2021-11-24,Test,-0.001255238545127213,-0.01261410035137001
2021-11-26,Test,0.005550564266741276,0.01740796867610972
2021-11-29,Test,-0.0019325169268995523,-0.01858938835196533
2021-11-30,Test,0.005789972376078367,-0.0142704662349995
2021-12-01,Test,0.010959194041788578,0.02565094234611998
2021-12-02,Test,0.008920936845242977,-0.007873630569579237
2021-12-03,Test,0.010967063717544079,0.004645939385095499
2021-12-06,Test,0.012953808531165123,-0.01426724389296818
2021-12-07,Test,0.0027788220904767513,-0.02166753489715056
2021-12-08,Test,-0.003755638375878334,-0.01416374302947365
2021-12-09,Test,0.0054794857278466225,0.008102004806326502
2021-12-10,Test,0.0022908123210072517,0.01374337601188524
2021-12-13,Test,-0.00023636146215721965,0.02383616823831747
2021-12-14,Test,-0.004109301138669252,0.03438942598182559
2021-12-15,Test,-0.005778416525572538,0.00831134217857632
2021-12-16,Test,0.002270014490932226,0.02846140489570304
2021-12-17,Test,0.008568231016397476,0.04356859747504327
2021-12-20,Test,0.014875071123242378,0.04145104593789717
2021-12-21,Test,-0.0006617017206735909,-0.01264094709327135
2021-12-22,Test,-0.004012891091406345,-0.02520630254008183
2021-12-23,Test,-0.008777383714914322,-0.04298102262177295
2021-12-27,Test,-0.014598209410905838,-0.0579211485040767
2021-12-28,Test,-0.012506707571446896,-0.03931669680354555
2021-12-29,Test,-0.011895348317921162,-0.03536292397243046
2021-12-30,Test,-0.011564203538000584,-0.05667541425124756
2021-12-31,Test,-0.010180938988924026,-0.04484101059244139
